성별,나이,월수입,직업,결혼여부,소비성향,가격,가격등급,카테고리,브랜드,상품조회수,비교상품수,구매시간대,카드할부여부,재방문횟수,예산초과율,예산사용율,사용목적적합도,중요요소일치도,브랜드선호일치도,대체상품우위위험,가격신뢰위험,리뷰부정위험,상품신뢰도,데이터신뢰도,구매필요성점수,예산,사용목적,중요요소,선호브랜드,상품명,상품설명,현재가,최저가,대체상품최저가,평점,리뷰수,리뷰부정키워드수,상품정보출처,평점수집여부,리뷰수집여부,구매후회값,실제구매후회값
female,26,1040000.0,취업준비생,미혼,진보적,658000.0,고가,전자기기,삼성,33,12,14,Y,9,1.0,3.0,1.0,0.0,1.0,0.06838905775075987,0.3881856540084388,0.2,0.49416101882701513,1.0,0.87,166000,업무,"희소성, 감성",삼성,삼성 전자기기 1,"삼성 전자기기 ??. ?? ??: 성능, 배터리, 휴대성, 업무, 공부, 게임, 콘텐츠.",658000,474000,613000,3.35,31.0,1,crawler,Y,Y,0.644,0.644
male,44,6110000.0,대기업직원,기혼,진보적,159000.0,중저가,가구,이케아,4,5,10,N,2,0.0,0.13910761154855644,1.0,0.6666666666666666,1.0,0.2389937106918239,0.16911764705882354,0.2,0.48625,1.0,0.87,1143000,인테리어,"내구성, 크기",이케아,이케아 가구 2,"이케아 가구 ??. ?? ??: 내구성, 크기, 디자인, 이사, 인테리어, 생활.",159000,136000,121000,4.29,,4,crawler,Y,N,0.293,0.293
female,27,1240000.0,취업준비생,미혼,진보적,46000.0,저가,패션,아디다스,6,4,19,N,4,0.0,0.22009569377990432,0.0,0.0,1.0,0.15217391304347827,0.24324324324324326,0.2,0.1875,0.75,0.09999999999999998,209000,여행,"희소성, 감성",아디다스,아디다스 패션 3,"아디다스 패션 ??. ?? ??: 디자인, 착용감, 브랜드, 출근, 데이트, 여행.",46000,37000,39000,,,3,manual,N,N,0.614,0.614
male,55,7110000.0,자영업,기혼,보수적,3998000.0,초고가,전자기기,소니,38,7,21,Y,5,1.0,3.0,1.0,0.0,0.0,0.04677338669334667,0.020679091141179475,0.2,0.6950000000000001,1.0,0.87,914000,게임,"희소성, 감성",하나투어,소니 전자기기 4,"소니 전자기기 ??. ?? ??: 성능, 배터리, 휴대성, 업무, 공부, 게임, 콘텐츠.",3998000,3917000,3811000,3.96,1187.0,2,crawler,Y,Y,0.64,0.64
female,39,3690000.0,프리랜서,기혼,보수적,1178000.0,고가,명품,구찌,21,7,22,Y,6,0.4633540372670808,1.4633540372670808,1.0,0.6666666666666666,0.0,0.24872665534804753,0.3295711060948081,0.2,0.5767434260081896,1.0,0.52,805000,보상,"브랜드, 희소성",CJ,구찌 명품 5,"구찌 명품 ??. ?? ??: 브랜드, 희소성, 디자인, 선물, 보상, 소장.",1178000,886000,885000,4.23,14.0,2,naver_api,Y,Y,0.508,0.508
female,37,6490000.0,대기업직원,미혼,보수적,25000.0,초저가,화장품,이니스프리,9,2,9,N,4,0.0,0.02771618625277162,0.0,0.0,1.0,0.32,0.19047619047619047,0.2,0.49374999999999997,1.0,0.019999999999999976,902000,유행,"희소성, 감성",이니스프리,이니스프리 화장품 6,"이니스프리 화장품 ??. ?? ??: 성분, 가격, 후기, 피부관리, 선물, 데일리.",25000,21000,17000,4.35,,2,crawler,Y,N,0.632,0.632
female,44,1910000.0,주부,미혼,보수적,16000.0,초저가,식품,오뚜기,35,4,13,N,2,0.0,0.047058823529411764,0.0,0.9,0.0,0.3125,0.14285714285714285,0.0,0.5966269149106516,1.0,0.57,340000,가족,"가격, 신선도",샤넬,오뚜기 식품 7,"오뚜기 식품 ??. ?? ??: 가격, 신선도, 배송, 생활, 식사, 가족.",16000,14000,11000,3.33,581.0,0,crawler,Y,Y,0.504,0.504
male,65,2390000.0,은퇴자,기혼,진보적,660000.0,고가,패션,COS,15,4,20,Y,4,0.6176470588235294,1.6176470588235294,0.0,0.0,0.0,0.2878787878787879,0.029641185647425898,0.2,0.41000000000000003,1.0,0.09999999999999998,408000,휴식,"희소성, 감성",LG,COS 패션 8,"COS 패션 ??. ?? ??: 디자인, 착용감, 브랜드, 출근, 데이트, 여행.",660000,641000,470000,3.68,,3,manual,Y,N,0.826,0.826
male,28,6190000.0,공무원,미혼,진보적,2313000.0,초고가,건강관리,종근당,33,4,18,Y,3,1.0,3.0,0.0,0.6666666666666666,1.0,0.21616947686986598,0.18554587391081498,0.2,0.6774795259826187,1.0,0.44999999999999996,401000,회복,"성분, 후기",종근당,종근당 건강관리 9,"종근당 건강관리 ??. ?? ??: 성분, 후기, 안전성, 건강, 부모님, 회복.",2313000,1951000,1813000,4.05,451.0,4,image_estimate,Y,Y,0.686,0.686
female,47,3070000.0,주부,기혼,진보적,962000.0,고가,가구,리바트,35,6,16,Y,5,1.0,3.0,0.0,0.6666666666666666,0.0,0.24220374220374222,0.21926489226869456,0.2,0.8021233903829945,1.0,0.37,108000,소장,"내구성, 크기",한샘,리바트 가구 10,"리바트 가구 ??. ?? ??: 내구성, 크기, 디자인, 이사, 인테리어, 생활.",962000,789000,729000,4.83,956.0,2,image_estimate,Y,Y,0.767,0.767
female,48,3760000.0,프리랜서,기혼,진보적,88000.0,저가,가구,한샘,8,4,15,N,2,0.0,0.13924050632911392,1.0,0.6666666666666666,0.0,0.3409090909090909,0.07317073170731707,0.0,0.35375,1.0,0.87,632000,인테리어,"내구성, 크기",소니,한샘 가구 11,"한샘 가구 ??. ?? ??: 내구성, 크기, 디자인, 이사, 인테리어, 생활.",88000,82000,58000,3.23,,0,naver_api,Y,N,0.391,0.391
female,37,2340000.0,주부,기혼,진보적,28000.0,초저가,식품,동원,5,4,12,N,3,0.0,0.16374269005847952,1.0,0.9,1.0,0.0,0.21739130434782608,0.2,0.52,1.0,1.0,171000,생활,"가격, 신선도",동원,동원 식품 12,"동원 식품 ??. ?? ??: 가격, 신선도, 배송, 생활, 식사, 가족.",28000,23000,28000,4.56,,1,image_estimate,Y,N,0.204,0.204
male,20,630000.0,학생,미혼,보수적,696000.0,고가,명품,루이비통,16,13,2,Y,11,1.0,3.0,0.0,0.6666666666666666,0.0,0.3390804597701149,0.16778523489932887,0.2,0.1875,0.75,0.019999999999999976,84000,유행,"브랜드, 희소성",애플,루이비통 명품 13,"루이비통 명품 ??. ?? ??: 브랜드, 희소성, 디자인, 선물, 보상, 소장.",696000,596000,460000,,,4,image_estimate,N,N,0.866,0.866
male,53,5600000.0,사무직,기혼,보수적,277000.0,중저가,화장품,라네즈,45,0,17,N,2,0.0,0.30306345733041573,1.0,0.0,0.0,0.2490974729241877,0.35121951219512193,0.2,0.7949999999999999,1.0,0.52,914000,선물,"희소성, 감성",리바트,라네즈 화장품 14,"라네즈 화장품 ??. ?? ??: 성분, 가격, 후기, 피부관리, 선물, 데일리.",277000,205000,208000,4.76,3609.0,1,image_estimate,Y,Y,0.499,0.499
male,49,9200000.0,대기업직원,미혼,보수적,12000.0,초저가,생활용품,유한킴벌리,41,1,3,N,4,0.0,0.015286624203821656,0.0,0.0,0.0,0.25,0.2,0.2,0.76125,1.0,0.57,785000,선물,"희소성, 감성",COS,유한킴벌리 생활용품 15,"유한킴벌리 생활용품 ??. ?? ??: 가격, 내구성, 용량, 생활, 청소, 가정.",12000,10000,9000,4.49,2841.0,2,crawler,Y,Y,0.654,0.654
female,40,6580000.0,대기업직원,기혼,보수적,90000.0,저가,교육,메가스터디,50,1,10,N,3,0.0,0.075,1.0,0.9,1.0,0.0,0.046511627906976744,0.0,0.7875000000000001,1.0,1.0,1200000,취업,"강의품질, 가격",메가스터디,메가스터디 교육 16,"메가스터디 교육 ??. ?? ??: 강의품질, 가격, 커리큘럼, 공부, 취업, 자기계발.",90000,86000,91000,4.7,2208.0,0,manual,Y,Y,0.194,0.194
male,48,9080000.0,대기업직원,미혼,보수적,1654000.0,고가,여행,마이리얼트립,33,6,12,Y,3,0.0,0.8788522848034006,1.0,0.9,1.0,0.11185006045949214,0.029887920298879204,0.0,0.6250194856453829,1.0,0.6,1882000,가족,"가격, 일정",마이리얼트립,마이리얼트립 여행 17,"마이리얼트립 여행 ??. ?? ??: 가격, 일정, 숙소, 휴식, 가족, 기념일.",1654000,1606000,1469000,,708.0,0,manual,N,Y,0.232,0.232
female,60,8490000.0,전문직,미혼,진보적,1745000.0,고가,건강관리,정관장,51,7,18,Y,3,0.4713322091062395,1.4713322091062395,0.0,0.0,1.0,0.27392550143266475,0.0811648079306072,0.2,0.62625,1.0,0.44999999999999996,1186000,유행,"희소성, 감성",정관장,정관장 건강관리 18,"정관장 건강관리 ??. ?? ??: 성분, 후기, 안전성, 건강, 부모님, 회복.",1745000,1614000,1267000,3.41,3638.0,2,image_estimate,Y,Y,0.665,0.665
male,26,3890000.0,프리랜서,미혼,진보적,121000.0,중저가,생활용품,3M,2,6,14,N,4,0.0,0.5931372549019608,1.0,0.0,1.0,0.0,0.05217391304347826,0.2,0.1875,0.75,1.0,204000,청소,"희소성, 감성",3M,3M 생활용품 19,"3M 생활용품 ??. ?? ??: 가격, 내구성, 용량, 생활, 청소, 가정.",121000,115000,129000,,,4,naver_api,N,N,0.365,0.365
female,37,10300000.0,전문직,미혼,진보적,32000.0,저가,생활용품,유한킴벌리,44,5,11,N,2,0.0,0.01574028529267093,0.0,0.0,1.0,0.125,0.03225806451612903,0.2,0.60875,1.0,0.57,2033000,휴식,"희소성, 감성",유한킴벌리,유한킴벌리 생활용품 20,"유한킴벌리 생활용품 ??. ?? ??: 가격, 내구성, 용량, 생활, 청소, 가정.",32000,31000,28000,3.27,2429.0,4,manual,Y,Y,0.53,0.53
female,60,3680000.0,은퇴자,미혼,보수적,789000.0,고가,여행,대한항공,48,3,14,Y,4,0.0,0.9899623588456713,0.0,0.9,0.0,0.17870722433460076,0.24644549763033174,0.2,0.6375,1.0,0.09999999999999998,797000,기념일,"가격, 일정",마이리얼트립,대한항공 여행 21,"대한항공 여행 ??. ?? ??: 가격, 일정, 숙소, 휴식, 가족, 기념일.",789000,633000,648000,,3006.0,3,manual,N,Y,0.563,0.563
female,42,6430000.0,자영업,미혼,보수적,183000.0,중저가,건강관리,센트룸,41,3,3,N,2,0.0,0.24696356275303644,1.0,0.0,1.0,0.08743169398907104,0.1509433962264151,0.2,0.71,1.0,0.95,741000,부모님,"희소성, 감성",센트룸,센트룸 건강관리 22,"센트룸 건강관리 ??. ?? ??: 성분, 후기, 안전성, 건강, 부모님, 회복.",183000,159000,167000,4.08,3271.0,1,crawler,Y,Y,0.349,0.349
male,42,4070000.0,프리랜서,미혼,보수적,30000.0,저가,식품,CJ,56,5,21,N,2,0.0,0.04310344827586207,1.0,0.9,1.0,0.0,0.30434782608695654,0.0,0.73125,1.0,1.0,696000,식사,"가격, 신선도",CJ,CJ 식품 23,"CJ 식품 ??. ?? ??: 가격, 신선도, 배송, 생활, 식사, 가족.",30000,23000,30000,4.25,3943.0,0,user_input,Y,Y,0.199,0.199
male,37,6040000.0,공무원,기혼,진보적,1978000.0,고가,전자기기,소니,10,7,20,Y,6,1.0,3.0,0.0,0.9375,1.0,0.08746208291203236,0.1341743119266055,0.2,0.1875,0.75,0.37,243000,휴식,"성능, 배터리",소니,소니 전자기기 24,"소니 전자기기 ??. ?? ??: 성능, 배터리, 휴대성, 업무, 공부, 게임, 콘텐츠.",1978000,1744000,1805000,,,1,naver_api,N,N,0.655,0.655
female,37,8350000.0,대기업직원,미혼,보수적,2800000.0,초고가,전자기기,애플,52,5,9,Y,4,1.0,3.0,0.0,0.9375,1.0,0.3435714285714286,0.26126126126126126,0.2,0.6375,1.0,0.37,867000,콘텐츠,"성능, 배터리",애플,애플 전자기기 25,"애플 전자기기 ??. ?? ??: 성능, 배터리, 휴대성, 업무, 공부, 게임, 콘텐츠.",2800000,2220000,1838000,,2875.0,1,user_input,N,Y,0.676,0.676
female,32,7580000.0,대기업직원,기혼,진보적,34000.0,저가,식품,오뚜기,53,3,22,N,1,0.0,0.0633147113594041,1.0,0.0,1.0,0.0,0.21428571428571427,0.0,0.6275,1.0,1.0,537000,식사,"희소성, 감성",오뚜기,오뚜기 식품 26,"오뚜기 식품 ??. ?? ??: 가격, 신선도, 배송, 생활, 식사, 가족.",34000,28000,34000,3.42,2535.0,0,image_estimate,Y,Y,0.335,0.335
male,56,2640000.0,주부,기혼,보수적,401000.0,중저가,건강관리,종근당,51,3,12,N,2,0.0,0.6961805555555556,1.0,0.0,0.0,0.1970074812967581,0.11080332409972299,0.0,0.6375,1.0,0.95,576000,부모님,"희소성, 감성",오뚜기,종근당 건강관리 27,"종근당 건강관리 ??. ?? ??: 성분, 후기, 안전성, 건강, 부모님, 회복.",401000,361000,322000,,2567.0,0,crawler,N,Y,0.436,0.436
female,30,3330000.0,사무직,기혼,진보적,3422000.0,초고가,전자기기,애플,48,16,16,Y,8,1.0,3.0,0.0,0.0,1.0,0.37083576855639977,0.18860715526224384,0.0,0.69,1.0,0.37,160000,선물,"희소성, 감성",애플,애플 전자기기 28,"애플 전자기기 ??. ?? ??: 성능, 배터리, 휴대성, 업무, 공부, 게임, 콘텐츠.",3422000,2879000,2153000,3.92,3349.0,0,crawler,Y,Y,0.835,0.835
male,67,3660000.0,은퇴자,기혼,보수적,1276000.0,고가,가구,한샘,13,8,14,Y,6,0.6275510204081634,1.6275510204081634,0.0,0.0,0.0,0.2061128526645768,0.15579710144927536,0.2,0.49374999999999997,1.0,0.37,784000,생활,"희소성, 감성",오뚜기,한샘 가구 29,"한샘 가구 ??. ?? ??: 내구성, 크기, 디자인, 이사, 인테리어, 생활.",1276000,1104000,1013000,4.35,,2,manual,Y,N,0.786,0.786
male,44,8210000.0,전문직,기혼,진보적,19000.0,초저가,화장품,설화수,35,5,17,N,1,0.0,0.013130615065653075,0.0,0.0,0.0,0.2631578947368421,0.35714285714285715,0.0,0.6662788735783602,1.0,0.019999999999999976,1447000,휴식,"희소성, 감성",아디다스,설화수 화장품 30,"설화수 화장품 ??. ?? ??: 성분, 가격, 후기, 피부관리, 선물, 데일리.",19000,14000,14000,4.4,98.0,0,image_estimate,Y,Y,0.65,0.65
female,50,10650000.0,전문직,기혼,보수적,1093000.0,고가,전자기기,LG,53,2,18,Y,1,0.0,0.7171916010498688,1.0,0.9375,1.0,0.14089661482159194,0.26212471131639725,0.2,0.6375,1.0,0.87,1524000,업무,"성능, 배터리",LG,LG 전자기기 31,"LG 전자기기 ??. ?? ??: 성능, 배터리, 휴대성, 업무, 공부, 게임, 콘텐츠.",1093000,866000,939000,,2388.0,4,crawler,N,Y,0.231,0.231
male,56,2190000.0,주부,기혼,진보적,5000.0,초저가,식품,동원,4,5,14,N,1,0.0,0.02252252252252252,0.0,0.0,1.0,0.0,0.25,0.2,0.1875,0.75,0.57,222000,소장,"희소성, 감성",동원,동원 식품 32,"동원 식품 ??. ?? ??: 가격, 신선도, 배송, 생활, 식사, 가족.",5000,4000,5000,,,3,manual,N,N,0.553,0.553
male,33,1090000.0,취업준비생,기혼,진보적,11000.0,초저가,생활용품,3M,3,1,19,N,0,0.0,0.07746478873239436,1.0,0.9,1.0,0.09090909090909091,0.375,0.2,0.36375,1.0,1.0,142000,생활,"가격, 내구성",3M,3M 생활용품 33,"3M 생활용품 ??. ?? ??: 가격, 내구성, 용량, 생활, 청소, 가정.",11000,8000,10000,3.31,,2,user_input,Y,N,0.261,0.261
female,31,5670000.0,대기업직원,기혼,보수적,1574000.0,고가,명품,샤넬,46,9,16,Y,2,1.0,3.0,1.0,0.6666666666666666,1.0,0.1772554002541296,0.13237410071942446,0.0,0.7620270702797467,1.0,0.52,315000,보상,"브랜드, 희소성",샤넬,샤넬 명품 34,"샤넬 명품 ??. ?? ??: 브랜드, 희소성, 디자인, 선물, 보상, 소장.",1574000,1390000,1295000,4.59,723.0,0,naver_api,Y,Y,0.534,0.534
male,29,8290000.0,전문직,미혼,진보적,906000.0,고가,여행,마이리얼트립,5,7,17,Y,3,1.0,2.9415584415584415,1.0,0.0,0.0,0.16887417218543047,0.21122994652406418,0.2,0.35500000000000004,1.0,0.6,308000,가족,"희소성, 감성",루이비통,마이리얼트립 여행 35,"마이리얼트립 여행 ??. ?? ??: 가격, 일정, 숙소, 휴식, 가족, 기념일.",906000,748000,753000,3.24,,1,naver_api,Y,N,0.74,0.74
male,45,5340000.0,자영업,기혼,진보적,73000.0,저가,생활용품,유한킴벌리,36,1,17,N,2,0.0,0.08518086347724621,0.0,0.9,0.0,0.3424657534246575,0.30357142857142855,0.2,0.7199276280339022,1.0,0.57,857000,소장,"가격, 내구성",리바트,유한킴벌리 생활용품 36,"유한킴벌리 생활용품 ??. ?? ??: 가격, 내구성, 용량, 생활, 청소, 가정.",73000,56000,48000,4.16,998.0,1,user_input,Y,Y,0.54,0.54
female,65,2820000.0,은퇴자,기혼,보수적,414000.0,중저가,패션,COS,4,6,18,N,1,0.7178423236514522,1.7178423236514522,1.0,0.0,1.0,0.0966183574879227,0.33548387096774196,0.2,0.1875,0.75,0.6,241000,데이트,"희소성, 감성",COS,COS 패션 37,"COS 패션 ??. ?? ??: 디자인, 착용감, 브랜드, 출근, 데이트, 여행.",414000,310000,374000,,,3,image_estimate,N,N,0.574,0.574
female,22,960000.0,취업준비생,미혼,진보적,6000.0,초저가,식품,동원,46,3,14,N,0,0.0,0.03529411764705882,0.0,0.0,0.0,0.16666666666666666,0.2,0.2,0.60875,1.0,0.57,170000,휴식,"희소성, 감성",샤넬,동원 식품 38,"동원 식품 ??. ?? ??: 가격, 신선도, 배송, 생활, 식사, 가족.",6000,5000,5000,3.27,3179.0,2,manual,Y,Y,0.631,0.631
male,25,730000.0,학생,미혼,보수적,534000.0,고가,여행,대한항공,42,13,12,Y,8,1.0,3.0,0.0,0.9,0.0,0.13108614232209737,0.2191780821917808,0.0,0.7769713153995044,1.0,0.09999999999999998,75000,기념일,"가격, 일정",이케아,대한항공 여행 39,"대한항공 여행 ??. ?? ??: 가격, 일정, 숙소, 휴식, 가족, 기념일.",534000,438000,464000,4.67,829.0,0,naver_api,Y,Y,0.709,0.709
female,55,7920000.0,대기업직원,기혼,진보적,795000.0,고가,교육,메가스터디,49,4,9,Y,4,0.0,0.5233706385780118,1.0,0.0,0.0,0.10943396226415095,0.11657303370786516,0.2,0.6074999999999999,1.0,1.0,1519000,취업,"희소성, 감성",삼성,메가스터디 교육 40,"메가스터디 교육 ??. ?? ??: 강의품질, 가격, 커리큘럼, 공부, 취업, 자기계발.",795000,712000,708000,3.26,3230.0,2,crawler,Y,Y,0.438,0.438
female,31,3060000.0,사무직,기혼,보수적,232000.0,중저가,가구,리바트,53,1,21,N,3,0.0,0.4077328646748682,0.0,0.6666666666666666,0.0,0.0,0.03571428571428571,0.2,0.65125,1.0,0.37,569000,휴식,"내구성, 크기",종근당,리바트 가구 41,"리바트 가구 ??. ?? ??: 내구성, 크기, 디자인, 이사, 인테리어, 생활.",232000,224000,242000,3.61,1662.0,2,naver_api,Y,Y,0.546,0.546
male,26,1090000.0,취업준비생,미혼,보수적,401000.0,중저가,명품,구찌,46,7,15,Y,7,1.0,3.0,0.0,0.6666666666666666,0.0,0.0,0.3411371237458194,0.2,0.6001273555009115,1.0,0.019999999999999976,130000,유행,"브랜드, 희소성",라네즈,구찌 명품 42,"구찌 명품 ??. ?? ??: 브랜드, 희소성, 디자인, 선물, 보상, 소장.",401000,299000,431000,3.36,577.0,3,image_estimate,Y,Y,0.775,0.775
female,25,3420000.0,공무원,기혼,진보적,15000.0,초저가,화장품,설화수,40,4,2,N,1,0.0,0.0625,0.0,0.9,1.0,0.2,0.15384615384615385,0.2,0.6375,1.0,0.019999999999999976,240000,휴식,"성분, 가격",설화수,설화수 화장품 43,"설화수 화장품 ??. ?? ??: 성분, 가격, 후기, 피부관리, 선물, 데일리.",15000,13000,12000,,2374.0,2,naver_api,N,Y,0.454,0.454
male,29,1250000.0,취업준비생,미혼,보수적,339000.0,중저가,패션,나이키,43,5,11,Y,2,0.8324324324324324,1.8324324324324324,0.0,0.6666666666666666,0.0,0.0,0.18118466898954705,0.2,0.79,1.0,0.09999999999999998,185000,여행,"디자인, 착용감",프라다,나이키 패션 44,"나이키 패션 ??. ?? ??: 디자인, 착용감, 브랜드, 출근, 데이트, 여행.",339000,287000,351000,4.72,2021.0,4,manual,Y,Y,0.695,0.695
female,28,10070000.0,전문직,미혼,진보적,2601000.0,초고가,명품,루이비통,5,3,2,Y,3,1.0,2.2558542931483085,0.0,0.3333333333333333,0.0,0.08073817762399077,0.20584144645340752,0.2,0.51,1.0,0.019999999999999976,1153000,소장,"희소성, 감성",나이키,루이비통 명품 45,"루이비통 명품 ??. ?? ??: 브랜드, 희소성, 디자인, 선물, 보상, 소장.",2601000,2157000,2391000,4.48,,1,user_input,Y,N,0.864,0.864
male,50,4350000.0,사무직,기혼,보수적,240000.0,중저가,여행,마이리얼트립,53,6,19,N,2,0.6438356164383561,1.643835616438356,0.0,0.0,1.0,0.25833333333333336,0.11627906976744186,0.2,0.69125,1.0,0.09999999999999998,146000,유행,"희소성, 감성",마이리얼트립,마이리얼트립 여행 46,"마이리얼트립 여행 ??. ?? ??: 가격, 일정, 숙소, 휴식, 가족, 기념일.",240000,215000,178000,3.93,3487.0,1,naver_api,Y,Y,0.761,0.761
male,35,4310000.0,사무직,기혼,보수적,3788000.0,초고가,명품,프라다,12,12,14,Y,7,1.0,3.0,1.0,0.3333333333333333,1.0,0.06282998944033791,0.13719603722605825,0.2,0.3675,1.0,0.52,680000,선물,"희소성, 감성",프라다,프라다 명품 47,"프라다 명품 ??. ?? ??: 브랜드, 희소성, 디자인, 선물, 보상, 소장.",3788000,3331000,3550000,3.34,,4,manual,Y,N,0.559,0.559
male,23,760000.0,학생,미혼,진보적,7000.0,초저가,생활용품,다이소,49,5,9,N,3,0.0,0.175,0.0,0.0,0.0,0.2857142857142857,0.16666666666666666,0.0,0.605,1.0,0.57,40000,선물,"희소성, 감성",오뚜기,다이소 생활용품 48,"다이소 생활용품 ??. ?? ??: 가격, 내구성, 용량, 생활, 청소, 가정.",7000,6000,5000,3.24,1839.0,0,crawler,Y,Y,0.625,0.625
female,32,1070000.0,취업준비생,미혼,진보적,110000.0,중저가,전자기기,애플,41,1,16,N,2,0.0,0.8333333333333334,0.0,0.0,1.0,0.06363636363636363,0.1956521739130435,0.2,0.6527144854185958,1.0,0.37,132000,휴식,"희소성, 감성",애플,애플 전자기기 49,"애플 전자기기 ??. ?? ??: 성능, 배터리, 휴대성, 업무, 공부, 게임, 콘텐츠.",110000,92000,103000,3.66,876.0,3,naver_api,Y,Y,0.561,0.561
female,55,4030000.0,프리랜서,기혼,진보적,4000.0,초저가,식품,오뚜기,47,2,10,N,0,0.0,0.006700167504187605,1.0,0.0,1.0,0.25,0.05,0.2,0.6837500000000001,1.0,1.0,597000,식사,"희소성, 감성",오뚜기,오뚜기 식품 50,"오뚜기 식품 ??. ?? ??: 가격, 신선도, 배송, 생활, 식사, 가족.",4000,4000,3000,3.87,1498.0,2,user_input,Y,Y,0.341,0.341
female,49,5350000.0,공무원,기혼,진보적,457000.0,중저가,명품,루이비통,46,4,19,N,1,0.0,0.5089086859688196,0.0,0.6666666666666666,1.0,0.05032822757111598,0.32463768115942027,0.2,0.66,1.0,0.019999999999999976,898000,휴식,"브랜드, 희소성",루이비통,루이비통 명품 51,"루이비통 명품 ??. ?? ??: 브랜드, 희소성, 디자인, 선물, 보상, 소장.",457000,345000,434000,3.68,2046.0,1,manual,Y,Y,0.523,0.523
female,22,1070000.0,취업준비생,미혼,진보적,354000.0,중저가,여행,마이리얼트립,36,5,19,Y,5,1.0,2.832,1.0,0.9,0.0,0.3418079096045198,0.12380952380952381,0.0,0.7032554717328886,1.0,0.6,125000,휴식,"가격, 일정",패스트캠퍼스,마이리얼트립 여행 52,"마이리얼트립 여행 ??. ?? ??: 가격, 일정, 숙소, 휴식, 가족, 기념일.",354000,315000,233000,4.13,698.0,0,naver_api,Y,Y,0.554,0.554
female,67,2930000.0,은퇴자,기혼,진보적,45000.0,저가,건강관리,종근당,35,1,10,N,1,0.0,0.09202453987730061,1.0,0.6666666666666666,0.0,0.2,0.21621621621621623,0.2,0.6091679702915336,1.0,0.95,489000,건강,"성분, 후기",ZARA,종근당 건강관리 53,"종근당 건강관리 ??. ?? ??: 성분, 후기, 안전성, 건강, 부모님, 회복.",45000,37000,36000,3.32,851.0,4,manual,Y,Y,0.337,0.337
female,60,3010000.0,은퇴자,기혼,진보적,131000.0,중저가,전자기기,소니,6,6,17,N,2,0.0,0.48698884758364314,0.0,0.9375,0.0,0.10687022900763359,0.31,0.2,0.51875,1.0,0.37,269000,콘텐츠,"성능, 배터리",구찌,소니 전자기기 54,"소니 전자기기 ??. ?? ??: 성능, 배터리, 휴대성, 업무, 공부, 게임, 콘텐츠.",131000,100000,117000,4.55,,4,crawler,Y,N,0.515,0.515
male,54,6840000.0,대기업직원,미혼,진보적,3000.0,초저가,식품,오뚜기,10,5,18,N,3,0.0,0.014018691588785047,1.0,0.0,0.0,0.0,0.5,0.2,0.4425,1.0,1.0,214000,생활,"희소성, 감성",대한항공,오뚜기 식품 55,"오뚜기 식품 ??. ?? ??: 가격, 신선도, 배송, 생활, 식사, 가족.",3000,2000,3000,3.94,,4,image_estimate,Y,N,0.453,0.453
male,46,3840000.0,프리랜서,기혼,진보적,2061000.0,초고가,가구,이케아,47,8,13,Y,4,1.0,3.0,0.0,0.6666666666666666,0.0,0.3071324599708879,0.36129458388375163,0.2,0.64375,1.0,0.37,346000,유행,"내구성, 크기",오뚜기,이케아 가구 56,"이케아 가구 ??. ?? ??: 내구성, 크기, 디자인, 이사, 인테리어, 생활.",2061000,1514000,1428000,3.55,2820.0,2,naver_api,Y,Y,0.796,0.796
female,55,6090000.0,대기업직원,기혼,진보적,460000.0,중저가,교육,패스트캠퍼스,51,4,22,N,1,0.0,0.6534090909090909,0.0,0.0,0.0,0.15869565217391304,0.03837471783295711,0.2,0.6375,1.0,0.57,704000,자기계발,"희소성, 감성",유한킴벌리,패스트캠퍼스 교육 57,"패스트캠퍼스 교육 ??. ?? ??: 강의품질, 가격, 커리큘럼, 공부, 취업, 자기계발.",460000,443000,387000,,2218.0,1,image_estimate,N,Y,0.628,0.628
male,48,4190000.0,자영업,기혼,보수적,4000.0,초저가,식품,CJ,46,4,17,N,1,0.0,0.013422818791946308,1.0,0.9,1.0,0.0,0.3333333333333333,0.2,0.6375,1.0,1.0,298000,생활,"가격, 신선도",CJ,CJ 식품 58,"CJ 식품 ??. ?? ??: 가격, 신선도, 배송, 생활, 식사, 가족.",4000,3000,4000,,3657.0,1,user_input,N,Y,0.223,0.223
female,25,5610000.0,공무원,미혼,진보적,256000.0,중저가,가구,한샘,53,5,13,N,2,0.0,0.23104693140794225,0.0,0.6666666666666666,0.0,0.0703125,0.2736318407960199,0.2,0.66125,1.0,0.37,1108000,생활,"내구성, 크기",나이키,한샘 가구 59,"한샘 가구 ??. ?? ??: 내구성, 크기, 디자인, 이사, 인테리어, 생활.",256000,201000,238000,3.69,1566.0,3,image_estimate,Y,Y,0.561,0.561
male,40,5750000.0,프리랜서,기혼,진보적,165000.0,중저가,교육,메가스터디,53,5,11,N,3,0.0,0.24774774774774774,1.0,0.0,1.0,0.006060606060606061,0.057692307692307696,0.2,0.62875,1.0,1.0,666000,취업,"희소성, 감성",메가스터디,메가스터디 교육 60,"메가스터디 교육 ??. ?? ??: 강의품질, 가격, 커리큘럼, 공부, 취업, 자기계발.",165000,156000,164000,3.43,3133.0,4,user_input,Y,Y,0.348,0.348
male,55,5650000.0,사무직,기혼,진보적,54000.0,저가,식품,CJ,9,0,16,N,0,0.0,0.0967741935483871,1.0,0.9,0.0,0.0,0.3170731707317073,0.0,0.3875,1.0,1.0,558000,식사,"가격, 신선도",오뚜기,CJ 식품 61,"CJ 식품 ??. ?? ??: 가격, 신선도, 배송, 생활, 식사, 가족.",54000,41000,58000,3.5,,0,naver_api,Y,N,0.302,0.302
female,40,3740000.0,프리랜서,기혼,진보적,5797000.0,초고가,전자기기,소니,30,19,13,Y,13,1.0,3.0,0.0,0.0,0.0,0.18492323615663275,0.3779415260280485,0.2,0.5720436185943802,1.0,0.37,244000,콘텐츠,"희소성, 감성",라네즈,소니 전자기기 62,"소니 전자기기 ??. ?? ??: 성능, 배터리, 휴대성, 업무, 공부, 게임, 콘텐츠.",5797000,4207000,4725000,,163.0,1,manual,N,Y,0.916,0.916
female,74,2310000.0,은퇴자,기혼,보수적,328000.0,중저가,건강관리,정관장,45,6,21,N,6,0.4260869565217391,1.4260869565217391,0.0,0.6666666666666666,1.0,0.2774390243902439,0.30158730158730157,0.2,0.6375,1.0,0.44999999999999996,230000,선물,"성분, 후기",정관장,정관장 건강관리 63,"정관장 건강관리 ??. ?? ??: 성분, 후기, 안전성, 건강, 부모님, 회복.",328000,252000,237000,,1505.0,4,crawler,N,Y,0.595,0.595
female,63,4170000.0,자영업,기혼,보수적,768000.0,고가,여행,하나투어,39,6,17,Y,5,0.16187594553706508,1.161875945537065,1.0,0.0,1.0,0.078125,0.119533527696793,0.2,0.6375,1.0,0.6,661000,휴식,"희소성, 감성",하나투어,하나투어 여행 64,"하나투어 여행 ??. ?? ??: 가격, 일정, 숙소, 휴식, 가족, 기념일.",768000,686000,708000,,1750.0,1,manual,N,Y,0.448,0.448
male,48,5740000.0,프리랜서,미혼,진보적,192000.0,중저가,교육,클래스101,46,2,16,N,1,0.0,0.2953846153846154,0.0,0.9,0.0,0.2760416666666667,0.043478260869565216,0.0,0.81125,1.0,0.57,650000,유행,"강의품질, 가격",설화수,클래스101 교육 65,"클래스101 교육 ??. ?? ??: 강의품질, 가격, 커리큘럼, 공부, 취업, 자기계발.",192000,184000,139000,4.89,1290.0,0,naver_api,Y,Y,0.505,0.505
male,22,1280000.0,취업준비생,미혼,보수적,3203000.0,초고가,가구,리바트,11,33,15,Y,22,1.0,3.0,0.0,0.0,1.0,0.24758039338120513,0.16940489229645855,0.2,0.5525,1.0,0.37,171000,유행,"희소성, 감성",리바트,리바트 가구 66,"리바트 가구 ??. ?? ??: 내구성, 크기, 디자인, 이사, 인테리어, 생활.",3203000,2739000,2410000,4.82,,3,image_estimate,Y,N,0.81,0.81
male,70,2100000.0,은퇴자,기혼,보수적,1794000.0,고가,건강관리,종근당,38,12,16,Y,9,1.0,3.0,0.0,0.6666666666666666,1.0,0.038461538461538464,0.0852994555353902,0.2,0.7150994651648506,1.0,0.44999999999999996,252000,회복,"성분, 후기",종근당,종근당 건강관리 67,"종근당 건강관리 ??. ?? ??: 성분, 후기, 안전성, 건강, 부모님, 회복.",1794000,1653000,1725000,4.3,538.0,1,user_input,Y,Y,0.67,0.67
male,72,3240000.0,은퇴자,미혼,진보적,4000.0,초저가,식품,동원,43,5,16,N,3,0.0,0.005988023952095809,1.0,0.0,0.0,0.0,0.3333333333333333,0.2,0.73,1.0,1.0,668000,생활,"희소성, 감성",대한항공,동원 식품 68,"동원 식품 ??. ?? ??: 가격, 신선도, 배송, 생활, 식사, 가족.",4000,3000,4000,4.24,3968.0,4,user_input,Y,Y,0.42,0.42
male,56,7350000.0,대기업직원,미혼,진보적,193000.0,중저가,전자기기,애플,52,5,16,N,0,0.0,0.1500777604976672,0.0,0.9375,0.0,0.22797927461139897,0.17682926829268292,0.0,0.77875,1.0,0.37,1286000,콘텐츠,"성능, 배터리",라네즈,애플 전자기기 69,"애플 전자기기 ??. ?? ??: 성능, 배터리, 휴대성, 업무, 공부, 게임, 콘텐츠.",193000,164000,149000,4.63,1561.0,0,user_input,Y,Y,0.499,0.499
female,28,780000.0,학생,미혼,보수적,12000.0,초저가,생활용품,3M,44,2,16,N,4,0.0,0.07547169811320754,0.0,0.0,1.0,0.08333333333333333,0.3333333333333333,0.2,0.6375,1.0,0.57,159000,소장,"희소성, 감성",3M,3M 생활용품 70,"3M 생활용품 ??. ?? ??: 가격, 내구성, 용량, 생활, 청소, 가정.",12000,9000,11000,,2640.0,1,image_estimate,N,Y,0.528,0.528
female,27,860000.0,학생,기혼,보수적,52000.0,저가,식품,CJ,49,5,13,N,2,0.0,0.5360824742268041,0.0,0.0,0.0,0.15384615384615385,0.2682926829268293,0.2,0.74875,1.0,0.57,97000,유행,"희소성, 감성",삼성,CJ 식품 71,"CJ 식품 ??. ?? ??: 가격, 신선도, 배송, 생활, 식사, 가족.",52000,41000,44000,4.39,1091.0,4,naver_api,Y,Y,0.634,0.634
female,57,5270000.0,자영업,기혼,진보적,157000.0,중저가,교육,메가스터디,53,5,14,N,2,0.0,0.7235023041474654,0.0,0.0,0.0,0.044585987261146494,0.31932773109243695,0.2,0.6375,1.0,0.57,217000,자기계발,"희소성, 감성",설화수,메가스터디 교육 72,"메가스터디 교육 ??. ?? ??: 강의품질, 가격, 커리큘럼, 공부, 취업, 자기계발.",157000,119000,150000,,1738.0,2,user_input,N,Y,0.629,0.629
female,36,4920000.0,공무원,기혼,진보적,68000.0,저가,교육,클래스101,35,2,21,N,4,0.0,0.09264305177111716,1.0,0.0,0.0,0.0,0.25925925925925924,0.0,0.5863155333310264,1.0,1.0,734000,공부,"희소성, 감성",레노버,클래스101 교육 73,"클래스101 교육 ??. ?? ??: 강의품질, 가격, 커리큘럼, 공부, 취업, 자기계발.",68000,54000,73000,3.31,468.0,0,naver_api,Y,Y,0.437,0.437
female,74,3110000.0,은퇴자,기혼,보수적,54000.0,저가,식품,CJ,42,2,17,N,4,0.0,0.08047690014903129,0.0,0.9,1.0,0.018518518518518517,0.058823529411764705,0.2,0.625,1.0,0.57,671000,휴식,"가격, 신선도",CJ,CJ 식품 74,"CJ 식품 ??. ?? ??: 가격, 신선도, 배송, 생활, 식사, 가족.",54000,51000,53000,3.4,2048.0,4,user_input,Y,Y,0.386,0.386
male,35,5670000.0,프리랜서,기혼,보수적,510000.0,고가,화장품,라네즈,9,1,9,Y,5,0.0,0.831973898858075,0.0,0.9,0.0,0.3352941176470588,0.060291060291060294,0.0,0.5,1.0,0.019999999999999976,613000,휴식,"성분, 가격",애플,라네즈 화장품 75,"라네즈 화장품 ??. ?? ??: 성분, 가격, 후기, 피부관리, 선물, 데일리.",510000,481000,339000,4.4,,0,image_estimate,Y,N,0.526,0.526
male,46,3060000.0,주부,기혼,진보적,1560000.0,고가,전자기기,LG,13,10,20,Y,8,1.0,3.0,1.0,0.0,1.0,0.15320512820512822,0.3032581453634085,0.2,0.1875,0.75,0.87,436000,업무,"희소성, 감성",LG,LG 전자기기 76,"LG 전자기기 ??. ?? ??: 성능, 배터리, 휴대성, 업무, 공부, 게임, 콘텐츠.",1560000,1197000,1321000,,,3,user_input,N,N,0.638,0.638
male,49,3680000.0,프리랜서,기혼,진보적,52000.0,저가,건강관리,종근당,30,5,22,N,3,0.0,0.08609271523178808,0.0,0.0,0.0,0.1346153846153846,0.10638297872340426,0.0,0.576067888666191,1.0,0.44999999999999996,604000,휴식,"희소성, 감성",루이비통,종근당 건강관리 77,"종근당 건강관리 ??. ?? ??: 성분, 후기, 안전성, 건강, 부모님, 회복.",52000,47000,45000,3.74,79.0,0,crawler,Y,Y,0.608,0.608
male,29,3880000.0,프리랜서,미혼,진보적,24000.0,초저가,생활용품,유한킴벌리,11,1,9,N,1,0.0,0.031331592689295036,0.0,0.0,0.0,0.3333333333333333,0.09090909090909091,0.2,0.49125,1.0,0.57,766000,가정,"희소성, 감성",설화수,유한킴벌리 생활용품 78,"유한킴벌리 생활용품 ??. ?? ??: 가격, 내구성, 용량, 생활, 청소, 가정.",24000,22000,16000,4.33,,1,manual,Y,N,0.68,0.68
male,72,2620000.0,은퇴자,미혼,진보적,22000.0,초저가,생활용품,다이소,39,4,19,N,0,0.0,0.275,1.0,0.9,0.0,0.0,0.29411764705882354,0.2,0.7027144854185957,1.0,1.0,80000,생활,"가격, 내구성",유한킴벌리,다이소 생활용품 79,"다이소 생활용품 ??. ?? ??: 가격, 내구성, 용량, 생활, 청소, 가정.",22000,17000,22000,4.06,876.0,3,crawler,Y,Y,0.276,0.276
male,65,6290000.0,자영업,기혼,보수적,4000.0,초저가,식품,오뚜기,4,0,20,N,4,0.0,0.017391304347826087,0.0,0.9,0.0,0.0,0.05,0.2,0.37625000000000003,1.0,0.57,230000,선물,"가격, 신선도",레노버,오뚜기 식품 80,"오뚜기 식품 ??. ?? ??: 가격, 신선도, 배송, 생활, 식사, 가족.",4000,4000,4000,3.41,,1,image_estimate,Y,N,0.467,0.467
male,25,820000.0,취업준비생,미혼,보수적,24000.0,초저가,식품,CJ,51,4,12,N,1,0.0,0.5333333333333333,0.0,0.9,0.0,0.0,0.2,0.2,0.6375,1.0,0.57,45000,선물,"가격, 신선도",대한항공,CJ 식품 81,"CJ 식품 ??. ?? ??: 가격, 신선도, 배송, 생활, 식사, 가족.",24000,20000,25000,,2407.0,1,naver_api,N,Y,0.473,0.473
male,24,720000.0,학생,미혼,진보적,323000.0,중저가,교육,패스트캠퍼스,2,9,21,Y,8,1.0,3.0,0.0,0.0,1.0,0.07120743034055728,0.3292181069958848,0.2,0.5050000000000001,1.0,0.57,95000,유행,"희소성, 감성",패스트캠퍼스,패스트캠퍼스 교육 82,"패스트캠퍼스 교육 ??. ?? ??: 강의품질, 가격, 커리큘럼, 공부, 취업, 자기계발.",323000,243000,300000,4.44,,4,naver_api,Y,N,0.809,0.809
female,72,3680000.0,은퇴자,기혼,진보적,503000.0,고가,건강관리,정관장,7,4,21,Y,2,0.0,0.6618421052631579,1.0,0.6666666666666666,0.0,0.12922465208747516,0.08874458874458875,0.2,0.1875,0.75,0.95,760000,건강,"성분, 후기",삼성,정관장 건강관리 83,"정관장 건강관리 ??. ?? ??: 성분, 후기, 안전성, 건강, 부모님, 회복.",503000,462000,438000,,,4,manual,N,N,0.339,0.339
male,45,8050000.0,대기업직원,미혼,보수적,3392000.0,초고가,가구,한샘,17,10,21,Y,3,1.0,2.5542168674698793,1.0,0.6666666666666666,1.0,0.1733490566037736,0.22854038391886997,0.2,0.4825,1.0,0.87,1328000,이사,"내구성, 크기",한샘,한샘 가구 84,"한샘 가구 ??. ?? ??: 내구성, 크기, 디자인, 이사, 인테리어, 생활.",3392000,2761000,2804000,4.26,,3,crawler,Y,N,0.497,0.497
male,34,2760000.0,주부,기혼,진보적,190000.0,중저가,건강관리,센트룸,54,6,20,N,3,0.0,0.5263157894736842,0.0,0.6666666666666666,0.0,0.0,0.22580645161290322,0.2,0.7012499999999999,1.0,0.44999999999999996,361000,회복,"성분, 후기",ZARA,센트룸 건강관리 85,"센트룸 건강관리 ??. ?? ??: 성분, 후기, 안전성, 건강, 부모님, 회복.",190000,155000,196000,4.01,2173.0,4,crawler,Y,Y,0.518,0.518
female,75,2140000.0,은퇴자,기혼,보수적,20000.0,초저가,식품,CJ,17,0,22,N,1,0.0,0.07692307692307693,0.0,0.9,1.0,0.3,0.42857142857142855,0.2,0.56,1.0,0.57,260000,소장,"가격, 신선도",CJ,CJ 식품 86,"CJ 식품 ??. ?? ??: 가격, 신선도, 배송, 생활, 식사, 가족.",20000,14000,14000,4.88,,1,naver_api,Y,N,0.472,0.472
male,44,3920000.0,프리랜서,기혼,보수적,474000.0,중저가,여행,하나투어,7,5,13,N,5,0.004237288135593209,1.0042372881355932,0.0,0.9,0.0,0.2468354430379747,0.25396825396825395,0.2,0.1875,0.75,0.09999999999999998,472000,기념일,"가격, 일정",유한킴벌리,하나투어 여행 87,"하나투어 여행 ??. ?? ??: 가격, 일정, 숙소, 휴식, 가족, 기념일.",474000,378000,357000,,,4,image_estimate,N,N,0.572,0.572
female,28,1000000.0,취업준비생,미혼,진보적,11000.0,초저가,식품,동원,15,3,18,N,2,0.0,0.05670103092783505,0.0,0.0,1.0,0.18181818181818182,0.1,0.2,0.45749999999999996,1.0,0.57,194000,선물,"희소성, 감성",동원,동원 식품 88,"동원 식품 ??. ?? ??: 가격, 신선도, 배송, 생활, 식사, 가족.",11000,10000,9000,4.06,,1,user_input,Y,N,0.561,0.561
female,27,860000.0,취업준비생,미혼,보수적,16000.0,초저가,식품,동원,12,3,15,N,3,0.0,0.08602150537634409,0.0,0.9,0.0,0.1875,0.14285714285714285,0.0,0.5050000000000001,1.0,0.57,186000,유행,"가격, 신선도",종근당,동원 식품 89,"동원 식품 ??. ?? ??: 가격, 신선도, 배송, 생활, 식사, 가족.",16000,14000,13000,4.44,,0,user_input,Y,N,0.497,0.497
female,46,4140000.0,프리랜서,미혼,보수적,216000.0,중저가,패션,COS,45,4,2,N,1,0.0,0.5950413223140496,1.0,0.0,0.0,0.0,0.19337016574585636,0.2,0.8075000000000001,1.0,0.6,363000,출근,"희소성, 감성",정관장,COS 패션 90,"COS 패션 ??. ?? ??: 디자인, 착용감, 브랜드, 출근, 데이트, 여행.",216000,181000,222000,4.86,1342.0,4,user_input,Y,Y,0.459,0.459
male,33,7900000.0,대기업직원,미혼,보수적,1064000.0,고가,전자기기,레노버,53,3,1,Y,1,0.0,0.6225863077823288,0.0,0.9375,1.0,0.06390977443609022,0.1283138918345705,0.2,0.6375,1.0,0.37,1709000,소장,"성능, 배터리",레노버,레노버 전자기기 91,"레노버 전자기기 ??. ?? ??: 성능, 배터리, 휴대성, 업무, 공부, 게임, 콘텐츠.",1064000,943000,996000,3.5,2608.0,3,manual,Y,Y,0.438,0.438
male,53,7080000.0,자영업,기혼,보수적,349000.0,중저가,교육,클래스101,46,3,17,N,0,0.0,0.33557692307692305,1.0,0.0,1.0,0.18051575931232092,0.09748427672955975,0.0,0.71,1.0,1.0,1040000,취업,"희소성, 감성",클래스101,클래스101 교육 92,"클래스101 교육 ??. ?? ??: 강의품질, 가격, 커리큘럼, 공부, 취업, 자기계발.",349000,318000,286000,4.08,2752.0,0,user_input,Y,Y,0.327,0.327
female,48,3600000.0,프리랜서,기혼,보수적,1430000.0,고가,명품,구찌,40,6,9,Y,5,1.0,3.0,1.0,0.6666666666666666,0.0,0.0,0.2047177759056445,0.2,0.6289858481930517,1.0,0.52,354000,선물,"브랜드, 희소성",리바트,구찌 명품 93,"구찌 명품 ??. ?? ??: 브랜드, 희소성, 디자인, 선물, 보상, 소장.",1430000,1187000,1436000,3.72,369.0,3,crawler,Y,Y,0.584,0.584
female,25,4380000.0,공무원,미혼,보수적,455000.0,중저가,건강관리,종근당,35,3,22,N,1,0.2264150943396226,1.2264150943396226,0.0,0.6666666666666666,1.0,0.0,0.17571059431524547,0.0,0.6338916987772243,1.0,0.44999999999999996,371000,휴식,"성분, 후기",종근당,종근당 건강관리 94,"종근당 건강관리 ??. ?? ??: 성분, 후기, 안전성, 건강, 부모님, 회복.",455000,387000,489000,,905.0,0,manual,N,Y,0.498,0.498
male,52,5360000.0,프리랜서,기혼,보수적,143000.0,중저가,화장품,설화수,37,4,2,N,0,0.0,0.12964641885766093,1.0,0.9,0.0,0.25874125874125875,0.2222222222222222,0.2,0.6699999999999999,1.0,0.52,1103000,피부관리,"성분, 가격",레노버,설화수 화장품 95,"설화수 화장품 ??. ?? ??: 성분, 가격, 후기, 피부관리, 선물, 데일리.",143000,117000,106000,3.76,1525.0,2,image_estimate,Y,Y,0.346,0.346
male,55,6090000.0,대기업직원,기혼,보수적,202000.0,중저가,가구,한샘,9,4,17,N,4,0.0,0.18984962406015038,1.0,0.0,1.0,0.3811881188118812,0.08021390374331551,0.2,0.43875000000000003,1.0,0.87,1064000,인테리어,"희소성, 감성",한샘,한샘 가구 96,"한샘 가구 ??. ?? ??: 내구성, 크기, 디자인, 이사, 인테리어, 생활.",202000,187000,125000,3.91,,3,user_input,Y,N,0.398,0.398
female,36,4190000.0,공무원,미혼,보수적,553000.0,고가,가구,한샘,36,2,2,Y,1,0.14730290456431527,1.1473029045643153,0.0,0.6666666666666666,0.0,0.3435804701627486,0.07587548638132295,0.2,0.656833942670989,1.0,0.37,482000,생활,"내구성, 크기",종근당,한샘 가구 97,"한샘 가구 ??. ?? ??: 내구성, 크기, 디자인, 이사, 인테리어, 생활.",553000,514000,363000,3.69,885.0,3,manual,Y,Y,0.6,0.6
female,26,1340000.0,취업준비생,미혼,보수적,360000.0,중저가,화장품,이니스프리,34,7,16,Y,3,0.4342629482071714,1.4342629482071714,0.0,0.0,0.0,0.34444444444444444,0.24567474048442905,0.2,0.5480756297735927,1.0,0.019999999999999976,251000,데일리,"희소성, 감성",구찌,이니스프리 화장품 98,"이니스프리 화장품 ??. ?? ??: 성분, 가격, 후기, 피부관리, 선물, 데일리.",360000,289000,236000,3.8,29.0,2,image_estimate,Y,Y,0.779,0.779
female,67,2050000.0,은퇴자,미혼,보수적,100000.0,중저가,건강관리,종근당,10,2,16,N,4,0.0,0.22988505747126436,0.0,0.0,0.0,0.34,0.2345679012345679,0.2,0.49625,1.0,0.44999999999999996,435000,휴식,"희소성, 감성",한샘,종근당 건강관리 99,"종근당 건강관리 ??. ?? ??: 성분, 후기, 안전성, 건강, 부모님, 회복.",100000,81000,66000,4.37,,2,user_input,Y,N,0.662,0.662
male,60,2400000.0,은퇴자,기혼,진보적,1603000.0,고가,명품,루이비통,36,8,14,Y,6,1.0,3.0,1.0,0.6666666666666666,0.0,0.0611353711790393,0.19093610698365526,0.2,0.67224975933395,1.0,0.52,110000,보상,"브랜드, 희소성",설화수,루이비통 명품 100,"루이비통 명품 ??. ?? ??: 브랜드, 희소성, 디자인, 선물, 보상, 소장.",1603000,1346000,1505000,3.94,571.0,4,crawler,Y,Y,0.587,0.587
male,70,2680000.0,은퇴자,기혼,진보적,910000.0,고가,패션,ZARA,16,5,12,Y,4,1.0,2.585227272727273,1.0,0.0,0.0,0.0,0.07311320754716981,0.2,0.37125,1.0,0.6,352000,출근,"희소성, 감성",CJ,ZARA 패션 101,"ZARA 패션 ??. ?? ??: 디자인, 착용감, 브랜드, 출근, 데이트, 여행.",910000,848000,977000,3.37,,2,crawler,Y,N,0.675,0.675
female,40,10700000.0,전문직,기혼,보수적,32000.0,저가,건강관리,종근당,51,1,22,N,2,0.0,0.07476635514018691,0.0,0.6666666666666666,0.0,0.1875,0.28,0.2,0.69,1.0,0.44999999999999996,428000,소장,"성분, 후기",오뚜기,종근당 건강관리 102,"종근당 건강관리 ??. ?? ??: 성분, 후기, 안전성, 건강, 부모님, 회복.",32000,25000,26000,3.92,2689.0,3,image_estimate,Y,Y,0.54,0.54
male,33,1310000.0,취업준비생,기혼,진보적,18000.0,초저가,식품,동원,5,4,17,N,3,0.0,0.06382978723404255,0.0,0.0,0.0,0.2777777777777778,0.2,0.0,0.5625,1.0,0.57,282000,가족,"희소성, 감성",구찌,동원 식품 103,"동원 식품 ??. ?? ??: 가격, 신선도, 배송, 생활, 식사, 가족.",18000,15000,13000,4.9,,0,crawler,Y,N,0.625,0.625
male,45,2640000.0,주부,미혼,보수적,325000.0,중저가,교육,클래스101,54,3,16,N,3,0.19485294117647056,1.1948529411764706,0.0,0.9,0.0,0.0,0.19047619047619047,0.0,0.635,1.0,0.57,272000,유행,"강의품질, 가격",애플,클래스101 교육 104,"클래스101 교육 ??. ?? ??: 강의품질, 가격, 커리큘럼, 공부, 취업, 자기계발.",325000,273000,328000,3.48,3927.0,0,naver_api,Y,Y,0.524,0.524
male,42,3750000.0,공무원,기혼,진보적,2630000.0,초고가,가구,한샘,43,10,15,Y,6,1.0,3.0,0.0,0.0,1.0,0.0,0.3871308016877637,0.2,0.6278648346752309,1.0,0.37,265000,유행,"희소성, 감성",한샘,한샘 가구 105,"한샘 가구 ??. ?? ??: 내구성, 크기, 디자인, 이사, 인테리어, 생활.",2630000,1896000,2770000,,766.0,4,image_estimate,N,Y,0.81,0.81
male,27,3250000.0,프리랜서,미혼,보수적,401000.0,중저가,전자기기,애플,42,7,22,N,4,0.0,0.5632022471910112,0.0,0.0,1.0,0.14713216957605985,0.20059880239520958,0.2,0.6956214450759992,1.0,0.37,712000,유행,"희소성, 감성",애플,애플 전자기기 106,"애플 전자기기 ??. ?? ??: 성능, 배터리, 휴대성, 업무, 공부, 게임, 콘텐츠.",401000,334000,342000,4.17,492.0,1,user_input,Y,Y,0.561,0.561
female,46,7540000.0,전문직,기혼,보수적,102000.0,중저가,가구,이케아,40,2,13,N,1,0.0,0.11320754716981132,0.0,0.6666666666666666,1.0,0.00980392156862745,0.25925925925925924,0.2,0.6375,1.0,0.37,901000,생활,"내구성, 크기",이케아,이케아 가구 107,"이케아 가구 ??. ?? ??: 내구성, 크기, 디자인, 이사, 인테리어, 생활.",102000,81000,101000,,2527.0,3,user_input,N,Y,0.465,0.465
female,48,8860000.0,대기업직원,미혼,보수적,7067000.0,초고가,전자기기,애플,43,14,20,Y,8,1.0,3.0,1.0,0.0,1.0,0.06933635205886515,0.07091983633883922,0.0,0.62875,1.0,0.87,1061000,게임,"희소성, 감성",애플,애플 전자기기 108,"애플 전자기기 ??. ?? ??: 성능, 배터리, 휴대성, 업무, 공부, 게임, 콘텐츠.",7067000,6599000,6577000,3.43,3840.0,0,manual,Y,Y,0.585,0.585
male,36,4800000.0,자영업,미혼,보수적,48000.0,저가,건강관리,정관장,14,4,18,N,3,0.0,0.12030075187969924,0.0,0.6666666666666666,0.0,0.125,0.09090909090909091,0.2,0.445,1.0,0.44999999999999996,399000,휴식,"성분, 후기",클래스101,정관장 건강관리 109,"정관장 건강관리 ??. ?? ??: 성분, 후기, 안전성, 건강, 부모님, 회복.",48000,44000,42000,3.96,,3,image_estimate,Y,N,0.52,0.52
female,31,3330000.0,주부,기혼,진보적,199000.0,중저가,패션,ZARA,55,0,11,N,1,0.0,0.40529531568228105,0.0,0.0,0.0,0.20100502512562815,0.267515923566879,0.2,0.7137500000000001,1.0,0.09999999999999998,491000,유행,"희소성, 감성",설화수,ZARA 패션 110,"ZARA 패션 ??. ?? ??: 디자인, 착용감, 브랜드, 출근, 데이트, 여행.",199000,157000,159000,4.11,2553.0,4,image_estimate,Y,Y,0.661,0.661
female,59,7270000.0,전문직,기혼,보수적,940000.0,고가,패션,나이키,48,2,22,Y,2,0.0,0.7586763518966909,1.0,0.0,0.0,0.0,0.38235294117647056,0.2,0.77,1.0,0.6,1239000,데이트,"희소성, 감성",패스트캠퍼스,나이키 패션 111,"나이키 패션 ??. ?? ??: 디자인, 착용감, 브랜드, 출근, 데이트, 여행.",940000,680000,981000,4.56,1692.0,1,user_input,Y,Y,0.479,0.479
female,53,3550000.0,사무직,미혼,보수적,924000.0,고가,여행,마이리얼트립,17,7,13,Y,2,1.0,3.0,1.0,0.9,1.0,0.027056277056277056,0.06697459584295612,0.2,0.4425,1.0,0.6,165000,휴식,"가격, 일정",마이리얼트립,마이리얼트립 여행 112,"마이리얼트립 여행 ??. ?? ??: 가격, 일정, 숙소, 휴식, 가족, 기념일.",924000,866000,899000,3.94,,3,manual,Y,N,0.445,0.445
female,30,4430000.0,프리랜서,기혼,진보적,397000.0,중저가,명품,프라다,4,3,3,N,4,0.0,0.6126543209876543,1.0,0.6666666666666666,0.0,0.06801007556675064,0.2643312101910828,0.2,0.1875,0.75,0.52,648000,보상,"브랜드, 희소성",종근당,프라다 명품 113,"프라다 명품 ??. ?? ??: 브랜드, 희소성, 디자인, 선물, 보상, 소장.",397000,314000,370000,,,2,user_input,N,N,0.434,0.434
male,22,1180000.0,취업준비생,미혼,보수적,51000.0,저가,생활용품,다이소,41,4,10,N,1,0.0,0.26842105263157895,0.0,0.9,1.0,0.0,0.02,0.2,0.60375,1.0,0.57,190000,유행,"가격, 내구성",다이소,다이소 생활용품 114,"다이소 생활용품 ??. ?? ??: 가격, 내구성, 용량, 생활, 청소, 가정.",51000,50000,52000,3.23,2839.0,1,crawler,Y,Y,0.397,0.397
female,31,6080000.0,자영업,미혼,보수적,2343000.0,초고가,가구,한샘,51,9,17,Y,7,1.0,3.0,0.0,0.0,1.0,0.10499359795134443,0.3342824601366743,0.0,0.6925,1.0,0.37,222000,휴식,"희소성, 감성",한샘,한샘 가구 115,"한샘 가구 ??. ?? ??: 내구성, 크기, 디자인, 이사, 인테리어, 생활.",2343000,1756000,2097000,3.94,3737.0,0,naver_api,Y,Y,0.772,0.772
female,41,7280000.0,대기업직원,기혼,보수적,3981000.0,초고가,명품,루이비통,40,11,22,Y,9,1.0,3.0,0.0,0.6666666666666666,1.0,0.32177844762622454,0.17572356763142352,0.0,0.645,1.0,0.019999999999999976,1084000,유행,"브랜드, 희소성",루이비통,루이비통 명품 116,"루이비통 명품 ??. ?? ??: 브랜드, 희소성, 디자인, 선물, 보상, 소장.",3981000,3386000,2700000,3.56,1961.0,0,image_estimate,Y,Y,0.719,0.719
male,26,6650000.0,대기업직원,기혼,진보적,92000.0,저가,교육,메가스터디,48,3,11,N,2,0.0,0.26900584795321636,1.0,0.0,1.0,0.043478260869565216,0.13580246913580246,0.0,0.67625,1.0,1.0,342000,공부,"희소성, 감성",메가스터디,메가스터디 교육 117,"메가스터디 교육 ??. ?? ??: 강의품질, 가격, 커리큘럼, 공부, 취업, 자기계발.",92000,81000,88000,3.81,3273.0,0,crawler,Y,Y,0.328,0.328
male,24,1240000.0,취업준비생,미혼,보수적,1662000.0,고가,전자기기,LG,10,19,16,Y,12,1.0,3.0,0.0,0.9375,0.0,0.3676293622141998,0.2440119760479042,0.2,0.53125,1.0,0.37,241000,선물,"성능, 배터리",샤넬,LG 전자기기 118,"LG 전자기기 ??. ?? ??: 성능, 배터리, 휴대성, 업무, 공부, 게임, 콘텐츠.",1662000,1336000,1051000,4.65,,1,naver_api,Y,N,0.761,0.761
male,41,3230000.0,주부,기혼,진보적,55000.0,저가,식품,동원,45,5,22,N,2,0.0,0.18272425249169436,1.0,0.0,0.0,0.23636363636363636,0.2222222222222222,0.2,0.7250000000000001,1.0,1.0,301000,생활,"희소성, 감성",라네즈,동원 식품 119,"동원 식품 ??. ?? ??: 가격, 신선도, 배송, 생활, 식사, 가족.",55000,45000,42000,4.2,3833.0,3,user_input,Y,Y,0.433,0.433
male,42,3440000.0,프리랜서,기혼,보수적,3918000.0,초고가,명품,루이비통,41,14,14,Y,13,1.0,3.0,0.0,0.3333333333333333,0.0,0.09826442062276672,0.3505687693898656,0.2,0.7762500000000001,1.0,0.019999999999999976,260000,소장,"희소성, 감성",오뚜기,루이비통 명품 120,"루이비통 명품 ??. ?? ??: 브랜드, 희소성, 디자인, 선물, 보상, 소장.",3918000,2901000,3533000,4.61,2926.0,4,image_estimate,Y,Y,0.854,0.854
male,38,3410000.0,주부,미혼,보수적,1253000.0,고가,전자기기,레노버,55,9,9,Y,6,1.0,3.0,0.0,0.9375,1.0,0.0,0.3860619469026549,0.2,0.75,1.0,0.37,124000,휴식,"성능, 배터리",레노버,레노버 전자기기 121,"레노버 전자기기 ??. ?? ??: 성능, 배터리, 휴대성, 업무, 공부, 게임, 콘텐츠.",1253000,904000,1353000,4.4,3098.0,4,user_input,Y,Y,0.641,0.641
male,58,3300000.0,주부,기혼,보수적,218000.0,중저가,교육,패스트캠퍼스,33,6,21,N,2,0.0,0.45322245322245325,0.0,0.0,1.0,0.06422018348623854,0.10101010101010101,0.2,0.6409580261251863,1.0,0.57,481000,자기계발,"희소성, 감성",패스트캠퍼스,패스트캠퍼스 교육 122,"패스트캠퍼스 교육 ??. ?? ??: 강의품질, 가격, 커리큘럼, 공부, 취업, 자기계발.",218000,198000,204000,3.65,655.0,1,crawler,Y,Y,0.524,0.524
female,39,3230000.0,사무직,기혼,진보적,787000.0,고가,전자기기,애플,35,6,2,Y,6,0.7805429864253393,1.7805429864253393,0.0,0.0,0.0,0.0,0.07808219178082192,0.0,0.5873726370717638,1.0,0.37,442000,유행,"희소성, 감성",라네즈,애플 전자기기 123,"애플 전자기기 ??. ?? ??: 성능, 배터리, 휴대성, 업무, 공부, 게임, 콘텐츠.",787000,730000,819000,3.24,614.0,0,image_estimate,Y,Y,0.787,0.787
female,27,1320000.0,취업준비생,미혼,보수적,76000.0,저가,화장품,이니스프리,12,5,19,N,0,0.0,0.5033112582781457,1.0,0.9,1.0,0.19736842105263158,0.20634920634920634,0.2,0.1875,0.75,0.52,151000,선물,"성분, 가격",이니스프리,이니스프리 화장품 124,"이니스프리 화장품 ??. ?? ??: 성분, 가격, 후기, 피부관리, 선물, 데일리.",76000,63000,61000,,,1,crawler,N,N,0.26,0.26
female,54,6700000.0,대기업직원,미혼,보수적,371000.0,중저가,전자기기,삼성,3,4,0,N,1,0.0,0.2968,1.0,0.0,1.0,0.3423180592991914,0.027700831024930747,0.2,0.1875,0.75,0.87,1250000,업무,"희소성, 감성",삼성,삼성 전자기기 125,"삼성 전자기기 ??. ?? ??: 성능, 배터리, 휴대성, 업무, 공부, 게임, 콘텐츠.",371000,361000,244000,,,1,user_input,N,N,0.428,0.428
male,28,760000.0,취업준비생,미혼,보수적,4499000.0,초고가,명품,샤넬,51,60,16,Y,52,1.0,3.0,1.0,0.3333333333333333,0.0,0.036230273394087575,0.15596094552929085,0.2,0.61875,1.0,0.52,94000,선물,"희소성, 감성",이케아,샤넬 명품 126,"샤넬 명품 ??. ?? ??: 브랜드, 희소성, 디자인, 선물, 보상, 소장.",4499000,3892000,4336000,3.35,3322.0,4,user_input,Y,Y,0.649,0.649
male,19,850000.0,학생,미혼,진보적,1683000.0,고가,명품,구찌,7,25,19,Y,19,1.0,3.0,1.0,0.6666666666666666,0.0,0.33808674985145576,0.08580645161290322,0.2,0.465,1.0,0.52,62000,선물,"브랜드, 희소성",패스트캠퍼스,구찌 명품 127,"구찌 명품 ??. ?? ??: 브랜드, 희소성, 디자인, 선물, 보상, 소장.",1683000,1550000,1114000,4.12,,4,image_estimate,Y,N,0.63,0.63
male,28,5590000.0,프리랜서,미혼,보수적,991000.0,고가,패션,아디다스,48,6,21,Y,6,0.14039125431530497,1.140391254315305,1.0,0.0,1.0,0.18668012108980828,0.06903991370010787,0.2,0.6375,1.0,0.6,869000,데이트,"희소성, 감성",아디다스,아디다스 패션 128,"아디다스 패션 ??. ?? ??: 디자인, 착용감, 브랜드, 출근, 데이트, 여행.",991000,927000,806000,,2127.0,3,crawler,N,Y,0.409,0.409
female,51,3950000.0,사무직,미혼,보수적,129000.0,중저가,생활용품,다이소,39,1,1,N,3,0.0,0.2495164410058027,0.0,0.9,0.0,0.0,0.13157894736842105,0.2,0.6475,1.0,0.57,517000,소장,"가격, 내구성",이케아,다이소 생활용품 129,"다이소 생활용품 ??. ?? ??: 가격, 내구성, 용량, 생활, 청소, 가정.",129000,114000,132000,3.58,1357.0,4,crawler,Y,Y,0.471,0.471
female,27,870000.0,학생,미혼,보수적,188000.0,중저가,건강관리,센트룸,14,5,19,Y,6,0.1898734177215189,1.1898734177215189,1.0,0.0,0.0,0.15425531914893617,0.2129032258064516,0.2,0.1875,0.75,0.95,158000,건강,"희소성, 감성",COS,센트룸 건강관리 130,"센트룸 건강관리 ??. ?? ??: 성분, 후기, 안전성, 건강, 부모님, 회복.",188000,155000,159000,,,3,user_input,N,N,0.528,0.528
female,30,4090000.0,자영업,기혼,진보적,418000.0,중저가,패션,ZARA,48,7,16,N,1,0.0,0.8931623931623932,0.0,0.0,1.0,0.06220095693779904,0.07179487179487179,0.2,0.6950000000000001,1.0,0.09999999999999998,468000,여행,"희소성, 감성",ZARA,ZARA 패션 131,"ZARA 패션 ??. ?? ??: 디자인, 착용감, 브랜드, 출근, 데이트, 여행.",418000,390000,392000,3.96,3872.0,1,manual,Y,Y,0.566,0.566
female,23,1350000.0,취업준비생,미혼,진보적,35000.0,저가,생활용품,3M,56,1,18,N,0,0.0,0.25547445255474455,0.0,0.0,0.0,0.05714285714285714,0.20689655172413793,0.2,0.7175,1.0,0.57,137000,가정,"희소성, 감성",센트룸,3M 생활용품 132,"3M 생활용품 ??. ?? ??: 가격, 내구성, 용량, 생활, 청소, 가정.",35000,29000,33000,4.14,3721.0,2,naver_api,Y,Y,0.629,0.629
female,19,800000.0,학생,기혼,보수적,897000.0,고가,여행,대한항공,43,17,9,Y,13,1.0,3.0,0.0,0.9,0.0,0.31995540691192864,0.3509036144578313,0.2,0.6356458049096183,1.0,0.09999999999999998,37000,유행,"가격, 일정",센트룸,대한항공 여행 133,"대한항공 여행 ??. ?? ??: 가격, 일정, 숙소, 휴식, 가족, 기념일.",897000,664000,610000,,950.0,1,image_estimate,N,Y,0.788,0.788
female,25,1300000.0,취업준비생,미혼,진보적,131000.0,중저가,생활용품,유한킴벌리,46,6,14,N,3,0.0,0.5177865612648221,1.0,0.0,1.0,0.07633587786259542,0.031496062992125984,0.2,0.625,1.0,1.0,253000,생활,"희소성, 감성",유한킴벌리,유한킴벌리 생활용품 134,"유한킴벌리 생활용품 ??. ?? ??: 가격, 내구성, 용량, 생활, 청소, 가정.",131000,127000,121000,3.4,3697.0,3,naver_api,Y,Y,0.324,0.324
male,30,4710000.0,사무직,기혼,진보적,877000.0,고가,명품,루이비통,35,7,13,Y,4,0.8385744234800838,1.8385744234800838,1.0,0.3333333333333333,1.0,0.3272519954389966,0.2600574712643678,0.2,0.60844893523504,1.0,0.52,477000,보상,"희소성, 감성",루이비통,루이비통 명품 135,"루이비통 명품 ??. ?? ??: 브랜드, 희소성, 디자인, 선물, 보상, 소장.",877000,696000,590000,3.28,958.0,2,image_estimate,Y,Y,0.569,0.569
female,25,1190000.0,취업준비생,미혼,진보적,4486000.0,초고가,명품,프라다,56,49,22,Y,33,1.0,3.0,1.0,0.6666666666666666,1.0,0.062193490860454746,0.3252584933530281,0.2,0.7150000000000001,1.0,0.52,164000,보상,"브랜드, 희소성",프라다,프라다 명품 136,"프라다 명품 ??. ?? ??: 브랜드, 희소성, 디자인, 선물, 보상, 소장.",4486000,3385000,4207000,4.12,3649.0,1,crawler,Y,Y,0.535,0.535
female,51,5970000.0,대기업직원,기혼,진보적,123000.0,중저가,패션,ZARA,16,1,18,N,2,0.0,0.28211009174311924,1.0,0.6666666666666666,0.0,0.11382113821138211,0.33695652173913043,0.0,0.4375,1.0,0.6,436000,데이트,"디자인, 착용감",한샘,ZARA 패션 137,"ZARA 패션 ??. ?? ??: 디자인, 착용감, 브랜드, 출근, 데이트, 여행.",123000,92000,109000,3.9,,0,naver_api,Y,N,0.354,0.354
male,70,3270000.0,은퇴자,미혼,보수적,1011000.0,고가,명품,루이비통,14,7,16,Y,7,1.0,2.921965317919075,1.0,0.3333333333333333,0.0,0.0,0.0411946446961895,0.2,0.1875,0.75,0.52,346000,선물,"희소성, 감성",소니,루이비통 명품 138,"루이비통 명품 ??. ?? ??: 브랜드, 희소성, 디자인, 선물, 보상, 소장.",1011000,971000,1031000,,,2,crawler,N,N,0.635,0.635
male,35,3910000.0,프리랜서,기혼,진보적,1118000.0,고가,여행,대한항공,41,6,18,Y,4,1.0,2.9893048128342246,0.0,0.0,1.0,0.0,0.04976525821596244,0.2,0.6937500000000001,1.0,0.09999999999999998,374000,기념일,"희소성, 감성",대한항공,대한항공 여행 139,"대한항공 여행 ??. ?? ??: 가격, 일정, 숙소, 휴식, 가족, 기념일.",1118000,1065000,1133000,3.95,1445.0,1,user_input,Y,Y,0.761,0.761
female,30,7090000.0,대기업직원,미혼,진보적,123000.0,중저가,건강관리,센트룸,47,1,17,N,2,0.0,0.20098039215686275,1.0,0.6666666666666666,0.0,0.0,0.10810810810810811,0.2,0.7475,1.0,0.95,612000,건강,"성분, 후기",메가스터디,센트룸 건강관리 140,"센트룸 건강관리 ??. ?? ??: 성분, 후기, 안전성, 건강, 부모님, 회복.",123000,111000,129000,4.38,3831.0,2,image_estimate,Y,Y,0.329,0.329
female,43,2810000.0,주부,기혼,보수적,1172000.0,고가,명품,구찌,9,6,1,Y,6,1.0,2.7004608294930876,1.0,0.6666666666666666,0.0,0.31143344709897613,0.06934306569343066,0.2,0.52125,1.0,0.52,434000,보상,"브랜드, 희소성",리바트,구찌 명품 141,"구찌 명품 ??. ?? ??: 브랜드, 희소성, 디자인, 선물, 보상, 소장.",1172000,1096000,807000,4.57,,4,manual,Y,N,0.613,0.613
female,55,4580000.0,사무직,기혼,진보적,183000.0,중저가,여행,하나투어,16,3,16,N,1,0.0,0.2928,0.0,0.9,0.0,0.15846994535519127,0.20394736842105263,0.2,0.1875,0.75,0.09999999999999998,625000,기념일,"가격, 일정",루이비통,하나투어 여행 142,"하나투어 여행 ??. ?? ??: 가격, 일정, 숙소, 휴식, 가족, 기념일.",183000,152000,154000,,,2,crawler,N,N,0.567,0.567
male,39,2600000.0,주부,기혼,진보적,1008000.0,고가,교육,클래스101,37,4,9,Y,3,1.0,3.0,0.0,0.0,0.0,0.30853174603174605,0.02127659574468085,0.2,0.6368801747633941,1.0,0.57,246000,자기계발,"희소성, 감성",설화수,클래스101 교육 143,"클래스101 교육 ??. ?? ??: 강의품질, 가격, 커리큘럼, 공부, 취업, 자기계발.",1008000,987000,697000,,983.0,3,crawler,N,Y,0.852,0.852
female,41,11010000.0,전문직,기혼,진보적,1279000.0,고가,교육,패스트캠퍼스,9,1,10,Y,2,1.0,2.0796747967479674,0.0,0.9,0.0,0.0023455824863174357,0.30777096114519426,0.2,0.43375,1.0,0.57,615000,선물,"강의품질, 가격",ZARA,패스트캠퍼스 교육 144,"패스트캠퍼스 교육 ??. ?? ??: 강의품질, 가격, 커리큘럼, 공부, 취업, 자기계발.",1279000,978000,1276000,3.87,,3,user_input,Y,N,0.711,0.711
male,68,2910000.0,은퇴자,기혼,보수적,799000.0,고가,교육,패스트캠퍼스,14,5,20,Y,4,1.0,2.8535714285714286,0.0,0.9,0.0,0.0037546933667083854,0.05968169761273209,0.2,0.1875,0.75,0.57,280000,휴식,"강의품질, 가격",설화수,패스트캠퍼스 교육 145,"패스트캠퍼스 교육 ??. ?? ??: 강의품질, 가격, 커리큘럼, 공부, 취업, 자기계발.",799000,754000,796000,,,4,naver_api,N,N,0.738,0.738
female,25,780000.0,취업준비생,미혼,진보적,265000.0,중저가,패션,나이키,17,4,12,Y,6,1.0,2.409090909090909,0.0,0.0,1.0,0.0,0.09053497942386832,0.2,0.5050000000000001,1.0,0.09999999999999998,110000,소장,"희소성, 감성",나이키,나이키 패션 146,"나이키 패션 ??. ?? ??: 디자인, 착용감, 브랜드, 출근, 데이트, 여행.",265000,243000,283000,4.44,,4,user_input,Y,N,0.801,0.801
male,50,5640000.0,자영업,미혼,진보적,17000.0,초저가,생활용품,다이소,43,1,14,N,0,0.0,0.02514792899408284,0.0,0.9,1.0,0.058823529411764705,0.13333333333333333,0.2,0.7112499999999999,1.0,0.57,676000,휴식,"가격, 내구성",다이소,다이소 생활용품 147,"다이소 생활용품 ??. ?? ??: 가격, 내구성, 용량, 생활, 청소, 가정.",17000,15000,16000,4.09,2082.0,1,manual,Y,Y,0.374,0.374
male,59,10760000.0,전문직,미혼,보수적,2892000.0,초고가,가구,리바트,2,6,17,Y,5,1.0,3.0,1.0,0.0,0.0,0.35442600276625175,0.3545667447306792,0.2,0.1875,0.75,0.87,388000,이사,"희소성, 감성",종근당,리바트 가구 148,"리바트 가구 ??. ?? ??: 내구성, 크기, 디자인, 이사, 인테리어, 생활.",2892000,2135000,1867000,,,2,crawler,N,N,0.725,0.725
male,31,8420000.0,전문직,기혼,보수적,613000.0,고가,패션,COS,47,1,1,Y,1,0.07543859649122808,1.075438596491228,0.0,0.6666666666666666,1.0,0.1566068515497553,0.13940520446096655,0.2,0.6375,1.0,0.09999999999999998,570000,여행,"디자인, 착용감",COS,COS 패션 149,"COS 패션 ??. ?? ??: 디자인, 착용감, 브랜드, 출근, 데이트, 여행.",613000,538000,517000,,1322.0,1,image_estimate,N,Y,0.528,0.528
male,23,710000.0,학생,미혼,진보적,800000.0,고가,가구,이케아,35,19,9,Y,12,1.0,3.0,1.0,0.6666666666666666,1.0,0.15875,0.35135135135135137,0.2,0.5937760857592524,1.0,0.87,41000,이사,"내구성, 크기",이케아,이케아 가구 150,"이케아 가구 ??. ?? ??: 내구성, 크기, 디자인, 이사, 인테리어, 생활.",800000,592000,673000,,298.0,4,crawler,N,Y,0.517,0.517
male,52,6020000.0,공무원,미혼,진보적,48000.0,저가,화장품,이니스프리,51,2,11,N,4,0.0,0.039247751430907606,1.0,0.9,0.0,0.0,0.2972972972972973,0.0,0.80125,1.0,0.52,1223000,피부관리,"성분, 가격",소니,이니스프리 화장품 151,"이니스프리 화장품 ??. ?? ??: 성분, 가격, 후기, 피부관리, 선물, 데일리.",48000,37000,51000,4.81,3531.0,0,user_input,Y,Y,0.307,0.307
male,31,8860000.0,전문직,기혼,진보적,117000.0,중저가,건강관리,종근당,3,5,13,N,4,0.0,0.07103825136612021,0.0,0.6666666666666666,0.0,0.3418803418803419,0.36046511627906974,0.2,0.3675,1.0,0.44999999999999996,1647000,회복,"성분, 후기",메가스터디,종근당 건강관리 152,"종근당 건강관리 ??. ?? ??: 성분, 후기, 안전성, 건강, 부모님, 회복.",117000,86000,77000,3.34,,4,image_estimate,Y,N,0.563,0.563
male,30,2860000.0,주부,기혼,진보적,1936000.0,고가,전자기기,삼성,2,8,16,Y,6,1.0,3.0,1.0,0.0,0.0,0.08367768595041322,0.06607929515418502,0.2,0.35250000000000004,1.0,0.87,325000,공부,"희소성, 감성",애플,삼성 전자기기 153,"삼성 전자기기 ??. ?? ??: 성능, 배터리, 휴대성, 업무, 공부, 게임, 콘텐츠.",1936000,1816000,1774000,3.22,,4,image_estimate,Y,N,0.692,0.692
female,55,4050000.0,공무원,기혼,보수적,31000.0,저가,생활용품,유한킴벌리,51,0,15,N,0,0.0,0.08136482939632546,0.0,0.9,0.0,0.03225806451612903,0.2916666666666667,0.2,0.625,1.0,0.57,381000,휴식,"가격, 내구성",리바트,유한킴벌리 생활용품 154,"유한킴벌리 생활용품 ??. ?? ??: 가격, 내구성, 용량, 생활, 청소, 가정.",31000,24000,30000,3.4,1579.0,3,crawler,Y,Y,0.502,0.502
female,46,5020000.0,사무직,기혼,진보적,392000.0,중저가,여행,대한항공,49,3,22,N,1,0.0,0.38469087340529934,0.0,0.0,0.0,0.04846938775510204,0.03978779840848806,0.2,0.7737499999999999,1.0,0.09999999999999998,1019000,소장,"희소성, 감성",센트룸,대한항공 여행 155,"대한항공 여행 ??. ?? ??: 가격, 일정, 숙소, 휴식, 가족, 기념일.",392000,377000,373000,4.59,2121.0,1,crawler,Y,Y,0.632,0.632
female,40,4450000.0,자영업,기혼,보수적,44000.0,저가,식품,동원,50,5,15,N,4,0.0,0.04695837780149413,1.0,0.0,0.0,0.1590909090909091,0.047619047619047616,0.2,0.6375,1.0,1.0,937000,식사,"희소성, 감성",클래스101,동원 식품 156,"동원 식품 ??. ?? ??: 가격, 신선도, 배송, 생활, 식사, 가족.",44000,42000,37000,,2707.0,1,manual,N,Y,0.424,0.424
male,28,890000.0,학생,미혼,진보적,3790000.0,초고가,여행,하나투어,49,56,14,Y,35,1.0,3.0,1.0,0.9,0.0,0.374934036939314,0.10689252336448599,0.0,0.6375,1.0,0.6,37000,휴식,"가격, 일정",대한항공,하나투어 여행 157,"하나투어 여행 ??. ?? ??: 가격, 일정, 숙소, 휴식, 가족, 기념일.",3790000,3424000,2369000,,1205.0,0,manual,N,Y,0.55,0.55
female,27,3040000.0,사무직,미혼,진보적,82000.0,저가,건강관리,센트룸,42,0,15,N,0,0.0,0.2469879518072289,0.0,0.6666666666666666,0.0,0.36585365853658536,0.3225806451612903,0.2,0.6887881623348759,1.0,0.44999999999999996,332000,회복,"성분, 후기",LG,센트룸 건강관리 158,"센트룸 건강관리 ??. ?? ??: 성분, 후기, 안전성, 건강, 부모님, 회복.",82000,62000,52000,4.08,556.0,2,image_estimate,Y,Y,0.6,0.6
male,47,9940000.0,전문직,기혼,진보적,396000.0,중저가,패션,나이키,40,5,2,N,0,0.0,0.22385528547201808,0.0,0.6666666666666666,1.0,0.13383838383838384,0.050397877984084884,0.2,0.81125,1.0,0.09999999999999998,1769000,여행,"디자인, 착용감",나이키,나이키 패션 159,"나이키 패션 ??. ?? ??: 디자인, 착용감, 브랜드, 출근, 데이트, 여행.",396000,377000,343000,4.89,2217.0,4,user_input,Y,Y,0.468,0.468
female,38,7430000.0,전문직,기혼,진보적,1480000.0,고가,건강관리,종근당,38,7,19,Y,6,1.0,2.7715355805243447,0.0,0.6666666666666666,0.0,0.27364864864864863,0.2353923205342237,0.2,0.65375,1.0,0.44999999999999996,534000,회복,"성분, 후기",라네즈,종근당 건강관리 160,"종근당 건강관리 ??. ?? ??: 성분, 후기, 안전성, 건강, 부모님, 회복.",1480000,1198000,1075000,3.63,1793.0,4,image_estimate,Y,Y,0.76,0.76
female,53,3130000.0,사무직,기혼,진보적,45000.0,저가,건강관리,종근당,40,1,14,N,2,0.0,0.22277227722772278,1.0,0.6666666666666666,0.0,0.2,0.18421052631578946,0.2,0.69875,1.0,0.95,202000,부모님,"성분, 후기",대한항공,종근당 건강관리 161,"종근당 건강관리 ??. ?? ??: 성분, 후기, 안전성, 건강, 부모님, 회복.",45000,38000,36000,3.99,1156.0,2,naver_api,Y,Y,0.333,0.333
female,55,3640000.0,사무직,기혼,보수적,99000.0,저가,건강관리,종근당,57,5,9,N,0,0.0,0.376425855513308,1.0,0.6666666666666666,1.0,0.3333333333333333,0.1,0.2,0.6375,1.0,0.95,263000,건강,"성분, 후기",종근당,종근당 건강관리 162,"종근당 건강관리 ??. ?? ??: 성분, 후기, 안전성, 건강, 부모님, 회복.",99000,90000,66000,,3961.0,1,manual,N,Y,0.288,0.288
female,19,620000.0,학생,미혼,보수적,19000.0,초저가,생활용품,다이소,3,4,18,N,4,0.0,0.16101694915254236,1.0,0.9,1.0,0.21052631578947367,0.26666666666666666,0.2,0.1875,0.75,1.0,118000,청소,"가격, 내구성",다이소,다이소 생활용품 163,"다이소 생활용품 ??. ?? ??: 가격, 내구성, 용량, 생활, 청소, 가정.",19000,15000,15000,,,1,manual,N,N,0.252,0.252
female,54,2830000.0,주부,기혼,보수적,625000.0,고가,명품,구찌,47,6,2,Y,3,1.0,2.4801587301587302,0.0,0.3333333333333333,1.0,0.0,0.03648424543946932,0.2,0.6375,1.0,0.019999999999999976,252000,소장,"희소성, 감성",구찌,구찌 명품 164,"구찌 명품 ??. ?? ??: 브랜드, 희소성, 디자인, 선물, 보상, 소장.",625000,603000,654000,,3197.0,4,user_input,N,Y,0.762,0.762
female,52,5190000.0,공무원,기혼,진보적,156000.0,중저가,교육,클래스101,43,1,17,N,4,0.0,0.14511627906976743,0.0,0.9,1.0,0.10897435897435898,0.25806451612903225,0.2,0.6375,1.0,0.57,1075000,선물,"강의품질, 가격",클래스101,클래스101 교육 165,"클래스101 교육 ??. ?? ??: 강의품질, 가격, 커리큘럼, 공부, 취업, 자기계발.",156000,124000,139000,,3432.0,1,image_estimate,N,Y,0.41,0.41
female,58,2060000.0,은퇴자,기혼,진보적,60000.0,저가,건강관리,정관장,35,0,15,N,3,0.0,0.3488372093023256,1.0,0.6666666666666666,1.0,0.11666666666666667,0.1320754716981132,0.2,0.5700012349555104,1.0,0.95,172000,부모님,"성분, 후기",정관장,정관장 건강관리 166,"정관장 건강관리 ??. ?? ??: 성분, 후기, 안전성, 건강, 부모님, 회복.",60000,53000,53000,,154.0,1,manual,N,Y,0.238,0.238
female,24,3960000.0,프리랜서,미혼,보수적,3608000.0,초고가,명품,샤넬,47,14,9,Y,10,1.0,3.0,0.0,0.6666666666666666,1.0,0.014689578713968959,0.20387053720387055,0.2,0.6375,1.0,0.019999999999999976,464000,소장,"브랜드, 희소성",샤넬,샤넬 명품 167,"샤넬 명품 ??. ?? ??: 브랜드, 희소성, 디자인, 선물, 보상, 소장.",3608000,2997000,3555000,,2704.0,3,user_input,N,Y,0.712,0.712
male,56,5100000.0,공무원,미혼,보수적,114000.0,중저가,생활용품,3M,44,2,0,N,4,0.0,0.11561866125760649,1.0,0.0,0.0,0.08771929824561403,0.3411764705882353,0.2,0.7562500000000001,1.0,1.0,986000,생활,"희소성, 감성",구찌,3M 생활용품 168,"3M 생활용품 ??. ?? ??: 가격, 내구성, 용량, 생활, 청소, 가정.",114000,85000,104000,4.45,2315.0,3,image_estimate,Y,Y,0.448,0.448
male,55,6900000.0,전문직,미혼,진보적,102000.0,중저가,생활용품,3M,49,4,11,N,1,0.0,0.07369942196531792,1.0,0.9,1.0,0.21568627450980393,0.275,0.2,0.6275330683736418,1.0,1.0,1384000,생활,"가격, 내구성",3M,3M 생활용품 169,"3M 생활용품 ??. ?? ??: 가격, 내구성, 용량, 생활, 청소, 가정.",102000,80000,80000,,759.0,2,naver_api,N,Y,0.249,0.249
male,26,740000.0,취업준비생,기혼,보수적,48000.0,저가,화장품,설화수,34,3,9,N,4,0.0,0.3779527559055118,0.0,0.9,0.0,0.3125,0.23076923076923078,0.2,0.5911409343453509,1.0,0.019999999999999976,127000,소장,"성분, 가격",애플,설화수 화장품 170,"설화수 화장품 ??. ?? ??: 성분, 가격, 후기, 피부관리, 선물, 데일리.",48000,39000,33000,,277.0,4,image_estimate,N,Y,0.528,0.528
male,44,4720000.0,사무직,기혼,진보적,6000.0,초저가,식품,CJ,5,1,2,N,1,0.0,0.006085192697768763,1.0,0.9,0.0,0.3333333333333333,0.05,0.2,0.5175000000000001,1.0,1.0,986000,식사,"가격, 신선도",클래스101,CJ 식품 171,"CJ 식품 ??. ?? ??: 가격, 신선도, 배송, 생활, 식사, 가족.",6000,6000,4000,4.54,,1,user_input,Y,N,0.323,0.323
male,24,610000.0,학생,미혼,진보적,18000.0,초저가,식품,CJ,40,0,14,N,0,0.0,0.23684210526315788,1.0,0.9,0.0,0.3333333333333333,0.2,0.2,0.7275,1.0,1.0,76000,생활,"가격, 신선도",종근당,CJ 식품 172,"CJ 식품 ??. ?? ??: 가격, 신선도, 배송, 생활, 식사, 가족.",18000,15000,12000,4.22,1081.0,2,manual,Y,Y,0.295,0.295
male,25,5390000.0,프리랜서,미혼,보수적,13000.0,초저가,식품,오뚜기,10,5,19,N,2,0.0,0.03724928366762178,1.0,0.9,0.0,0.0,0.3,0.2,0.5225,1.0,1.0,349000,식사,"가격, 신선도",정관장,오뚜기 식품 173,"오뚜기 식품 ??. ?? ??: 가격, 신선도, 배송, 생활, 식사, 가족.",13000,10000,13000,4.58,,1,crawler,Y,N,0.29,0.29
male,60,6420000.0,자영업,기혼,보수적,1264000.0,고가,가구,리바트,7,2,15,Y,3,0.0,0.9166062364031907,0.0,0.6666666666666666,1.0,0.0,0.384446878422782,0.2,0.1875,0.75,0.37,1379000,선물,"내구성, 크기",리바트,리바트 가구 174,"리바트 가구 ??. ?? ??: 내구성, 크기, 디자인, 이사, 인테리어, 생활.",1264000,913000,1348000,,,1,manual,N,N,0.473,0.473
female,27,4530000.0,사무직,기혼,진보적,125000.0,중저가,전자기기,삼성,41,0,19,N,2,0.0,0.249500998003992,1.0,0.9375,0.0,0.048,0.19047619047619047,0.2,0.8025,1.0,0.87,501000,업무,"성능, 배터리",라네즈,삼성 전자기기 175,"삼성 전자기기 ??. ?? ??: 성능, 배터리, 휴대성, 업무, 공부, 게임, 콘텐츠.",125000,105000,119000,4.82,2136.0,1,image_estimate,Y,Y,0.293,0.293
male,27,670000.0,학생,미혼,진보적,273000.0,중저가,가구,이케아,50,5,14,Y,5,0.8571428571428572,1.8571428571428572,1.0,0.0,0.0,0.23809523809523808,0.04198473282442748,0.2,0.8049999999999999,1.0,0.87,147000,이사,"희소성, 감성",소니,이케아 가구 176,"이케아 가구 ??. ?? ??: 내구성, 크기, 디자인, 이사, 인테리어, 생활.",273000,262000,208000,4.84,2007.0,2,naver_api,Y,Y,0.644,0.644
male,33,5650000.0,사무직,기혼,보수적,8000.0,초저가,식품,동원,44,5,1,N,0,0.0,0.009269988412514484,0.0,0.9,0.0,0.125,0.14285714285714285,0.2,0.6375,1.0,0.57,863000,유행,"가격, 신선도",애플,동원 식품 177,"동원 식품 ??. ?? ??: 가격, 신선도, 배송, 생활, 식사, 가족.",8000,7000,7000,,2683.0,4,image_estimate,N,Y,0.482,0.482
female,26,3400000.0,프리랜서,미혼,보수적,399000.0,중저가,패션,ZARA,12,4,14,N,1,0.0,0.6951219512195121,1.0,0.0,1.0,0.22807017543859648,0.15988372093023256,0.2,0.395,1.0,0.6,574000,데이트,"희소성, 감성",ZARA,ZARA 패션 178,"ZARA 패션 ??. ?? ??: 디자인, 착용감, 브랜드, 출근, 데이트, 여행.",399000,344000,308000,3.56,,4,crawler,Y,N,0.425,0.425
female,62,3030000.0,은퇴자,기혼,보수적,372000.0,중저가,건강관리,센트룸,38,2,2,N,2,0.0,0.5961538461538461,0.0,0.6666666666666666,1.0,0.3575268817204301,0.030470914127423823,0.2,0.6375,1.0,0.44999999999999996,624000,휴식,"성분, 후기",센트룸,센트룸 건강관리 179,"센트룸 건강관리 ??. ?? ??: 성분, 후기, 안전성, 건강, 부모님, 회복.",372000,361000,239000,,1348.0,3,naver_api,N,Y,0.474,0.474
male,39,8640000.0,대기업직원,기혼,보수적,1504000.0,고가,전자기기,애플,2,7,19,Y,2,0.9532467532467532,1.9532467532467532,0.0,0.0,0.0,0.0,0.34767025089605735,0.2,0.38375000000000004,1.0,0.37,770000,선물,"희소성, 감성",삼성,애플 전자기기 180,"애플 전자기기 ??. ?? ??: 성능, 배터리, 휴대성, 업무, 공부, 게임, 콘텐츠.",1504000,1116000,1529000,3.47,,1,manual,Y,N,0.884,0.884
female,28,5110000.0,사무직,기혼,진보적,16000.0,초저가,생활용품,유한킴벌리,49,3,12,N,3,0.0,0.02416918429003021,0.0,0.9,0.0,0.375,0.23076923076923078,0.2,0.6375,1.0,0.57,662000,유행,"가격, 내구성",패스트캠퍼스,유한킴벌리 생활용품 181,"유한킴벌리 생활용품 ??. ?? ??: 가격, 내구성, 용량, 생활, 청소, 가정.",16000,13000,10000,,2708.0,3,crawler,N,Y,0.509,0.509
female,35,9030000.0,전문직,기혼,진보적,749000.0,고가,교육,클래스101,16,6,13,Y,4,0.0,0.6445783132530121,0.0,0.0,0.0,0.0,0.1907790143084261,0.2,0.1875,0.75,0.57,1162000,자기계발,"희소성, 감성",프라다,클래스101 교육 182,"클래스101 교육 ??. ?? ??: 강의품질, 가격, 커리큘럼, 공부, 취업, 자기계발.",749000,629000,750000,,,3,image_estimate,N,N,0.633,0.633
female,26,4480000.0,프리랜서,미혼,보수적,2500000.0,초고가,전자기기,레노버,37,6,9,Y,4,1.0,3.0,1.0,0.9375,1.0,0.0,0.1825922421948912,0.2,0.7475,1.0,0.87,688000,업무,"성능, 배터리",레노버,레노버 전자기기 183,"레노버 전자기기 ??. ?? ??: 성능, 배터리, 휴대성, 업무, 공부, 게임, 콘텐츠.",2500000,2114000,2624000,4.38,1358.0,1,crawler,Y,Y,0.443,0.443
female,24,5350000.0,사무직,미혼,보수적,149000.0,중저가,가구,이케아,52,1,17,N,2,0.0,0.19375812743823148,1.0,0.6666666666666666,1.0,0.0,0.3185840707964602,0.2,0.6475,1.0,0.87,769000,인테리어,"내구성, 크기",이케아,이케아 가구 184,"이케아 가구 ??. ?? ??: 내구성, 크기, 디자인, 이사, 인테리어, 생활.",149000,113000,160000,3.58,1909.0,2,naver_api,Y,Y,0.252,0.252
male,36,7670000.0,대기업직원,기혼,진보적,3034000.0,초고가,명품,루이비통,49,5,14,Y,7,1.0,3.0,0.0,0.6666666666666666,1.0,0.3029004614370468,0.061210213361315144,0.2,0.72875,1.0,0.019999999999999976,382000,소장,"브랜드, 희소성",루이비통,루이비통 명품 185,"루이비통 명품 ??. ?? ??: 브랜드, 희소성, 디자인, 선물, 보상, 소장.",3034000,2859000,2115000,4.23,2734.0,3,manual,Y,Y,0.706,0.706
male,58,3600000.0,은퇴자,미혼,진보적,1759000.0,고가,여행,마이리얼트립,51,8,16,Y,4,1.0,2.575402635431918,1.0,0.9,1.0,0.09323479249573621,0.25912670007158195,0.2,0.7775000000000001,1.0,0.6,683000,휴식,"가격, 일정",마이리얼트립,마이리얼트립 여행 186,"마이리얼트립 여행 ??. ?? ??: 가격, 일정, 숙소, 휴식, 가족, 기념일.",1759000,1397000,1595000,4.62,3144.0,1,user_input,Y,Y,0.482,0.482
female,62,7310000.0,자영업,미혼,진보적,40000.0,저가,건강관리,정관장,42,4,15,N,2,0.0,0.057803468208092484,1.0,0.0,0.0,0.075,0.17647058823529413,0.2,0.76,1.0,0.95,692000,건강,"희소성, 감성",소니,정관장 건강관리 187,"정관장 건강관리 ??. ?? ??: 성분, 후기, 안전성, 건강, 부모님, 회복.",40000,34000,37000,4.48,2550.0,3,manual,Y,Y,0.447,0.447
female,24,540000.0,학생,미혼,진보적,196000.0,중저가,화장품,라네즈,43,8,19,Y,5,1.0,2.925373134328358,0.0,0.0,1.0,0.33163265306122447,0.2645161290322581,0.2,0.7625,1.0,0.019999999999999976,67000,소장,"희소성, 감성",라네즈,라네즈 화장품 188,"라네즈 화장품 ??. ?? ??: 성분, 가격, 후기, 피부관리, 선물, 데일리.",196000,155000,131000,4.5,1628.0,4,image_estimate,Y,Y,0.821,0.821
male,24,1030000.0,취업준비생,미혼,진보적,50000.0,저가,교육,클래스101,11,4,15,N,4,0.0,0.23923444976076555,1.0,0.9,0.0,0.14,0.19047619047619047,0.2,0.41000000000000003,1.0,1.0,209000,취업,"강의품질, 가격",유한킴벌리,클래스101 교육 189,"클래스101 교육 ??. ?? ??: 강의품질, 가격, 커리큘럼, 공부, 취업, 자기계발.",50000,42000,43000,3.68,,2,naver_api,Y,N,0.326,0.326
female,59,3700000.0,은퇴자,기혼,보수적,19000.0,초저가,생활용품,다이소,53,1,9,N,0,0.0,0.02564102564102564,0.0,0.9,0.0,0.21052631578947367,0.1875,0.2,0.7762500000000001,1.0,0.57,741000,가정,"가격, 내구성",CJ,다이소 생활용품 190,"다이소 생활용품 ??. ?? ??: 가격, 내구성, 용량, 생활, 청소, 가정.",19000,16000,15000,4.61,2147.0,2,naver_api,Y,Y,0.477,0.477
male,41,3580000.0,공무원,기혼,진보적,1732000.0,고가,여행,대한항공,32,7,11,Y,7,1.0,3.0,1.0,0.9,0.0,0.27886836027713624,0.22749822820694543,0.0,0.6180121613509314,1.0,0.6,254000,휴식,"가격, 일정",하나투어,대한항공 여행 191,"대한항공 여행 ??. ?? ??: 가격, 일정, 숙소, 휴식, 가족, 기념일.",1732000,1411000,1249000,4.35,30.0,0,image_estimate,Y,Y,0.568,0.568
male,36,6510000.0,전문직,기혼,보수적,215000.0,중저가,가구,이케아,11,2,20,N,3,0.0,0.4756637168141593,0.0,0.6666666666666666,1.0,0.07906976744186046,0.03365384615384615,0.2,0.46625,1.0,0.37,452000,유행,"내구성, 크기",이케아,이케아 가구 192,"이케아 가구 ??. ?? ??: 내구성, 크기, 디자인, 이사, 인테리어, 생활.",215000,208000,198000,4.13,,3,manual,Y,N,0.461,0.461
male,46,7510000.0,대기업직원,미혼,진보적,525000.0,고가,건강관리,종근당,44,4,9,Y,0,0.0,0.8076923076923077,0.0,0.6666666666666666,0.0,0.0,0.2589928057553957,0.2,0.7371146245286819,1.0,0.44999999999999996,650000,유행,"성분, 후기",정관장,종근당 건강관리 193,"종근당 건강관리 ??. ?? ??: 성분, 후기, 안전성, 건강, 부모님, 회복.",525000,417000,548000,4.36,804.0,4,naver_api,Y,Y,0.504,0.504
male,45,3410000.0,주부,기혼,보수적,83000.0,저가,가구,한샘,48,1,17,N,2,0.0,0.46629213483146065,0.0,0.6666666666666666,0.0,0.0,0.024691358024691357,0.2,0.7075,1.0,0.37,178000,선물,"내구성, 크기",ZARA,한샘 가구 194,"한샘 가구 ??. ?? ??: 내구성, 크기, 디자인, 이사, 인테리어, 생활.",83000,81000,84000,4.06,1516.0,1,crawler,Y,Y,0.533,0.533
female,27,5700000.0,대기업직원,미혼,보수적,435000.0,중저가,여행,마이리얼트립,45,5,11,N,2,0.5156794425087108,1.5156794425087108,1.0,0.9,0.0,0.04827586206896552,0.028368794326241134,0.0,0.6375,1.0,0.6,287000,가족,"가격, 일정",구찌,마이리얼트립 여행 195,"마이리얼트립 여행 ??. ?? ??: 가격, 일정, 숙소, 휴식, 가족, 기념일.",435000,423000,414000,,3400.0,0,image_estimate,N,Y,0.427,0.427
male,75,2040000.0,은퇴자,기혼,보수적,1809000.0,고가,명품,구찌,55,15,15,Y,8,1.0,3.0,1.0,0.6666666666666666,1.0,0.23714759535655058,0.051744186046511625,0.0,0.7925,1.0,0.52,312000,선물,"브랜드, 희소성",구찌,구찌 명품 196,"구찌 명품 ??. ?? ??: 브랜드, 희소성, 디자인, 선물, 보상, 소장.",1809000,1720000,1380000,4.74,2822.0,0,crawler,Y,Y,0.498,0.498
male,41,5350000.0,자영업,기혼,보수적,987000.0,고가,여행,하나투어,43,7,14,Y,3,0.050000000000000044,1.05,0.0,0.0,0.0,0.05572441742654509,0.07633587786259542,0.2,0.65875,1.0,0.09999999999999998,940000,기념일,"희소성, 감성",메가스터디,하나투어 여행 197,"하나투어 여행 ??. ?? ??: 가격, 일정, 숙소, 휴식, 가족, 기념일.",987000,917000,932000,3.67,3678.0,4,crawler,Y,Y,0.687,0.687
female,61,2910000.0,은퇴자,기혼,진보적,53000.0,저가,식품,오뚜기,40,3,12,N,3,0.0,0.18661971830985916,0.0,0.0,1.0,0.18867924528301888,0.1276595744680851,0.2,0.73125,1.0,0.57,284000,유행,"희소성, 감성",오뚜기,오뚜기 식품 198,"오뚜기 식품 ??. ?? ??: 가격, 신선도, 배송, 생활, 식사, 가족.",53000,47000,43000,4.25,2143.0,2,crawler,Y,Y,0.535,0.535
female,54,9450000.0,대기업직원,기혼,보수적,573000.0,고가,여행,대한항공,51,2,3,Y,2,0.0,0.4991289198606272,1.0,0.9,1.0,0.010471204188481676,0.3546099290780142,0.0,0.7975000000000001,1.0,0.6,1148000,휴식,"가격, 일정",대한항공,대한항공 여행 199,"대한항공 여행 ??. ?? ??: 가격, 일정, 숙소, 휴식, 가족, 기념일.",573000,423000,567000,4.78,3600.0,0,naver_api,Y,Y,0.217,0.217
female,50,2310000.0,주부,기혼,진보적,658000.0,고가,명품,샤넬,44,8,14,Y,4,1.0,3.0,1.0,0.6666666666666666,1.0,0.0,0.07166123778501629,0.2,0.7875000000000001,1.0,0.52,117000,보상,"브랜드, 희소성",샤넬,샤넬 명품 200,"샤넬 명품 ??. ?? ??: 브랜드, 희소성, 디자인, 선물, 보상, 소장.",658000,614000,663000,4.7,2834.0,1,user_input,Y,Y,0.497,0.497
male,36,5050000.0,프리랜서,미혼,진보적,58000.0,저가,생활용품,다이소,10,2,10,N,1,0.0,0.2761904761904762,1.0,0.9,0.0,0.22413793103448276,0.16,0.2,0.5172543524036107,1.0,1.0,210000,청소,"가격, 내구성",설화수,다이소 생활용품 201,"다이소 생활용품 ??. ?? ??: 가격, 내구성, 용량, 생활, 청소, 가정.",58000,50000,45000,4.22,2.0,2,crawler,Y,Y,0.308,0.308
male,57,6450000.0,전문직,미혼,보수적,192000.0,중저가,여행,마이리얼트립,34,3,11,N,0,0.0,0.2350061199510404,1.0,0.0,1.0,0.16666666666666666,0.09090909090909091,0.2,0.586715767232588,1.0,0.6,817000,휴식,"희소성, 감성",마이리얼트립,마이리얼트립 여행 202,"마이리얼트립 여행 ??. ?? ??: 가격, 일정, 숙소, 휴식, 가족, 기념일.",192000,176000,160000,,245.0,2,user_input,N,Y,0.411,0.411
female,67,3100000.0,은퇴자,기혼,보수적,319000.0,중저가,가구,한샘,15,4,19,N,5,1.0,2.5317460317460316,0.0,0.0,1.0,0.31974921630094044,0.09621993127147767,0.2,0.5349999999999999,1.0,0.37,126000,생활,"희소성, 감성",한샘,한샘 가구 203,"한샘 가구 ??. ?? ??: 내구성, 크기, 디자인, 이사, 인테리어, 생활.",319000,291000,217000,4.68,,2,crawler,Y,N,0.832,0.832
male,24,1220000.0,취업준비생,미혼,진보적,23000.0,초저가,화장품,이니스프리,32,3,11,N,3,0.0,0.10043668122270742,1.0,0.9,1.0,0.043478260869565216,0.35294117647058826,0.0,0.7556637608433131,1.0,0.52,229000,피부관리,"성분, 가격",이니스프리,이니스프리 화장품 204,"이니스프리 화장품 ??. ?? ??: 성분, 가격, 후기, 피부관리, 선물, 데일리.",23000,17000,22000,4.88,222.0,0,image_estimate,Y,Y,0.237,0.237
female,45,3130000.0,주부,기혼,보수적,11000.0,초저가,생활용품,3M,40,0,12,N,2,0.0,0.024886877828054297,0.0,0.0,0.0,0.18181818181818182,0.2222222222222222,0.2,0.6837500000000001,1.0,0.57,442000,가정,"희소성, 감성",구찌,3M 생활용품 205,"3M 생활용품 ??. ?? ??: 가격, 내구성, 용량, 생활, 청소, 가정.",11000,9000,9000,3.87,2392.0,4,user_input,Y,Y,0.656,0.656
male,45,5460000.0,프리랜서,기혼,진보적,6449000.0,초고가,전자기기,애플,53,14,21,Y,14,1.0,3.0,1.0,0.9375,0.0,0.2919832532175531,0.22001513431706393,0.2,0.7537499999999999,1.0,0.87,621000,공부,"성능, 배터리",프라다,애플 전자기기 206,"애플 전자기기 ??. ?? ??: 성능, 배터리, 휴대성, 업무, 공부, 게임, 콘텐츠.",6449000,5286000,4566000,4.43,2874.0,3,crawler,Y,Y,0.563,0.563
male,37,3540000.0,프리랜서,기혼,진보적,777000.0,고가,여행,대한항공,51,3,17,Y,3,0.006476683937823857,1.0064766839378239,0.0,0.0,0.0,0.08365508365508366,0.1935483870967742,0.2,0.60375,1.0,0.09999999999999998,772000,유행,"희소성, 감성",아디다스,대한항공 여행 207,"대한항공 여행 ??. ?? ??: 가격, 일정, 숙소, 휴식, 가족, 기념일.",777000,651000,712000,3.23,1581.0,2,user_input,Y,Y,0.665,0.665
female,36,2000000.0,주부,미혼,진보적,451000.0,중저가,가구,리바트,49,5,17,Y,2,0.3834355828220859,1.383435582822086,0.0,0.6666666666666666,1.0,0.24168514412416853,0.3834355828220859,0.2,0.79125,1.0,0.37,326000,선물,"내구성, 크기",리바트,리바트 가구 208,"리바트 가구 ??. ?? ??: 내구성, 크기, 디자인, 이사, 인테리어, 생활.",451000,326000,342000,4.73,1870.0,1,user_input,Y,Y,0.561,0.561
female,52,5650000.0,사무직,기혼,보수적,7000.0,초저가,식품,동원,50,4,10,N,1,0.0,0.005766062602965404,1.0,0.9,0.0,0.0,0.16666666666666666,0.2,0.675,1.0,1.0,1214000,식사,"가격, 신선도",메가스터디,동원 식품 209,"동원 식품 ??. ?? ??: 가격, 신선도, 배송, 생활, 식사, 가족.",7000,6000,7000,3.8,2679.0,1,image_estimate,Y,Y,0.274,0.274
female,35,7970000.0,대기업직원,미혼,진보적,2620000.0,초고가,명품,샤넬,3,7,14,Y,5,0.5726290516206483,1.5726290516206483,1.0,0.6666666666666666,0.0,0.21183206106870228,0.03190232374950768,0.2,0.1875,0.75,0.52,1666000,선물,"브랜드, 희소성",하나투어,샤넬 명품 210,"샤넬 명품 ??. ?? ??: 브랜드, 희소성, 디자인, 선물, 보상, 소장.",2620000,2539000,2065000,,,1,crawler,N,N,0.513,0.513
male,25,570000.0,학생,미혼,보수적,890000.0,고가,명품,루이비통,51,21,21,Y,12,1.0,3.0,1.0,0.6666666666666666,0.0,0.14831460674157304,0.12515802781289506,0.2,0.6950000000000001,1.0,0.52,42000,선물,"브랜드, 희소성",유한킴벌리,루이비통 명품 211,"루이비통 명품 ??. ?? ??: 브랜드, 희소성, 디자인, 선물, 보상, 소장.",890000,791000,758000,3.96,3014.0,2,naver_api,Y,Y,0.583,0.583
female,52,2220000.0,주부,미혼,진보적,463000.0,중저가,가구,한샘,37,3,15,Y,4,0.5130718954248366,1.5130718954248366,0.0,0.6666666666666666,0.0,0.18142548596112312,0.07175925925925926,0.2,0.6268117294515938,1.0,0.37,306000,소장,"내구성, 크기",다이소,한샘 가구 212,"한샘 가구 ??. ?? ??: 내구성, 크기, 디자인, 이사, 인테리어, 생활.",463000,432000,379000,,744.0,1,manual,N,Y,0.65,0.65
male,23,630000.0,학생,미혼,진보적,5256000.0,초고가,전자기기,삼성,56,60,12,Y,60,1.0,3.0,0.0,0.0,0.0,0.1603881278538813,0.042443474811582706,0.2,0.7,1.0,0.37,125000,콘텐츠,"희소성, 감성",메가스터디,삼성 전자기기 213,"삼성 전자기기 ??. ?? ??: 성능, 배터리, 휴대성, 업무, 공부, 게임, 콘텐츠.",5256000,5042000,4413000,4.0,3996.0,4,naver_api,Y,Y,0.872,0.872
male,35,5270000.0,공무원,미혼,진보적,42000.0,저가,화장품,라네즈,15,2,12,N,5,0.0,0.208955223880597,1.0,0.9,1.0,0.23809523809523808,0.10526315789473684,0.2,0.4375,1.0,0.52,201000,피부관리,"성분, 가격",라네즈,라네즈 화장품 214,"라네즈 화장품 ??. ?? ??: 성분, 가격, 후기, 피부관리, 선물, 데일리.",42000,38000,32000,3.9,,4,user_input,Y,N,0.278,0.278
female,31,1200000.0,취업준비생,기혼,보수적,1100000.0,고가,가구,리바트,42,16,0,Y,10,1.0,3.0,0.0,0.0,0.0,0.1390909090909091,0.1470281543274244,0.2,0.7175,1.0,0.37,92000,생활,"희소성, 감성",아디다스,리바트 가구 215,"리바트 가구 ??. ?? ??: 내구성, 크기, 디자인, 이사, 인테리어, 생활.",1100000,959000,947000,4.14,1001.0,1,crawler,Y,Y,0.895,0.895
male,25,1180000.0,취업준비생,미혼,진보적,284000.0,중저가,여행,마이리얼트립,43,7,13,Y,5,1.0,2.347107438016529,0.0,0.9,1.0,0.323943661971831,0.06766917293233082,0.2,0.72,1.0,0.09999999999999998,121000,소장,"가격, 일정",마이리얼트립,마이리얼트립 여행 216,"마이리얼트립 여행 ??. ?? ??: 가격, 일정, 숙소, 휴식, 가족, 기념일.",284000,266000,192000,4.16,1548.0,1,crawler,Y,Y,0.681,0.681
female,52,1880000.0,주부,기혼,보수적,6302000.0,초고가,전자기기,소니,54,42,17,Y,29,1.0,3.0,0.0,0.9375,0.0,0.0,0.2042805274221288,0.2,0.65625,1.0,0.37,345000,콘텐츠,"성능, 배터리",설화수,소니 전자기기 217,"소니 전자기기 ??. ?? ??: 성능, 배터리, 휴대성, 업무, 공부, 게임, 콘텐츠.",6302000,5233000,6476000,3.65,3761.0,4,manual,Y,Y,0.722,0.722
female,25,5510000.0,프리랜서,미혼,보수적,94000.0,저가,화장품,이니스프리,8,2,21,N,2,0.0,0.3122923588039867,0.0,0.9,0.0,0.2872340425531915,0.189873417721519,0.2,0.36125,1.0,0.019999999999999976,301000,휴식,"성분, 가격",유한킴벌리,이니스프리 화장품 218,"이니스프리 화장품 ??. ?? ??: 성분, 가격, 후기, 피부관리, 선물, 데일리.",94000,79000,67000,3.29,,3,naver_api,Y,N,0.531,0.531
female,45,5770000.0,프리랜서,기혼,진보적,51000.0,저가,식품,오뚜기,56,5,15,N,4,0.0,0.18214285714285713,0.0,0.9,1.0,0.0,0.13333333333333333,0.2,0.6375,1.0,0.57,280000,휴식,"가격, 신선도",오뚜기,오뚜기 식품 219,"오뚜기 식품 ??. ?? ??: 가격, 신선도, 배송, 생활, 식사, 가족.",51000,45000,51000,,3686.0,1,naver_api,N,Y,0.404,0.404
male,58,4960000.0,공무원,미혼,보수적,2403000.0,초고가,명품,프라다,45,5,10,Y,5,1.0,3.0,1.0,0.3333333333333333,0.0,0.2363712026633375,0.2754777070063694,0.2,0.68625,1.0,0.52,405000,보상,"희소성, 감성",LG,프라다 명품 220,"프라다 명품 ??. ?? ??: 브랜드, 희소성, 디자인, 선물, 보상, 소장.",2403000,1884000,1835000,3.89,3646.0,3,manual,Y,Y,0.686,0.686
male,24,4260000.0,사무직,미혼,보수적,68000.0,저가,건강관리,센트룸,42,5,16,N,1,0.0,0.288135593220339,1.0,0.0,1.0,0.20588235294117646,0.25925925925925924,0.2,0.6079199626651626,1.0,0.95,236000,부모님,"희소성, 감성",센트룸,센트룸 건강관리 221,"센트룸 건강관리 ??. ?? ??: 성분, 후기, 안전성, 건강, 부모님, 회복.",68000,54000,54000,,441.0,1,crawler,N,Y,0.394,0.394
female,20,650000.0,학생,미혼,진보적,262000.0,중저가,건강관리,정관장,51,10,19,Y,5,1.0,2.2782608695652176,1.0,0.6666666666666666,1.0,0.0,0.14410480349344978,0.2,0.7124999999999999,1.0,0.95,115000,부모님,"성분, 후기",정관장,정관장 건강관리 222,"정관장 건강관리 ??. ?? ??: 성분, 후기, 안전성, 건강, 부모님, 회복.",262000,229000,269000,4.1,3172.0,2,crawler,Y,Y,0.482,0.482
female,32,2920000.0,주부,기혼,진보적,14000.0,초저가,식품,오뚜기,11,0,22,N,4,0.0,0.03131991051454139,0.0,0.9,0.0,0.07142857142857142,0.07692307692307693,0.2,0.52,1.0,0.57,447000,유행,"가격, 신선도",샤넬,오뚜기 식품 223,"오뚜기 식품 ??. ?? ??: 가격, 신선도, 배송, 생활, 식사, 가족.",14000,13000,13000,4.56,,1,user_input,Y,N,0.462,0.462
male,32,920000.0,취업준비생,미혼,보수적,16000.0,초저가,생활용품,다이소,45,1,22,N,4,0.0,0.3018867924528302,1.0,0.9,1.0,0.0,0.3333333333333333,0.2,0.69625,1.0,1.0,53000,청소,"가격, 내구성",다이소,다이소 생활용품 224,"다이소 생활용품 ??. ?? ??: 가격, 내구성, 용량, 생활, 청소, 가정.",16000,12000,16000,3.97,2607.0,2,naver_api,Y,Y,0.233,0.233
female,54,3790000.0,공무원,미혼,진보적,12000.0,초저가,식품,오뚜기,40,0,20,N,1,0.0,0.05194805194805195,0.0,0.9,0.0,0.25,0.3333333333333333,0.2,0.6375,1.0,0.57,231000,선물,"가격, 신선도",프라다,오뚜기 식품 225,"오뚜기 식품 ??. ?? ??: 가격, 신선도, 배송, 생활, 식사, 가족.",12000,9000,9000,,2506.0,2,image_estimate,N,Y,0.491,0.491
male,37,3440000.0,주부,미혼,진보적,18000.0,초저가,생활용품,다이소,52,1,12,N,1,0.0,0.14634146341463414,0.0,0.0,1.0,0.2777777777777778,0.2,0.2,0.675,1.0,0.57,123000,선물,"희소성, 감성",다이소,다이소 생활용품 226,"다이소 생활용품 ??. ?? ??: 가격, 내구성, 용량, 생활, 청소, 가정.",18000,15000,13000,3.8,3291.0,3,manual,Y,Y,0.575,0.575
male,43,8760000.0,전문직,미혼,진보적,3279000.0,초고가,전자기기,LG,49,8,2,Y,6,1.0,2.0079608083282303,0.0,0.9375,1.0,0.055199756023177796,0.2894219425874951,0.2,0.8075000000000001,1.0,0.37,1633000,휴식,"성능, 배터리",LG,LG 전자기기 227,"LG 전자기기 ??. ?? ??: 성능, 배터리, 휴대성, 업무, 공부, 게임, 콘텐츠.",3279000,2543000,3098000,4.86,2129.0,1,user_input,Y,Y,0.645,0.645
male,40,3320000.0,주부,기혼,진보적,25000.0,초저가,화장품,설화수,8,0,20,N,3,0.0,0.06666666666666667,1.0,0.9,0.0,0.2,0.08695652173913043,0.2,0.1875,0.75,0.52,375000,선물,"성분, 가격",3M,설화수 화장품 228,"설화수 화장품 ??. ?? ??: 성분, 가격, 후기, 피부관리, 선물, 데일리.",25000,23000,20000,,,1,user_input,N,N,0.354,0.354
male,27,5200000.0,프리랜서,미혼,보수적,2480000.0,초고가,가구,이케아,43,11,13,Y,4,1.0,3.0,0.0,0.6666666666666666,1.0,0.24233870967741936,0.2582445459157788,0.2,0.7877865325008397,1.0,0.37,386000,휴식,"내구성, 크기",이케아,이케아 가구 229,"이케아 가구 ??. ?? ??: 내구성, 크기, 디자인, 이사, 인테리어, 생활.",2480000,1971000,1879000,4.81,689.0,3,manual,Y,Y,0.68,0.68
male,46,6190000.0,대기업직원,미혼,진보적,302000.0,중저가,건강관리,센트룸,49,4,9,N,5,0.0,0.2903846153846154,1.0,0.6666666666666666,1.0,0.2781456953642384,0.336283185840708,0.0,0.7124999999999999,1.0,0.95,1040000,건강,"성분, 후기",센트룸,센트룸 건강관리 230,"센트룸 건강관리 ??. ?? ??: 성분, 후기, 안전성, 건강, 부모님, 회복.",302000,226000,218000,4.1,2832.0,0,image_estimate,Y,Y,0.273,0.273
male,63,3240000.0,은퇴자,기혼,보수적,41000.0,저가,생활용품,다이소,48,2,10,N,0,0.0,0.0835030549898167,1.0,0.9,0.0,0.04878048780487805,0.24242424242424243,0.2,0.7462500000000001,1.0,1.0,491000,생활,"가격, 내구성",ZARA,다이소 생활용품 231,"다이소 생활용품 ??. ?? ??: 가격, 내구성, 용량, 생활, 청소, 가정.",41000,33000,39000,4.37,3014.0,3,crawler,Y,Y,0.293,0.293
male,49,4680000.0,프리랜서,기혼,보수적,3026000.0,초고가,명품,샤넬,34,11,20,Y,10,1.0,3.0,0.0,0.3333333333333333,1.0,0.1579643093192333,0.3848970251716247,0.0,0.638075426357821,1.0,0.019999999999999976,675000,소장,"희소성, 감성",샤넬,샤넬 명품 232,"샤넬 명품 ??. ?? ??: 브랜드, 희소성, 디자인, 선물, 보상, 소장.",3026000,2185000,2548000,4.1,127.0,0,manual,Y,Y,0.768,0.768
female,26,890000.0,취업준비생,미혼,진보적,5000.0,초저가,식품,오뚜기,41,0,21,N,1,0.0,0.05434782608695652,0.0,0.0,0.0,0.0,0.25,0.2,0.6375,1.0,0.57,92000,유행,"희소성, 감성",ZARA,오뚜기 식품 233,"오뚜기 식품 ??. ?? ??: 가격, 신선도, 배송, 생활, 식사, 가족.",5000,4000,5000,,1046.0,1,image_estimate,N,Y,0.644,0.644
male,38,1960000.0,주부,미혼,보수적,26000.0,초저가,식품,CJ,43,2,15,N,2,0.0,0.21487603305785125,0.0,0.0,1.0,0.07692307692307693,0.3684210526315789,0.2,0.72125,1.0,0.57,121000,가족,"희소성, 감성",CJ,CJ 식품 234,"CJ 식품 ??. ?? ??: 가격, 신선도, 배송, 생활, 식사, 가족.",26000,19000,24000,4.17,3770.0,2,user_input,Y,Y,0.538,0.538
female,50,4490000.0,사무직,기혼,진보적,748000.0,고가,패션,아디다스,48,2,11,Y,1,0.0,0.8201754385964912,0.0,0.6666666666666666,0.0,0.0,0.23026315789473684,0.2,0.77875,1.0,0.09999999999999998,912000,여행,"디자인, 착용감",동원,아디다스 패션 235,"아디다스 패션 ??. ?? ??: 디자인, 착용감, 브랜드, 출근, 데이트, 여행.",748000,608000,799000,4.63,1987.0,3,manual,Y,Y,0.523,0.523
male,24,1210000.0,취업준비생,미혼,보수적,36000.0,저가,패션,COS,41,0,12,N,2,0.0,0.26865671641791045,0.0,0.6666666666666666,1.0,0.0,0.09090909090909091,0.2,0.6375,1.0,0.09999999999999998,134000,여행,"디자인, 착용감",COS,COS 패션 236,"COS 패션 ??. ?? ??: 디자인, 착용감, 브랜드, 출근, 데이트, 여행.",36000,33000,36000,,2872.0,3,user_input,N,Y,0.472,0.472
female,37,6090000.0,공무원,기혼,진보적,6000.0,초저가,식품,동원,42,2,21,N,1,0.0,0.005080440304826418,0.0,0.9,1.0,0.16666666666666666,0.2,0.2,0.7075,1.0,0.57,1181000,가족,"가격, 신선도",동원,동원 식품 237,"동원 식품 ??. ?? ??: 가격, 신선도, 배송, 생활, 식사, 가족.",6000,5000,5000,4.06,2441.0,3,manual,Y,Y,0.408,0.408
male,25,920000.0,학생,미혼,보수적,42000.0,저가,식품,오뚜기,7,2,13,N,3,0.0,0.28,0.0,0.0,0.0,0.07142857142857142,0.024390243902439025,0.2,0.56125,1.0,0.57,150000,소장,"희소성, 감성",COS,오뚜기 식품 238,"오뚜기 식품 ??. ?? ??: 가격, 신선도, 배송, 생활, 식사, 가족.",42000,41000,39000,4.89,,4,naver_api,Y,N,0.634,0.634
male,33,860000.0,취업준비생,기혼,진보적,1019000.0,고가,패션,COS,17,14,22,Y,10,1.0,3.0,1.0,0.0,0.0,0.11383709519136408,0.37516869095816463,0.2,0.5462499999999999,1.0,0.6,167000,출근,"희소성, 감성",루이비통,COS 패션 239,"COS 패션 ??. ?? ??: 디자인, 착용감, 브랜드, 출근, 데이트, 여행.",1019000,741000,903000,4.77,,3,user_input,Y,N,0.708,0.708
male,26,810000.0,취업준비생,미혼,보수적,4679000.0,초고가,명품,프라다,17,60,20,Y,50,1.0,3.0,0.0,0.6666666666666666,1.0,0.20217995298140629,0.09042181309718014,0.0,0.41125,1.0,0.019999999999999976,174000,휴식,"브랜드, 희소성",프라다,프라다 명품 240,"프라다 명품 ??. ?? ??: 브랜드, 희소성, 디자인, 선물, 보상, 소장.",4679000,4291000,3733000,3.69,,0,user_input,Y,N,0.732,0.732
male,60,2130000.0,은퇴자,기혼,진보적,3549000.0,초고가,여행,대한항공,51,21,10,Y,17,1.0,3.0,1.0,0.0,0.0,0.25584671738517895,0.19777252784340196,0.2,0.6025,1.0,0.6,419000,가족,"희소성, 감성",설화수,대한항공 여행 241,"대한항공 여행 ??. ?? ??: 가격, 일정, 숙소, 휴식, 가족, 기념일.",3549000,2963000,2641000,3.22,3774.0,3,image_estimate,Y,Y,0.699,0.699
female,28,4740000.0,프리랜서,미혼,진보적,574000.0,고가,화장품,설화수,14,5,14,Y,1,1.0,2.442553191489362,1.0,0.9,0.0,0.10627177700348432,0.2643171806167401,0.2,0.55375,1.0,0.52,235000,선물,"성분, 가격",루이비통,설화수 화장품 242,"설화수 화장품 ??. ?? ??: 성분, 가격, 후기, 피부관리, 선물, 데일리.",574000,454000,513000,4.83,,2,crawler,Y,N,0.546,0.546
male,22,730000.0,취업준비생,미혼,진보적,99000.0,저가,화장품,이니스프리,44,4,12,N,5,0.6779661016949152,1.6779661016949152,0.0,0.9,1.0,0.0,0.042105263157894736,0.2,0.7949999999999999,1.0,0.019999999999999976,59000,소장,"성분, 가격",이니스프리,이니스프리 화장품 243,"이니스프리 화장품 ??. ?? ??: 성분, 가격, 후기, 피부관리, 선물, 데일리.",99000,95000,102000,4.76,1040.0,2,crawler,Y,Y,0.527,0.527
male,58,2610000.0,은퇴자,미혼,보수적,77000.0,저가,화장품,라네즈,52,2,22,N,4,0.0,0.9058823529411765,1.0,0.9,1.0,0.0,0.2222222222222222,0.2,0.6625000000000001,1.0,0.52,85000,피부관리,"성분, 가격",라네즈,라네즈 화장품 244,"라네즈 화장품 ??. ?? ??: 성분, 가격, 후기, 피부관리, 선물, 데일리.",77000,63000,80000,3.7,3420.0,4,manual,Y,Y,0.207,0.207
male,33,5600000.0,공무원,기혼,진보적,107000.0,중저가,패션,ZARA,48,0,16,N,2,0.0,0.37543859649122807,0.0,0.0,1.0,0.0,0.10309278350515463,0.0,0.6375,1.0,0.09999999999999998,285000,여행,"희소성, 감성",ZARA,ZARA 패션 245,"ZARA 패션 ??. ?? ??: 디자인, 착용감, 브랜드, 출근, 데이트, 여행.",107000,97000,112000,,3318.0,0,manual,N,Y,0.567,0.567
male,42,4650000.0,사무직,기혼,보수적,4009000.0,초고가,명품,루이비통,30,14,18,Y,7,1.0,3.0,1.0,0.3333333333333333,1.0,0.014467448241456722,0.18189858490566038,0.2,0.5836473222172157,1.0,0.52,447000,보상,"희소성, 감성",루이비통,루이비통 명품 246,"루이비통 명품 ??. ?? ??: 브랜드, 희소성, 디자인, 선물, 보상, 소장.",4009000,3392000,3951000,3.5,225.0,2,crawler,Y,Y,0.568,0.568
female,64,5490000.0,자영업,기혼,보수적,168000.0,중저가,화장품,설화수,44,5,14,N,0,0.0,0.14249363867684478,0.0,0.9,0.0,0.13095238095238096,0.06329113924050633,0.0,0.64,1.0,0.019999999999999976,1179000,휴식,"성분, 가격",한샘,설화수 화장품 247,"설화수 화장품 ??. ?? ??: 성분, 가격, 후기, 피부관리, 선물, 데일리.",168000,158000,146000,3.52,3531.0,0,user_input,Y,Y,0.497,0.497
male,60,7440000.0,전문직,기혼,보수적,190000.0,중저가,전자기기,삼성,33,0,19,N,0,0.0,0.2014846235418876,1.0,0.0,1.0,0.05789473684210526,0.1875,0.2,0.6207483159802965,1.0,0.87,943000,업무,"희소성, 감성",삼성,삼성 전자기기 248,"삼성 전자기기 ??. ?? ??: 성능, 배터리, 휴대성, 업무, 공부, 게임, 콘텐츠.",190000,160000,179000,3.74,274.0,4,crawler,Y,Y,0.367,0.367
female,57,2000000.0,주부,기혼,진보적,6712000.0,초고가,전자기기,애플,42,44,14,Y,29,1.0,3.0,1.0,0.9375,0.0,0.2857568533969011,0.26307866014301845,0.0,0.6425000000000001,1.0,0.87,403000,공부,"성능, 배터리",COS,애플 전자기기 249,"애플 전자기기 ??. ?? ??: 성능, 배터리, 휴대성, 업무, 공부, 게임, 콘텐츠.",6712000,5314000,4794000,3.54,1293.0,0,crawler,Y,Y,0.539,0.539
male,61,3230000.0,은퇴자,미혼,보수적,481000.0,중저가,패션,COS,51,4,16,N,6,0.12646370023419196,1.126463700234192,1.0,0.6666666666666666,0.0,0.29313929313929316,0.2365038560411311,0.2,0.68125,1.0,0.6,427000,데이트,"디자인, 착용감",다이소,COS 패션 250,"COS 패션 ??. ?? ??: 디자인, 착용감, 브랜드, 출근, 데이트, 여행.",481000,389000,340000,3.85,1604.0,3,crawler,Y,Y,0.428,0.428
female,27,5410000.0,대기업직원,미혼,보수적,633000.0,고가,패션,나이키,43,1,16,Y,2,0.0,0.6925601750547046,0.0,0.6666666666666666,0.0,0.0,0.3851203501094092,0.0,0.67875,1.0,0.09999999999999998,914000,선물,"디자인, 착용감",센트룸,나이키 패션 251,"나이키 패션 ??. ?? ??: 디자인, 착용감, 브랜드, 출근, 데이트, 여행.",633000,457000,674000,3.83,3626.0,0,crawler,Y,Y,0.56,0.56
female,50,3420000.0,사무직,기혼,보수적,46000.0,저가,건강관리,종근당,55,1,22,N,4,0.0,0.07290015847860538,0.0,0.6666666666666666,0.0,0.32608695652173914,0.06976744186046512,0.2,0.6799999999999999,1.0,0.44999999999999996,631000,소장,"성분, 후기",구찌,종근당 건강관리 252,"종근당 건강관리 ??. ?? ??: 성분, 후기, 안전성, 건강, 부모님, 회복.",46000,43000,31000,3.84,2583.0,3,naver_api,Y,Y,0.572,0.572
male,68,3060000.0,은퇴자,미혼,보수적,114000.0,중저가,건강관리,정관장,40,1,16,N,3,0.0,0.24050632911392406,0.0,0.6666666666666666,0.0,0.13157894736842105,0.37349397590361444,0.2,0.6375,1.0,0.44999999999999996,474000,휴식,"성분, 후기",이케아,정관장 건강관리 253,"정관장 건강관리 ??. ?? ??: 성분, 후기, 안전성, 건강, 부모님, 회복.",114000,83000,99000,,2715.0,2,crawler,N,Y,0.565,0.565
female,36,6130000.0,대기업직원,기혼,진보적,96000.0,저가,건강관리,종근당,42,4,0,N,0,0.0,0.20915032679738563,0.0,0.6666666666666666,1.0,0.07291666666666667,0.352112676056338,0.0,0.6375,1.0,0.44999999999999996,459000,유행,"성분, 후기",종근당,종근당 건강관리 254,"종근당 건강관리 ??. ?? ??: 성분, 후기, 안전성, 건강, 부모님, 회복.",96000,71000,89000,,3117.0,0,crawler,N,Y,0.459,0.459
female,35,7680000.0,전문직,기혼,진보적,2218000.0,초고가,여행,하나투어,13,4,16,Y,3,0.5663841807909604,1.5663841807909604,0.0,0.0,0.0,0.12173128944995491,0.20740337506804574,0.0,0.44125000000000003,1.0,0.09999999999999998,1416000,선물,"희소성, 감성",구찌,하나투어 여행 255,"하나투어 여행 ??. ?? ??: 가격, 일정, 숙소, 휴식, 가족, 기념일.",2218000,1837000,1948000,3.93,,0,naver_api,Y,N,0.774,0.774
female,37,4750000.0,자영업,미혼,보수적,50000.0,저가,화장품,라네즈,46,0,20,N,0,0.0,0.05668934240362812,1.0,0.9,0.0,0.2,0.25,0.2,0.7516148346752309,1.0,0.52,882000,선물,"성분, 가격",종근당,라네즈 화장품 256,"라네즈 화장품 ??. ?? ??: 성분, 가격, 후기, 피부관리, 선물, 데일리.",50000,40000,40000,4.49,766.0,2,user_input,Y,Y,0.345,0.345
male,20,930000.0,학생,미혼,진보적,7000.0,초저가,생활용품,유한킴벌리,12,1,18,N,4,0.0,0.14583333333333334,1.0,0.0,1.0,0.2857142857142857,0.16666666666666666,0.2,0.4,1.0,1.0,48000,청소,"희소성, 감성",유한킴벌리,유한킴벌리 생활용품 257,"유한킴벌리 생활용품 ??. ?? ??: 가격, 내구성, 용량, 생활, 청소, 가정.",7000,6000,5000,3.6,,1,user_input,Y,N,0.413,0.413
female,67,2820000.0,은퇴자,기혼,보수적,7000.0,초저가,식품,동원,43,4,16,N,1,0.0,0.020172910662824207,0.0,0.0,1.0,0.0,0.16666666666666666,0.2,0.7112499999999999,1.0,0.57,347000,휴식,"희소성, 감성",동원,동원 식품 258,"동원 식품 ??. ?? ??: 가격, 신선도, 배송, 생활, 식사, 가족.",7000,6000,7000,4.09,3664.0,1,image_estimate,Y,Y,0.545,0.545
female,42,7320000.0,자영업,기혼,보수적,202000.0,중저가,패션,나이키,14,0,3,N,1,0.0,0.1537290715372907,0.0,0.0,1.0,0.0,0.020202020202020204,0.0,0.1875,0.75,0.09999999999999998,1314000,휴식,"희소성, 감성",나이키,나이키 패션 259,"나이키 패션 ??. ?? ??: 디자인, 착용감, 브랜드, 출근, 데이트, 여행.",202000,198000,217000,,,0,manual,N,N,0.57,0.57
female,29,620000.0,학생,미혼,진보적,66000.0,저가,식품,CJ,13,4,15,N,2,0.11864406779661008,1.11864406779661,0.0,0.9,1.0,0.2878787878787879,0.1,0.2,0.46625,1.0,0.57,59000,소장,"가격, 신선도",CJ,CJ 식품 260,"CJ 식품 ??. ?? ??: 가격, 신선도, 배송, 생활, 식사, 가족.",66000,60000,47000,4.13,,1,user_input,Y,N,0.462,0.462
female,36,8540000.0,대기업직원,미혼,진보적,62000.0,저가,생활용품,유한킴벌리,15,3,10,N,4,0.0,0.08244680851063829,1.0,0.9,0.0,0.16129032258064516,0.24,0.2,0.4775,1.0,1.0,752000,청소,"가격, 내구성",프라다,유한킴벌리 생활용품 261,"유한킴벌리 생활용품 ??. ?? ??: 가격, 내구성, 용량, 생활, 청소, 가정.",62000,50000,52000,4.22,,3,crawler,Y,N,0.298,0.298
female,36,5660000.0,프리랜서,미혼,보수적,387000.0,중저가,화장품,설화수,14,5,1,N,2,0.0,0.4515752625437573,1.0,0.9,1.0,0.0,0.09014084507042254,0.0,0.36375,1.0,0.52,857000,피부관리,"성분, 가격",설화수,설화수 화장품 262,"설화수 화장품 ??. ?? ??: 성분, 가격, 후기, 피부관리, 선물, 데일리.",387000,355000,391000,3.31,,0,image_estimate,Y,N,0.208,0.208
male,44,7090000.0,자영업,미혼,보수적,1232000.0,고가,명품,구찌,45,4,22,Y,4,1.0,3.0,0.0,0.6666666666666666,0.0,0.16396103896103897,0.16336166194523136,0.0,0.60375,1.0,0.019999999999999976,243000,소장,"브랜드, 희소성",삼성,구찌 명품 263,"구찌 명품 ??. ?? ??: 브랜드, 희소성, 디자인, 선물, 보상, 소장.",1232000,1059000,1030000,3.23,2311.0,0,naver_api,Y,Y,0.804,0.804
female,20,750000.0,학생,미혼,진보적,13000.0,초저가,생활용품,유한킴벌리,39,5,15,N,1,0.0,0.12149532710280374,1.0,0.9,1.0,0.07692307692307693,0.18181818181818182,0.2,0.69875,1.0,1.0,107000,청소,"가격, 내구성",유한킴벌리,유한킴벌리 생활용품 264,"유한킴벌리 생활용품 ??. ?? ??: 가격, 내구성, 용량, 생활, 청소, 가정.",13000,11000,12000,3.99,2092.0,2,manual,Y,Y,0.197,0.197
male,41,8660000.0,대기업직원,기혼,진보적,7000.0,초저가,생활용품,3M,49,4,15,N,3,0.0,0.010071942446043165,1.0,0.9,1.0,0.0,0.4,0.0,0.7368283970896907,1.0,1.0,695000,청소,"가격, 내구성",3M,3M 생활용품 265,"3M 생활용품 ??. ?? ??: 가격, 내구성, 용량, 생활, 청소, 가정.",7000,5000,7000,4.32,916.0,0,crawler,Y,Y,0.198,0.198
female,31,7290000.0,전문직,미혼,진보적,335000.0,중저가,건강관리,종근당,39,1,9,N,2,0.11295681063122931,1.1129568106312293,0.0,0.6666666666666666,1.0,0.0,0.056782334384858045,0.2,0.5759300178495423,1.0,0.44999999999999996,301000,회복,"성분, 후기",종근당,종근당 건강관리 266,"종근당 건강관리 ??. ?? ??: 성분, 후기, 안전성, 건강, 부모님, 회복.",335000,317000,341000,3.39,266.0,2,manual,Y,Y,0.458,0.458
female,72,3340000.0,은퇴자,기혼,보수적,777000.0,고가,명품,루이비통,48,7,19,Y,5,1.0,2.775,0.0,0.6666666666666666,0.0,0.3166023166023166,0.38010657193605685,0.0,0.6375,1.0,0.019999999999999976,280000,유행,"브랜드, 희소성",정관장,루이비통 명품 267,"루이비통 명품 ??. ?? ??: 브랜드, 희소성, 디자인, 선물, 보상, 소장.",777000,563000,531000,,1719.0,0,crawler,N,Y,0.82,0.82
male,63,2450000.0,은퇴자,기혼,보수적,116000.0,중저가,교육,클래스101,40,3,11,N,3,0.0,0.5471698113207547,0.0,0.0,0.0,0.3103448275862069,0.08411214953271028,0.2,0.70625,1.0,0.57,212000,선물,"희소성, 감성",ZARA,클래스101 교육 268,"클래스101 교육 ??. ?? ??: 강의품질, 가격, 커리큘럼, 공부, 취업, 자기계발.",116000,107000,80000,4.05,2601.0,4,crawler,Y,Y,0.637,0.637
female,32,5500000.0,프리랜서,기혼,보수적,41000.0,저가,식품,오뚜기,13,4,13,N,3,0.0,0.06913996627318718,1.0,0.9,1.0,0.21951219512195122,0.24242424242424243,0.0,0.55125,1.0,1.0,593000,식사,"가격, 신선도",오뚜기,오뚜기 식품 269,"오뚜기 식품 ??. ?? ??: 가격, 신선도, 배송, 생활, 식사, 가족.",41000,33000,32000,4.81,,0,naver_api,Y,N,0.212,0.212
male,61,5420000.0,자영업,기혼,보수적,96000.0,저가,교육,클래스101,35,1,15,N,2,0.0,0.21333333333333335,1.0,0.9,0.0,0.09375,0.10344827586206896,0.2,0.5511253102580531,1.0,1.0,450000,공부,"강의품질, 가격",이케아,클래스101 교육 270,"클래스101 교육 ??. ?? ??: 강의품질, 가격, 커리큘럼, 공부, 취업, 자기계발.",96000,87000,87000,,91.0,2,user_input,N,Y,0.279,0.279
male,24,4560000.0,프리랜서,미혼,보수적,12000.0,초저가,생활용품,3M,38,2,3,N,4,0.0,0.05741626794258373,1.0,0.9,1.0,0.0,0.3333333333333333,0.2,0.6375,1.0,1.0,209000,청소,"가격, 내구성",3M,3M 생활용품 271,"3M 생활용품 ??. ?? ??: 가격, 내구성, 용량, 생활, 청소, 가정.",12000,9000,13000,,1206.0,3,naver_api,N,Y,0.231,0.231
female,41,5660000.0,프리랜서,미혼,보수적,375000.0,중저가,가구,이케아,37,4,16,N,4,0.0,0.4573170731707317,0.0,0.6666666666666666,0.0,0.0,0.11607142857142858,0.0,0.6173760630258331,1.0,0.37,820000,선물,"내구성, 크기",하나투어,이케아 가구 272,"이케아 가구 ??. ?? ??: 내구성, 크기, 디자인, 이사, 인테리어, 생활.",375000,336000,404000,,573.0,0,image_estimate,N,Y,0.535,0.535
female,60,10780000.0,전문직,기혼,진보적,665000.0,고가,전자기기,삼성,48,3,14,Y,3,0.0,0.4421542553191489,0.0,0.9375,1.0,0.02556390977443609,0.18327402135231316,0.0,0.69125,1.0,0.37,1504000,소장,"성능, 배터리",삼성,삼성 전자기기 273,"삼성 전자기기 ??. ?? ??: 성능, 배터리, 휴대성, 업무, 공부, 게임, 콘텐츠.",665000,562000,648000,3.93,1581.0,0,crawler,Y,Y,0.39,0.39
female,25,890000.0,학생,미혼,진보적,213000.0,중저가,교육,패스트캠퍼스,8,6,11,Y,2,1.0,2.4482758620689653,1.0,0.0,1.0,0.2863849765258216,0.21714285714285714,0.2,0.435,1.0,1.0,87000,공부,"희소성, 감성",패스트캠퍼스,패스트캠퍼스 교육 274,"패스트캠퍼스 교육 ??. ?? ??: 강의품질, 가격, 커리큘럼, 공부, 취업, 자기계발.",213000,175000,152000,3.88,,2,crawler,Y,N,0.641,0.641
male,26,9720000.0,대기업직원,미혼,진보적,2180000.0,초고가,여행,대한항공,51,7,15,Y,2,1.0,3.0,0.0,0.9,0.0,0.0,0.04757328207592504,0.2,0.70625,1.0,0.09999999999999998,484000,기념일,"가격, 일정",종근당,대한항공 여행 275,"대한항공 여행 ??. ?? ??: 가격, 일정, 숙소, 휴식, 가족, 기념일.",2180000,2081000,2233000,4.05,3070.0,4,user_input,Y,Y,0.71,0.71
male,34,2560000.0,주부,미혼,보수적,157000.0,중저가,가구,리바트,14,2,3,N,4,0.0,0.3617511520737327,0.0,0.0,1.0,0.0,0.145985401459854,0.2,0.3775,1.0,0.37,434000,선물,"희소성, 감성",리바트,리바트 가구 276,"리바트 가구 ??. ?? ??: 내구성, 크기, 디자인, 이사, 인테리어, 생활.",157000,137000,160000,3.42,,1,user_input,Y,N,0.563,0.563
female,36,5220000.0,대기업직원,미혼,보수적,124000.0,중저가,교육,메가스터디,47,3,13,N,4,0.0,0.5210084033613446,1.0,0.0,0.0,0.13709677419354838,0.11711711711711711,0.0,0.7726273555009114,1.0,1.0,238000,취업,"희소성, 감성",다이소,메가스터디 교육 277,"메가스터디 교육 ??. ?? ??: 강의품질, 가격, 커리큘럼, 공부, 취업, 자기계발.",124000,111000,107000,4.74,577.0,0,manual,Y,Y,0.405,0.405
female,19,680000.0,학생,기혼,진보적,685000.0,고가,건강관리,정관장,43,14,10,Y,8,1.0,3.0,0.0,0.6666666666666666,0.0,0.08905109489051095,0.3645418326693227,0.0,0.6375,1.0,0.44999999999999996,75000,소장,"성분, 후기",애플,정관장 건강관리 278,"정관장 건강관리 ??. ?? ??: 성분, 후기, 안전성, 건강, 부모님, 회복.",685000,502000,624000,,3902.0,0,image_estimate,N,Y,0.731,0.731
female,37,4080000.0,공무원,미혼,보수적,637000.0,고가,여행,하나투어,16,7,10,Y,4,0.30265848670756657,1.3026584867075666,1.0,0.9,1.0,0.05180533751962323,0.0963855421686747,0.2,0.1875,0.75,0.6,489000,휴식,"가격, 일정",하나투어,하나투어 여행 279,"하나투어 여행 ??. ?? ??: 가격, 일정, 숙소, 휴식, 가족, 기념일.",637000,581000,604000,,,3,naver_api,N,N,0.31,0.31
male,34,3450000.0,주부,기혼,보수적,197000.0,중저가,화장품,이니스프리,13,2,18,N,1,0.0,0.39243027888446214,0.0,0.9,0.0,0.18274111675126903,0.20121951219512196,0.2,0.40625,1.0,0.019999999999999976,502000,데일리,"성분, 가격",하나투어,이니스프리 화장품 280,"이니스프리 화장품 ??. ?? ??: 성분, 가격, 후기, 피부관리, 선물, 데일리.",197000,164000,161000,3.65,,2,naver_api,Y,N,0.513,0.513
female,54,8930000.0,대기업직원,기혼,진보적,2578000.0,초고가,가구,리바트,15,7,14,Y,6,0.9253174010455565,1.9253174010455565,1.0,0.0,0.0,0.03995345228859581,0.3274974253347065,0.2,0.1875,0.75,0.87,1339000,인테리어,"희소성, 감성",프라다,리바트 가구 281,"리바트 가구 ??. ?? ??: 내구성, 크기, 디자인, 이사, 인테리어, 생활.",2578000,1942000,2475000,,,1,crawler,N,N,0.668,0.668
male,40,8370000.0,전문직,미혼,진보적,132000.0,중저가,가구,리바트,17,1,22,N,2,0.0,0.20276497695852536,1.0,0.6666666666666666,1.0,0.022727272727272728,0.36082474226804123,0.0,0.47625,1.0,0.87,651000,인테리어,"내구성, 크기",리바트,리바트 가구 282,"리바트 가구 ??. ?? ??: 내구성, 크기, 디자인, 이사, 인테리어, 생활.",132000,97000,129000,4.21,,0,user_input,Y,N,0.283,0.283
female,43,5490000.0,사무직,미혼,진보적,451000.0,중저가,교육,패스트캠퍼스,54,5,13,N,1,1.0,2.2777777777777777,0.0,0.9,1.0,0.13303769401330376,0.16839378238341968,0.2,0.6375,1.0,0.57,198000,선물,"강의품질, 가격",패스트캠퍼스,패스트캠퍼스 교육 283,"패스트캠퍼스 교육 ??. ?? ??: 강의품질, 가격, 커리큘럼, 공부, 취업, 자기계발.",451000,386000,391000,,2290.0,1,user_input,N,Y,0.649,0.649
female,29,710000.0,학생,미혼,진보적,52000.0,저가,건강관리,종근당,39,6,0,N,1,0.0,0.3561643835616438,1.0,0.0,1.0,0.2692307692307692,0.15555555555555556,0.2,0.5586364604019873,1.0,0.95,146000,건강,"희소성, 감성",종근당,종근당 건강관리 284,"종근당 건강관리 ??. ?? ??: 성분, 후기, 안전성, 건강, 부모님, 회복.",52000,45000,38000,3.46,129.0,1,naver_api,Y,Y,0.389,0.389
female,24,4400000.0,프리랜서,기혼,진보적,66000.0,저가,가구,이케아,52,4,17,N,4,0.0,0.19642857142857142,0.0,0.6666666666666666,0.0,0.2727272727272727,0.29411764705882354,0.0,0.8025,1.0,0.37,336000,선물,"내구성, 크기",리바트,이케아 가구 285,"이케아 가구 ??. ?? ??: 내구성, 크기, 디자인, 이사, 인테리어, 생활.",66000,51000,48000,4.82,3788.0,0,user_input,Y,Y,0.552,0.552
male,64,4270000.0,자영업,미혼,진보적,1869000.0,고가,건강관리,센트룸,37,10,0,Y,6,1.0,3.0,1.0,0.0,1.0,0.29320492241840557,0.16376089663760895,0.2,0.6253244254077229,1.0,0.95,300000,건강,"희소성, 감성",센트룸,센트룸 건강관리 286,"센트룸 건강관리 ??. ?? ??: 성분, 후기, 안전성, 건강, 부모님, 회복.",1869000,1606000,1321000,,714.0,4,image_estimate,N,Y,0.619,0.619
male,42,6820000.0,대기업직원,미혼,진보적,2070000.0,초고가,건강관리,종근당,42,5,19,Y,6,0.39770425388251174,1.3977042538825117,1.0,0.6666666666666666,0.0,0.30434782608695654,0.1815068493150685,0.0,0.7662500000000001,1.0,0.95,1481000,부모님,"성분, 후기",샤넬,종근당 건강관리 287,"종근당 건강관리 ??. ?? ??: 성분, 후기, 안전성, 건강, 부모님, 회복.",2070000,1752000,1440000,4.53,1926.0,0,manual,Y,Y,0.445,0.445
female,48,4980000.0,프리랜서,기혼,보수적,2136000.0,초고가,명품,프라다,53,8,15,Y,6,1.0,2.2869379014989293,0.0,0.3333333333333333,1.0,0.0,0.16150081566068517,0.0,0.655,1.0,0.019999999999999976,934000,유행,"희소성, 감성",프라다,프라다 명품 288,"프라다 명품 ??. ?? ??: 브랜드, 희소성, 디자인, 선물, 보상, 소장.",2136000,1839000,2302000,3.64,2063.0,0,user_input,Y,Y,0.721,0.721
male,43,4820000.0,공무원,기혼,보수적,10000.0,초저가,생활용품,3M,44,2,10,N,3,0.0,0.01858736059479554,0.0,0.9,0.0,0.0,0.1111111111111111,0.2,0.673505587359121,1.0,0.57,538000,선물,"가격, 내구성",프라다,3M 생활용품 289,"3M 생활용품 ??. ?? ??: 가격, 내구성, 용량, 생활, 청소, 가정.",10000,9000,10000,4.01,464.0,2,naver_api,Y,Y,0.467,0.467
female,44,4640000.0,사무직,기혼,진보적,2668000.0,초고가,명품,프라다,37,12,21,Y,6,1.0,3.0,1.0,0.6666666666666666,0.0,0.17278860569715143,0.19266875279392043,0.0,0.7468196238899298,1.0,0.52,493000,보상,"브랜드, 희소성",마이리얼트립,프라다 명품 290,"프라다 명품 ??. ?? ??: 브랜드, 희소성, 디자인, 선물, 보상, 소장.",2668000,2237000,2207000,4.39,948.0,0,crawler,Y,Y,0.586,0.586
female,62,3330000.0,은퇴자,기혼,보수적,514000.0,고가,여행,마이리얼트립,5,5,12,Y,2,1.0,3.0,0.0,0.9,1.0,0.2898832684824903,0.24154589371980675,0.2,0.49874999999999997,1.0,0.09999999999999998,125000,기념일,"가격, 일정",마이리얼트립,마이리얼트립 여행 291,"마이리얼트립 여행 ??. ?? ??: 가격, 일정, 숙소, 휴식, 가족, 기념일.",514000,414000,365000,4.39,,4,user_input,Y,N,0.711,0.711
male,73,3150000.0,은퇴자,기혼,보수적,193000.0,중저가,전자기기,LG,52,3,17,N,4,0.0,0.5132978723404256,0.0,0.9375,0.0,0.16580310880829016,0.12209302325581395,0.2,0.7550000000000001,1.0,0.37,376000,소장,"성능, 배터리",설화수,LG 전자기기 292,"LG 전자기기 ??. ?? ??: 성능, 배터리, 휴대성, 업무, 공부, 게임, 콘텐츠.",193000,172000,161000,4.44,2384.0,4,naver_api,Y,Y,0.52,0.52
female,33,5560000.0,프리랜서,기혼,진보적,381000.0,중저가,명품,루이비통,42,2,3,N,0,0.0,0.384460141271443,0.0,0.3333333333333333,1.0,0.34908136482939633,0.032520325203252036,0.2,0.6937500000000001,1.0,0.019999999999999976,991000,휴식,"희소성, 감성",루이비통,루이비통 명품 293,"루이비통 명품 ??. ?? ??: 브랜드, 희소성, 디자인, 선물, 보상, 소장.",381000,369000,248000,3.95,3127.0,4,crawler,Y,Y,0.59,0.59
male,38,5560000.0,사무직,기혼,보수적,139000.0,중저가,교육,메가스터디,4,2,9,N,2,0.0,0.1398390342052314,1.0,0.0,0.0,0.2589928057553957,0.23008849557522124,0.2,0.1875,0.75,1.0,994000,취업,"희소성, 감성",이케아,메가스터디 교육 294,"메가스터디 교육 ??. ?? ??: 강의품질, 가격, 커리큘럼, 공부, 취업, 자기계발.",139000,113000,103000,,,4,image_estimate,N,N,0.494,0.494
female,47,7220000.0,자영업,기혼,진보적,34000.0,저가,패션,ZARA,40,0,11,N,1,0.0,0.029184549356223177,0.0,0.0,0.0,0.029411764705882353,0.0625,0.0,0.6714361695488599,1.0,0.09999999999999998,1165000,소장,"희소성, 감성",다이소,ZARA 패션 295,"ZARA 패션 ??. ?? ??: 디자인, 착용감, 브랜드, 출근, 데이트, 여행.",34000,32000,33000,3.78,971.0,0,naver_api,Y,Y,0.63,0.63
female,26,520000.0,학생,기혼,진보적,4686000.0,초고가,명품,프라다,56,60,22,Y,60,1.0,3.0,1.0,0.6666666666666666,0.0,0.02880921895006402,0.3380925185608224,0.2,0.69,1.0,0.52,35000,선물,"브랜드, 희소성",클래스101,프라다 명품 296,"프라다 명품 ??. ?? ??: 브랜드, 희소성, 디자인, 선물, 보상, 소장.",4686000,3502000,4551000,3.92,3970.0,1,naver_api,Y,Y,0.632,0.632
male,32,760000.0,취업준비생,기혼,보수적,131000.0,중저가,전자기기,LG,26,7,10,N,1,0.0,0.7987804878048781,0.0,0.9375,0.0,0.015267175572519083,0.12931034482758622,0.2,0.5460678886661909,1.0,0.37,164000,휴식,"성능, 배터리",종근당,LG 전자기기 297,"LG 전자기기 ??. ?? ??: 성능, 배터리, 휴대성, 업무, 공부, 게임, 콘텐츠.",131000,116000,129000,,79.0,2,image_estimate,N,Y,0.478,0.478
female,41,4910000.0,공무원,기혼,진보적,95000.0,저가,생활용품,유한킴벌리,48,2,15,N,0,0.0,0.2111111111111111,0.0,0.0,1.0,0.0,0.07954545454545454,0.2,0.61625,1.0,0.57,450000,휴식,"희소성, 감성",유한킴벌리,유한킴벌리 생활용품 298,"유한킴벌리 생활용품 ??. ?? ??: 가격, 내구성, 용량, 생활, 청소, 가정.",95000,88000,96000,3.33,3626.0,2,user_input,Y,Y,0.52,0.52
male,37,3340000.0,사무직,기혼,보수적,44000.0,저가,식품,CJ,39,4,9,N,1,0.0,0.10091743119266056,0.0,0.9,1.0,0.3181818181818182,0.2222222222222222,0.2,0.6625000000000001,1.0,0.57,436000,가족,"가격, 신선도",CJ,CJ 식품 299,"CJ 식품 ??. ?? ??: 가격, 신선도, 배송, 생활, 식사, 가족.",44000,36000,30000,3.7,1875.0,4,crawler,Y,Y,0.422,0.422
female,47,8400000.0,대기업직원,기혼,보수적,22000.0,초저가,화장품,이니스프리,46,1,1,N,4,0.0,0.012987012987012988,0.0,0.9,0.0,0.18181818181818182,0.15789473684210525,0.2,0.6375,1.0,0.019999999999999976,1694000,유행,"성분, 가격",LG,이니스프리 화장품 300,"이니스프리 화장품 ??. ?? ??: 성분, 가격, 후기, 피부관리, 선물, 데일리.",22000,19000,18000,,2039.0,2,user_input,N,Y,0.522,0.522
male,47,3630000.0,공무원,미혼,진보적,1221000.0,고가,가구,리바트,3,5,16,Y,7,1.0,3.0,0.0,0.6666666666666666,1.0,0.02457002457002457,0.2523076923076923,0.2,0.46375000000000005,1.0,0.37,114000,생활,"내구성, 크기",리바트,리바트 가구 301,"리바트 가구 ??. ?? ??: 내구성, 크기, 디자인, 이사, 인테리어, 생활.",1221000,975000,1191000,4.11,,2,naver_api,Y,N,0.694,0.694
male,57,5880000.0,대기업직원,기혼,보수적,17000.0,초저가,화장품,이니스프리,46,5,18,N,1,0.0,0.014938488576449912,0.0,0.9,0.0,0.0,0.3076923076923077,0.2,0.675,1.0,0.019999999999999976,1138000,소장,"성분, 가격",소니,이니스프리 화장품 302,"이니스프리 화장품 ??. ?? ??: 성분, 가격, 후기, 피부관리, 선물, 데일리.",17000,13000,17000,3.8,2223.0,2,image_estimate,Y,Y,0.501,0.501
female,39,3810000.0,프리랜서,미혼,보수적,36000.0,저가,교육,패스트캠퍼스,46,5,17,N,4,0.0,0.04539722572509458,0.0,0.9,1.0,0.19444444444444445,0.2,0.2,0.6875,1.0,0.57,793000,자기계발,"강의품질, 가격",패스트캠퍼스,패스트캠퍼스 교육 303,"패스트캠퍼스 교육 ??. ?? ??: 강의품질, 가격, 커리큘럼, 공부, 취업, 자기계발.",36000,30000,29000,3.9,3526.0,2,user_input,Y,Y,0.411,0.411
female,46,7890000.0,대기업직원,미혼,보수적,50000.0,저가,화장품,라네즈,16,5,21,N,4,0.0,0.06944444444444445,0.0,0.9,0.0,0.12,0.35135135135135137,0.2,0.35875,1.0,0.019999999999999976,720000,데일리,"성분, 가격",마이리얼트립,라네즈 화장품 304,"라네즈 화장품 ??. ?? ??: 성분, 가격, 후기, 피부관리, 선물, 데일리.",50000,37000,44000,3.27,,3,user_input,Y,N,0.537,0.537
female,50,9090000.0,대기업직원,기혼,보수적,164000.0,중저가,패션,ZARA,49,1,14,N,5,0.0,0.18324022346368715,1.0,0.6666666666666666,0.0,0.012195121951219513,0.10067114093959731,0.2,0.8062499999999999,1.0,0.6,895000,데이트,"디자인, 착용감",대한항공,ZARA 패션 305,"ZARA 패션 ??. ?? ??: 디자인, 착용감, 브랜드, 출근, 데이트, 여행.",164000,149000,162000,4.85,1733.0,1,image_estimate,Y,Y,0.36,0.36
male,33,6410000.0,대기업직원,미혼,진보적,186000.0,중저가,가구,이케아,47,4,11,N,3,0.0,0.13210227272727273,0.0,0.0,1.0,0.0,0.11377245508982035,0.2,0.6127416907281056,1.0,0.37,1408000,소장,"희소성, 감성",이케아,이케아 가구 306,"이케아 가구 ??. ?? ??: 내구성, 크기, 디자인, 이사, 인테리어, 생활.",186000,167000,188000,,504.0,4,naver_api,N,Y,0.544,0.544
female,23,730000.0,학생,미혼,보수적,28000.0,초저가,생활용품,다이소,41,0,22,N,0,0.0,0.18666666666666668,0.0,0.9,1.0,0.32142857142857145,0.21739130434782608,0.2,0.5971258223597833,1.0,0.57,150000,유행,"가격, 내구성",다이소,다이소 생활용품 307,"다이소 생활용품 ??. ?? ??: 가격, 내구성, 용량, 생활, 청소, 가정.",28000,23000,19000,,327.0,1,image_estimate,N,Y,0.444,0.444
female,60,4190000.0,공무원,기혼,진보적,3496000.0,초고가,전자기기,삼성,46,10,9,Y,8,1.0,3.0,1.0,0.0,0.0,0.04548054919908467,0.2013745704467354,0.2,0.7112499999999999,1.0,0.87,503000,업무,"희소성, 감성",구찌,삼성 전자기기 308,"삼성 전자기기 ??. ?? ??: 성능, 배터리, 휴대성, 업무, 공부, 게임, 콘텐츠.",3496000,2910000,3337000,4.09,3202.0,4,image_estimate,Y,Y,0.696,0.696
male,29,510000.0,학생,기혼,보수적,75000.0,저가,식품,동원,10,4,10,N,3,0.0,0.8064516129032258,0.0,0.9,0.0,0.36,0.15384615384615385,0.2,0.465,1.0,0.57,93000,소장,"가격, 신선도",마이리얼트립,동원 식품 309,"동원 식품 ??. ?? ??: 가격, 신선도, 배송, 생활, 식사, 가족.",75000,65000,48000,4.12,,3,naver_api,Y,N,0.494,0.494
male,73,2920000.0,은퇴자,미혼,보수적,246000.0,중저가,패션,COS,43,4,12,N,1,0.0,0.4155405405405405,1.0,0.0,0.0,0.2073170731707317,0.3516483516483517,0.2,0.6000000000000001,1.0,0.6,592000,출근,"희소성, 감성",ZARA,COS 패션 310,"COS 패션 ??. ?? ??: 디자인, 착용감, 브랜드, 출근, 데이트, 여행.",246000,182000,195000,3.2,1233.0,2,naver_api,Y,Y,0.475,0.475
male,61,6140000.0,자영업,기혼,진보적,33000.0,저가,건강관리,종근당,44,5,13,N,4,0.0,0.04325032765399738,0.0,0.6666666666666666,0.0,0.36363636363636365,0.06451612903225806,0.2,0.6775,1.0,0.44999999999999996,763000,회복,"성분, 후기",센트룸,종근당 건강관리 311,"종근당 건강관리 ??. ?? ??: 성분, 후기, 안전성, 건강, 부모님, 회복.",33000,31000,21000,3.82,3078.0,4,manual,Y,Y,0.53,0.53
female,44,6860000.0,자영업,미혼,보수적,36000.0,저가,건강관리,정관장,49,3,22,N,4,0.0,0.08089887640449438,0.0,0.6666666666666666,0.0,0.0,0.2413793103448276,0.0,0.65125,1.0,0.44999999999999996,445000,소장,"성분, 후기",나이키,정관장 건강관리 312,"정관장 건강관리 ??. ?? ??: 성분, 후기, 안전성, 건강, 부모님, 회복.",36000,29000,36000,3.61,2404.0,0,naver_api,Y,Y,0.514,0.514
male,41,2780000.0,주부,기혼,보수적,16000.0,초저가,식품,동원,14,0,19,N,2,0.0,0.16494845360824742,0.0,0.9,1.0,0.3125,0.3333333333333333,0.2,0.41625,1.0,0.57,97000,휴식,"가격, 신선도",동원,동원 식품 313,"동원 식품 ??. ?? ??: 가격, 신선도, 배송, 생활, 식사, 가족.",16000,12000,11000,3.73,,1,crawler,Y,N,0.472,0.472
male,19,510000.0,학생,미혼,진보적,2258000.0,초고가,가구,한샘,11,55,20,Y,36,1.0,3.0,1.0,0.6666666666666666,1.0,0.2967227635075288,0.30444829578278454,0.2,0.3625,1.0,0.87,97000,이사,"내구성, 크기",한샘,한샘 가구 314,"한샘 가구 ??. ?? ??: 내구성, 크기, 디자인, 이사, 인테리어, 생활.",2258000,1731000,1588000,3.3,,4,user_input,Y,N,0.547,0.547
female,55,5400000.0,자영업,기혼,진보적,905000.0,고가,명품,샤넬,39,3,21,Y,2,0.9133192389006342,1.9133192389006342,0.0,0.6666666666666666,0.0,0.34585635359116024,0.059718969555035126,0.2,0.6375,1.0,0.019999999999999976,473000,소장,"브랜드, 희소성",유한킴벌리,샤넬 명품 315,"샤넬 명품 ??. ?? ??: 브랜드, 희소성, 디자인, 선물, 보상, 소장.",905000,854000,592000,,2120.0,2,naver_api,N,Y,0.813,0.813
female,43,5320000.0,사무직,기혼,진보적,13000.0,초저가,화장품,설화수,38,3,20,N,3,0.0,0.027777777777777776,0.0,0.9,1.0,0.15384615384615385,0.18181818181818182,0.2,0.7825,1.0,0.019999999999999976,468000,데일리,"성분, 가격",설화수,설화수 화장품 316,"설화수 화장품 ??. ?? ??: 성분, 가격, 후기, 피부관리, 선물, 데일리.",13000,11000,11000,4.66,1832.0,3,crawler,Y,Y,0.447,0.447
male,71,2390000.0,은퇴자,기혼,보수적,117000.0,중저가,생활용품,3M,40,5,10,N,0,0.0,0.45,1.0,0.0,0.0,0.008547008547008548,0.36046511627906974,0.2,0.7170178698087118,1.0,1.0,260000,청소,"희소성, 감성",나이키,3M 생활용품 317,"3M 생활용품 ??. ?? ??: 가격, 내구성, 용량, 생활, 청소, 가정.",117000,86000,116000,4.28,608.0,4,crawler,Y,Y,0.455,0.455
male,29,1180000.0,취업준비생,미혼,보수적,359000.0,중저가,패션,COS,53,8,12,Y,6,1.0,3.0,0.0,0.0,1.0,0.15041782729805014,0.3650190114068441,0.2,0.6212500000000001,1.0,0.09999999999999998,66000,유행,"희소성, 감성",COS,COS 패션 318,"COS 패션 ??. ?? ??: 디자인, 착용감, 브랜드, 출근, 데이트, 여행.",359000,263000,305000,3.37,3751.0,4,crawler,Y,Y,0.828,0.828
male,54,2090000.0,주부,기혼,보수적,355000.0,중저가,여행,대한항공,41,4,19,N,6,0.2769784172661871,1.276978417266187,1.0,0.0,0.0,0.1295774647887324,0.07575757575757576,0.2,0.80375,1.0,0.6,278000,휴식,"희소성, 감성",레노버,대한항공 여행 319,"대한항공 여행 ??. ?? ??: 가격, 일정, 숙소, 휴식, 가족, 기념일.",355000,330000,309000,4.83,2583.0,3,crawler,Y,Y,0.51,0.51
female,47,3410000.0,사무직,미혼,진보적,224000.0,중저가,화장품,라네즈,48,2,10,N,4,0.0,0.30727023319615915,0.0,0.9,1.0,0.13839285714285715,0.04672897196261682,0.2,0.60875,1.0,0.019999999999999976,729000,휴식,"성분, 가격",라네즈,라네즈 화장품 320,"라네즈 화장품 ??. ?? ??: 성분, 가격, 후기, 피부관리, 선물, 데일리.",224000,214000,193000,3.27,3308.0,1,image_estimate,Y,Y,0.429,0.429
male,30,11340000.0,전문직,기혼,보수적,1511000.0,고가,명품,루이비통,44,5,22,Y,1,0.46131528046421666,1.4613152804642167,0.0,0.6666666666666666,0.0,0.13500992720052946,0.1464339908952959,0.2,0.5823299222352298,1.0,0.019999999999999976,1034000,유행,"브랜드, 희소성",샤넬,루이비통 명품 321,"루이비통 명품 ??. ?? ??: 브랜드, 희소성, 디자인, 선물, 보상, 소장.",1511000,1318000,1307000,3.24,534.0,2,crawler,Y,Y,0.692,0.692
male,48,6190000.0,대기업직원,기혼,진보적,2969000.0,초고가,여행,하나투어,41,7,17,Y,5,1.0,3.0,1.0,0.0,1.0,0.0,0.1445643793369314,0.2,0.65625,1.0,0.6,640000,가족,"희소성, 감성",하나투어,하나투어 여행 322,"하나투어 여행 ??. ?? ??: 가격, 일정, 숙소, 휴식, 가족, 기념일.",2969000,2594000,3192000,3.65,2048.0,2,user_input,Y,Y,0.613,0.613
female,27,900000.0,학생,미혼,보수적,357000.0,중저가,가구,한샘,50,6,22,Y,6,1.0,3.0,1.0,0.6666666666666666,1.0,0.28291316526610644,0.23958333333333334,0.2,0.7875000000000001,1.0,0.87,40000,인테리어,"내구성, 크기",한샘,한샘 가구 323,"한샘 가구 ??. ?? ??: 내구성, 크기, 디자인, 이사, 인테리어, 생활.",357000,288000,256000,4.7,2993.0,3,user_input,Y,Y,0.493,0.493
male,45,4580000.0,자영업,기혼,보수적,5599000.0,초고가,명품,루이비통,52,18,13,Y,10,1.0,3.0,1.0,0.6666666666666666,1.0,0.0,0.1730567777079405,0.0,0.7537499999999999,1.0,0.52,865000,선물,"브랜드, 희소성",루이비통,루이비통 명품 324,"루이비통 명품 ??. ?? ??: 브랜드, 희소성, 디자인, 선물, 보상, 소장.",5599000,4773000,5898000,4.43,3216.0,0,naver_api,Y,Y,0.513,0.513
female,29,570000.0,학생,미혼,보수적,749000.0,고가,패션,나이키,11,21,21,Y,14,1.0,3.0,1.0,0.6666666666666666,1.0,0.1348464619492657,0.037396121883656507,0.2,0.41250000000000003,1.0,0.6,44000,출근,"디자인, 착용감",나이키,나이키 패션 325,"나이키 패션 ??. ?? ??: 디자인, 착용감, 브랜드, 출근, 데이트, 여행.",749000,722000,648000,3.7,,3,image_estimate,Y,N,0.529,0.529
male,41,4130000.0,프리랜서,기혼,보수적,2415000.0,초고가,명품,샤넬,56,11,21,Y,6,1.0,3.0,1.0,0.3333333333333333,0.0,0.3370600414078675,0.042746113989637305,0.2,0.71,1.0,0.52,272000,선물,"희소성, 감성",프라다,샤넬 명품 326,"샤넬 명품 ??. ?? ??: 브랜드, 희소성, 디자인, 선물, 보상, 소장.",2415000,2316000,1601000,4.08,3292.0,3,manual,Y,Y,0.651,0.651
female,49,3490000.0,주부,미혼,진보적,2726000.0,초고가,전자기기,LG,2,14,15,Y,9,1.0,3.0,1.0,0.0,1.0,0.0,0.03062381852551985,0.0,0.5,1.0,0.87,717000,공부,"희소성, 감성",LG,LG 전자기기 327,"LG 전자기기 ??. ?? ??: 성능, 배터리, 휴대성, 업무, 공부, 게임, 콘텐츠.",2726000,2645000,2798000,4.4,,0,crawler,Y,N,0.565,0.565
male,32,9270000.0,전문직,기혼,보수적,401000.0,중저가,교육,메가스터디,43,1,3,N,3,0.0,0.4969021065675341,0.0,0.0,1.0,0.3566084788029925,0.08378378378378379,0.2,0.6799999999999999,1.0,0.57,807000,소장,"희소성, 감성",메가스터디,메가스터디 교육 328,"메가스터디 교육 ??. ?? ??: 강의품질, 가격, 커리큘럼, 공부, 취업, 자기계발.",401000,370000,258000,3.84,2614.0,4,manual,Y,Y,0.577,0.577
female,37,4050000.0,사무직,기혼,보수적,373000.0,중저가,가구,리바트,48,3,21,N,4,0.0,0.5216783216783217,1.0,0.6666666666666666,0.0,0.05093833780160858,0.3814814814814815,0.2,0.64625,1.0,0.87,715000,이사,"내구성, 크기",COS,리바트 가구 329,"리바트 가구 ??. ?? ??: 내구성, 크기, 디자인, 이사, 인테리어, 생활.",373000,270000,354000,3.57,1257.0,2,image_estimate,Y,Y,0.355,0.355
male,59,3770000.0,은퇴자,미혼,진보적,2112000.0,초고가,여행,마이리얼트립,50,11,16,Y,9,1.0,3.0,0.0,0.0,1.0,0.1571969696969697,0.19187358916478556,0.2,0.64625,1.0,0.09999999999999998,300000,소장,"희소성, 감성",마이리얼트립,마이리얼트립 여행 330,"마이리얼트립 여행 ??. ?? ??: 가격, 일정, 숙소, 휴식, 가족, 기념일.",2112000,1772000,1780000,3.57,2464.0,1,manual,Y,Y,0.801,0.801
female,54,4960000.0,사무직,미혼,진보적,38000.0,저가,화장품,이니스프리,46,2,10,N,1,0.0,0.046341463414634146,1.0,0.9,0.0,0.02631578947368421,0.05555555555555555,0.2,0.6725,1.0,0.52,820000,선물,"성분, 가격",종근당,이니스프리 화장품 331,"이니스프리 화장품 ??. ?? ??: 성분, 가격, 후기, 피부관리, 선물, 데일리.",38000,36000,37000,3.78,1743.0,3,manual,Y,Y,0.301,0.301
female,35,4340000.0,자영업,기혼,보수적,1599000.0,고가,명품,샤넬,52,9,15,Y,7,0.6849315068493151,1.6849315068493151,1.0,0.6666666666666666,0.0,0.0,0.03898635477582846,0.2,0.63625,1.0,0.52,949000,보상,"브랜드, 희소성",소니,샤넬 명품 332,"샤넬 명품 ??. ?? ??: 브랜드, 희소성, 디자인, 선물, 보상, 소장.",1599000,1539000,1713000,3.49,2505.0,4,user_input,Y,Y,0.499,0.499
male,57,4720000.0,자영업,미혼,보수적,578000.0,고가,전자기기,애플,44,3,11,Y,3,0.0,0.7031630170316302,0.0,0.0,1.0,0.031141868512110725,0.060550458715596334,0.2,0.62,1.0,0.37,822000,소장,"희소성, 감성",애플,애플 전자기기 333,"애플 전자기기 ??. ?? ??: 성능, 배터리, 휴대성, 업무, 공부, 게임, 콘텐츠.",578000,545000,560000,3.36,3075.0,2,naver_api,Y,Y,0.576,0.576
female,25,1340000.0,취업준비생,미혼,보수적,394000.0,중저가,패션,COS,51,5,18,Y,6,0.7511111111111111,1.751111111111111,0.0,0.6666666666666666,1.0,0.0,0.23125,0.2,0.6475,1.0,0.09999999999999998,225000,여행,"디자인, 착용감",COS,COS 패션 334,"COS 패션 ??. ?? ??: 디자인, 착용감, 브랜드, 출근, 데이트, 여행.",394000,320000,402000,3.58,2067.0,2,user_input,Y,Y,0.648,0.648
male,60,3740000.0,은퇴자,기혼,보수적,243000.0,중저가,패션,COS,42,4,14,N,1,0.0,0.7105263157894737,1.0,0.6666666666666666,1.0,0.0,0.3806818181818182,0.2,0.6375,1.0,0.6,342000,출근,"디자인, 착용감",COS,COS 패션 335,"COS 패션 ??. ?? ??: 디자인, 착용감, 브랜드, 출근, 데이트, 여행.",243000,176000,257000,,1659.0,3,crawler,N,Y,0.261,0.261
female,49,4270000.0,사무직,기혼,진보적,1632000.0,고가,여행,대한항공,35,8,19,Y,7,1.0,2.2985915492957747,1.0,0.9,0.0,0.052083333333333336,0.275,0.2,0.7407769740356653,1.0,0.6,710000,가족,"가격, 일정",오뚜기,대한항공 여행 336,"대한항공 여행 ??. ?? ??: 가격, 일정, 숙소, 휴식, 가족, 기념일.",1632000,1280000,1547000,4.33,987.0,3,image_estimate,Y,Y,0.553,0.553
male,41,9800000.0,전문직,미혼,진보적,7000.0,초저가,식품,오뚜기,15,3,3,N,4,0.0,0.0038335158817086527,1.0,0.9,0.0,0.2857142857142857,0.05,0.2,0.42,1.0,1.0,1826000,생활,"가격, 신선도",하나투어,오뚜기 식품 337,"오뚜기 식품 ??. ?? ??: 가격, 신선도, 배송, 생활, 식사, 가족.",7000,7000,5000,3.76,,4,manual,Y,N,0.311,0.311
male,28,11410000.0,전문직,미혼,진보적,125000.0,중저가,전자기기,삼성,16,3,18,N,2,0.0,0.33967391304347827,0.0,0.9375,1.0,0.272,0.13636363636363635,0.2,0.51875,1.0,0.37,368000,콘텐츠,"성능, 배터리",삼성,삼성 전자기기 338,"삼성 전자기기 ??. ?? ??: 성능, 배터리, 휴대성, 업무, 공부, 게임, 콘텐츠.",125000,110000,91000,4.55,,2,naver_api,Y,N,0.46,0.46
female,49,8350000.0,대기업직원,기혼,보수적,1952000.0,고가,여행,대한항공,13,3,14,Y,5,0.713784021071115,1.713784021071115,1.0,0.0,1.0,0.04969262295081967,0.2996005326231691,0.0,0.1875,0.75,0.6,1139000,가족,"희소성, 감성",대한항공,대한항공 여행 339,"대한항공 여행 ??. ?? ??: 가격, 일정, 숙소, 휴식, 가족, 기념일.",1952000,1502000,1855000,,,0,crawler,N,N,0.565,0.565
female,31,3960000.0,공무원,미혼,진보적,127000.0,중저가,화장품,설화수,4,4,20,N,0,0.0,0.3813813813813814,0.0,0.0,1.0,0.30708661417322836,0.06722689075630252,0.2,0.51125,1.0,0.019999999999999976,333000,데일리,"희소성, 감성",설화수,설화수 화장품 340,"설화수 화장품 ??. ?? ??: 성분, 가격, 후기, 피부관리, 선물, 데일리.",127000,119000,88000,4.49,,2,image_estimate,Y,N,0.607,0.607
male,32,1210000.0,취업준비생,기혼,보수적,16000.0,초저가,생활용품,다이소,3,5,20,N,3,0.0,0.2191780821917808,1.0,0.9,0.0,0.375,0.06666666666666667,0.2,0.48000000000000004,1.0,1.0,73000,생활,"가격, 내구성",애플,다이소 생활용품 341,"다이소 생활용품 ??. ?? ??: 가격, 내구성, 용량, 생활, 청소, 가정.",16000,15000,10000,4.24,,3,manual,Y,N,0.337,0.337
male,68,2740000.0,은퇴자,기혼,보수적,17000.0,초저가,화장품,라네즈,55,3,13,N,3,0.0,0.15454545454545454,0.0,0.9,0.0,0.35294117647058826,0.13333333333333333,0.0,0.7775000000000001,1.0,0.019999999999999976,110000,휴식,"성분, 가격",애플,라네즈 화장품 342,"라네즈 화장품 ??. ?? ??: 성분, 가격, 후기, 피부관리, 선물, 데일리.",17000,15000,11000,4.62,3647.0,0,crawler,Y,Y,0.54,0.54
male,23,590000.0,학생,미혼,진보적,142000.0,중저가,교육,패스트캠퍼스,44,3,10,Y,4,1.0,2.2903225806451615,0.0,0.9,1.0,0.04225352112676056,0.32710280373831774,0.2,0.63625,1.0,0.57,62000,유행,"강의품질, 가격",패스트캠퍼스,패스트캠퍼스 교육 343,"패스트캠퍼스 교육 ??. ?? ??: 강의품질, 가격, 커리큘럼, 공부, 취업, 자기계발.",142000,107000,136000,3.49,1738.0,3,manual,Y,Y,0.633,0.633
male,54,1910000.0,주부,기혼,진보적,25000.0,초저가,화장품,설화수,46,4,15,N,1,0.0,0.07716049382716049,0.0,0.9,1.0,0.2,0.3157894736842105,0.2,0.68125,1.0,0.019999999999999976,324000,데일리,"성분, 가격",설화수,설화수 화장품 344,"설화수 화장품 ??. ?? ??: 성분, 가격, 후기, 피부관리, 선물, 데일리.",25000,19000,20000,3.85,2833.0,2,user_input,Y,Y,0.462,0.462
female,31,1060000.0,취업준비생,기혼,진보적,386000.0,중저가,전자기기,레노버,7,9,18,Y,5,0.8647342995169083,1.8647342995169083,0.0,0.9375,1.0,0.31088082901554404,0.09348441926345609,0.2,0.1875,0.75,0.37,207000,소장,"성능, 배터리",레노버,레노버 전자기기 345,"레노버 전자기기 ??. ?? ??: 성능, 배터리, 휴대성, 업무, 공부, 게임, 콘텐츠.",386000,353000,266000,,,2,user_input,N,N,0.649,0.649
female,37,3320000.0,사무직,미혼,보수적,68000.0,저가,가구,이케아,12,2,17,N,3,0.0,0.19825072886297376,0.0,0.0,0.0,0.23529411764705882,0.15254237288135594,0.2,0.5562499999999999,1.0,0.37,343000,유행,"희소성, 감성",프라다,이케아 가구 346,"이케아 가구 ??. ?? ??: 내구성, 크기, 디자인, 이사, 인테리어, 생활.",68000,59000,52000,4.85,,1,manual,Y,N,0.684,0.684
female,51,7210000.0,대기업직원,기혼,보수적,197000.0,중저가,패션,COS,49,4,11,N,2,0.0,0.12571793235481812,0.0,0.0,1.0,0.20812182741116753,0.08241758241758242,0.2,0.7324999999999999,1.0,0.09999999999999998,1567000,여행,"희소성, 감성",COS,COS 패션 347,"COS 패션 ??. ?? ??: 디자인, 착용감, 브랜드, 출근, 데이트, 여행.",197000,182000,156000,4.26,2276.0,3,image_estimate,Y,Y,0.587,0.587
female,30,4720000.0,공무원,미혼,보수적,171000.0,중저가,패션,아디다스,16,3,21,N,1,0.0,0.24186704384724186,0.0,0.6666666666666666,1.0,0.09941520467836257,0.22142857142857142,0.2,0.5175000000000001,1.0,0.09999999999999998,707000,유행,"디자인, 착용감",아디다스,아디다스 패션 348,"아디다스 패션 ??. ?? ??: 디자인, 착용감, 브랜드, 출근, 데이트, 여행.",171000,140000,154000,4.54,,4,manual,Y,N,0.489,0.489
female,54,5760000.0,자영업,기혼,보수적,12000.0,초저가,생활용품,다이소,49,5,15,N,4,0.0,0.032520325203252036,1.0,0.9,0.0,0.25,0.09090909090909091,0.2,0.7775000000000001,1.0,1.0,369000,청소,"가격, 내구성",센트룸,다이소 생활용품 349,"다이소 생활용품 ??. ?? ??: 가격, 내구성, 용량, 생활, 청소, 가정.",12000,11000,9000,4.62,1955.0,3,naver_api,Y,Y,0.306,0.306
male,33,6110000.0,자영업,기혼,진보적,205000.0,중저가,전자기기,레노버,44,0,18,N,3,0.0,0.22355507088331517,1.0,0.9375,0.0,0.004878048780487805,0.25,0.0,0.6802385360360829,1.0,0.87,917000,업무,"성능, 배터리",패스트캠퍼스,레노버 전자기기 350,"레노버 전자기기 ??. ?? ??: 성능, 배터리, 휴대성, 업무, 공부, 게임, 콘텐츠.",205000,164000,204000,3.9,818.0,0,naver_api,Y,Y,0.277,0.277
male,27,880000.0,학생,미혼,보수적,8000.0,초저가,생활용품,3M,11,1,15,N,2,0.0,0.04938271604938271,1.0,0.9,0.0,0.0,0.14285714285714285,0.2,0.5587500000000001,1.0,1.0,162000,청소,"가격, 내구성",종근당,3M 생활용품 351,"3M 생활용품 ??. ?? ??: 가격, 내구성, 용량, 생활, 청소, 가정.",8000,7000,8000,4.87,,1,manual,Y,N,0.3,0.3
female,42,7070000.0,대기업직원,기혼,보수적,72000.0,저가,교육,메가스터디,40,5,11,N,4,0.0,0.2011173184357542,1.0,0.9,0.0,0.0,0.058823529411764705,0.2,0.7126816171166137,1.0,1.0,358000,취업,"강의품질, 가격",LG,메가스터디 교육 352,"메가스터디 교육 ??. ?? ??: 강의품질, 가격, 커리큘럼, 공부, 취업, 자기계발.",72000,68000,74000,4.13,906.0,3,naver_api,Y,Y,0.281,0.281
female,54,6110000.0,자영업,기혼,보수적,100000.0,중저가,패션,COS,41,0,15,N,0,0.0,0.08123476848090982,0.0,0.0,1.0,0.23,0.20481927710843373,0.2,0.7862500000000001,1.0,0.09999999999999998,1231000,여행,"희소성, 감성",COS,COS 패션 353,"COS 패션 ??. ?? ??: 디자인, 착용감, 브랜드, 출근, 데이트, 여행.",100000,83000,77000,4.69,1745.0,1,manual,Y,Y,0.576,0.576
female,37,4330000.0,공무원,미혼,보수적,7330000.0,초고가,명품,샤넬,13,21,21,Y,15,1.0,3.0,0.0,0.3333333333333333,0.0,0.09536152796725784,0.07446496628554676,0.2,0.35250000000000004,1.0,0.019999999999999976,665000,소장,"희소성, 감성",유한킴벌리,샤넬 명품 354,"샤넬 명품 ??. ?? ??: 브랜드, 희소성, 디자인, 선물, 보상, 소장.",7330000,6822000,6631000,3.22,,4,crawler,Y,N,0.879,0.879
male,27,5520000.0,프리랜서,미혼,보수적,199000.0,중저가,여행,하나투어,12,4,12,N,4,0.0,0.23832335329341317,0.0,0.9,1.0,0.17587939698492464,0.19879518072289157,0.2,0.1875,0.75,0.09999999999999998,835000,기념일,"가격, 일정",하나투어,하나투어 여행 355,"하나투어 여행 ??. ?? ??: 가격, 일정, 숙소, 휴식, 가족, 기념일.",199000,166000,164000,,,3,manual,N,N,0.481,0.481
female,56,5300000.0,대기업직원,기혼,보수적,418000.0,중저가,패션,ZARA,11,4,22,N,5,0.25525525525525516,1.2552552552552552,0.0,0.6666666666666666,0.0,0.13157894736842105,0.3440514469453376,0.2,0.5625,1.0,0.09999999999999998,333000,유행,"디자인, 착용감",오뚜기,ZARA 패션 356,"ZARA 패션 ??. ?? ??: 디자인, 착용감, 브랜드, 출근, 데이트, 여행.",418000,311000,363000,4.9,,1,naver_api,Y,N,0.617,0.617
female,33,8610000.0,대기업직원,기혼,보수적,1238000.0,고가,명품,프라다,14,5,17,Y,5,0.0,0.9096252755326966,0.0,0.6666666666666666,1.0,0.07269789983844911,0.3485838779956427,0.2,0.39,1.0,0.019999999999999976,1361000,소장,"브랜드, 희소성",프라다,프라다 명품 357,"프라다 명품 ??. ?? ??: 브랜드, 희소성, 디자인, 선물, 보상, 소장.",1238000,918000,1148000,3.52,,1,naver_api,Y,N,0.505,0.505
male,61,2710000.0,은퇴자,미혼,보수적,853000.0,고가,건강관리,센트룸,46,6,2,Y,3,0.716297786720322,1.716297786720322,1.0,0.6666666666666666,1.0,0.09378663540445487,0.2807807807807808,0.0,0.74875,1.0,0.95,497000,건강,"성분, 후기",센트룸,센트룸 건강관리 358,"센트룸 건강관리 ??. ?? ??: 성분, 후기, 안전성, 건강, 부모님, 회복.",853000,666000,773000,4.39,3921.0,0,image_estimate,Y,Y,0.41,0.41
male,39,8070000.0,전문직,기혼,보수적,60000.0,저가,화장품,라네즈,5,0,11,N,0,0.0,0.05905511811023622,1.0,0.0,1.0,0.0,0.36363636363636365,0.0,0.1875,0.75,0.52,1016000,선물,"희소성, 감성",라네즈,라네즈 화장품 359,"라네즈 화장품 ??. ?? ??: 성분, 가격, 후기, 피부관리, 선물, 데일리.",60000,44000,62000,,,0,crawler,N,N,0.412,0.412
male,32,5210000.0,프리랜서,기혼,진보적,203000.0,중저가,전자기기,LG,24,6,13,N,4,0.0,0.37453874538745385,0.0,0.9375,1.0,0.24630541871921183,0.05181347150259067,0.2,0.5874188679933741,1.0,0.37,542000,휴식,"성능, 배터리",LG,LG 전자기기 360,"LG 전자기기 ??. ?? ??: 성능, 배터리, 휴대성, 업무, 공부, 게임, 콘텐츠.",203000,193000,153000,3.95,52.0,2,manual,Y,Y,0.443,0.443
female,65,2160000.0,은퇴자,기혼,보수적,852000.0,고가,전자기기,소니,39,10,3,Y,6,1.0,2.272,0.0,0.0,0.0,0.0,0.3502377179080824,0.2,0.7949999999999999,1.0,0.37,375000,유행,"희소성, 감성",하나투어,소니 전자기기 361,"소니 전자기기 ??. ?? ??: 성능, 배터리, 휴대성, 업무, 공부, 게임, 콘텐츠.",852000,631000,890000,4.76,1113.0,4,crawler,Y,Y,0.875,0.875
male,29,1260000.0,취업준비생,미혼,진보적,4000.0,초저가,식품,오뚜기,43,5,17,N,1,0.0,0.06557377049180328,1.0,0.0,1.0,0.25,0.3333333333333333,0.2,0.64625,1.0,1.0,61000,식사,"희소성, 감성",오뚜기,오뚜기 식품 362,"오뚜기 식품 ??. ?? ??: 가격, 신선도, 배송, 생활, 식사, 가족.",4000,3000,3000,3.57,3598.0,3,manual,Y,Y,0.371,0.371
female,33,4210000.0,프리랜서,미혼,보수적,139000.0,중저가,가구,리바트,51,4,18,N,0,0.0,0.21286370597243492,1.0,0.0,1.0,0.19424460431654678,0.13934426229508196,0.0,0.665,1.0,0.87,653000,이사,"희소성, 감성",리바트,리바트 가구 363,"리바트 가구 ??. ?? ??: 내구성, 크기, 디자인, 이사, 인테리어, 생활.",139000,122000,112000,3.72,3229.0,0,naver_api,Y,Y,0.359,0.359
female,48,7380000.0,전문직,기혼,보수적,271000.0,중저가,패션,ZARA,50,2,12,N,3,0.0,0.811377245508982,0.0,0.0,0.0,0.0,0.30917874396135264,0.2,0.69625,1.0,0.09999999999999998,334000,유행,"희소성, 감성",클래스101,ZARA 패션 364,"ZARA 패션 ??. ?? ??: 디자인, 착용감, 브랜드, 출근, 데이트, 여행.",271000,207000,271000,3.97,3220.0,1,manual,Y,Y,0.648,0.648
male,23,1060000.0,취업준비생,미혼,진보적,1203000.0,고가,건강관리,센트룸,14,14,20,Y,13,1.0,3.0,0.0,0.0,0.0,0.343308395677473,0.03173241852487135,0.2,0.41750000000000004,1.0,0.44999999999999996,35000,회복,"희소성, 감성",대한항공,센트룸 건강관리 365,"센트룸 건강관리 ??. ?? ??: 성분, 후기, 안전성, 건강, 부모님, 회복.",1203000,1166000,790000,3.74,,2,naver_api,Y,N,0.89,0.89
female,47,6740000.0,전문직,기혼,진보적,229000.0,중저가,여행,마이리얼트립,56,1,17,N,1,0.0,0.7339743589743589,0.0,0.9,1.0,0.0,0.35502958579881655,0.2,0.7725,1.0,0.09999999999999998,312000,유행,"가격, 일정",마이리얼트립,마이리얼트립 여행 366,"마이리얼트립 여행 ??. ?? ??: 가격, 일정, 숙소, 휴식, 가족, 기념일.",229000,169000,243000,4.58,3295.0,4,image_estimate,Y,Y,0.436,0.436
male,30,1310000.0,취업준비생,기혼,보수적,913000.0,고가,명품,구찌,36,14,18,Y,6,1.0,3.0,1.0,0.3333333333333333,1.0,0.2343921139101862,0.0530565167243368,0.2,0.7050000000000001,1.0,0.52,172000,보상,"희소성, 감성",구찌,구찌 명품 367,"구찌 명품 ??. ?? ??: 브랜드, 희소성, 디자인, 선물, 보상, 소장.",913000,867000,699000,4.04,1350.0,3,image_estimate,Y,Y,0.556,0.556
female,55,6690000.0,자영업,기혼,보수적,20000.0,초저가,식품,오뚜기,40,0,14,N,3,0.0,0.078125,0.0,0.9,0.0,0.35,0.05263157894736842,0.2,0.6219311619513981,1.0,0.57,256000,유행,"가격, 신선도",종근당,오뚜기 식품 368,"오뚜기 식품 ??. ?? ??: 가격, 신선도, 배송, 생활, 식사, 가족.",20000,19000,13000,,650.0,3,user_input,N,Y,0.487,0.487
female,46,3860000.0,공무원,기혼,보수적,591000.0,고가,가구,한샘,10,2,2,Y,5,0.0,0.6969339622641509,0.0,0.6666666666666666,0.0,0.19289340101522842,0.1588235294117647,0.2,0.45749999999999996,1.0,0.37,848000,생활,"내구성, 크기",라네즈,한샘 가구 369,"한샘 가구 ??. ?? ??: 내구성, 크기, 디자인, 이사, 인테리어, 생활.",591000,510000,477000,4.06,,1,manual,Y,N,0.577,0.577
female,47,3320000.0,공무원,미혼,보수적,84000.0,저가,패션,ZARA,7,6,14,N,0,0.0,0.13333333333333333,0.0,0.6666666666666666,1.0,0.0,0.3125,0.2,0.41375,1.0,0.09999999999999998,630000,유행,"디자인, 착용감",ZARA,ZARA 패션 370,"ZARA 패션 ??. ?? ??: 디자인, 착용감, 브랜드, 출근, 데이트, 여행.",84000,64000,86000,3.71,,3,crawler,Y,N,0.503,0.503
male,19,770000.0,학생,미혼,진보적,5000.0,초저가,식품,CJ,56,0,14,N,2,0.0,0.031446540880503145,1.0,0.0,1.0,0.4,0.25,0.2,0.7949999999999999,1.0,1.0,159000,식사,"희소성, 감성",CJ,CJ 식품 371,"CJ 식품 ??. ?? ??: 가격, 신선도, 배송, 생활, 식사, 가족.",5000,4000,3000,4.76,3753.0,1,user_input,Y,Y,0.387,0.387
female,59,6270000.0,자영업,기혼,보수적,37000.0,저가,화장품,라네즈,11,2,11,N,1,0.0,0.036345776031434185,0.0,0.9,1.0,0.0,0.32142857142857145,0.2,0.48874999999999996,1.0,0.019999999999999976,1018000,데일리,"성분, 가격",라네즈,라네즈 화장품 372,"라네즈 화장품 ??. ?? ??: 성분, 가격, 후기, 피부관리, 선물, 데일리.",37000,28000,38000,4.31,,3,crawler,Y,N,0.449,0.449
male,30,7400000.0,대기업직원,기혼,진보적,470000.0,중저가,패션,COS,12,1,21,N,0,0.45962732919254656,1.4596273291925466,0.0,0.6666666666666666,1.0,0.2680851063829787,0.22077922077922077,0.2,0.1875,0.75,0.09999999999999998,322000,여행,"디자인, 착용감",COS,COS 패션 373,"COS 패션 ??. ?? ??: 디자인, 착용감, 브랜드, 출근, 데이트, 여행.",470000,385000,344000,,,1,image_estimate,N,N,0.633,0.633
female,28,5200000.0,사무직,기혼,보수적,140000.0,중저가,건강관리,센트룸,8,4,22,N,4,0.0,0.17565872020075282,0.0,0.6666666666666666,1.0,0.34285714285714286,0.15702479338842976,0.2,0.1875,0.75,0.44999999999999996,797000,회복,"성분, 후기",센트룸,센트룸 건강관리 374,"센트룸 건강관리 ??. ?? ??: 성분, 후기, 안전성, 건강, 부모님, 회복.",140000,121000,92000,,,3,image_estimate,N,N,0.505,0.505
female,55,4540000.0,프리랜서,기혼,진보적,420000.0,중저가,교육,메가스터디,6,6,15,N,3,0.0,0.4259634888438134,1.0,0.9,1.0,0.14047619047619048,0.2537313432835821,0.2,0.5487500000000001,1.0,1.0,986000,취업,"강의품질, 가격",메가스터디,메가스터디 교육 375,"메가스터디 교육 ??. ?? ??: 강의품질, 가격, 커리큘럼, 공부, 취업, 자기계발.",420000,335000,361000,4.79,,3,crawler,Y,N,0.253,0.253
male,26,660000.0,학생,미혼,진보적,297000.0,중저가,건강관리,종근당,12,8,16,Y,5,1.0,3.0,0.0,0.6666666666666666,1.0,0.13804713804713806,0.26382978723404255,0.2,0.37625000000000003,1.0,0.44999999999999996,84000,선물,"성분, 후기",종근당,종근당 건강관리 376,"종근당 건강관리 ??. ?? ??: 성분, 후기, 안전성, 건강, 부모님, 회복.",297000,235000,256000,3.41,,2,user_input,Y,N,0.707,0.707
female,26,530000.0,학생,미혼,보수적,383000.0,중저가,패션,나이키,5,9,21,Y,6,1.0,3.0,0.0,0.0,0.0,0.0835509138381201,0.2983050847457627,0.2,0.38125000000000003,1.0,0.09999999999999998,75000,여행,"희소성, 감성",프라다,나이키 패션 377,"나이키 패션 ??. ?? ??: 디자인, 착용감, 브랜드, 출근, 데이트, 여행.",383000,295000,351000,3.45,,1,manual,Y,N,0.899,0.899
male,30,4370000.0,프리랜서,기혼,진보적,137000.0,중저가,패션,아디다스,47,4,13,N,4,0.0,0.15393258426966291,0.0,0.6666666666666666,1.0,0.014598540145985401,0.04580152671755725,0.2,0.6637500000000001,1.0,0.09999999999999998,890000,여행,"디자인, 착용감",아디다스,아디다스 패션 378,"아디다스 패션 ??. ?? ??: 디자인, 착용감, 브랜드, 출근, 데이트, 여행.",137000,131000,135000,3.71,1748.0,4,manual,Y,Y,0.452,0.452
male,55,5190000.0,사무직,기혼,진보적,668000.0,고가,패션,아디다스,46,4,9,Y,3,1.0,2.3857142857142857,1.0,0.6666666666666666,0.0,0.22005988023952097,0.14383561643835616,0.0,0.7749999999999999,1.0,0.6,280000,출근,"디자인, 착용감",삼성,아디다스 패션 379,"아디다스 패션 ??. ?? ??: 디자인, 착용감, 브랜드, 출근, 데이트, 여행.",668000,584000,521000,4.6,2340.0,0,crawler,Y,Y,0.58,0.58
female,58,2750000.0,주부,기혼,보수적,236000.0,중저가,건강관리,종근당,8,3,9,N,3,0.0,0.7712418300653595,0.0,0.6666666666666666,0.0,0.0,0.17412935323383086,0.2,0.5375000000000001,1.0,0.44999999999999996,306000,소장,"성분, 후기",설화수,종근당 건강관리 380,"종근당 건강관리 ??. ?? ??: 성분, 후기, 안전성, 건강, 부모님, 회복.",236000,201000,239000,4.7,,2,user_input,Y,N,0.529,0.529
male,40,5530000.0,공무원,미혼,보수적,5000.0,초저가,식품,CJ,36,4,10,N,2,0.0,0.006640106241699867,1.0,0.0,1.0,0.4,0.25,0.2,0.6486055128508608,1.0,1.0,753000,식사,"희소성, 감성",CJ,CJ 식품 381,"CJ 식품 ??. ?? ??: 가격, 신선도, 배송, 생활, 식사, 가족.",5000,4000,3000,3.87,378.0,1,image_estimate,Y,Y,0.378,0.378
female,49,2810000.0,주부,기혼,진보적,92000.0,저가,패션,나이키,48,4,19,N,0,0.0,0.23469387755102042,0.0,0.6666666666666666,0.0,0.0,0.15,0.2,0.6575727224019015,1.0,0.09999999999999998,392000,휴식,"디자인, 착용감",종근당,나이키 패션 382,"나이키 패션 ??. ?? ??: 디자인, 착용감, 브랜드, 출근, 데이트, 여행.",92000,80000,93000,3.75,734.0,3,naver_api,Y,Y,0.527,0.527
male,55,6020000.0,자영업,기혼,진보적,402000.0,중저가,명품,구찌,3,1,21,N,5,0.0,0.4908424908424908,0.0,0.6666666666666666,1.0,0.0,0.20359281437125748,0.2,0.39625,1.0,0.019999999999999976,819000,소장,"브랜드, 희소성",구찌,구찌 명품 383,"구찌 명품 ??. ?? ??: 브랜드, 희소성, 디자인, 선물, 보상, 소장.",402000,334000,433000,3.57,,2,image_estimate,Y,N,0.505,0.505
male,66,2190000.0,은퇴자,미혼,보수적,533000.0,고가,여행,마이리얼트립,13,6,10,Y,4,0.35623409669211203,1.356234096692112,0.0,0.9,1.0,0.35834896810506567,0.07459677419354839,0.0,0.445,1.0,0.09999999999999998,393000,선물,"가격, 일정",마이리얼트립,마이리얼트립 여행 384,"마이리얼트립 여행 ??. ?? ??: 가격, 일정, 숙소, 휴식, 가족, 기념일.",533000,496000,342000,3.96,,0,crawler,Y,N,0.528,0.528
male,23,660000.0,학생,미혼,보수적,38000.0,저가,패션,아디다스,44,3,22,N,3,0.0,0.3114754098360656,0.0,0.0,1.0,0.3157894736842105,0.08571428571428572,0.2,0.6074999999999999,1.0,0.09999999999999998,122000,휴식,"희소성, 감성",아디다스,아디다스 패션 385,"아디다스 패션 ??. ?? ??: 디자인, 착용감, 브랜드, 출근, 데이트, 여행.",38000,35000,26000,3.26,1515.0,1,crawler,Y,Y,0.59,0.59
male,24,1240000.0,취업준비생,기혼,진보적,465000.0,중저가,교육,패스트캠퍼스,56,5,19,Y,6,1.0,2.8181818181818183,1.0,0.0,1.0,0.053763440860215055,0.29526462395543174,0.2,0.65875,1.0,1.0,165000,공부,"희소성, 감성",패스트캠퍼스,패스트캠퍼스 교육 386,"패스트캠퍼스 교육 ??. ?? ??: 강의품질, 가격, 커리큘럼, 공부, 취업, 자기계발.",465000,359000,440000,3.67,3934.0,2,image_estimate,Y,Y,0.589,0.589
male,37,2200000.0,주부,미혼,진보적,384000.0,중저가,전자기기,소니,40,7,17,N,2,0.7375565610859729,1.737556561085973,1.0,0.9375,0.0,0.28125,0.15315315315315314,0.2,0.6275,1.0,0.87,221000,업무,"성능, 배터리",메가스터디,소니 전자기기 387,"소니 전자기기 ??. ?? ??: 성능, 배터리, 휴대성, 업무, 공부, 게임, 콘텐츠.",384000,333000,276000,3.42,1534.0,4,crawler,Y,Y,0.492,0.492
male,48,3610000.0,사무직,기혼,진보적,459000.0,중저가,패션,나이키,5,4,13,N,1,0.0,0.6227951153324288,1.0,0.6666666666666666,0.0,0.0,0.2893258426966292,0.2,0.395,1.0,0.6,737000,출근,"디자인, 착용감",이니스프리,나이키 패션 388,"나이키 패션 ??. ?? ??: 디자인, 착용감, 브랜드, 출근, 데이트, 여행.",459000,356000,476000,3.56,,1,crawler,Y,N,0.377,0.377
female,30,5150000.0,공무원,미혼,진보적,91000.0,저가,화장품,이니스프리,52,2,9,N,2,0.0,0.4504950495049505,0.0,0.0,1.0,0.0,0.1518987341772152,0.0,0.7962499999999999,1.0,0.019999999999999976,202000,소장,"희소성, 감성",이니스프리,이니스프리 화장품 389,"이니스프리 화장품 ??. ?? ??: 성분, 가격, 후기, 피부관리, 선물, 데일리.",91000,79000,91000,4.77,1320.0,0,crawler,Y,Y,0.553,0.553
female,25,760000.0,학생,미혼,진보적,34000.0,저가,생활용품,3M,16,3,11,N,3,0.4782608695652173,1.4782608695652173,0.0,0.9,1.0,0.2647058823529412,0.21428571428571427,0.2,0.48874999999999996,1.0,0.57,23000,소장,"가격, 내구성",3M,3M 생활용품 390,"3M 생활용품 ??. ?? ??: 가격, 내구성, 용량, 생활, 청소, 가정.",34000,28000,25000,4.31,,1,manual,Y,N,0.552,0.552
female,41,3860000.0,프리랜서,기혼,진보적,38000.0,저가,패션,아디다스,13,3,1,N,0,0.0,0.052054794520547946,0.0,0.6666666666666666,0.0,0.34210526315789475,0.26666666666666666,0.2,0.46875000000000006,1.0,0.09999999999999998,730000,소장,"디자인, 착용감",유한킴벌리,아디다스 패션 391,"아디다스 패션 ??. ?? ??: 디자인, 착용감, 브랜드, 출근, 데이트, 여행.",38000,30000,25000,4.15,,4,crawler,Y,N,0.61,0.61
female,25,1340000.0,취업준비생,미혼,보수적,239000.0,중저가,패션,나이키,46,4,2,N,4,0.09633027522935778,1.0963302752293578,0.0,0.6666666666666666,1.0,0.2928870292887029,0.04824561403508772,0.2,0.8049999999999999,1.0,0.09999999999999998,218000,여행,"디자인, 착용감",나이키,나이키 패션 392,"나이키 패션 ??. ?? ??: 디자인, 착용감, 브랜드, 출근, 데이트, 여행.",239000,228000,169000,4.84,1079.0,1,manual,Y,Y,0.5,0.5
female,61,6540000.0,자영업,기혼,보수적,14000.0,초저가,식품,동원,45,3,13,N,3,0.0,0.06222222222222222,1.0,0.9,1.0,0.21428571428571427,0.07692307692307693,0.2,0.6375,1.0,1.0,225000,생활,"가격, 신선도",동원,동원 식품 393,"동원 식품 ??. ?? ??: 가격, 신선도, 배송, 생활, 식사, 가족.",14000,13000,11000,,3227.0,4,naver_api,N,Y,0.219,0.219
male,62,7020000.0,자영업,미혼,보수적,61000.0,저가,가구,이케아,55,3,18,N,3,0.0,0.045454545454545456,0.0,0.6666666666666666,0.0,0.0,0.35555555555555557,0.2,0.6737500000000001,1.0,0.37,1342000,유행,"내구성, 크기",메가스터디,이케아 가구 394,"이케아 가구 ??. ?? ??: 내구성, 크기, 디자인, 이사, 인테리어, 생활.",61000,45000,65000,3.79,3856.0,4,naver_api,Y,Y,0.522,0.522
female,53,7870000.0,대기업직원,기혼,진보적,343000.0,중저가,가구,리바트,3,6,10,N,3,0.0,0.1981513575967649,0.0,0.0,0.0,0.008746355685131196,0.04573170731707317,0.2,0.47000000000000003,1.0,0.37,1731000,소장,"희소성, 감성",프라다,리바트 가구 395,"리바트 가구 ??. ?? ??: 내구성, 크기, 디자인, 이사, 인테리어, 생활.",343000,328000,340000,4.16,,2,naver_api,Y,N,0.651,0.651
male,27,4260000.0,프리랜서,미혼,보수적,488000.0,중저가,패션,아디다스,56,2,18,N,5,0.8141263940520447,1.8141263940520447,1.0,0.0,0.0,0.26434426229508196,0.02092050209205021,0.2,0.73,1.0,0.6,269000,데이트,"희소성, 감성",동원,아디다스 패션 396,"아디다스 패션 ??. ?? ??: 디자인, 착용감, 브랜드, 출근, 데이트, 여행.",488000,478000,359000,4.24,3990.0,4,crawler,Y,Y,0.644,0.644
male,73,2570000.0,은퇴자,미혼,보수적,1071000.0,고가,명품,루이비통,50,7,9,Y,4,1.0,3.0,0.0,0.6666666666666666,1.0,0.2913165266106443,0.2811004784688995,0.2,0.7525,1.0,0.019999999999999976,304000,유행,"브랜드, 희소성",루이비통,루이비통 명품 397,"루이비통 명품 ??. ?? ??: 브랜드, 희소성, 디자인, 선물, 보상, 소장.",1071000,836000,759000,4.42,3604.0,2,image_estimate,Y,Y,0.758,0.758
male,36,2390000.0,주부,기혼,진보적,124000.0,중저가,건강관리,정관장,43,6,22,N,4,0.0,0.3324396782841823,1.0,0.0,0.0,0.0,0.2653061224489796,0.2,0.7925,1.0,0.95,373000,부모님,"희소성, 감성",소니,정관장 건강관리 398,"정관장 건강관리 ??. ?? ??: 성분, 후기, 안전성, 건강, 부모님, 회복.",124000,98000,131000,4.74,1872.0,4,manual,Y,Y,0.454,0.454
female,54,6560000.0,자영업,미혼,보수적,512000.0,고가,패션,COS,13,1,11,Y,5,0.08936170212765959,1.0893617021276596,0.0,0.6666666666666666,0.0,0.20703125,0.06889352818371608,0.2,0.1875,0.75,0.09999999999999998,470000,여행,"디자인, 착용감",CJ,COS 패션 399,"COS 패션 ??. ?? ??: 디자인, 착용감, 브랜드, 출근, 데이트, 여행.",512000,479000,406000,,,1,image_estimate,N,N,0.589,0.589
male,45,10610000.0,전문직,미혼,보수적,6000.0,초저가,생활용품,3M,6,0,21,N,4,0.0,0.004081632653061225,0.0,0.9,1.0,0.3333333333333333,0.2,0.2,0.5075000000000001,1.0,0.57,1470000,유행,"가격, 내구성",3M,3M 생활용품 400,"3M 생활용품 ??. ?? ??: 가격, 내구성, 용량, 생활, 청소, 가정.",6000,5000,4000,4.46,,3,naver_api,Y,N,0.416,0.416
female,65,3400000.0,은퇴자,기혼,보수적,448000.0,중저가,화장품,라네즈,53,4,15,N,1,1.0,2.5168539325842696,0.0,0.0,0.0,0.13392857142857142,0.26912181303116145,0.2,0.68125,1.0,0.019999999999999976,178000,소장,"희소성, 감성",이니스프리,라네즈 화장품 401,"라네즈 화장품 ??. ?? ??: 성분, 가격, 후기, 피부관리, 선물, 데일리.",448000,353000,388000,3.85,3369.0,1,manual,Y,Y,0.885,0.885
male,45,5140000.0,자영업,기혼,진보적,251000.0,중저가,전자기기,삼성,14,4,18,N,2,0.0,0.8070739549839229,0.0,0.0,1.0,0.28286852589641437,0.08658008658008658,0.0,0.42875,1.0,0.37,311000,유행,"희소성, 감성",삼성,삼성 전자기기 402,"삼성 전자기기 ??. ?? ??: 성능, 배터리, 휴대성, 업무, 공부, 게임, 콘텐츠.",251000,231000,180000,3.83,,0,manual,Y,N,0.591,0.591
male,56,6260000.0,전문직,기혼,보수적,1294000.0,고가,전자기기,삼성,39,5,2,Y,6,0.0,0.9743975903614458,0.0,0.0,1.0,0.22720247295208656,0.10598290598290598,0.0,0.7682125698294138,1.0,0.37,1328000,유행,"희소성, 감성",삼성,삼성 전자기기 403,"삼성 전자기기 ??. ?? ??: 성능, 배터리, 휴대성, 업무, 공부, 게임, 콘텐츠.",1294000,1170000,1000000,4.86,337.0,0,image_estimate,Y,Y,0.556,0.556
male,34,6570000.0,전문직,기혼,진보적,5000.0,초저가,식품,오뚜기,16,4,14,N,2,0.0,0.00547645125958379,1.0,0.9,0.0,0.2,0.25,0.0,0.4275,1.0,1.0,913000,생활,"가격, 신선도",ZARA,오뚜기 식품 404,"오뚜기 식품 ??. ?? ??: 가격, 신선도, 배송, 생활, 식사, 가족.",5000,4000,4000,3.82,,0,user_input,Y,N,0.315,0.315
female,67,2930000.0,은퇴자,미혼,보수적,143000.0,중저가,패션,아디다스,13,4,13,N,0,0.0,0.24361158432708688,0.0,0.0,0.0,0.055944055944055944,0.3619047619047619,0.2,0.4925,1.0,0.09999999999999998,587000,소장,"희소성, 감성",소니,아디다스 패션 405,"아디다스 패션 ??. ?? ??: 디자인, 착용감, 브랜드, 출근, 데이트, 여행.",143000,105000,135000,4.34,,2,naver_api,Y,N,0.7,0.7
female,42,6350000.0,대기업직원,미혼,진보적,590000.0,고가,건강관리,센트룸,3,3,12,Y,3,0.0,0.6357758620689655,0.0,0.6666666666666666,1.0,0.0,0.12595419847328243,0.2,0.44875000000000004,1.0,0.44999999999999996,928000,회복,"성분, 후기",센트룸,센트룸 건강관리 406,"센트룸 건강관리 ??. ?? ??: 성분, 후기, 안전성, 건강, 부모님, 회복.",590000,524000,598000,3.99,,4,naver_api,Y,N,0.428,0.428
male,48,2470000.0,주부,기혼,보수적,588000.0,고가,화장품,라네즈,51,7,16,Y,5,1.0,3.0,0.0,0.0,1.0,0.1683673469387755,0.072992700729927,0.2,0.7012499999999999,1.0,0.019999999999999976,108000,데일리,"희소성, 감성",라네즈,라네즈 화장품 407,"라네즈 화장품 ??. ?? ??: 성분, 가격, 후기, 피부관리, 선물, 데일리.",588000,548000,489000,4.01,3355.0,2,image_estimate,Y,Y,0.773,0.773
female,34,5940000.0,공무원,미혼,진보적,6000.0,초저가,식품,동원,42,1,10,N,1,0.0,0.011764705882352941,1.0,0.9,1.0,0.0,0.2,0.2,0.6174999999999999,1.0,1.0,510000,식사,"가격, 신선도",동원,동원 식품 408,"동원 식품 ??. ?? ??: 가격, 신선도, 배송, 생활, 식사, 가족.",6000,5000,6000,3.34,1880.0,4,crawler,Y,Y,0.223,0.223
female,39,7040000.0,대기업직원,미혼,보수적,117000.0,중저가,건강관리,센트룸,35,0,14,N,2,0.0,0.1404561824729892,1.0,0.6666666666666666,0.0,0.3076923076923077,0.05405405405405406,0.0,0.6014681091175944,1.0,0.95,833000,부모님,"성분, 후기",CJ,센트룸 건강관리 409,"센트룸 건강관리 ??. ?? ??: 성분, 후기, 안전성, 건강, 부모님, 회복.",117000,111000,81000,3.59,270.0,0,image_estimate,Y,Y,0.364,0.364
male,27,780000.0,학생,미혼,보수적,80000.0,저가,생활용품,3M,11,1,21,N,2,0.0,0.6611570247933884,0.0,0.9,1.0,0.125,0.19402985074626866,0.0,0.4325,1.0,0.57,121000,가정,"가격, 내구성",3M,3M 생활용품 410,"3M 생활용품 ??. ?? ??: 가격, 내구성, 용량, 생활, 청소, 가정.",80000,67000,70000,3.86,,0,crawler,Y,N,0.406,0.406
male,26,3250000.0,프리랜서,미혼,보수적,6419000.0,초고가,명품,루이비통,33,25,10,Y,15,1.0,3.0,0.0,0.6666666666666666,1.0,0.09985979124474217,0.36807331628303497,0.2,0.7841992693872166,1.0,0.019999999999999976,388000,소장,"브랜드, 희소성",루이비통,루이비통 명품 411,"루이비통 명품 ??. ?? ??: 브랜드, 희소성, 디자인, 선물, 보상, 소장.",6419000,4692000,5778000,4.89,473.0,4,manual,Y,Y,0.719,0.719
male,44,9290000.0,전문직,기혼,진보적,46000.0,저가,교육,패스트캠퍼스,30,4,15,N,3,0.0,0.0688622754491018,0.0,0.9,0.0,0.13043478260869565,0.09523809523809523,0.0,0.5665756818144252,1.0,0.57,668000,자기계발,"강의품질, 가격",소니,패스트캠퍼스 교육 412,"패스트캠퍼스 교육 ??. ?? ??: 강의품질, 가격, 커리큘럼, 공부, 취업, 자기계발.",46000,42000,40000,,140.0,0,naver_api,N,Y,0.496,0.496
female,20,630000.0,학생,미혼,보수적,2333000.0,초고가,명품,샤넬,48,50,22,Y,30,1.0,3.0,1.0,0.6666666666666666,1.0,0.1495927989712816,0.032300884955752215,0.0,0.7862500000000001,1.0,0.52,135000,보상,"브랜드, 희소성",샤넬,샤넬 명품 413,"샤넬 명품 ??. ?? ??: 브랜드, 희소성, 디자인, 선물, 보상, 소장.",2333000,2260000,1984000,4.69,1770.0,0,crawler,Y,Y,0.518,0.518
male,38,7830000.0,대기업직원,기혼,보수적,267000.0,중저가,건강관리,정관장,56,2,11,N,4,0.0,0.8725490196078431,0.0,0.6666666666666666,0.0,0.2846441947565543,0.08979591836734693,0.2,0.6925,1.0,0.44999999999999996,306000,유행,"성분, 후기",레노버,정관장 건강관리 414,"정관장 건강관리 ??. ?? ??: 성분, 후기, 안전성, 건강, 부모님, 회복.",267000,245000,191000,3.94,3286.0,1,manual,Y,Y,0.523,0.523
female,41,7070000.0,대기업직원,기혼,보수적,4000.0,초저가,식품,오뚜기,5,3,11,N,2,0.0,0.010443864229765013,0.0,0.9,0.0,0.25,0.05,0.2,0.43875000000000003,1.0,0.57,383000,가족,"가격, 신선도",샤넬,오뚜기 식품 415,"오뚜기 식품 ??. ?? ??: 가격, 신선도, 배송, 생활, 식사, 가족.",4000,4000,3000,3.91,,1,naver_api,Y,N,0.511,0.511
female,23,900000.0,학생,미혼,진보적,62000.0,저가,가구,리바트,49,5,21,N,0,0.0,0.3333333333333333,0.0,0.0,0.0,0.25806451612903225,0.01639344262295082,0.2,0.65,1.0,0.37,186000,생활,"희소성, 감성",동원,리바트 가구 416,"리바트 가구 ??. ?? ??: 내구성, 크기, 디자인, 이사, 인테리어, 생활.",62000,61000,46000,3.6,2041.0,4,naver_api,Y,Y,0.653,0.653
male,55,8070000.0,대기업직원,미혼,보수적,132000.0,중저가,패션,ZARA,38,0,18,N,3,0.0,0.12476370510396975,1.0,0.0,1.0,0.3560606060606061,0.32,0.2,0.61,1.0,0.6,1058000,데이트,"희소성, 감성",ZARA,ZARA 패션 417,"ZARA 패션 ??. ?? ??: 디자인, 착용감, 브랜드, 출근, 데이트, 여행.",132000,100000,85000,3.28,1783.0,3,image_estimate,Y,Y,0.436,0.436
female,30,1150000.0,취업준비생,기혼,보수적,4580000.0,초고가,명품,샤넬,6,52,0,Y,34,1.0,3.0,0.0,0.3333333333333333,1.0,0.2519650655021834,0.11489776046738072,0.2,0.5587500000000001,1.0,0.019999999999999976,230000,소장,"희소성, 감성",샤넬,샤넬 명품 418,"샤넬 명품 ??. ?? ??: 브랜드, 희소성, 디자인, 선물, 보상, 소장.",4580000,4108000,3426000,4.87,,1,user_input,Y,N,0.794,0.794
male,67,2020000.0,은퇴자,기혼,보수적,90000.0,저가,패션,ZARA,42,4,17,N,1,0.0,0.6666666666666666,1.0,0.0,0.0,0.022222222222222223,0.16883116883116883,0.2,0.615961866427067,1.0,0.6,135000,데이트,"희소성, 감성",다이소,ZARA 패션 419,"ZARA 패션 ??. ?? ??: 디자인, 착용감, 브랜드, 출근, 데이트, 여행.",90000,77000,88000,,551.0,1,crawler,N,Y,0.437,0.437
male,50,5600000.0,대기업직원,기혼,진보적,553000.0,고가,교육,메가스터디,52,3,11,Y,1,0.0,0.8722397476340694,0.0,0.9,0.0,0.27848101265822783,0.29508196721311475,0.2,0.6375,1.0,0.57,634000,자기계발,"강의품질, 가격",오뚜기,메가스터디 교육 420,"메가스터디 교육 ??. ?? ??: 강의품질, 가격, 커리큘럼, 공부, 취업, 자기계발.",553000,427000,399000,,1863.0,1,user_input,N,Y,0.55,0.55
female,49,4460000.0,자영업,기혼,보수적,304000.0,중저가,교육,클래스101,23,6,22,N,2,1.0,2.235294117647059,1.0,0.9,0.0,0.11842105263157894,0.2936170212765957,0.2,0.5602512043658697,1.0,1.0,136000,취업,"강의품질, 가격",하나투어,클래스101 교육 421,"클래스101 교육 ??. ?? ??: 강의품질, 가격, 커리큘럼, 공부, 취업, 자기계발.",304000,235000,268000,3.8,41.0,4,image_estimate,Y,Y,0.531,0.531
female,21,730000.0,학생,미혼,진보적,172000.0,중저가,전자기기,레노버,38,3,20,Y,3,0.8297872340425532,1.8297872340425532,0.0,0.0,0.0,0.27906976744186046,0.04242424242424243,0.0,0.6431338275726932,1.0,0.37,94000,휴식,"희소성, 감성",CJ,레노버 전자기기 422,"레노버 전자기기 ??. ?? ??: 성능, 배터리, 휴대성, 업무, 공부, 게임, 콘텐츠.",172000,165000,124000,3.66,672.0,0,naver_api,Y,Y,0.838,0.838
female,52,4200000.0,공무원,기혼,보수적,3029000.0,초고가,명품,루이비통,6,10,18,Y,7,1.0,3.0,1.0,0.6666666666666666,0.0,0.1399801914823374,0.3631863186318632,0.2,0.39625,1.0,0.52,197000,보상,"브랜드, 희소성",마이리얼트립,루이비통 명품 423,"루이비통 명품 ??. ?? ??: 브랜드, 희소성, 디자인, 선물, 보상, 소장.",3029000,2222000,2605000,3.57,,1,crawler,Y,N,0.653,0.653
male,50,2410000.0,주부,기혼,진보적,304000.0,중저가,전자기기,레노버,9,3,2,N,1,0.0,0.8021108179419525,1.0,0.9375,1.0,0.0,0.2459016393442623,0.2,0.46875000000000006,1.0,0.87,379000,게임,"성능, 배터리",레노버,레노버 전자기기 424,"레노버 전자기기 ??. ?? ??: 성능, 배터리, 휴대성, 업무, 공부, 게임, 콘텐츠.",304000,244000,304000,4.15,,2,manual,Y,N,0.24,0.24
male,37,5580000.0,대기업직원,기혼,진보적,1079000.0,고가,여행,마이리얼트립,13,7,0,Y,3,0.36409608091024026,1.3640960809102403,1.0,0.0,0.0,0.18072289156626506,0.296875,0.2,0.49625,1.0,0.6,791000,가족,"희소성, 감성",센트룸,마이리얼트립 여행 425,"마이리얼트립 여행 ??. ?? ??: 가격, 일정, 숙소, 휴식, 가족, 기념일.",1079000,832000,884000,4.37,,4,manual,Y,N,0.59,0.59
male,45,5630000.0,사무직,기혼,보수적,416000.0,중저가,패션,COS,49,3,0,N,2,0.03482587064676612,1.0348258706467661,0.0,0.0,0.0,0.0,0.37293729372937295,0.2,0.6902297666486688,1.0,0.09999999999999998,402000,소장,"희소성, 감성",소니,COS 패션 426,"COS 패션 ??. ?? ??: 디자인, 착용감, 브랜드, 출근, 데이트, 여행.",416000,303000,441000,3.99,790.0,2,naver_api,Y,Y,0.654,0.654
female,67,3780000.0,은퇴자,기혼,진보적,85000.0,저가,패션,COS,45,1,1,N,4,0.0,0.17708333333333334,0.0,0.0,1.0,0.2235294117647059,0.2878787878787879,0.2,0.6625000000000001,1.0,0.09999999999999998,480000,휴식,"희소성, 감성",COS,COS 패션 427,"COS 패션 ??. ?? ??: 디자인, 착용감, 브랜드, 출근, 데이트, 여행.",85000,66000,66000,3.7,1818.0,4,naver_api,Y,Y,0.621,0.621
male,33,3050000.0,주부,기혼,보수적,361000.0,중저가,가구,이케아,50,4,1,N,5,0.028490028490028463,1.0284900284900285,0.0,0.6666666666666666,0.0,0.14958448753462603,0.3622641509433962,0.0,0.6375,1.0,0.37,351000,소장,"내구성, 크기",라네즈,이케아 가구 428,"이케아 가구 ??. ?? ??: 내구성, 크기, 디자인, 이사, 인테리어, 생활.",361000,265000,307000,,2776.0,0,naver_api,N,Y,0.567,0.567
female,46,9010000.0,전문직,기혼,보수적,63000.0,저가,패션,나이키,2,1,9,N,3,0.0,0.035058430717863104,0.0,0.0,1.0,0.0,0.08620689655172414,0.2,0.5237499999999999,1.0,0.09999999999999998,1797000,유행,"희소성, 감성",나이키,나이키 패션 429,"나이키 패션 ??. ?? ??: 디자인, 착용감, 브랜드, 출근, 데이트, 여행.",63000,58000,64000,4.59,,4,naver_api,Y,N,0.593,0.593
male,74,3760000.0,은퇴자,미혼,진보적,467000.0,중저가,여행,마이리얼트립,42,2,0,N,4,1.0,2.9745222929936306,0.0,0.0,1.0,0.3468950749464668,0.1362530413625304,0.2,0.7108196450685873,1.0,0.09999999999999998,157000,선물,"희소성, 감성",마이리얼트립,마이리얼트립 여행 430,"마이리얼트립 여행 ??. ?? ??: 가격, 일정, 숙소, 휴식, 가족, 기념일.",467000,411000,305000,4.15,803.0,2,user_input,Y,Y,0.813,0.813
male,29,560000.0,학생,미혼,보수적,229000.0,중저가,전자기기,삼성,56,8,22,Y,3,1.0,3.0,1.0,0.9375,1.0,0.33624454148471616,0.3795180722891566,0.2,0.6375,1.0,0.87,36000,공부,"성능, 배터리",삼성,삼성 전자기기 431,"삼성 전자기기 ??. ?? ??: 성능, 배터리, 휴대성, 업무, 공부, 게임, 콘텐츠.",229000,166000,152000,,3232.0,4,crawler,N,Y,0.517,0.517
female,50,5220000.0,자영업,기혼,보수적,1189000.0,고가,교육,메가스터디,32,6,21,Y,6,1.0,2.720823798627002,1.0,0.9,0.0,0.1152228763666947,0.02943722943722944,0.2,0.6251318554086285,1.0,1.0,437000,공부,"강의품질, 가격",설화수,메가스터디 교육 432,"메가스터디 교육 ??. ?? ??: 강의품질, 가격, 커리큘럼, 공부, 취업, 자기계발.",1189000,1155000,1052000,4.02,117.0,1,crawler,Y,Y,0.527,0.527
female,47,8710000.0,대기업직원,기혼,진보적,1136000.0,고가,여행,마이리얼트립,4,2,15,Y,1,0.955249569707401,1.955249569707401,0.0,0.9,0.0,0.0,0.16992790937178168,0.2,0.54375,1.0,0.09999999999999998,581000,선물,"가격, 일정",라네즈,마이리얼트립 여행 433,"마이리얼트립 여행 ??. ?? ??: 가격, 일정, 숙소, 휴식, 가족, 기념일.",1136000,971000,1174000,4.75,,2,naver_api,Y,N,0.744,0.744
male,59,5200000.0,자영업,기혼,진보적,489000.0,중저가,패션,나이키,45,6,14,N,5,0.0,0.49047141424272817,1.0,0.0,0.0,0.03885480572597137,0.07236842105263158,0.0,0.76875,1.0,0.6,997000,출근,"희소성, 감성",하나투어,나이키 패션 434,"나이키 패션 ??. ?? ??: 디자인, 착용감, 브랜드, 출근, 데이트, 여행.",489000,456000,470000,4.55,3178.0,0,manual,Y,Y,0.439,0.439
male,45,4950000.0,사무직,기혼,보수적,1011000.0,고가,가구,이케아,54,6,10,Y,6,0.07211028632025451,1.0721102863202545,0.0,0.0,1.0,0.11374876360039565,0.32503276539973786,0.2,0.8025,1.0,0.37,943000,소장,"희소성, 감성",이케아,이케아 가구 435,"이케아 가구 ??. ?? ??: 내구성, 크기, 디자인, 이사, 인테리어, 생활.",1011000,763000,896000,4.82,3422.0,1,user_input,Y,Y,0.579,0.579
female,45,3180000.0,사무직,기혼,진보적,12000.0,초저가,생활용품,유한킴벌리,50,4,15,N,0,0.0,0.019138755980861243,1.0,0.9,0.0,0.0,0.3333333333333333,0.2,0.60625,1.0,1.0,627000,생활,"가격, 내구성",나이키,유한킴벌리 생활용품 436,"유한킴벌리 생활용품 ??. ?? ??: 가격, 내구성, 용량, 생활, 청소, 가정.",12000,9000,13000,3.25,2539.0,3,user_input,Y,Y,0.301,0.301
male,40,6530000.0,전문직,기혼,보수적,152000.0,중저가,패션,나이키,49,4,11,N,4,0.0,0.1646803900325027,1.0,0.6666666666666666,0.0,0.21710526315789475,0.38181818181818183,0.2,0.7475,1.0,0.6,923000,데이트,"디자인, 착용감",ZARA,나이키 패션 437,"나이키 패션 ??. ?? ??: 디자인, 착용감, 브랜드, 출근, 데이트, 여행.",152000,110000,119000,4.38,3489.0,4,user_input,Y,Y,0.4,0.4
male,34,7930000.0,대기업직원,기혼,보수적,41000.0,저가,화장품,설화수,15,5,17,N,1,0.0,0.07243816254416961,0.0,0.9,1.0,0.2682926829268293,0.1388888888888889,0.2,0.56125,1.0,0.019999999999999976,566000,데일리,"성분, 가격",설화수,설화수 화장품 438,"설화수 화장품 ??. ?? ??: 성분, 가격, 후기, 피부관리, 선물, 데일리.",41000,36000,30000,4.89,,3,image_estimate,Y,N,0.454,0.454
male,50,7580000.0,전문직,기혼,보수적,377000.0,중저가,건강관리,종근당,47,5,17,N,2,0.0,0.29615082482325217,0.0,0.6666666666666666,1.0,0.1909814323607427,0.03856749311294766,0.0,0.5964840510253795,1.0,0.44999999999999996,1273000,회복,"성분, 후기",종근당,종근당 건강관리 439,"종근당 건강관리 ??. ?? ??: 성분, 후기, 안전성, 건강, 부모님, 회복.",377000,363000,305000,3.28,688.0,0,naver_api,Y,Y,0.434,0.434
male,45,2180000.0,주부,기혼,보수적,870000.0,고가,교육,클래스101,47,6,19,Y,5,1.0,3.0,0.0,0.9,0.0,0.29195402298850576,0.22191011235955055,0.0,0.60375,1.0,0.57,272000,선물,"강의품질, 가격",라네즈,클래스101 교육 440,"클래스101 교육 ??. ?? ??: 강의품질, 가격, 커리큘럼, 공부, 취업, 자기계발.",870000,712000,616000,3.23,1082.0,0,manual,Y,Y,0.729,0.729
male,29,6140000.0,공무원,기혼,진보적,605000.0,고가,여행,대한항공,42,1,10,Y,5,0.0,0.4521674140508221,1.0,0.0,0.0,0.09256198347107437,0.2551867219917012,0.2,0.6212500000000001,1.0,0.6,1338000,휴식,"희소성, 감성",루이비통,대한항공 여행 441,"대한항공 여행 ??. ?? ??: 가격, 일정, 숙소, 휴식, 가족, 기념일.",605000,482000,549000,3.37,2720.0,3,crawler,Y,Y,0.471,0.471
male,20,520000.0,학생,미혼,보수적,29000.0,초저가,화장품,이니스프리,49,2,17,N,3,0.0,0.4461538461538462,0.0,0.9,0.0,0.13793103448275862,0.03571428571428571,0.2,0.6342098192523312,1.0,0.019999999999999976,65000,데일리,"성분, 가격",정관장,이니스프리 화장품 442,"이니스프리 화장품 ??. ?? ??: 성분, 가격, 후기, 피부관리, 선물, 데일리.",29000,28000,25000,3.5,913.0,4,naver_api,Y,Y,0.489,0.489
male,46,5380000.0,사무직,미혼,진보적,6312000.0,초고가,전자기기,소니,52,15,10,Y,9,1.0,3.0,1.0,0.9375,1.0,0.2709125475285171,0.16953863257365204,0.2,0.6275,1.0,0.87,279000,업무,"성능, 배터리",소니,소니 전자기기 443,"소니 전자기기 ??. ?? ??: 성능, 배터리, 휴대성, 업무, 공부, 게임, 콘텐츠.",6312000,5397000,4602000,3.42,2960.0,2,user_input,Y,Y,0.48,0.48
female,45,2630000.0,주부,기혼,보수적,1415000.0,고가,명품,샤넬,43,7,13,Y,5,1.0,2.685009487666034,1.0,0.6666666666666666,1.0,0.09187279151943463,0.20425531914893616,0.2,0.79375,1.0,0.52,527000,보상,"브랜드, 희소성",샤넬,샤넬 명품 444,"샤넬 명품 ??. ?? ??: 브랜드, 희소성, 디자인, 선물, 보상, 소장.",1415000,1175000,1285000,4.75,1738.0,3,crawler,Y,Y,0.497,0.497
female,59,10410000.0,전문직,기혼,진보적,6602000.0,초고가,명품,프라다,15,12,17,Y,7,1.0,3.0,1.0,0.3333333333333333,1.0,0.2759769766737352,0.23056849953401679,0.2,0.48625,1.0,0.52,2030000,선물,"희소성, 감성",프라다,프라다 명품 445,"프라다 명품 ??. ?? ??: 브랜드, 희소성, 디자인, 선물, 보상, 소장.",6602000,5365000,4780000,4.29,,3,image_estimate,Y,N,0.607,0.607
male,37,3630000.0,공무원,기혼,진보적,272000.0,중저가,교육,패스트캠퍼스,18,3,20,N,4,0.7106918238993711,1.7106918238993711,1.0,0.0,1.0,0.0,0.034220532319391636,0.0,0.5359034811353849,1.0,1.0,159000,취업,"희소성, 감성",패스트캠퍼스,패스트캠퍼스 교육 446,"패스트캠퍼스 교육 ??. ?? ??: 강의품질, 가격, 커리큘럼, 공부, 취업, 자기계발.",272000,263000,283000,3.82,19.0,0,image_estimate,Y,Y,0.497,0.497
male,41,10120000.0,전문직,미혼,보수적,31000.0,저가,패션,COS,44,0,20,N,0,0.0,0.045454545454545456,0.0,0.6666666666666666,0.0,0.2903225806451613,0.24,0.2,0.6208020228856732,1.0,0.09999999999999998,682000,소장,"디자인, 착용감",정관장,COS 패션 447,"COS 패션 ??. ?? ??: 디자인, 착용감, 브랜드, 출근, 데이트, 여행.",31000,25000,22000,,630.0,1,user_input,N,Y,0.577,0.577
male,35,5090000.0,프리랜서,기혼,진보적,4000.0,초저가,식품,오뚜기,55,1,15,N,3,0.0,0.00975609756097561,0.0,0.0,0.0,0.25,0.05,0.2,0.6675,1.0,0.57,410000,유행,"희소성, 감성",LG,오뚜기 식품 448,"오뚜기 식품 ??. ?? ??: 가격, 신선도, 배송, 생활, 식사, 가족.",4000,4000,3000,3.74,3682.0,3,naver_api,Y,Y,0.624,0.624
female,68,2160000.0,은퇴자,미혼,진보적,349000.0,중저가,여행,대한항공,13,4,12,N,4,0.07055214723926384,1.0705521472392638,1.0,0.9,0.0,0.19197707736389685,0.2878228782287823,0.2,0.1875,0.75,0.6,326000,휴식,"가격, 일정",애플,대한항공 여행 449,"대한항공 여행 ??. ?? ??: 가격, 일정, 숙소, 휴식, 가족, 기념일.",349000,271000,282000,,,4,image_estimate,N,N,0.363,0.363
female,62,2840000.0,은퇴자,기혼,보수적,9000.0,초저가,생활용품,3M,14,2,19,N,4,0.0,0.058823529411764705,0.0,0.9,1.0,0.1111111111111111,0.125,0.2,0.46125,1.0,0.57,153000,유행,"가격, 내구성",3M,3M 생활용품 450,"3M 생활용품 ??. ?? ??: 가격, 내구성, 용량, 생활, 청소, 가정.",9000,8000,8000,4.09,,1,manual,Y,N,0.402,0.402
male,75,3300000.0,은퇴자,미혼,보수적,119000.0,중저가,생활용품,유한킴벌리,42,6,13,N,1,0.0,0.18449612403100776,0.0,0.0,0.0,0.24369747899159663,0.27956989247311825,0.2,0.7329134967801909,1.0,0.57,645000,가정,"희소성, 감성",아디다스,유한킴벌리 생활용품 451,"유한킴벌리 생활용품 ??. ?? ??: 가격, 내구성, 용량, 생활, 청소, 가정.",119000,93000,90000,4.57,346.0,4,user_input,Y,Y,0.647,0.647
male,55,6940000.0,대기업직원,미혼,진보적,589000.0,고가,화장품,설화수,44,2,0,Y,2,0.30022075055187636,1.3002207505518764,1.0,0.0,1.0,0.22920203735144312,0.0631768953068592,0.2,0.6950000000000001,1.0,0.52,453000,피부관리,"희소성, 감성",설화수,설화수 화장품 452,"설화수 화장품 ??. ?? ??: 성분, 가격, 후기, 피부관리, 선물, 데일리.",589000,554000,454000,3.96,3285.0,3,naver_api,Y,Y,0.45,0.45
female,57,8130000.0,전문직,기혼,진보적,3450000.0,초고가,가구,한샘,33,8,22,Y,6,1.0,2.193261284170375,1.0,0.0,0.0,0.32521739130434785,0.1900655398413246,0.2,0.6040433748123692,1.0,0.87,1573000,인테리어,"희소성, 감성",정관장,한샘 가구 453,"한샘 가구 ??. ?? ??: 내구성, 크기, 디자인, 이사, 인테리어, 생활.",3450000,2899000,2328000,3.7,198.0,1,image_estimate,Y,Y,0.719,0.719
female,37,5610000.0,공무원,기혼,진보적,698000.0,고가,여행,마이리얼트립,10,3,14,Y,5,0.34749034749034746,1.3474903474903475,0.0,0.0,1.0,0.054441260744985676,0.04962406015037594,0.2,0.1875,0.75,0.09999999999999998,518000,기념일,"희소성, 감성",마이리얼트립,마이리얼트립 여행 454,"마이리얼트립 여행 ??. ?? ??: 가격, 일정, 숙소, 휴식, 가족, 기념일.",698000,665000,660000,,,3,image_estimate,N,N,0.661,0.661
female,52,4510000.0,프리랜서,기혼,진보적,3777000.0,초고가,전자기기,애플,39,12,20,Y,9,1.0,3.0,1.0,0.0,1.0,0.0,0.16036866359447005,0.2,0.6752886394417947,1.0,0.87,381000,업무,"희소성, 감성",애플,애플 전자기기 455,"애플 전자기기 ??. ?? ??: 성능, 배터리, 휴대성, 업무, 공부, 게임, 콘텐츠.",3777000,3255000,3998000,4.06,410.0,1,naver_api,Y,Y,0.603,0.603
female,33,9510000.0,대기업직원,기혼,진보적,187000.0,중저가,패션,ZARA,51,1,13,N,1,0.0,0.2527027027027027,1.0,0.6666666666666666,0.0,0.1443850267379679,0.1910828025477707,0.2,0.72875,1.0,0.6,740000,출근,"디자인, 착용감",루이비통,ZARA 패션 456,"ZARA 패션 ??. ?? ??: 디자인, 착용감, 브랜드, 출근, 데이트, 여행.",187000,157000,160000,4.23,2613.0,4,manual,Y,Y,0.382,0.382
female,26,810000.0,취업준비생,기혼,보수적,2582000.0,초고가,명품,프라다,4,40,12,Y,30,1.0,3.0,1.0,0.3333333333333333,1.0,0.24244771494965142,0.11823300129926376,0.2,0.44875000000000004,1.0,0.52,138000,선물,"희소성, 감성",프라다,프라다 명품 457,"프라다 명품 ??. ?? ??: 브랜드, 희소성, 디자인, 선물, 보상, 소장.",2582000,2309000,1956000,3.99,,4,manual,Y,N,0.619,0.619
female,30,8930000.0,전문직,기혼,보수적,241000.0,중저가,패션,나이키,42,2,20,N,1,0.0,0.3109677419354839,0.0,0.0,1.0,0.012448132780082987,0.3027027027027027,0.0,0.73875,1.0,0.09999999999999998,775000,소장,"희소성, 감성",나이키,나이키 패션 458,"나이키 패션 ??. ?? ??: 디자인, 착용감, 브랜드, 출근, 데이트, 여행.",241000,185000,238000,4.31,1989.0,0,crawler,Y,Y,0.538,0.538
female,58,2470000.0,주부,기혼,진보적,1187000.0,고가,전자기기,애플,55,6,1,Y,4,1.0,3.0,1.0,0.0,0.0,0.16764953664700927,0.09602954755309326,0.2,0.71625,1.0,0.87,248000,게임,"희소성, 감성",COS,애플 전자기기 459,"애플 전자기기 ??. ?? ??: 성능, 배터리, 휴대성, 업무, 공부, 게임, 콘텐츠.",1187000,1083000,988000,4.13,3534.0,4,naver_api,Y,Y,0.695,0.695
male,26,790000.0,학생,미혼,진보적,171000.0,중저가,화장품,라네즈,48,8,22,Y,6,0.4369747899159664,1.4369747899159664,0.0,0.0,1.0,0.07017543859649122,0.26666666666666666,0.2,0.6575,1.0,0.019999999999999976,119000,휴식,"희소성, 감성",라네즈,라네즈 화장품 460,"라네즈 화장품 ??. ?? ??: 성분, 가격, 후기, 피부관리, 선물, 데일리.",171000,135000,159000,3.66,2144.0,4,user_input,Y,Y,0.679,0.679
male,22,1260000.0,취업준비생,기혼,진보적,7000.0,초저가,식품,오뚜기,38,0,16,N,1,0.0,0.05185185185185185,0.0,0.9,0.0,0.0,0.16666666666666666,0.2,0.65375,1.0,0.57,135000,가족,"가격, 신선도",동원,오뚜기 식품 461,"오뚜기 식품 ??. ?? ??: 가격, 신선도, 배송, 생활, 식사, 가족.",7000,6000,7000,3.63,1957.0,3,manual,Y,Y,0.452,0.452
male,35,2990000.0,주부,미혼,보수적,604000.0,고가,명품,루이비통,54,3,20,Y,3,1.0,2.1494661921708187,1.0,0.6666666666666666,0.0,0.3129139072847682,0.05779334500875657,0.2,0.6174999999999999,1.0,0.52,281000,선물,"브랜드, 희소성",프라다,루이비통 명품 462,"루이비통 명품 ??. ?? ??: 브랜드, 희소성, 디자인, 선물, 보상, 소장.",604000,571000,415000,3.34,2167.0,1,user_input,Y,Y,0.636,0.636
male,39,4900000.0,사무직,기혼,보수적,322000.0,중저가,전자기기,소니,53,2,12,N,4,0.0,0.3884197828709288,0.0,0.0,0.0,0.30124223602484473,0.3879310344827586,0.0,0.6375,1.0,0.37,829000,선물,"희소성, 감성",ZARA,소니 전자기기 463,"소니 전자기기 ??. ?? ??: 성능, 배터리, 휴대성, 업무, 공부, 게임, 콘텐츠.",322000,232000,225000,,3470.0,0,user_input,N,Y,0.688,0.688
male,53,4590000.0,프리랜서,기혼,진보적,34000.0,저가,건강관리,정관장,50,4,17,N,2,0.0,0.1069182389937107,1.0,0.6666666666666666,0.0,0.35294117647058826,0.1724137931034483,0.2,0.77125,1.0,0.95,318000,부모님,"성분, 후기",오뚜기,정관장 건강관리 464,"정관장 건강관리 ??. ?? ??: 성분, 후기, 안전성, 건강, 부모님, 회복.",34000,29000,22000,4.57,2396.0,2,user_input,Y,Y,0.354,0.354
female,55,3670000.0,프리랜서,기혼,보수적,645000.0,고가,패션,COS,48,2,19,Y,3,0.0,0.8237547892720306,1.0,0.0,1.0,0.11472868217054263,0.023809523809523808,0.2,0.67625,1.0,0.6,783000,출근,"희소성, 감성",COS,COS 패션 465,"COS 패션 ??. ?? ??: 디자인, 착용감, 브랜드, 출근, 데이트, 여행.",645000,630000,571000,3.81,3052.0,3,user_input,Y,Y,0.399,0.399
female,27,4530000.0,프리랜서,미혼,보수적,56000.0,저가,패션,나이키,50,0,20,N,4,0.0,0.06930693069306931,0.0,0.0,0.0,0.03571428571428571,0.2727272727272727,0.0,0.74875,1.0,0.09999999999999998,808000,유행,"희소성, 감성",오뚜기,나이키 패션 466,"나이키 패션 ??. ?? ??: 디자인, 착용감, 브랜드, 출근, 데이트, 여행.",56000,44000,54000,4.39,2561.0,0,user_input,Y,Y,0.65,0.65
male,27,680000.0,학생,미혼,보수적,1259000.0,고가,패션,ZARA,27,23,21,Y,18,1.0,3.0,0.0,0.6666666666666666,0.0,0.035742652899126294,0.153987167736022,0.0,0.5442117910036598,1.0,0.09999999999999998,40000,소장,"디자인, 착용감",오뚜기,ZARA 패션 467,"ZARA 패션 ??. ?? ??: 디자인, 착용감, 브랜드, 출근, 데이트, 여행.",1259000,1091000,1214000,,75.0,0,crawler,N,Y,0.775,0.775
male,32,1310000.0,취업준비생,기혼,보수적,2214000.0,초고가,전자기기,애플,27,20,9,Y,18,1.0,3.0,0.0,0.9375,0.0,0.24435411020776873,0.2608200455580866,0.2,0.6929372240646101,1.0,0.37,107000,선물,"성능, 배터리",패스트캠퍼스,애플 전자기기 468,"애플 전자기기 ??. ?? ??: 성능, 배터리, 휴대성, 업무, 공부, 게임, 콘텐츠.",2214000,1756000,1673000,4.56,118.0,2,user_input,Y,Y,0.758,0.758
female,45,4800000.0,프리랜서,기혼,보수적,910000.0,고가,패션,아디다스,53,7,19,Y,5,0.03762827822120873,1.0376282782212087,1.0,0.6666666666666666,1.0,0.2021978021978022,0.1926605504587156,0.0,0.6950000000000001,1.0,0.6,877000,데이트,"디자인, 착용감",아디다스,아디다스 패션 469,"아디다스 패션 ??. ?? ??: 디자인, 착용감, 브랜드, 출근, 데이트, 여행.",910000,763000,726000,3.96,1993.0,0,crawler,Y,Y,0.274,0.274
female,68,2700000.0,은퇴자,기혼,보수적,426000.0,중저가,명품,루이비통,47,2,21,N,3,1.0,3.0,1.0,0.6666666666666666,0.0,0.20187793427230047,0.16712328767123288,0.2,0.62375,1.0,0.52,110000,선물,"브랜드, 희소성",메가스터디,루이비통 명품 470,"루이비통 명품 ??. ?? ??: 브랜드, 희소성, 디자인, 선물, 보상, 소장.",426000,365000,340000,3.39,3729.0,3,manual,Y,Y,0.598,0.598
male,57,5140000.0,자영업,미혼,보수적,18000.0,초저가,생활용품,유한킴벌리,44,1,13,N,4,0.0,0.019672131147540985,1.0,0.9,0.0,0.3333333333333333,0.2857142857142857,0.2,0.8075000000000001,1.0,1.0,915000,생활,"가격, 내구성",패스트캠퍼스,유한킴벌리 생활용품 471,"유한킴벌리 생활용품 ??. ?? ??: 가격, 내구성, 용량, 생활, 청소, 가정.",18000,14000,12000,4.86,3959.0,2,crawler,Y,Y,0.329,0.329
male,36,6160000.0,자영업,기혼,보수적,2000000.0,초고가,여행,하나투어,43,5,0,Y,6,1.0,2.34192037470726,0.0,0.9,0.0,0.1405,0.36332651670074984,0.2,0.62875,1.0,0.09999999999999998,854000,기념일,"가격, 일정",한샘,하나투어 여행 472,"하나투어 여행 ??. ?? ??: 가격, 일정, 숙소, 휴식, 가족, 기념일.",2000000,1467000,1719000,3.43,3567.0,3,user_input,Y,Y,0.784,0.784
female,52,9940000.0,전문직,미혼,보수적,189000.0,중저가,패션,COS,31,3,15,N,4,0.0,0.11020408163265306,0.0,0.6666666666666666,0.0,0.021164021164021163,0.24342105263157895,0.2,0.6993626627489408,1.0,0.09999999999999998,1715000,선물,"디자인, 착용감",정관장,COS 패션 473,"COS 패션 ??. ?? ??: 디자인, 착용감, 브랜드, 출근, 데이트, 여행.",189000,152000,185000,4.49,180.0,1,image_estimate,Y,Y,0.534,0.534
male,28,560000.0,학생,미혼,보수적,20000.0,초저가,화장품,설화수,48,5,13,N,0,0.0,0.45454545454545453,1.0,0.0,0.0,0.1,0.3333333333333333,0.0,0.7250000000000001,1.0,0.52,44000,피부관리,"희소성, 감성",ZARA,설화수 화장품 474,"설화수 화장품 ??. ?? ??: 성분, 가격, 후기, 피부관리, 선물, 데일리.",20000,15000,18000,4.2,1217.0,0,manual,Y,Y,0.456,0.456
female,28,5740000.0,프리랜서,미혼,진보적,858000.0,고가,교육,클래스101,3,3,19,Y,4,1.0,2.4655172413793105,0.0,0.9,1.0,0.01048951048951049,0.07788944723618091,0.0,0.1875,0.75,0.57,348000,자기계발,"강의품질, 가격",클래스101,클래스101 교육 475,"클래스101 교육 ??. ?? ??: 강의품질, 가격, 커리큘럼, 공부, 취업, 자기계발.",858000,796000,849000,,,0,naver_api,N,N,0.633,0.633
male,51,9410000.0,대기업직원,기혼,진보적,164000.0,중저가,화장품,설화수,5,3,12,N,0,0.0,0.13723849372384936,0.0,0.9,1.0,0.012195121951219513,0.0379746835443038,0.2,0.48500000000000004,1.0,0.019999999999999976,1195000,휴식,"성분, 가격",설화수,설화수 화장품 476,"설화수 화장품 ??. ?? ??: 성분, 가격, 후기, 피부관리, 선물, 데일리.",164000,158000,162000,4.28,,1,naver_api,Y,N,0.441,0.441
female,39,2450000.0,주부,기혼,보수적,499000.0,중저가,화장품,라네즈,49,5,17,Y,5,0.16046511627906979,1.1604651162790698,1.0,0.9,1.0,0.01002004008016032,0.1471264367816092,0.2,0.6322159337301803,1.0,0.52,430000,선물,"성분, 가격",라네즈,라네즈 화장품 477,"라네즈 화장품 ??. ?? ??: 성분, 가격, 후기, 피부관리, 선물, 데일리.",499000,435000,494000,,864.0,4,user_input,N,Y,0.255,0.255
female,25,670000.0,학생,미혼,보수적,1406000.0,고가,여행,대한항공,51,29,12,Y,21,1.0,3.0,0.0,0.0,0.0,0.0035561877667140826,0.05555555555555555,0.0,0.6375,1.0,0.09999999999999998,23000,유행,"희소성, 감성",프라다,대한항공 여행 478,"대한항공 여행 ??. ?? ??: 가격, 일정, 숙소, 휴식, 가족, 기념일.",1406000,1332000,1401000,,3355.0,0,crawler,N,Y,0.84,0.84
female,28,10890000.0,전문직,미혼,보수적,254000.0,중저가,건강관리,센트룸,55,5,21,N,4,0.0,0.3987441130298273,0.0,0.0,1.0,0.1968503937007874,0.036734693877551024,0.2,0.7649999999999999,1.0,0.44999999999999996,637000,회복,"희소성, 감성",센트룸,센트룸 건강관리 479,"센트룸 건강관리 ??. ?? ??: 성분, 후기, 안전성, 건강, 부모님, 회복.",254000,245000,204000,4.52,2966.0,1,image_estimate,Y,Y,0.569,0.569
male,42,3210000.0,주부,기혼,보수적,3968000.0,초고가,여행,하나투어,40,19,18,Y,12,1.0,3.0,0.0,0.0,1.0,0.09400201612903226,0.3849912739965096,0.2,0.6890476826447739,1.0,0.09999999999999998,361000,기념일,"희소성, 감성",하나투어,하나투어 여행 480,"하나투어 여행 ??. ?? ??: 가격, 일정, 숙소, 휴식, 가족, 기념일.",3968000,2865000,3595000,3.92,974.0,1,image_estimate,Y,Y,0.802,0.802
male,26,890000.0,취업준비생,미혼,진보적,170000.0,중저가,화장품,설화수,50,6,15,Y,5,0.0,0.8808290155440415,0.0,0.9,1.0,0.041176470588235294,0.14093959731543623,0.2,0.69875,1.0,0.019999999999999976,193000,휴식,"성분, 가격",설화수,설화수 화장품 481,"설화수 화장품 ??. ?? ??: 성분, 가격, 후기, 피부관리, 선물, 데일리.",170000,149000,163000,3.99,1601.0,1,manual,Y,Y,0.422,0.422
male,35,4800000.0,사무직,기혼,보수적,8000.0,초저가,식품,오뚜기,36,0,22,N,2,0.0,0.017241379310344827,0.0,0.9,0.0,0.125,0.14285714285714285,0.2,0.6765987175199453,1.0,0.57,464000,가족,"가격, 신선도",패스트캠퍼스,오뚜기 식품 482,"오뚜기 식품 ??. ?? ??: 가격, 신선도, 배송, 생활, 식사, 가족.",8000,7000,7000,4.3,185.0,2,manual,Y,Y,0.513,0.513
male,28,560000.0,학생,미혼,진보적,16000.0,초저가,생활용품,유한킴벌리,41,5,13,N,1,0.0,0.14035087719298245,1.0,0.0,0.0,0.125,0.3333333333333333,0.2,0.6275,1.0,1.0,114000,생활,"희소성, 감성",다이소,유한킴벌리 생활용품 483,"유한킴벌리 생활용품 ??. ?? ??: 가격, 내구성, 용량, 생활, 청소, 가정.",16000,12000,14000,3.42,2115.0,2,image_estimate,Y,Y,0.45,0.45
female,22,680000.0,학생,미혼,보수적,6000.0,초저가,생활용품,3M,40,5,14,N,3,0.0,0.06382978723404255,0.0,0.0,1.0,0.3333333333333333,0.2,0.0,0.665,1.0,0.57,94000,가정,"희소성, 감성",3M,3M 생활용품 484,"3M 생활용품 ??. ?? ??: 가격, 내구성, 용량, 생활, 청소, 가정.",6000,5000,4000,3.72,2386.0,0,naver_api,Y,Y,0.552,0.552
female,27,1150000.0,취업준비생,미혼,보수적,7000.0,초저가,생활용품,유한킴벌리,48,1,13,N,2,0.0,0.18421052631578946,0.0,0.0,0.0,0.0,0.4,0.0,0.66,1.0,0.57,38000,휴식,"희소성, 감성",하나투어,유한킴벌리 생활용품 485,"유한킴벌리 생활용품 ??. ?? ??: 가격, 내구성, 용량, 생활, 청소, 가정.",7000,5000,7000,3.68,1265.0,0,manual,Y,Y,0.616,0.616
female,55,5000000.0,공무원,미혼,진보적,69000.0,저가,교육,패스트캠퍼스,35,1,16,N,1,0.0,0.0700507614213198,1.0,0.0,1.0,0.36231884057971014,0.11290322580645161,0.0,0.596569959340608,1.0,1.0,985000,취업,"희소성, 감성",패스트캠퍼스,패스트캠퍼스 교육 486,"패스트캠퍼스 교육 ??. ?? ??: 강의품질, 가격, 커리큘럼, 공부, 취업, 자기계발.",69000,62000,44000,,322.0,0,naver_api,N,Y,0.383,0.383
female,59,9110000.0,전문직,기혼,진보적,23000.0,초저가,생활용품,3M,5,3,18,N,4,0.0,0.07796610169491526,0.0,0.9,0.0,0.13043478260869565,0.045454545454545456,0.0,0.5062500000000001,1.0,0.57,295000,유행,"가격, 내구성",한샘,3M 생활용품 487,"3M 생활용품 ??. ?? ??: 가격, 내구성, 용량, 생활, 청소, 가정.",23000,22000,20000,4.45,,0,manual,Y,N,0.455,0.455
female,62,5980000.0,자영업,미혼,보수적,17000.0,초저가,식품,CJ,42,4,14,N,0,0.0,0.0297723292469352,1.0,0.0,1.0,0.23529411764705882,0.13333333333333333,0.2,0.68875,1.0,1.0,571000,생활,"희소성, 감성",CJ,CJ 식품 488,"CJ 식품 ??. ?? ??: 가격, 신선도, 배송, 생활, 식사, 가족.",17000,15000,13000,3.91,1974.0,3,manual,Y,Y,0.353,0.353
male,38,9340000.0,대기업직원,미혼,보수적,87000.0,저가,화장품,설화수,6,5,12,N,0,0.0,0.04477611940298507,1.0,0.9,1.0,0.3103448275862069,0.04819277108433735,0.2,0.43,1.0,0.52,1943000,선물,"성분, 가격",설화수,설화수 화장품 489,"설화수 화장품 ??. ?? ??: 성분, 가격, 후기, 피부관리, 선물, 데일리.",87000,83000,60000,3.84,,2,manual,Y,N,0.265,0.265
female,27,780000.0,학생,미혼,보수적,145000.0,중저가,교육,메가스터디,52,6,19,Y,2,0.10687022900763354,1.1068702290076335,1.0,0.9,0.0,0.18620689655172415,0.04316546762589928,0.2,0.6375,1.0,1.0,131000,공부,"강의품질, 가격",삼성,메가스터디 교육 490,"메가스터디 교육 ??. ?? ??: 강의품질, 가격, 커리큘럼, 공부, 취업, 자기계발.",145000,139000,118000,,3439.0,1,crawler,N,Y,0.331,0.331
female,29,8070000.0,대기업직원,미혼,진보적,2295000.0,초고가,여행,하나투어,39,9,12,Y,3,1.0,2.494565217391304,1.0,0.9,1.0,0.2383442265795207,0.38169777242624925,0.2,0.7625,1.0,0.6,920000,휴식,"가격, 일정",하나투어,하나투어 여행 491,"하나투어 여행 ??. ?? ??: 가격, 일정, 숙소, 휴식, 가족, 기념일.",2295000,1661000,1748000,4.5,1808.0,3,manual,Y,Y,0.52,0.52
female,51,10080000.0,전문직,기혼,진보적,57000.0,저가,식품,동원,47,1,13,N,2,0.0,0.029889879391714735,1.0,0.0,0.0,0.07017543859649122,0.1875,0.2,0.6878329268423149,1.0,1.0,1907000,식사,"희소성, 감성",애플,동원 식품 492,"동원 식품 ??. ?? ??: 가격, 신선도, 배송, 생활, 식사, 가족.",57000,48000,53000,3.95,849.0,3,user_input,Y,Y,0.451,0.451
female,25,510000.0,학생,미혼,진보적,187000.0,중저가,패션,아디다스,14,5,18,Y,6,1.0,3.0,0.0,0.6666666666666666,1.0,0.0053475935828877,0.16149068322981366,0.2,0.35125,1.0,0.09999999999999998,21000,휴식,"디자인, 착용감",아디다스,아디다스 패션 493,"아디다스 패션 ??. ?? ??: 디자인, 착용감, 브랜드, 출근, 데이트, 여행.",187000,161000,186000,3.21,,1,manual,Y,N,0.683,0.683
female,55,4610000.0,프리랜서,미혼,진보적,2496000.0,초고가,여행,마이리얼트립,44,11,16,Y,7,1.0,3.0,1.0,0.0,0.0,0.09174679487179487,0.056731583403895,0.2,0.65625,1.0,0.6,623000,가족,"희소성, 감성",동원,마이리얼트립 여행 494,"마이리얼트립 여행 ??. ?? ??: 가격, 일정, 숙소, 휴식, 가족, 기념일.",2496000,2362000,2267000,3.65,2723.0,1,image_estimate,Y,Y,0.662,0.662
male,60,2080000.0,주부,기혼,보수적,1745000.0,고가,명품,프라다,8,13,17,Y,10,1.0,3.0,0.0,0.6666666666666666,1.0,0.11862464183381088,0.04428485936564931,0.2,0.4825,1.0,0.019999999999999976,279000,소장,"브랜드, 희소성",프라다,프라다 명품 495,"프라다 명품 ??. ?? ??: 브랜드, 희소성, 디자인, 선물, 보상, 소장.",1745000,1671000,1538000,4.26,,4,naver_api,Y,N,0.731,0.731
female,53,5350000.0,대기업직원,미혼,진보적,66000.0,저가,가구,이케아,40,0,12,N,0,0.0,0.06426484907497566,0.0,0.6666666666666666,1.0,0.15151515151515152,0.2,0.2,0.7037500000000001,1.0,0.37,1027000,휴식,"내구성, 크기",이케아,이케아 가구 496,"이케아 가구 ??. ?? ??: 내구성, 크기, 디자인, 이사, 인테리어, 생활.",66000,55000,56000,4.03,1583.0,2,crawler,Y,Y,0.49,0.49
female,50,8170000.0,전문직,기혼,진보적,132000.0,중저가,가구,이케아,43,3,16,N,0,0.0,0.10927152317880795,0.0,0.0,1.0,0.06060606060606061,0.24528301886792453,0.0,0.6375,1.0,0.37,1208000,선물,"희소성, 감성",이케아,이케아 가구 497,"이케아 가구 ??. ?? ??: 내구성, 크기, 디자인, 이사, 인테리어, 생활.",132000,106000,124000,,3858.0,0,crawler,N,Y,0.571,0.571
male,50,6000000.0,자영업,미혼,진보적,207000.0,중저가,교육,메가스터디,7,2,16,N,1,0.0,0.21743697478991597,0.0,0.9,1.0,0.06763285024154589,0.23214285714285715,0.2,0.4775,1.0,0.57,952000,선물,"강의품질, 가격",메가스터디,메가스터디 교육 498,"메가스터디 교육 ??. ?? ??: 강의품질, 가격, 커리큘럼, 공부, 취업, 자기계발.",207000,168000,193000,4.22,,4,crawler,Y,N,0.434,0.434
male,23,570000.0,학생,미혼,진보적,41000.0,저가,식품,오뚜기,50,3,11,N,3,0.0,0.7068965517241379,0.0,0.9,1.0,0.04878048780487805,0.36666666666666664,0.2,0.6375,1.0,0.57,58000,가족,"가격, 신선도",오뚜기,오뚜기 식품 499,"오뚜기 식품 ??. ?? ??: 가격, 신선도, 배송, 생활, 식사, 가족.",41000,30000,39000,,3147.0,1,user_input,N,Y,0.425,0.425
female,62,2960000.0,은퇴자,기혼,보수적,214000.0,중저가,전자기기,삼성,13,3,10,N,3,0.0,0.6045197740112994,0.0,0.9375,1.0,0.0,0.2891566265060241,0.2,0.45875000000000005,1.0,0.37,354000,휴식,"성능, 배터리",삼성,삼성 전자기기 500,"삼성 전자기기 ??. ?? ??: 성능, 배터리, 휴대성, 업무, 공부, 게임, 콘텐츠.",214000,166000,222000,4.07,,1,image_estimate,Y,N,0.439,0.439
female,57,3150000.0,주부,기혼,보수적,87000.0,저가,생활용품,다이소,3,3,1,N,3,0.0,0.24166666666666667,0.0,0.0,1.0,0.13793103448275862,0.2608695652173913,0.2,0.1875,0.75,0.57,360000,가정,"희소성, 감성",다이소,다이소 생활용품 501,"다이소 생활용품 ??. ?? ??: 가격, 내구성, 용량, 생활, 청소, 가정.",87000,69000,75000,,,1,manual,N,N,0.573,0.573
female,36,1980000.0,주부,기혼,보수적,4000.0,초저가,식품,오뚜기,36,4,15,N,0,0.0,0.009389671361502348,1.0,0.0,1.0,0.0,0.3333333333333333,0.0,0.620070499135436,1.0,1.0,426000,생활,"희소성, 감성",오뚜기,오뚜기 식품 502,"오뚜기 식품 ??. ?? ??: 가격, 신선도, 배송, 생활, 식사, 가족.",4000,3000,4000,3.38,935.0,0,naver_api,Y,Y,0.344,0.344
female,57,7910000.0,전문직,기혼,보수적,206000.0,중저가,패션,COS,33,0,18,N,2,0.0,0.14949201741654572,1.0,0.0,1.0,0.014563106796116505,0.09574468085106383,0.2,0.6332533549664856,1.0,0.6,1378000,출근,"희소성, 감성",COS,COS 패션 503,"COS 패션 ??. ?? ??: 디자인, 착용감, 브랜드, 출근, 데이트, 여행.",206000,188000,203000,3.68,477.0,4,crawler,Y,Y,0.377,0.377
male,49,5110000.0,사무직,미혼,진보적,437000.0,중저가,화장품,설화수,50,3,0,N,2,0.3123123123123124,1.3123123123123124,1.0,0.9,1.0,0.14874141876430205,0.28152492668621704,0.2,0.645,1.0,0.52,333000,선물,"성분, 가격",설화수,설화수 화장품 504,"설화수 화장품 ??. ?? ??: 성분, 가격, 후기, 피부관리, 선물, 데일리.",437000,341000,372000,3.56,2437.0,2,user_input,Y,Y,0.344,0.344
female,29,4570000.0,공무원,미혼,보수적,545000.0,고가,건강관리,종근당,41,1,2,Y,3,0.07707509881422925,1.0770750988142292,1.0,0.6666666666666666,0.0,0.3174311926605505,0.20575221238938052,0.2,0.69125,1.0,0.95,506000,건강,"성분, 후기",루이비통,종근당 건강관리 505,"종근당 건강관리 ??. ?? ??: 성분, 후기, 안전성, 건강, 부모님, 회복.",545000,452000,372000,3.93,1031.0,2,naver_api,Y,Y,0.4,0.4
female,34,4360000.0,공무원,기혼,보수적,599000.0,고가,명품,프라다,49,2,11,Y,5,0.0,0.7582278481012659,0.0,0.3333333333333333,1.0,0.2353923205342237,0.2557651991614256,0.2,0.655,1.0,0.019999999999999976,790000,유행,"희소성, 감성",프라다,프라다 명품 506,"프라다 명품 ??. ?? ??: 브랜드, 희소성, 디자인, 선물, 보상, 소장.",599000,477000,458000,3.64,1263.0,3,crawler,Y,Y,0.557,0.557
female,32,1260000.0,취업준비생,기혼,보수적,240000.0,중저가,건강관리,정관장,16,3,13,Y,4,0.5584415584415585,1.5584415584415585,0.0,0.6666666666666666,0.0,0.0,0.22448979591836735,0.2,0.53375,1.0,0.44999999999999996,154000,휴식,"성분, 후기",애플,정관장 건강관리 507,"정관장 건강관리 ??. ?? ??: 성분, 후기, 안전성, 건강, 부모님, 회복.",240000,196000,246000,4.67,,2,manual,Y,N,0.645,0.645
male,43,8390000.0,전문직,미혼,보수적,6000.0,초저가,생활용품,3M,47,4,16,N,3,0.0,0.01634877384196185,0.0,0.0,1.0,0.0,0.2,0.2,0.6625000000000001,1.0,0.57,367000,가정,"희소성, 감성",3M,3M 생활용품 508,"3M 생활용품 ??. ?? ??: 가격, 내구성, 용량, 생활, 청소, 가정.",6000,5000,6000,3.7,3995.0,2,manual,Y,Y,0.554,0.554
male,22,870000.0,학생,미혼,보수적,119000.0,중저가,가구,리바트,49,4,9,N,4,1.0,3.0,0.0,0.6666666666666666,0.0,0.0,0.23958333333333334,0.2,0.6775,1.0,0.37,36000,휴식,"내구성, 크기",하나투어,리바트 가구 509,"리바트 가구 ??. ?? ??: 내구성, 크기, 디자인, 이사, 인테리어, 생활.",119000,96000,121000,3.82,2842.0,2,naver_api,Y,Y,0.756,0.756
male,27,1060000.0,취업준비생,미혼,진보적,4890000.0,초고가,전자기기,삼성,6,60,11,Y,41,1.0,3.0,0.0,0.9375,0.0,0.0820040899795501,0.23891563212566505,0.0,0.5525,1.0,0.37,216000,소장,"성능, 배터리",종근당,삼성 전자기기 510,"삼성 전자기기 ??. ?? ??: 성능, 배터리, 휴대성, 업무, 공부, 게임, 콘텐츠.",4890000,3947000,4489000,4.82,,0,user_input,Y,N,0.725,0.725
female,40,7390000.0,자영업,기혼,보수적,17000.0,초저가,생활용품,다이소,37,4,13,N,3,0.0,0.012947448591012947,0.0,0.0,1.0,0.0,0.3076923076923077,0.2,0.6565903136427875,1.0,0.57,1313000,유행,"희소성, 감성",다이소,다이소 생활용품 511,"다이소 생활용품 ??. ?? ??: 가격, 내구성, 용량, 생활, 청소, 가정.",17000,13000,17000,3.79,622.0,3,user_input,Y,Y,0.547,0.547
female,40,3170000.0,프리랜서,미혼,진보적,124000.0,중저가,패션,ZARA,11,0,11,N,3,0.0,0.36257309941520466,1.0,0.6666666666666666,1.0,0.008064516129032258,0.14814814814814814,0.0,0.1875,0.75,0.6,342000,출근,"디자인, 착용감",ZARA,ZARA 패션 512,"ZARA 패션 ??. ?? ??: 디자인, 착용감, 브랜드, 출근, 데이트, 여행.",124000,108000,123000,,,0,manual,N,N,0.294,0.294
female,30,1080000.0,취업준비생,미혼,진보적,64000.0,저가,생활용품,다이소,12,6,10,N,3,0.0,0.43243243243243246,1.0,0.9,0.0,0.3125,0.14285714285714285,0.2,0.1875,0.75,1.0,148000,생활,"가격, 내구성",하나투어,다이소 생활용품 513,"다이소 생활용품 ??. ?? ??: 가격, 내구성, 용량, 생활, 청소, 가정.",64000,56000,44000,,,2,manual,N,N,0.346,0.346
female,27,1310000.0,취업준비생,미혼,진보적,93000.0,저가,생활용품,유한킴벌리,44,3,11,N,0,0.0,0.3705179282868526,1.0,0.0,0.0,0.16129032258064516,0.02197802197802198,0.2,0.7112499999999999,1.0,1.0,251000,청소,"희소성, 감성",패스트캠퍼스,유한킴벌리 생활용품 514,"유한킴벌리 생활용품 ??. ?? ??: 가격, 내구성, 용량, 생활, 청소, 가정.",93000,91000,78000,4.09,3146.0,1,crawler,Y,Y,0.423,0.423
female,23,1000000.0,취업준비생,미혼,진보적,86000.0,저가,교육,클래스101,46,2,10,N,2,0.0,0.4095238095238095,0.0,0.9,0.0,0.313953488372093,0.075,0.2,0.7562500000000001,1.0,0.57,210000,선물,"강의품질, 가격",나이키,클래스101 교육 515,"클래스101 교육 ??. ?? ??: 강의품질, 가격, 커리큘럼, 공부, 취업, 자기계발.",86000,80000,59000,4.45,1040.0,1,manual,Y,Y,0.527,0.527
male,58,2120000.0,은퇴자,미혼,보수적,219000.0,중저가,전자기기,삼성,49,6,16,N,3,0.0,0.6738461538461539,1.0,0.9375,0.0,0.2100456621004566,0.057971014492753624,0.2,0.6637500000000001,1.0,0.87,325000,업무,"성능, 배터리",종근당,삼성 전자기기 516,"삼성 전자기기 ??. ?? ??: 성능, 배터리, 휴대성, 업무, 공부, 게임, 콘텐츠.",219000,207000,173000,3.71,1996.0,3,image_estimate,Y,Y,0.308,0.308
male,71,2810000.0,은퇴자,기혼,보수적,1410000.0,고가,건강관리,센트룸,12,10,0,Y,8,1.0,3.0,0.0,0.6666666666666666,1.0,0.18368794326241134,0.024709302325581394,0.2,0.5025,1.0,0.44999999999999996,265000,회복,"성분, 후기",센트룸,센트룸 건강관리 517,"센트룸 건강관리 ??. ?? ??: 성분, 후기, 안전성, 건강, 부모님, 회복.",1410000,1376000,1151000,4.42,,4,user_input,Y,N,0.709,0.709
female,24,1000000.0,취업준비생,미혼,진보적,94000.0,저가,가구,한샘,3,3,12,N,5,0.0,0.4413145539906103,1.0,0.6666666666666666,0.0,0.14893617021276595,0.20512820512820512,0.0,0.5037499999999999,1.0,0.87,213000,이사,"내구성, 크기",오뚜기,한샘 가구 518,"한샘 가구 ??. ?? ??: 내구성, 크기, 디자인, 이사, 인테리어, 생활.",94000,78000,80000,4.43,,0,naver_api,Y,N,0.331,0.331
male,35,5170000.0,사무직,기혼,보수적,49000.0,저가,교육,메가스터디,41,1,10,N,2,0.0,0.0478515625,0.0,0.9,1.0,0.20408163265306123,0.3611111111111111,0.2,0.6375,1.0,0.57,1024000,선물,"강의품질, 가격",메가스터디,메가스터디 교육 519,"메가스터디 교육 ??. ?? ??: 강의품질, 가격, 커리큘럼, 공부, 취업, 자기계발.",49000,36000,39000,,1883.0,2,user_input,N,Y,0.458,0.458
female,38,5030000.0,사무직,기혼,진보적,49000.0,저가,패션,아디다스,47,3,18,N,4,0.0,0.1644295302013423,0.0,0.6666666666666666,1.0,0.3469387755102041,0.0425531914893617,0.0,0.8049999999999999,1.0,0.09999999999999998,298000,선물,"디자인, 착용감",아디다스,아디다스 패션 520,"아디다스 패션 ??. ?? ??: 디자인, 착용감, 브랜드, 출근, 데이트, 여행.",49000,47000,32000,4.84,1632.0,0,image_estimate,Y,Y,0.462,0.462
female,69,3320000.0,은퇴자,미혼,보수적,326000.0,중저가,교육,클래스101,45,4,20,N,3,0.0,0.6305609284332688,1.0,0.9,0.0,0.0736196319018405,0.22556390977443608,0.2,0.79125,1.0,1.0,517000,공부,"강의품질, 가격",3M,클래스101 교육 521,"클래스101 교육 ??. ?? ??: 강의품질, 가격, 커리큘럼, 공부, 취업, 자기계발.",326000,266000,302000,4.73,2747.0,3,manual,Y,Y,0.282,0.282
female,26,760000.0,학생,미혼,진보적,126000.0,중저가,패션,ZARA,30,3,18,N,3,0.0,0.9064748201438849,1.0,0.6666666666666666,0.0,0.23015873015873015,0.3263157894736842,0.2,0.5939190006004667,1.0,0.6,139000,출근,"디자인, 착용감",다이소,ZARA 패션 522,"ZARA 패션 ??. ?? ??: 디자인, 착용감, 브랜드, 출근, 데이트, 여행.",126000,95000,97000,4.27,20.0,4,crawler,Y,Y,0.367,0.367
female,37,5690000.0,대기업직원,미혼,보수적,694000.0,고가,전자기기,애플,4,7,3,Y,2,1.0,2.096676737160121,1.0,0.0,0.0,0.0994236311239193,0.3244274809160305,0.0,0.1875,0.75,0.87,331000,게임,"희소성, 감성",3M,애플 전자기기 523,"애플 전자기기 ??. ?? ??: 성능, 배터리, 휴대성, 업무, 공부, 게임, 콘텐츠.",694000,524000,625000,,,0,manual,N,N,0.722,0.722
female,55,5030000.0,프리랜서,미혼,진보적,12000.0,초저가,생활용품,유한킴벌리,53,5,15,N,0,0.0,0.03,0.0,0.9,1.0,0.08333333333333333,0.09090909090909091,0.2,0.60625,1.0,0.57,400000,가정,"가격, 내구성",유한킴벌리,유한킴벌리 생활용품 524,"유한킴벌리 생활용품 ??. ?? ??: 가격, 내구성, 용량, 생활, 청소, 가정.",12000,11000,11000,3.25,2064.0,4,user_input,Y,Y,0.375,0.375
male,60,6250000.0,자영업,미혼,진보적,10000.0,초저가,생활용품,다이소,42,3,18,N,2,0.0,0.009551098376313277,0.0,0.0,1.0,0.1,0.05,0.2,0.7137500000000001,1.0,0.57,1047000,휴식,"희소성, 감성",다이소,다이소 생활용품 525,"다이소 생활용품 ??. ?? ??: 가격, 내구성, 용량, 생활, 청소, 가정.",10000,10000,9000,4.11,1745.0,3,user_input,Y,Y,0.525,0.525
female,50,11260000.0,전문직,기혼,보수적,421000.0,중저가,교육,메가스터디,43,3,15,N,1,0.0,0.3938260056127222,0.0,0.0,0.0,0.023752969121140142,0.07397959183673469,0.0,0.7137500000000001,1.0,0.57,1069000,자기계발,"희소성, 감성",루이비통,메가스터디 교육 526,"메가스터디 교육 ??. ?? ??: 강의품질, 가격, 커리큘럼, 공부, 취업, 자기계발.",421000,392000,411000,4.11,2661.0,0,user_input,Y,Y,0.611,0.611
male,47,2740000.0,주부,기혼,진보적,12000.0,초저가,식품,동원,47,3,17,N,4,0.0,0.022727272727272728,0.0,0.0,0.0,0.0,0.05,0.2,0.7262500000000001,1.0,0.57,528000,유행,"희소성, 감성",루이비통,동원 식품 527,"동원 식품 ??. ?? ??: 가격, 신선도, 배송, 생활, 식사, 가족.",12000,12000,12000,4.21,1574.0,1,manual,Y,Y,0.591,0.591
male,48,8420000.0,대기업직원,미혼,보수적,391000.0,중저가,교육,메가스터디,8,2,10,N,3,0.0,0.2247126436781609,0.0,0.9,0.0,0.14066496163682865,0.33447098976109213,0.2,0.5249999999999999,1.0,0.57,1740000,휴식,"강의품질, 가격",애플,메가스터디 교육 528,"메가스터디 교육 ??. ?? ??: 강의품질, 가격, 커리큘럼, 공부, 취업, 자기계발.",391000,293000,336000,4.6,,3,user_input,Y,N,0.532,0.532
male,66,3380000.0,은퇴자,기혼,진보적,45000.0,저가,식품,오뚜기,38,3,12,N,4,0.0,0.1836734693877551,0.0,0.9,0.0,0.022222222222222223,0.046511627906976744,0.0,0.6387160681661759,1.0,0.57,245000,가족,"가격, 신선도",CJ,오뚜기 식품 529,"오뚜기 식품 ??. ?? ??: 가격, 신선도, 배송, 생활, 식사, 가족.",45000,43000,44000,3.55,870.0,0,image_estimate,Y,Y,0.453,0.453
male,40,7660000.0,대기업직원,미혼,보수적,939000.0,고가,전자기기,소니,49,2,2,Y,4,0.102112676056338,1.102112676056338,1.0,0.9375,0.0,0.0,0.03871681415929203,0.2,0.71875,1.0,0.87,852000,업무,"성능, 배터리",마이리얼트립,소니 전자기기 530,"소니 전자기기 ??. ?? ??: 성능, 배터리, 휴대성, 업무, 공부, 게임, 콘텐츠.",939000,904000,1000000,4.15,3902.0,3,naver_api,Y,Y,0.33,0.33
female,48,3720000.0,프리랜서,기혼,보수적,10000.0,초저가,생활용품,유한킴벌리,6,3,22,N,4,0.0,0.04424778761061947,1.0,0.9,1.0,0.0,0.42857142857142855,0.0,0.1875,0.75,1.0,226000,청소,"가격, 내구성",유한킴벌리,유한킴벌리 생활용품 531,"유한킴벌리 생활용품 ??. ?? ??: 가격, 내구성, 용량, 생활, 청소, 가정.",10000,7000,10000,,,0,crawler,N,N,0.234,0.234
female,33,4700000.0,프리랜서,기혼,진보적,13000.0,초저가,화장품,설화수,51,5,22,N,1,0.0,0.022727272727272728,0.0,0.9,1.0,0.3076923076923077,0.3,0.2,0.8075000000000001,1.0,0.019999999999999976,572000,데일리,"성분, 가격",설화수,설화수 화장품 532,"설화수 화장품 ??. ?? ??: 성분, 가격, 후기, 피부관리, 선물, 데일리.",13000,10000,9000,4.86,2080.0,1,naver_api,Y,Y,0.486,0.486
female,51,9110000.0,전문직,기혼,진보적,658000.0,고가,명품,샤넬,40,6,17,Y,3,0.11525423728813555,1.1152542372881356,0.0,0.6666666666666666,1.0,0.1474164133738602,0.15845070422535212,0.2,0.69,1.0,0.019999999999999976,590000,소장,"브랜드, 희소성",샤넬,샤넬 명품 533,"샤넬 명품 ??. ?? ??: 브랜드, 희소성, 디자인, 선물, 보상, 소장.",658000,568000,561000,3.92,2638.0,4,naver_api,Y,Y,0.531,0.531
female,57,5360000.0,대기업직원,기혼,진보적,62000.0,저가,건강관리,정관장,51,3,19,N,1,0.0,0.15233415233415235,0.0,0.6666666666666666,0.0,0.3387096774193548,0.06896551724137931,0.2,0.7849999999999999,1.0,0.44999999999999996,407000,선물,"성분, 후기",종근당,정관장 건강관리 534,"정관장 건강관리 ??. ?? ??: 성분, 후기, 안전성, 건강, 부모님, 회복.",62000,58000,41000,4.68,2962.0,2,image_estimate,Y,Y,0.54,0.54
female,23,910000.0,학생,미혼,진보적,49000.0,저가,교육,패스트캠퍼스,47,3,21,N,4,0.0,0.5157894736842106,1.0,0.9,1.0,0.3469387755102041,0.32432432432432434,0.2,0.6144713153995045,1.0,1.0,95000,공부,"강의품질, 가격",패스트캠퍼스,패스트캠퍼스 교육 535,"패스트캠퍼스 교육 ??. ?? ??: 강의품질, 가격, 커리큘럼, 공부, 취업, 자기계발.",49000,37000,32000,3.37,829.0,4,naver_api,Y,Y,0.247,0.247
male,56,3440000.0,공무원,미혼,진보적,1879000.0,고가,건강관리,정관장,56,10,1,Y,4,1.0,2.987281399046105,0.0,0.6666666666666666,0.0,0.0,0.08990719257540604,0.2,0.6375,1.0,0.44999999999999996,629000,유행,"성분, 후기",이니스프리,정관장 건강관리 536,"정관장 건강관리 ??. ?? ??: 성분, 후기, 안전성, 건강, 부모님, 회복.",1879000,1724000,1973000,,3039.0,1,manual,N,Y,0.756,0.756
female,56,5490000.0,공무원,기혼,보수적,46000.0,저가,생활용품,다이소,40,3,21,N,3,0.0,0.05569007263922518,0.0,0.0,0.0,0.3695652173913043,0.21052631578947367,0.2,0.6375,1.0,0.57,826000,유행,"희소성, 감성",대한항공,다이소 생활용품 537,"다이소 생활용품 ??. ?? ??: 가격, 내구성, 용량, 생활, 청소, 가정.",46000,38000,29000,,1284.0,1,user_input,N,Y,0.653,0.653
female,60,5540000.0,공무원,기혼,보수적,675000.0,고가,여행,하나투어,6,2,20,Y,1,0.8096514745308312,1.8096514745308312,1.0,0.9,1.0,0.23555555555555555,0.11940298507462686,0.2,0.4975,1.0,0.6,373000,휴식,"가격, 일정",하나투어,하나투어 여행 538,"하나투어 여행 ??. ?? ??: 가격, 일정, 숙소, 휴식, 가족, 기념일.",675000,603000,516000,4.38,,4,image_estimate,Y,N,0.458,0.458
female,24,770000.0,학생,미혼,보수적,145000.0,중저가,건강관리,종근당,45,2,19,Y,4,1.0,2.0422535211267605,1.0,0.0,1.0,0.0,0.04316546762589928,0.2,0.6625000000000001,1.0,0.95,71000,건강,"희소성, 감성",종근당,종근당 건강관리 539,"종근당 건강관리 ??. ?? ??: 성분, 후기, 안전성, 건강, 부모님, 회복.",145000,139000,151000,3.7,2349.0,3,image_estimate,Y,Y,0.553,0.553
female,58,3410000.0,은퇴자,미혼,보수적,132000.0,중저가,교육,메가스터디,48,1,3,N,3,0.0,0.3142857142857143,0.0,0.9,0.0,0.20454545454545456,0.375,0.2,0.615,1.0,0.57,420000,자기계발,"강의품질, 가격",설화수,메가스터디 교육 540,"메가스터디 교육 ??. ?? ??: 강의품질, 가격, 커리큘럼, 공부, 취업, 자기계발.",132000,96000,105000,3.32,2401.0,3,manual,Y,Y,0.532,0.532
male,46,2840000.0,주부,기혼,보수적,544000.0,고가,패션,나이키,49,5,14,Y,2,0.0,0.998165137614679,0.0,0.6666666666666666,0.0,0.21323529411764705,0.37721518987341773,0.0,0.6375,1.0,0.09999999999999998,545000,선물,"디자인, 착용감",CJ,나이키 패션 541,"나이키 패션 ??. ?? ??: 디자인, 착용감, 브랜드, 출근, 데이트, 여행.",544000,395000,428000,,3600.0,0,manual,N,Y,0.586,0.586
female,30,6630000.0,대기업직원,미혼,진보적,230000.0,중저가,교육,메가스터디,45,6,16,N,4,0.0,0.18744906275468623,0.0,0.9,0.0,0.14782608695652175,0.27071823204419887,0.2,0.6375,1.0,0.57,1227000,휴식,"강의품질, 가격",대한항공,메가스터디 교육 542,"메가스터디 교육 ??. ?? ??: 강의품질, 가격, 커리큘럼, 공부, 취업, 자기계발.",230000,181000,196000,,1523.0,2,image_estimate,N,Y,0.489,0.489
male,24,840000.0,학생,미혼,진보적,373000.0,중저가,가구,리바트,51,10,13,Y,8,1.0,2.1436781609195403,1.0,0.6666666666666666,1.0,0.2064343163538874,0.3274021352313167,0.0,0.7949999999999999,1.0,0.87,174000,이사,"내구성, 크기",리바트,리바트 가구 543,"리바트 가구 ??. ?? ??: 내구성, 크기, 디자인, 이사, 인테리어, 생활.",373000,281000,296000,4.76,1917.0,0,crawler,Y,Y,0.476,0.476
female,43,7800000.0,전문직,기혼,진보적,22000.0,초저가,생활용품,다이소,46,3,15,N,4,0.0,0.031205673758865248,0.0,0.9,0.0,0.2727272727272727,0.375,0.2,0.6425000000000001,1.0,0.57,705000,휴식,"가격, 내구성",메가스터디,다이소 생활용품 544,"다이소 생활용품 ??. ?? ??: 가격, 내구성, 용량, 생활, 청소, 가정.",22000,16000,16000,3.54,3495.0,1,manual,Y,Y,0.501,0.501
female,27,690000.0,학생,기혼,진보적,2231000.0,초고가,명품,구찌,13,42,3,Y,29,1.0,3.0,0.0,0.6666666666666666,1.0,0.0,0.16197916666666667,0.0,0.41125,1.0,0.019999999999999976,92000,소장,"브랜드, 희소성",구찌,구찌 명품 545,"구찌 명품 ??. ?? ??: 브랜드, 희소성, 디자인, 선물, 보상, 소장.",2231000,1920000,2390000,3.69,,0,image_estimate,Y,N,0.697,0.697
male,37,4150000.0,프리랜서,미혼,보수적,590000.0,고가,교육,메가스터디,47,2,1,Y,5,0.10074626865671643,1.1007462686567164,1.0,0.9,1.0,0.13728813559322034,0.08256880733944955,0.2,0.73875,1.0,1.0,536000,취업,"강의품질, 가격",메가스터디,메가스터디 교육 546,"메가스터디 교육 ??. ?? ??: 강의품질, 가격, 커리큘럼, 공부, 취업, 자기계발.",590000,545000,509000,4.31,2697.0,2,crawler,Y,Y,0.227,0.227
male,53,4850000.0,사무직,기혼,보수적,5009000.0,초고가,전자기기,애플,28,14,16,Y,8,1.0,3.0,0.0,0.0,1.0,0.026152924735476143,0.047907949790794976,0.2,0.5743927954060137,1.0,0.37,549000,휴식,"희소성, 감성",애플,애플 전자기기 547,"애플 전자기기 ??. ?? ??: 성능, 배터리, 휴대성, 업무, 공부, 게임, 콘텐츠.",5009000,4780000,4878000,,174.0,4,user_input,N,Y,0.807,0.807
female,33,10910000.0,전문직,기혼,보수적,1166000.0,고가,가구,리바트,7,3,22,Y,1,0.09689557855126996,1.09689557855127,0.0,0.6666666666666666,1.0,0.03773584905660377,0.3880952380952381,0.2,0.45749999999999996,1.0,0.37,1063000,생활,"내구성, 크기",리바트,리바트 가구 548,"리바트 가구 ??. ?? ??: 내구성, 크기, 디자인, 이사, 인테리어, 생활.",1166000,840000,1122000,4.06,,4,crawler,Y,N,0.516,0.516
female,25,1300000.0,취업준비생,미혼,보수적,47000.0,저가,화장품,이니스프리,51,6,1,N,4,0.0,0.42727272727272725,1.0,0.9,0.0,0.14893617021276595,0.06818181818181818,0.2,0.7862500000000001,1.0,0.52,110000,선물,"성분, 가격",한샘,이니스프리 화장품 549,"이니스프리 화장품 ??. ?? ??: 성분, 가격, 후기, 피부관리, 선물, 데일리.",47000,44000,40000,4.69,3760.0,3,manual,Y,Y,0.294,0.294
male,37,9500000.0,대기업직원,기혼,보수적,33000.0,저가,식품,동원,56,2,19,N,0,0.0,0.018292682926829267,1.0,0.0,1.0,0.0,0.2222222222222222,0.0,0.7749999999999999,1.0,1.0,1804000,식사,"희소성, 감성",동원,동원 식품 550,"동원 식품 ??. ?? ??: 가격, 신선도, 배송, 생활, 식사, 가족.",33000,27000,34000,4.6,3472.0,0,image_estimate,Y,Y,0.31,0.31
female,29,4850000.0,공무원,미혼,진보적,3185000.0,초고가,여행,마이리얼트립,12,13,11,Y,6,1.0,3.0,0.0,0.9,0.0,0.0,0.1884328358208955,0.2,0.51875,1.0,0.09999999999999998,561000,기념일,"가격, 일정",LG,마이리얼트립 여행 551,"마이리얼트립 여행 ??. ?? ??: 가격, 일정, 숙소, 휴식, 가족, 기념일.",3185000,2680000,3200000,4.55,,3,image_estimate,Y,N,0.764,0.764
female,35,3540000.0,공무원,미혼,진보적,181000.0,중저가,건강관리,종근당,55,2,12,N,3,0.0,0.25783475783475784,1.0,0.0,1.0,0.20441988950276244,0.08383233532934131,0.2,0.6275,1.0,0.95,702000,부모님,"희소성, 감성",종근당,종근당 건강관리 552,"종근당 건강관리 ??. ?? ??: 성분, 후기, 안전성, 건강, 부모님, 회복.",181000,167000,144000,3.42,3647.0,4,crawler,Y,Y,0.364,0.364
male,28,7370000.0,대기업직원,미혼,보수적,457000.0,중저가,패션,COS,45,3,13,N,3,0.0,0.40122914837576823,0.0,0.0,0.0,0.24288840262582057,0.2554945054945055,0.2,0.615,1.0,0.09999999999999998,1139000,여행,"희소성, 감성",하나투어,COS 패션 553,"COS 패션 ??. ?? ??: 디자인, 착용감, 브랜드, 출근, 데이트, 여행.",457000,364000,346000,3.32,1183.0,2,image_estimate,Y,Y,0.685,0.685
female,43,4330000.0,공무원,기혼,보수적,12000.0,초저가,식품,CJ,8,4,10,N,3,0.0,0.013605442176870748,0.0,0.9,0.0,0.08333333333333333,0.3333333333333333,0.2,0.49125,1.0,0.57,882000,선물,"가격, 신선도",한샘,CJ 식품 554,"CJ 식품 ??. ?? ??: 가격, 신선도, 배송, 생활, 식사, 가족.",12000,9000,11000,4.33,,2,image_estimate,Y,N,0.513,0.513
male,50,7140000.0,대기업직원,기혼,보수적,91000.0,저가,가구,이케아,41,0,19,N,4,0.0,0.09722222222222222,0.0,0.6666666666666666,1.0,0.3626373626373626,0.08333333333333333,0.2,0.6012897177888592,1.0,0.37,936000,소장,"내구성, 크기",이케아,이케아 가구 555,"이케아 가구 ??. ?? ??: 내구성, 크기, 디자인, 이사, 인테리어, 생활.",91000,84000,58000,,367.0,2,manual,N,Y,0.5,0.5
male,32,5490000.0,자영업,기혼,진보적,56000.0,저가,생활용품,다이소,7,1,10,N,2,0.0,0.24034334763948498,0.0,0.0,1.0,0.0,0.14285714285714285,0.2,0.1875,0.75,0.57,233000,유행,"희소성, 감성",다이소,다이소 생활용품 556,"다이소 생활용품 ??. ?? ??: 가격, 내구성, 용량, 생활, 청소, 가정.",56000,49000,60000,,,3,image_estimate,N,N,0.572,0.572
male,49,2200000.0,주부,미혼,진보적,358000.0,중저가,건강관리,정관장,44,2,16,N,3,1.0,2.1183431952662723,0.0,0.0,0.0,0.06424581005586592,0.08814589665653495,0.2,0.6375,1.0,0.44999999999999996,169000,소장,"희소성, 감성",루이비통,정관장 건강관리 557,"정관장 건강관리 ??. ?? ??: 성분, 후기, 안전성, 건강, 부모님, 회복.",358000,329000,335000,3.5,2377.0,2,crawler,Y,Y,0.854,0.854
female,43,2340000.0,주부,기혼,보수적,414000.0,중저가,전자기기,레노버,42,7,21,N,3,0.4577464788732395,1.4577464788732395,1.0,0.0,1.0,0.24154589371980675,0.2545454545454545,0.2,0.7037500000000001,1.0,0.87,284000,업무,"희소성, 감성",레노버,레노버 전자기기 558,"레노버 전자기기 ??. ?? ??: 성능, 배터리, 휴대성, 업무, 공부, 게임, 콘텐츠.",414000,330000,314000,4.03,3285.0,3,manual,Y,Y,0.5,0.5
female,48,4400000.0,공무원,기혼,보수적,21000.0,초저가,화장품,이니스프리,48,3,12,N,4,0.0,0.047619047619047616,0.0,0.0,0.0,0.23809523809523808,0.3125,0.2,0.7875000000000001,1.0,0.019999999999999976,441000,소장,"희소성, 감성",메가스터디,이니스프리 화장품 559,"이니스프리 화장품 ??. ?? ??: 성분, 가격, 후기, 피부관리, 선물, 데일리.",21000,16000,16000,4.7,3657.0,4,crawler,Y,Y,0.692,0.692
male,53,7950000.0,전문직,기혼,보수적,1649000.0,고가,명품,구찌,38,2,10,Y,2,0.1333333333333333,1.1333333333333333,1.0,0.3333333333333333,0.0,0.0,0.07286922576447626,0.2,0.75125,1.0,0.52,1455000,선물,"희소성, 감성",마이리얼트립,구찌 명품 560,"구찌 명품 ??. ?? ??: 브랜드, 희소성, 디자인, 선물, 보상, 소장.",1649000,1537000,1666000,4.41,1143.0,2,manual,Y,Y,0.46,0.46
male,38,6620000.0,전문직,기혼,보수적,1817000.0,고가,전자기기,삼성,45,8,13,Y,3,0.24879725085910653,1.2487972508591065,1.0,0.9375,1.0,0.0,0.30719424460431655,0.2,0.7562500000000001,1.0,0.87,1455000,게임,"성능, 배터리",삼성,삼성 전자기기 561,"삼성 전자기기 ??. ?? ??: 성능, 배터리, 휴대성, 업무, 공부, 게임, 콘텐츠.",1817000,1390000,1817000,4.45,3869.0,4,naver_api,Y,Y,0.286,0.286
male,70,3680000.0,은퇴자,기혼,보수적,328000.0,중저가,화장품,라네즈,42,6,20,N,1,1.0,2.5625,1.0,0.0,0.0,0.009146341463414634,0.09333333333333334,0.2,0.7649999999999999,1.0,0.52,128000,선물,"희소성, 감성",COS,라네즈 화장품 562,"라네즈 화장품 ??. ?? ??: 성분, 가격, 후기, 피부관리, 선물, 데일리.",328000,300000,325000,4.52,1851.0,1,user_input,Y,Y,0.652,0.652
male,19,720000.0,학생,미혼,보수적,261000.0,중저가,교육,패스트캠퍼스,8,9,9,Y,2,1.0,2.0551181102362204,0.0,0.9,0.0,0.0,0.09205020920502092,0.2,0.1875,0.75,0.57,127000,자기계발,"강의품질, 가격",대한항공,패스트캠퍼스 교육 563,"패스트캠퍼스 교육 ??. ?? ??: 강의품질, 가격, 커리큘럼, 공부, 취업, 자기계발.",261000,239000,279000,,,2,image_estimate,N,N,0.711,0.711
male,48,3480000.0,사무직,기혼,진보적,99000.0,저가,교육,메가스터디,33,0,20,N,0,0.0,0.308411214953271,1.0,0.9,1.0,0.26262626262626265,0.1,0.2,0.7367443897080095,1.0,1.0,321000,취업,"강의품질, 가격",메가스터디,메가스터디 교육 564,"메가스터디 교육 ??. ?? ??: 강의품질, 가격, 커리큘럼, 공부, 취업, 자기계발.",99000,90000,73000,4.59,359.0,4,user_input,Y,Y,0.25,0.25
female,39,6990000.0,대기업직원,미혼,진보적,5000.0,초저가,식품,동원,48,1,20,N,0,0.0,0.012077294685990338,0.0,0.9,0.0,0.2,0.25,0.0,0.61625,1.0,0.57,414000,휴식,"가격, 신선도",클래스101,동원 식품 565,"동원 식품 ??. ?? ??: 가격, 신선도, 배송, 생활, 식사, 가족.",5000,4000,4000,3.33,2645.0,0,manual,Y,Y,0.477,0.477
male,55,7620000.0,대기업직원,미혼,보수적,324000.0,중저가,교육,메가스터디,41,6,19,N,3,0.0,0.2351233671988389,0.0,0.9,0.0,0.3487654320987654,0.3333333333333333,0.2,0.6975,1.0,0.57,1378000,자기계발,"강의품질, 가격",동원,메가스터디 교육 566,"메가스터디 교육 ??. ?? ??: 강의품질, 가격, 커리큘럼, 공부, 취업, 자기계발.",324000,243000,211000,3.98,1235.0,2,naver_api,Y,Y,0.552,0.552
female,29,7590000.0,대기업직원,기혼,보수적,618000.0,고가,화장품,라네즈,42,4,0,Y,3,1.0,2.663793103448276,0.0,0.9,0.0,0.12135922330097088,0.3825503355704698,0.2,0.6375,1.0,0.019999999999999976,232000,데일리,"성분, 가격",메가스터디,라네즈 화장품 567,"라네즈 화장품 ??. ?? ??: 성분, 가격, 후기, 피부관리, 선물, 데일리.",618000,447000,543000,,3465.0,4,naver_api,N,Y,0.759,0.759
male,48,5430000.0,공무원,기혼,진보적,44000.0,저가,생활용품,3M,49,2,2,N,1,0.0,0.07177814029363784,0.0,0.9,1.0,0.0,0.2222222222222222,0.2,0.6375,1.0,0.57,613000,가정,"가격, 내구성",3M,3M 생활용품 568,"3M 생활용품 ??. ?? ??: 가격, 내구성, 용량, 생활, 청소, 가정.",44000,36000,45000,,2347.0,4,crawler,N,Y,0.379,0.379
female,59,2220000.0,은퇴자,기혼,보수적,2074000.0,초고가,건강관리,센트룸,15,13,19,Y,9,1.0,3.0,0.0,0.6666666666666666,0.0,0.23963355834136935,0.1619047619047619,0.2,0.45625,1.0,0.44999999999999996,306000,회복,"성분, 후기",구찌,센트룸 건강관리 569,"센트룸 건강관리 ??. ?? ??: 성분, 후기, 안전성, 건강, 부모님, 회복.",2074000,1785000,1577000,4.05,,3,user_input,Y,N,0.76,0.76
male,40,6650000.0,자영업,기혼,보수적,7421000.0,초고가,전자기기,소니,35,17,9,Y,12,1.0,3.0,1.0,0.9375,0.0,0.0,0.3832246039142591,0.2,0.6280999620196321,1.0,0.87,935000,공부,"성능, 배터리",라네즈,소니 전자기기 570,"소니 전자기기 ??. ?? ??: 성능, 배터리, 휴대성, 업무, 공부, 게임, 콘텐츠.",7421000,5365000,7970000,,771.0,4,crawler,N,Y,0.524,0.524
female,37,6580000.0,자영업,기혼,진보적,969000.0,고가,여행,마이리얼트립,39,4,21,Y,4,0.0,0.7125,1.0,0.9,1.0,0.25593395252837975,0.09863945578231292,0.0,0.76125,1.0,0.6,1360000,휴식,"가격, 일정",마이리얼트립,마이리얼트립 여행 571,"마이리얼트립 여행 ??. ?? ??: 가격, 일정, 숙소, 휴식, 가족, 기념일.",969000,882000,721000,4.49,1964.0,0,crawler,Y,Y,0.238,0.238
female,47,7210000.0,자영업,미혼,보수적,484000.0,중저가,여행,마이리얼트립,52,6,18,N,1,0.0,0.40982218458933106,1.0,0.0,1.0,0.0,0.047619047619047616,0.2,0.6950000000000001,1.0,0.6,1181000,가족,"희소성, 감성",마이리얼트립,마이리얼트립 여행 572,"마이리얼트립 여행 ??. ?? ??: 가격, 일정, 숙소, 휴식, 가족, 기념일.",484000,462000,499000,3.96,2990.0,2,image_estimate,Y,Y,0.359,0.359
male,23,1280000.0,취업준비생,미혼,보수적,1915000.0,고가,명품,샤넬,8,19,3,Y,14,1.0,3.0,1.0,0.6666666666666666,1.0,0.08093994778067885,0.12580834803057026,0.0,0.42625,1.0,0.52,111000,보상,"브랜드, 희소성",샤넬,샤넬 명품 573,"샤넬 명품 ??. ?? ??: 브랜드, 희소성, 디자인, 선물, 보상, 소장.",1915000,1701000,1760000,3.81,,0,naver_api,Y,N,0.533,0.533
male,24,1050000.0,취업준비생,미혼,진보적,188000.0,중저가,여행,대한항공,4,4,17,N,6,1.0,2.8059701492537314,1.0,0.0,0.0,0.34574468085106386,0.13253012048192772,0.0,0.35125,1.0,0.6,67000,가족,"희소성, 감성",종근당,대한항공 여행 574,"대한항공 여행 ??. ?? ??: 가격, 일정, 숙소, 휴식, 가족, 기념일.",188000,166000,123000,3.21,,0,user_input,Y,N,0.703,0.703
female,20,750000.0,학생,미혼,보수적,1865000.0,고가,건강관리,정관장,5,33,17,Y,20,1.0,3.0,0.0,0.0,1.0,0.1453083109919571,0.15910503418272218,0.0,0.40875,1.0,0.44999999999999996,121000,회복,"희소성, 감성",정관장,정관장 건강관리 575,"정관장 건강관리 ??. ?? ??: 성분, 후기, 안전성, 건강, 부모님, 회복.",1865000,1609000,1594000,3.67,,0,image_estimate,Y,N,0.778,0.778
female,46,5630000.0,대기업직원,미혼,진보적,61000.0,저가,식품,오뚜기,46,0,21,N,1,0.0,0.07682619647355164,0.0,0.9,1.0,0.14754098360655737,0.1509433962264151,0.2,0.6125,1.0,0.57,794000,가족,"가격, 신선도",오뚜기,오뚜기 식품 576,"오뚜기 식품 ??. ?? ??: 가격, 신선도, 배송, 생활, 식사, 가족.",61000,53000,52000,3.3,1889.0,3,naver_api,Y,Y,0.421,0.421
male,56,7620000.0,대기업직원,기혼,진보적,82000.0,저가,교육,클래스101,42,5,14,N,2,0.0,0.22777777777777777,1.0,0.9,1.0,0.34146341463414637,0.3225806451612903,0.2,0.65375,1.0,1.0,360000,공부,"강의품질, 가격",클래스101,클래스101 교육 577,"클래스101 교육 ??. ?? ??: 강의품질, 가격, 커리큘럼, 공부, 취업, 자기계발.",82000,62000,54000,3.63,2411.0,3,naver_api,Y,Y,0.238,0.238
male,35,3840000.0,사무직,기혼,보수적,35000.0,저가,패션,ZARA,38,3,20,N,4,0.0,0.06445672191528545,0.0,0.6666666666666666,0.0,0.34285714285714286,0.16666666666666666,0.2,0.7109736562714105,1.0,0.09999999999999998,543000,여행,"디자인, 착용감",LG,ZARA 패션 578,"ZARA 패션 ??. ?? ??: 디자인, 착용감, 브랜드, 출근, 데이트, 여행.",35000,30000,23000,4.22,633.0,4,image_estimate,Y,Y,0.585,0.585
male,48,6610000.0,자영업,기혼,보수적,58000.0,저가,화장품,라네즈,44,1,11,N,0,0.0,0.04264705882352941,0.0,0.0,1.0,0.0,0.23404255319148937,0.2,0.64125,1.0,0.019999999999999976,1360000,소장,"희소성, 감성",라네즈,라네즈 화장품 579,"라네즈 화장품 ??. ?? ??: 성분, 가격, 후기, 피부관리, 선물, 데일리.",58000,47000,62000,3.53,2741.0,3,manual,Y,Y,0.596,0.596
male,28,1310000.0,취업준비생,기혼,보수적,104000.0,중저가,생활용품,유한킴벌리,8,5,21,N,1,0.0,0.40625,0.0,0.9,0.0,0.057692307692307696,0.08333333333333333,0.0,0.455,1.0,0.57,256000,소장,"가격, 내구성",프라다,유한킴벌리 생활용품 580,"유한킴벌리 생활용품 ??. ?? ??: 가격, 내구성, 용량, 생활, 청소, 가정.",104000,96000,98000,4.04,,0,user_input,Y,N,0.484,0.484
male,29,840000.0,학생,미혼,진보적,2200000.0,초고가,명품,프라다,49,34,22,Y,24,1.0,3.0,1.0,0.3333333333333333,0.0,0.14363636363636365,0.2925969447708578,0.2,0.68875,1.0,0.52,91000,선물,"희소성, 감성",종근당,프라다 명품 581,"프라다 명품 ??. ?? ??: 브랜드, 희소성, 디자인, 선물, 보상, 소장.",2200000,1702000,1884000,3.91,1855.0,3,manual,Y,Y,0.695,0.695
female,44,3310000.0,주부,미혼,진보적,2826000.0,초고가,전자기기,애플,41,16,2,Y,8,1.0,3.0,0.0,0.9375,1.0,0.0,0.3671988388969521,0.2,0.7468755340065661,1.0,0.37,114000,선물,"성능, 배터리",애플,애플 전자기기 582,"애플 전자기기 ??. ?? ??: 성능, 배터리, 휴대성, 업무, 공부, 게임, 콘텐츠.",2826000,2067000,2900000,4.5,649.0,4,crawler,Y,Y,0.646,0.646
female,63,3130000.0,은퇴자,미혼,진보적,1705000.0,고가,건강관리,정관장,14,7,9,Y,4,1.0,3.0,1.0,0.0,0.0,0.2029325513196481,0.043451652386780906,0.2,0.37,1.0,0.95,279000,건강,"희소성, 감성",설화수,정관장 건강관리 583,"정관장 건강관리 ??. ?? ??: 성분, 후기, 안전성, 건강, 부모님, 회복.",1705000,1634000,1359000,3.36,,3,manual,Y,N,0.679,0.679
female,33,6730000.0,대기업직원,기혼,보수적,3949000.0,초고가,명품,프라다,14,12,16,Y,5,1.0,3.0,1.0,0.3333333333333333,1.0,0.18511015446948595,0.1033808326348142,0.2,0.55125,1.0,0.52,826000,선물,"희소성, 감성",프라다,프라다 명품 584,"프라다 명품 ??. ?? ??: 브랜드, 희소성, 디자인, 선물, 보상, 소장.",3949000,3579000,3218000,4.81,,3,image_estimate,Y,N,0.57,0.57
male,23,1120000.0,취업준비생,기혼,보수적,426000.0,중저가,건강관리,종근당,6,9,18,Y,6,1.0,2.859060402684564,1.0,0.6666666666666666,0.0,0.3192488262910798,0.05707196029776675,0.2,0.5349999999999999,1.0,0.95,149000,건강,"성분, 후기",ZARA,종근당 건강관리 585,"종근당 건강관리 ??. ?? ??: 성분, 후기, 안전성, 건강, 부모님, 회복.",426000,403000,290000,4.68,,1,image_estimate,Y,N,0.581,0.581
male,30,1170000.0,취업준비생,기혼,보수적,35000.0,저가,패션,COS,9,4,0,N,2,0.0,0.14056224899598393,1.0,0.6666666666666666,1.0,0.02857142857142857,0.25,0.2,0.35500000000000004,1.0,0.6,249000,데이트,"디자인, 착용감",COS,COS 패션 586,"COS 패션 ??. ?? ??: 디자인, 착용감, 브랜드, 출근, 데이트, 여행.",35000,28000,34000,3.24,,4,crawler,Y,N,0.272,0.272
female,49,4900000.0,공무원,미혼,진보적,8000.0,초저가,생활용품,3M,42,5,14,N,4,0.0,0.007670182166826462,1.0,0.9,1.0,0.0,0.3333333333333333,0.2,0.7725,1.0,1.0,1043000,청소,"가격, 내구성",3M,3M 생활용품 587,"3M 생활용품 ??. ?? ??: 가격, 내구성, 용량, 생활, 청소, 가정.",8000,6000,8000,4.58,2297.0,2,image_estimate,Y,Y,0.203,0.203
male,33,3980000.0,사무직,기혼,진보적,58000.0,저가,식품,CJ,9,2,15,N,3,0.0,0.09250398724082935,1.0,0.0,1.0,0.3103448275862069,0.3488372093023256,0.2,0.35000000000000003,1.0,1.0,627000,식사,"희소성, 감성",CJ,CJ 식품 588,"CJ 식품 ??. ?? ??: 가격, 신선도, 배송, 생활, 식사, 가족.",58000,43000,40000,3.2,,4,crawler,Y,N,0.416,0.416
male,48,5470000.0,공무원,미혼,보수적,276000.0,중저가,전자기기,삼성,47,1,14,N,5,0.0,0.2641148325358852,0.0,0.9375,1.0,0.0,0.2052401746724891,0.2,0.6375,1.0,0.37,1045000,선물,"성능, 배터리",삼성,삼성 전자기기 589,"삼성 전자기기 ??. ?? ??: 성능, 배터리, 휴대성, 업무, 공부, 게임, 콘텐츠.",276000,229000,294000,,1155.0,4,image_estimate,N,Y,0.411,0.411
male,28,720000.0,취업준비생,미혼,보수적,135000.0,중저가,교육,메가스터디,40,6,18,Y,1,0.3500000000000001,1.35,0.0,0.9,1.0,0.0,0.038461538461538464,0.2,0.7424999999999999,1.0,0.57,100000,선물,"강의품질, 가격",메가스터디,메가스터디 교육 590,"메가스터디 교육 ??. ?? ??: 강의품질, 가격, 커리큘럼, 공부, 취업, 자기계발.",135000,130000,136000,4.34,2422.0,2,naver_api,Y,Y,0.484,0.484
male,33,3250000.0,프리랜서,미혼,보수적,30000.0,저가,생활용품,유한킴벌리,52,1,9,N,1,0.0,0.07936507936507936,0.0,0.0,1.0,0.13333333333333333,0.07142857142857142,0.2,0.69125,1.0,0.57,378000,유행,"희소성, 감성",유한킴벌리,유한킴벌리 생활용품 591,"유한킴벌리 생활용품 ??. ?? ??: 가격, 내구성, 용량, 생활, 청소, 가정.",30000,28000,26000,3.93,2587.0,3,image_estimate,Y,Y,0.526,0.526
male,74,2850000.0,은퇴자,기혼,보수적,169000.0,중저가,교육,패스트캠퍼스,53,5,16,N,2,0.0,0.4543010752688172,0.0,0.0,1.0,0.15384615384615385,0.08333333333333333,0.0,0.65125,1.0,0.57,372000,자기계발,"희소성, 감성",패스트캠퍼스,패스트캠퍼스 교육 592,"패스트캠퍼스 교육 ??. ?? ??: 강의품질, 가격, 커리큘럼, 공부, 취업, 자기계발.",169000,156000,143000,3.61,3800.0,0,crawler,Y,Y,0.519,0.519
female,66,2420000.0,은퇴자,미혼,보수적,921000.0,고가,명품,샤넬,51,5,9,Y,4,1.0,3.0,0.0,0.3333333333333333,1.0,0.1498371335504886,0.3624260355029586,0.2,0.6375,1.0,0.019999999999999976,150000,소장,"희소성, 감성",샤넬,샤넬 명품 593,"샤넬 명품 ??. ?? ??: 브랜드, 희소성, 디자인, 선물, 보상, 소장.",921000,676000,783000,,2575.0,4,image_estimate,N,Y,0.789,0.789
male,30,950000.0,취업준비생,미혼,진보적,7000.0,초저가,생활용품,다이소,6,0,21,N,3,0.0,0.14,1.0,0.0,0.0,0.42857142857142855,0.05,0.0,0.45625,1.0,1.0,50000,생활,"희소성, 감성",3M,다이소 생활용품 594,"다이소 생활용품 ??. ?? ??: 가격, 내구성, 용량, 생활, 청소, 가정.",7000,7000,4000,4.05,,0,crawler,Y,N,0.475,0.475
female,35,4050000.0,공무원,기혼,진보적,65000.0,저가,가구,한샘,45,4,11,N,0,0.0,0.42483660130718953,0.0,0.6666666666666666,1.0,0.16923076923076924,0.3,0.2,0.71,1.0,0.37,153000,소장,"내구성, 크기",한샘,한샘 가구 595,"한샘 가구 ??. ?? ??: 내구성, 크기, 디자인, 이사, 인테리어, 생활.",65000,50000,54000,4.08,2434.0,4,image_estimate,Y,Y,0.493,0.493
male,53,5830000.0,대기업직원,기혼,진보적,12000.0,초저가,화장품,라네즈,33,1,9,N,3,0.0,0.02459016393442623,0.0,0.0,1.0,0.16666666666666666,0.3333333333333333,0.2,0.6610135174051011,1.0,0.019999999999999976,488000,소장,"희소성, 감성",라네즈,라네즈 화장품 596,"라네즈 화장품 ??. ?? ??: 성분, 가격, 후기, 피부관리, 선물, 데일리.",12000,9000,10000,4.15,202.0,2,naver_api,Y,Y,0.575,0.575
male,42,5370000.0,사무직,기혼,진보적,296000.0,중저가,패션,COS,50,2,22,N,4,0.0,0.3070539419087137,0.0,0.0,1.0,0.08783783783783784,0.08823529411764706,0.0,0.7037500000000001,1.0,0.09999999999999998,964000,소장,"희소성, 감성",COS,COS 패션 597,"COS 패션 ??. ?? ??: 디자인, 착용감, 브랜드, 출근, 데이트, 여행.",296000,272000,270000,4.03,1249.0,0,crawler,Y,Y,0.581,0.581
male,27,4880000.0,사무직,미혼,보수적,647000.0,고가,명품,샤넬,51,5,12,Y,4,1.0,3.0,1.0,0.6666666666666666,0.0,0.14219474497681608,0.03685897435897436,0.2,0.6025,1.0,0.52,151000,보상,"브랜드, 희소성",센트룸,샤넬 명품 598,"샤넬 명품 ??. ?? ??: 브랜드, 희소성, 디자인, 선물, 보상, 소장.",647000,624000,555000,3.22,2058.0,3,user_input,Y,Y,0.586,0.586
male,31,2930000.0,주부,기혼,진보적,2272000.0,초고가,명품,샤넬,10,15,0,Y,10,1.0,3.0,0.0,0.6666666666666666,0.0,0.11355633802816902,0.3588516746411483,0.2,0.1875,0.75,0.019999999999999976,270000,휴식,"브랜드, 희소성",3M,샤넬 명품 599,"샤넬 명품 ??. ?? ??: 브랜드, 희소성, 디자인, 선물, 보상, 소장.",2272000,1672000,2014000,,,2,manual,N,N,0.854,0.854
male,35,3220000.0,프리랜서,기혼,보수적,44000.0,저가,교육,메가스터디,32,3,20,N,2,0.0,0.32592592592592595,1.0,0.9,0.0,0.1590909090909091,0.1,0.2,0.5963452010342618,1.0,1.0,135000,공부,"강의품질, 가격",애플,메가스터디 교육 600,"메가스터디 교육 ??. ?? ??: 강의품질, 가격, 커리큘럼, 공부, 취업, 자기계발.",44000,40000,37000,,320.0,2,image_estimate,N,Y,0.282,0.282
male,31,1080000.0,취업준비생,기혼,보수적,2568000.0,초고가,명품,구찌,37,33,13,Y,23,1.0,3.0,1.0,0.3333333333333333,1.0,0.1705607476635514,0.30554143365531267,0.2,0.6194640582052136,1.0,0.52,151000,선물,"희소성, 감성",구찌,구찌 명품 601,"구찌 명품 ??. ?? ??: 브랜드, 희소성, 디자인, 선물, 보상, 소장.",2568000,1967000,2130000,3.4,858.0,3,image_estimate,Y,Y,0.574,0.574
male,43,3970000.0,사무직,기혼,보수적,705000.0,고가,교육,메가스터디,47,2,11,Y,6,0.0,0.8483754512635379,0.0,0.9,1.0,0.12198581560283688,0.34285714285714286,0.2,0.60375,1.0,0.57,831000,자기계발,"강의품질, 가격",메가스터디,메가스터디 교육 602,"메가스터디 교육 ??. ?? ??: 강의품질, 가격, 커리큘럼, 공부, 취업, 자기계발.",705000,525000,619000,3.23,2767.0,1,naver_api,Y,Y,0.424,0.424
male,24,760000.0,취업준비생,미혼,진보적,87000.0,저가,패션,아디다스,52,6,18,N,3,0.0,0.8446601941747572,0.0,0.0,1.0,0.12643678160919541,0.3181818181818182,0.0,0.6975,1.0,0.09999999999999998,103000,여행,"희소성, 감성",아디다스,아디다스 패션 603,"아디다스 패션 ??. ?? ??: 디자인, 착용감, 브랜드, 출근, 데이트, 여행.",87000,66000,76000,3.98,3361.0,0,manual,Y,Y,0.597,0.597
male,19,880000.0,학생,미혼,진보적,9000.0,초저가,생활용품,유한킴벌리,42,0,17,N,0,0.0,0.05202312138728324,0.0,0.0,0.0,0.0,0.05,0.0,0.65,1.0,0.57,173000,가정,"희소성, 감성",종근당,유한킴벌리 생활용품 604,"유한킴벌리 생활용품 ??. ?? ??: 가격, 내구성, 용량, 생활, 청소, 가정.",9000,9000,10000,3.6,1140.0,0,naver_api,Y,Y,0.582,0.582
female,23,740000.0,취업준비생,미혼,진보적,11000.0,초저가,생활용품,3M,43,2,3,N,5,0.0,0.22916666666666666,1.0,0.9,0.0,0.09090909090909091,0.2222222222222222,0.2,0.6125,1.0,1.0,48000,생활,"가격, 내구성",설화수,3M 생활용품 605,"3M 생활용품 ??. ?? ??: 가격, 내구성, 용량, 생활, 청소, 가정.",11000,9000,10000,3.3,1077.0,1,user_input,Y,Y,0.299,0.299
male,35,4490000.0,자영업,기혼,진보적,424000.0,중저가,전자기기,애플,6,5,17,N,2,1.0,2.0682926829268293,0.0,0.0,1.0,0.2358490566037736,0.1246684350132626,0.2,0.5249999999999999,1.0,0.37,205000,선물,"희소성, 감성",애플,애플 전자기기 606,"애플 전자기기 ??. ?? ??: 성능, 배터리, 휴대성, 업무, 공부, 게임, 콘텐츠.",424000,377000,324000,4.6,,4,crawler,Y,N,0.797,0.797
male,46,7270000.0,전문직,기혼,보수적,14000.0,초저가,생활용품,3M,55,0,20,N,2,0.0,0.022292993630573247,1.0,0.0,0.0,0.07142857142857142,0.16666666666666666,0.2,0.7050000000000001,1.0,1.0,628000,청소,"희소성, 감성",아디다스,3M 생활용품 607,"3M 생활용품 ??. ?? ??: 가격, 내구성, 용량, 생활, 청소, 가정.",14000,12000,13000,4.04,3667.0,3,crawler,Y,Y,0.43,0.43
male,34,3560000.0,프리랜서,기혼,진보적,140000.0,중저가,화장품,이니스프리,51,1,13,N,4,0.0,0.21148036253776434,0.0,0.0,0.0,0.3142857142857143,0.20689655172413793,0.2,0.7537499999999999,1.0,0.019999999999999976,662000,데일리,"희소성, 감성",대한항공,이니스프리 화장품 608,"이니스프리 화장품 ??. ?? ??: 성분, 가격, 후기, 피부관리, 선물, 데일리.",140000,116000,96000,4.43,2521.0,3,manual,Y,Y,0.674,0.674
male,21,570000.0,학생,미혼,보수적,74000.0,저가,식품,CJ,52,1,22,N,3,0.4509803921568627,1.4509803921568627,0.0,0.0,1.0,0.20270270270270271,0.1746031746031746,0.2,0.7450000000000001,1.0,0.57,51000,유행,"희소성, 감성",CJ,CJ 식품 609,"CJ 식품 ??. ?? ??: 가격, 신선도, 배송, 생활, 식사, 가족.",74000,63000,59000,4.36,2791.0,1,manual,Y,Y,0.646,0.646
female,27,680000.0,학생,미혼,진보적,5000.0,초저가,식품,동원,54,6,12,N,2,0.0,0.07692307692307693,1.0,0.0,0.0,0.4,0.05,0.2,0.7987500000000001,1.0,1.0,65000,식사,"희소성, 감성",다이소,동원 식품 610,"동원 식품 ??. ?? ??: 가격, 신선도, 배송, 생활, 식사, 가족.",5000,5000,3000,4.79,3460.0,3,manual,Y,Y,0.428,0.428
female,50,4890000.0,프리랜서,기혼,진보적,44000.0,저가,생활용품,다이소,55,5,2,N,0,0.0,0.04772234273318872,0.0,0.0,1.0,0.13636363636363635,0.1282051282051282,0.0,0.70875,1.0,0.57,922000,가정,"희소성, 감성",다이소,다이소 생활용품 611,"다이소 생활용품 ??. ?? ??: 가격, 내구성, 용량, 생활, 청소, 가정.",44000,39000,38000,4.07,3412.0,0,image_estimate,Y,Y,0.56,0.56
male,59,3330000.0,주부,기혼,진보적,1749000.0,고가,건강관리,종근당,48,7,17,Y,7,1.0,2.425797503467406,1.0,0.0,0.0,0.0,0.08768656716417911,0.2,0.6000000000000001,1.0,0.95,721000,건강,"희소성, 감성",설화수,종근당 건강관리 612,"종근당 건강관리 ??. ?? ??: 성분, 후기, 안전성, 건강, 부모님, 회복.",1749000,1608000,1883000,3.2,3442.0,1,crawler,Y,Y,0.629,0.629
female,39,3220000.0,프리랜서,미혼,보수적,125000.0,중저가,전자기기,LG,53,2,14,N,1,0.0,0.19440124416796267,0.0,0.0,1.0,0.152,0.3157894736842105,0.2,0.8025,1.0,0.37,643000,콘텐츠,"희소성, 감성",LG,LG 전자기기 613,"LG 전자기기 ??. ?? ??: 성능, 배터리, 휴대성, 업무, 공부, 게임, 콘텐츠.",125000,95000,106000,4.82,3519.0,2,user_input,Y,Y,0.579,0.579
female,34,8690000.0,전문직,미혼,보수적,6714000.0,초고가,명품,구찌,47,12,12,Y,7,1.0,3.0,1.0,0.6666666666666666,0.0,0.2505212987786714,0.05466540999057493,0.2,0.6125,1.0,0.52,1106000,선물,"브랜드, 희소성",3M,구찌 명품 614,"구찌 명품 ??. ?? ??: 브랜드, 희소성, 디자인, 선물, 보상, 소장.",6714000,6366000,5032000,3.3,1727.0,1,naver_api,Y,Y,0.637,0.637
female,40,5950000.0,자영업,미혼,보수적,56000.0,저가,식품,CJ,12,0,21,N,4,0.0,0.14775725593667546,0.0,0.9,1.0,0.17857142857142858,0.19148936170212766,0.2,0.51,1.0,0.57,379000,가족,"가격, 신선도",CJ,CJ 식품 615,"CJ 식품 ??. ?? ??: 가격, 신선도, 배송, 생활, 식사, 가족.",56000,47000,46000,4.48,,4,naver_api,Y,N,0.432,0.432
female,35,3870000.0,공무원,미혼,보수적,243000.0,중저가,교육,메가스터디,53,4,13,N,3,0.2789473684210526,1.2789473684210526,0.0,0.9,1.0,0.18518518518518517,0.029661016949152543,0.0,0.6375,1.0,0.57,190000,소장,"강의품질, 가격",메가스터디,메가스터디 교육 616,"메가스터디 교육 ??. ?? ??: 강의품질, 가격, 커리큘럼, 공부, 취업, 자기계발.",243000,236000,198000,,2304.0,0,crawler,N,Y,0.448,0.448
male,39,2720000.0,주부,기혼,보수적,85000.0,저가,생활용품,다이소,48,6,10,N,4,0.0,0.14886164623467601,1.0,0.9,0.0,0.023529411764705882,0.036585365853658534,0.2,0.61625,1.0,1.0,571000,생활,"가격, 내구성",메가스터디,다이소 생활용품 617,"다이소 생활용품 ??. ?? ??: 가격, 내구성, 용량, 생활, 청소, 가정.",85000,82000,83000,3.33,1362.0,2,image_estimate,Y,Y,0.283,0.283
male,52,3170000.0,주부,기혼,진보적,17000.0,초저가,화장품,이니스프리,22,1,19,N,1,0.0,0.05592105263157895,0.0,0.9,0.0,0.29411764705882354,0.3076923076923077,0.2,0.5318213294108145,1.0,0.019999999999999976,304000,유행,"성분, 가격",3M,이니스프리 화장품 618,"이니스프리 화장품 ??. ?? ??: 성분, 가격, 후기, 피부관리, 선물, 데일리.",17000,13000,12000,3.54,46.0,2,manual,Y,Y,0.572,0.572
female,40,4400000.0,사무직,미혼,보수적,5050000.0,초고가,전자기기,소니,32,14,10,Y,11,1.0,3.0,1.0,0.9375,0.0,0.06990099009900991,0.061593441244481816,0.2,0.6759797538550751,1.0,0.87,639000,업무,"성능, 배터리",COS,소니 전자기기 619,"소니 전자기기 ??. ?? ??: 성능, 배터리, 휴대성, 업무, 공부, 게임, 콘텐츠.",5050000,4757000,4697000,4.02,480.0,4,image_estimate,Y,Y,0.522,0.522
female,50,5140000.0,자영업,기혼,보수적,6000.0,초저가,생활용품,다이소,2,1,9,N,1,0.0,0.009146341463414634,1.0,0.0,1.0,0.3333333333333333,0.2,0.2,0.44625000000000004,1.0,1.0,656000,청소,"희소성, 감성",다이소,다이소 생활용품 620,"다이소 생활용품 ??. ?? ??: 가격, 내구성, 용량, 생활, 청소, 가정.",6000,5000,4000,3.97,,4,image_estimate,Y,N,0.414,0.414
female,65,3660000.0,은퇴자,미혼,보수적,838000.0,고가,건강관리,정관장,49,3,10,Y,5,1.0,2.3874643874643873,0.0,0.0,0.0,0.1026252983293556,0.25449101796407186,0.2,0.75125,1.0,0.44999999999999996,351000,유행,"희소성, 감성",한샘,정관장 건강관리 621,"정관장 건강관리 ??. ?? ??: 성분, 후기, 안전성, 건강, 부모님, 회복.",838000,668000,752000,4.41,1816.0,2,crawler,Y,Y,0.845,0.845
female,51,2570000.0,주부,기혼,진보적,393000.0,중저가,여행,대한항공,50,6,17,N,4,0.33673469387755106,1.336734693877551,1.0,0.0,0.0,0.0,0.29276315789473684,0.2,0.7224999999999999,1.0,0.6,294000,휴식,"희소성, 감성",유한킴벌리,대한항공 여행 622,"대한항공 여행 ??. ?? ??: 가격, 일정, 숙소, 휴식, 가족, 기념일.",393000,304000,422000,4.18,1779.0,4,user_input,Y,Y,0.561,0.561
male,55,6170000.0,대기업직원,기혼,진보적,83000.0,저가,패션,나이키,52,3,17,N,3,0.0,0.14261168384879724,1.0,0.6666666666666666,1.0,0.04819277108433735,0.31746031746031744,0.2,0.6275,1.0,0.6,582000,출근,"디자인, 착용감",나이키,나이키 패션 623,"나이키 패션 ??. ?? ??: 디자인, 착용감, 브랜드, 출근, 데이트, 여행.",83000,63000,79000,3.42,1626.0,3,user_input,Y,Y,0.279,0.279
male,39,3350000.0,주부,기혼,진보적,401000.0,중저가,화장품,설화수,34,6,18,N,2,0.0,0.8150406504065041,1.0,0.0,0.0,0.0,0.2042042042042042,0.2,0.5927947111452485,1.0,0.52,492000,선물,"희소성, 감성",오뚜기,설화수 화장품 624,"설화수 화장품 ??. ?? ??: 성분, 가격, 후기, 피부관리, 선물, 데일리.",401000,333000,410000,,290.0,2,naver_api,N,Y,0.467,0.467
female,45,2410000.0,주부,기혼,보수적,1227000.0,고가,여행,마이리얼트립,41,10,0,Y,7,1.0,2.5940803382663846,1.0,0.0,0.0,0.013854930725346373,0.20058708414872797,0.2,0.80125,1.0,0.6,473000,휴식,"희소성, 감성",메가스터디,마이리얼트립 여행 625,"마이리얼트립 여행 ??. ?? ??: 가격, 일정, 숙소, 휴식, 가족, 기념일.",1227000,1022000,1210000,4.81,2214.0,2,user_input,Y,Y,0.669,0.669
female,27,870000.0,학생,미혼,보수적,122000.0,중저가,생활용품,3M,12,2,20,N,4,0.0,0.8299319727891157,0.0,0.0,0.0,0.08196721311475409,0.34065934065934067,0.2,0.5137499999999999,1.0,0.57,147000,휴식,"희소성, 감성",이니스프리,3M 생활용품 626,"3M 생활용품 ??. ?? ??: 가격, 내구성, 용량, 생활, 청소, 가정.",122000,91000,112000,4.51,,1,naver_api,Y,N,0.664,0.664
male,58,5430000.0,공무원,미혼,보수적,364000.0,중저가,명품,구찌,37,2,16,N,3,0.0,0.7353535353535353,0.0,0.6666666666666666,0.0,0.15384615384615385,0.1165644171779141,0.2,0.7512987248692979,1.0,0.019999999999999976,495000,소장,"브랜드, 희소성",루이비통,구찌 명품 627,"구찌 명품 ??. ?? ??: 브랜드, 희소성, 디자인, 선물, 보상, 소장.",364000,326000,308000,4.55,617.0,3,image_estimate,Y,Y,0.563,0.563
female,46,4590000.0,자영업,기혼,보수적,285000.0,중저가,패션,아디다스,48,2,12,N,4,0.0,0.9531772575250836,0.0,0.6666666666666666,1.0,0.06315789473684211,0.15384615384615385,0.2,0.81,1.0,0.09999999999999998,299000,선물,"디자인, 착용감",아디다스,아디다스 패션 628,"아디다스 패션 ??. ?? ??: 디자인, 착용감, 브랜드, 출근, 데이트, 여행.",285000,247000,267000,4.88,1292.0,1,manual,Y,Y,0.44,0.44
female,34,9090000.0,대기업직원,미혼,진보적,5961000.0,초고가,전자기기,삼성,40,8,22,Y,6,1.0,3.0,1.0,0.0,1.0,0.30833752726052677,0.04104086622424031,0.2,0.6077525736760452,1.0,0.87,1217000,업무,"희소성, 감성",삼성,삼성 전자기기 629,"삼성 전자기기 ??. ?? ??: 성능, 배터리, 휴대성, 업무, 공부, 게임, 콘텐츠.",5961000,5726000,4123000,3.47,487.0,4,naver_api,Y,Y,0.639,0.639
male,23,1150000.0,취업준비생,미혼,보수적,165000.0,중저가,화장품,라네즈,3,4,3,N,4,1.0,2.0625,1.0,0.9,1.0,0.3151515151515151,0.050955414012738856,0.2,0.44875000000000004,1.0,0.52,80000,피부관리,"성분, 가격",라네즈,라네즈 화장품 630,"라네즈 화장품 ??. ?? ??: 성분, 가격, 후기, 피부관리, 선물, 데일리.",165000,157000,113000,3.99,,3,naver_api,Y,N,0.5,0.5
male,31,1190000.0,취업준비생,미혼,진보적,2240000.0,초고가,전자기기,삼성,17,25,16,Y,16,1.0,3.0,1.0,0.9375,0.0,0.25223214285714285,0.26410835214446954,0.2,0.36125,1.0,0.87,209000,업무,"성능, 배터리",구찌,삼성 전자기기 631,"삼성 전자기기 ??. ?? ??: 성능, 배터리, 휴대성, 업무, 공부, 게임, 콘텐츠.",2240000,1772000,1675000,3.29,,3,image_estimate,Y,N,0.556,0.556
male,42,3910000.0,사무직,미혼,보수적,11000.0,초저가,식품,동원,43,0,18,N,0,0.0,0.01403061224489796,0.0,0.9,0.0,0.2727272727272727,0.1,0.2,0.6557403085600892,1.0,0.57,784000,선물,"가격, 신선도",유한킴벌리,동원 식품 632,"동원 식품 ??. ?? ??: 가격, 신선도, 배송, 생활, 식사, 가족.",11000,10000,8000,3.72,774.0,2,crawler,Y,Y,0.485,0.485
male,38,8350000.0,전문직,기혼,보수적,356000.0,중저가,전자기기,삼성,36,0,13,N,4,0.0,0.31037489102005233,0.0,0.0,1.0,0.3202247191011236,0.17105263157894737,0.0,0.7324181012964457,1.0,0.37,1147000,선물,"희소성, 감성",삼성,삼성 전자기기 633,"삼성 전자기기 ??. ?? ??: 성능, 배터리, 휴대성, 업무, 공부, 게임, 콘텐츠.",356000,304000,242000,4.53,392.0,0,naver_api,Y,Y,0.609,0.609
male,38,5250000.0,공무원,기혼,보수적,115000.0,중저가,생활용품,3M,56,3,3,N,0,0.0,0.23421588594704684,1.0,0.0,1.0,0.26956521739130435,0.36904761904761907,0.2,0.79125,1.0,1.0,491000,생활,"희소성, 감성",3M,3M 생활용품 634,"3M 생활용품 ??. ?? ??: 가격, 내구성, 용량, 생활, 청소, 가정.",115000,84000,84000,4.73,3560.0,3,manual,Y,Y,0.383,0.383
female,25,3520000.0,공무원,미혼,보수적,1132000.0,고가,명품,루이비통,44,6,9,Y,4,1.0,2.8513853904282116,1.0,0.3333333333333333,1.0,0.35335689045936397,0.08118433619866285,0.2,0.8049999999999999,1.0,0.52,397000,보상,"희소성, 감성",루이비통,루이비통 명품 635,"루이비통 명품 ??. ?? ??: 브랜드, 희소성, 디자인, 선물, 보상, 소장.",1132000,1047000,732000,4.84,1265.0,2,user_input,Y,Y,0.614,0.614
male,26,1100000.0,취업준비생,미혼,보수적,284000.0,중저가,전자기기,LG,49,7,2,Y,3,1.0,2.272,0.0,0.0,0.0,0.10915492957746478,0.028985507246376812,0.2,0.6375,1.0,0.37,125000,소장,"희소성, 감성",나이키,LG 전자기기 636,"LG 전자기기 ??. ?? ??: 성능, 배터리, 휴대성, 업무, 공부, 게임, 콘텐츠.",284000,276000,253000,,2052.0,2,crawler,N,Y,0.882,0.882
male,24,890000.0,학생,기혼,진보적,30000.0,저가,패션,나이키,48,4,10,N,4,0.0,0.19736842105263158,0.0,0.0,0.0,0.06666666666666667,0.36363636363636365,0.2,0.6775,1.0,0.09999999999999998,152000,선물,"희소성, 감성",구찌,나이키 패션 637,"나이키 패션 ??. ?? ??: 디자인, 착용감, 브랜드, 출근, 데이트, 여행.",30000,22000,28000,3.82,1353.0,2,user_input,Y,Y,0.643,0.643
female,37,7090000.0,전문직,미혼,진보적,7287000.0,초고가,전자기기,소니,7,13,9,Y,11,1.0,3.0,1.0,0.9375,0.0,0.24083985179086043,0.10192045970058974,0.2,0.55,1.0,0.87,1481000,게임,"성능, 배터리",구찌,소니 전자기기 638,"소니 전자기기 ??. ?? ??: 성능, 배터리, 휴대성, 업무, 공부, 게임, 콘텐츠.",7287000,6613000,5532000,4.8,,3,manual,Y,N,0.568,0.568
male,31,10590000.0,전문직,기혼,보수적,537000.0,고가,건강관리,종근당,55,2,1,Y,4,0.0,0.46940559440559443,0.0,0.0,0.0,0.2271880819366853,0.2040358744394619,0.2,0.685,1.0,0.44999999999999996,1144000,소장,"희소성, 감성",CJ,종근당 건강관리 639,"종근당 건강관리 ??. ?? ??: 성분, 후기, 안전성, 건강, 부모님, 회복.",537000,446000,415000,3.88,3866.0,2,manual,Y,Y,0.655,0.655
male,20,630000.0,학생,미혼,보수적,6274000.0,초고가,전자기기,애플,41,60,2,Y,60,1.0,3.0,1.0,0.9375,1.0,0.1665604080331527,0.09094070596418015,0.2,0.8075000000000001,1.0,0.87,47000,게임,"성능, 배터리",애플,애플 전자기기 640,"애플 전자기기 ??. ?? ??: 성능, 배터리, 휴대성, 업무, 공부, 게임, 콘텐츠.",6274000,5751000,5229000,4.86,3299.0,2,user_input,Y,Y,0.454,0.454
female,31,3200000.0,사무직,기혼,보수적,630000.0,고가,패션,COS,8,4,11,Y,4,0.8,1.8,0.0,0.0,0.0,0.28253968253968254,0.38461538461538464,0.2,0.5362500000000001,1.0,0.09999999999999998,350000,선물,"희소성, 감성",대한항공,COS 패션 641,"COS 패션 ??. ?? ??: 디자인, 착용감, 브랜드, 출근, 데이트, 여행.",630000,455000,452000,4.69,,2,naver_api,Y,N,0.859,0.859
female,51,6620000.0,대기업직원,미혼,진보적,1712000.0,고가,명품,루이비통,48,8,10,Y,3,1.0,2.562874251497006,0.0,0.3333333333333333,1.0,0.051985981308411214,0.22285714285714286,0.0,0.6375,1.0,0.019999999999999976,668000,유행,"희소성, 감성",루이비통,루이비통 명품 642,"루이비통 명품 ??. ?? ??: 브랜드, 희소성, 디자인, 선물, 보상, 소장.",1712000,1400000,1623000,3.5,1128.0,0,manual,Y,Y,0.752,0.752
female,40,2350000.0,주부,기혼,진보적,4265000.0,초고가,전자기기,소니,50,22,14,Y,17,1.0,3.0,0.0,0.0,1.0,0.1287221570926143,0.30828220858895705,0.2,0.6375,1.0,0.37,161000,휴식,"희소성, 감성",소니,소니 전자기기 643,"소니 전자기기 ??. ?? ??: 성능, 배터리, 휴대성, 업무, 공부, 게임, 콘텐츠.",4265000,3260000,3716000,,3471.0,1,crawler,N,Y,0.822,0.822
female,30,10500000.0,전문직,기혼,진보적,5718000.0,초고가,명품,프라다,44,10,15,Y,4,1.0,3.0,0.0,0.6666666666666666,0.0,0.3160195872682756,0.21067118356976497,0.2,0.66625,1.0,0.019999999999999976,454000,유행,"브랜드, 희소성",마이리얼트립,프라다 명품 644,"프라다 명품 ??. ?? ??: 브랜드, 희소성, 디자인, 선물, 보상, 소장.",5718000,4723000,3911000,3.73,2450.0,3,crawler,Y,Y,0.835,0.835
female,46,8140000.0,전문직,미혼,보수적,3784000.0,초고가,가구,한샘,41,7,18,Y,4,1.0,3.0,0.0,0.6666666666666666,0.0,0.37658562367864695,0.11163337250293771,0.2,0.568572655847015,1.0,0.37,1217000,휴식,"내구성, 크기",패스트캠퍼스,한샘 가구 645,"한샘 가구 ??. ?? ??: 내구성, 크기, 디자인, 이사, 인테리어, 생활.",3784000,3404000,2359000,,148.0,4,user_input,N,Y,0.783,0.783
female,75,2790000.0,은퇴자,기혼,진보적,255000.0,중저가,화장품,이니스프리,52,2,1,N,2,0.0,0.5214723926380368,0.0,0.0,0.0,0.0,0.045081967213114756,0.2,0.6375,1.0,0.019999999999999976,489000,유행,"희소성, 감성",패스트캠퍼스,이니스프리 화장품 646,"이니스프리 화장품 ??. ?? ??: 성분, 가격, 후기, 피부관리, 선물, 데일리.",255000,244000,255000,,3099.0,2,user_input,N,Y,0.658,0.658
female,54,5760000.0,자영업,기혼,진보적,432000.0,중저가,여행,대한항공,10,2,22,N,3,0.0,0.7811934900542495,1.0,0.9,0.0,0.37962962962962965,0.20334261838440112,0.2,0.5575000000000001,1.0,0.6,553000,휴식,"가격, 일정",동원,대한항공 여행 647,"대한항공 여행 ??. ?? ??: 가격, 일정, 숙소, 휴식, 가족, 기념일.",432000,359000,268000,4.86,,3,user_input,Y,N,0.385,0.385
female,32,6670000.0,자영업,기혼,보수적,96000.0,저가,가구,리바트,50,3,13,N,1,0.0,0.20556745182012848,0.0,0.6666666666666666,1.0,0.0,0.054945054945054944,0.2,0.69625,1.0,0.37,467000,휴식,"내구성, 크기",리바트,리바트 가구 648,"리바트 가구 ??. ?? ??: 내구성, 크기, 디자인, 이사, 인테리어, 생활.",96000,91000,99000,3.97,2857.0,4,naver_api,Y,Y,0.439,0.439
male,66,2530000.0,은퇴자,미혼,진보적,375000.0,중저가,화장품,라네즈,51,2,20,N,1,0.179245283018868,1.179245283018868,1.0,0.9,0.0,0.072,0.16822429906542055,0.2,0.64,1.0,0.52,318000,피부관리,"성분, 가격",이니스프리,라네즈 화장품 649,"라네즈 화장품 ??. ?? ??: 성분, 가격, 후기, 피부관리, 선물, 데일리.",375000,321000,348000,3.52,3413.0,1,image_estimate,Y,Y,0.376,0.376
female,48,3490000.0,주부,기혼,보수적,203000.0,중저가,전자기기,레노버,12,4,0,N,4,0.0,0.6096096096096096,0.0,0.9375,1.0,0.024630541871921183,0.19411764705882353,0.2,0.38,1.0,0.37,333000,선물,"성능, 배터리",레노버,레노버 전자기기 650,"레노버 전자기기 ??. ?? ??: 성능, 배터리, 휴대성, 업무, 공부, 게임, 콘텐츠.",203000,170000,198000,3.44,,1,user_input,Y,N,0.421,0.421
female,34,3460000.0,공무원,기혼,진보적,376000.0,중저가,패션,나이키,43,4,12,N,1,0.0,0.6064516129032258,0.0,0.0,1.0,0.026595744680851064,0.16770186335403728,0.2,0.6375,1.0,0.09999999999999998,620000,여행,"희소성, 감성",나이키,나이키 패션 651,"나이키 패션 ??. ?? ??: 디자인, 착용감, 브랜드, 출근, 데이트, 여행.",376000,322000,366000,,2700.0,4,manual,N,Y,0.563,0.563
male,31,920000.0,취업준비생,기혼,보수적,369000.0,중저가,패션,아디다스,55,5,14,Y,5,1.0,2.096590909090909,0.0,0.6666666666666666,1.0,0.013550135501355014,0.31316725978647686,0.0,0.77125,1.0,0.09999999999999998,176000,여행,"디자인, 착용감",아디다스,아디다스 패션 652,"아디다스 패션 ??. ?? ??: 디자인, 착용감, 브랜드, 출근, 데이트, 여행.",369000,281000,364000,4.57,2930.0,0,image_estimate,Y,Y,0.671,0.671
male,54,4930000.0,사무직,기혼,진보적,1132000.0,고가,명품,루이비통,14,8,22,Y,5,1.0,2.7950617283950616,0.0,0.6666666666666666,1.0,0.18904593639575973,0.28929384965831434,0.2,0.49500000000000005,1.0,0.019999999999999976,405000,소장,"브랜드, 희소성",루이비통,루이비통 명품 653,"루이비통 명품 ??. ?? ??: 브랜드, 희소성, 디자인, 선물, 보상, 소장.",1132000,878000,918000,4.36,,3,crawler,Y,N,0.739,0.739
male,40,5150000.0,공무원,기혼,진보적,423000.0,중저가,화장품,설화수,50,5,17,N,3,0.0,0.6578538102643857,0.0,0.9,0.0,0.14184397163120568,0.33860759493670883,0.0,0.6375,1.0,0.019999999999999976,643000,데일리,"성분, 가격",구찌,설화수 화장품 654,"설화수 화장품 ??. ?? ??: 성분, 가격, 후기, 피부관리, 선물, 데일리.",423000,316000,363000,,2115.0,0,user_input,N,Y,0.489,0.489
male,42,3660000.0,프리랜서,미혼,보수적,491000.0,중저가,여행,하나투어,32,6,3,N,3,0.7598566308243728,1.7598566308243728,0.0,0.9,1.0,0.18737270875763748,0.04246284501061571,0.2,0.6732400373043987,1.0,0.09999999999999998,279000,유행,"가격, 일정",하나투어,하나투어 여행 655,"하나투어 여행 ??. ?? ??: 가격, 일정, 숙소, 휴식, 가족, 기념일.",491000,471000,399000,4.4,119.0,3,naver_api,Y,Y,0.594,0.594
female,52,3080000.0,주부,기혼,보수적,33000.0,저가,식품,오뚜기,51,2,17,N,1,0.0,0.06653225806451613,0.0,0.9,0.0,0.36363636363636365,0.2692307692307692,0.2,0.7424999999999999,1.0,0.57,496000,휴식,"가격, 신선도",메가스터디,오뚜기 식품 656,"오뚜기 식품 ??. ?? ??: 가격, 신선도, 배송, 생활, 식사, 가족.",33000,26000,21000,4.34,2852.0,1,user_input,Y,Y,0.491,0.491
female,21,710000.0,학생,기혼,진보적,292000.0,중저가,패션,ZARA,46,7,19,Y,4,1.0,3.0,1.0,0.6666666666666666,0.0,0.08904109589041095,0.04659498207885305,0.2,0.62,1.0,0.6,29000,데이트,"디자인, 착용감",패스트캠퍼스,ZARA 패션 657,"ZARA 패션 ??. ?? ??: 디자인, 착용감, 브랜드, 출근, 데이트, 여행.",292000,279000,266000,3.36,2388.0,4,manual,Y,Y,0.576,0.576
male,35,6250000.0,대기업직원,기혼,보수적,6000.0,초저가,식품,CJ,38,3,0,N,1,0.0,0.014598540145985401,1.0,0.0,0.0,0.16666666666666666,0.05,0.2,0.7148259076899208,1.0,1.0,411000,식사,"희소성, 감성",애플,CJ 식품 658,"CJ 식품 ??. ?? ??: 가격, 신선도, 배송, 생활, 식사, 가족.",6000,6000,5000,4.39,391.0,1,manual,Y,Y,0.453,0.453
male,55,5950000.0,공무원,기혼,진보적,404000.0,중저가,패션,아디다스,15,6,10,N,4,0.0,0.3258064516129032,0.0,0.0,1.0,0.22277227722772278,0.12534818941504178,0.2,0.44375000000000003,1.0,0.09999999999999998,1240000,여행,"희소성, 감성",아디다스,아디다스 패션 659,"아디다스 패션 ??. ?? ??: 디자인, 착용감, 브랜드, 출근, 데이트, 여행.",404000,359000,314000,3.95,,3,image_estimate,Y,N,0.591,0.591
female,63,2840000.0,은퇴자,기혼,진보적,65000.0,저가,화장품,이니스프리,45,2,14,N,1,0.0,0.14380530973451328,0.0,0.0,0.0,0.0,0.3541666666666667,0.2,0.61,1.0,0.019999999999999976,452000,데일리,"희소성, 감성",ZARA,이니스프리 화장품 660,"이니스프리 화장품 ??. ?? ??: 성분, 가격, 후기, 피부관리, 선물, 데일리.",65000,48000,65000,3.28,2883.0,2,manual,Y,Y,0.641,0.641
male,33,8960000.0,전문직,미혼,진보적,906000.0,고가,명품,프라다,5,2,20,Y,1,0.0,0.6471428571428571,1.0,0.3333333333333333,0.0,0.23509933774834438,0.27605633802816903,0.0,0.49500000000000005,1.0,0.52,1400000,선물,"희소성, 감성",정관장,프라다 명품 661,"프라다 명품 ??. ?? ??: 브랜드, 희소성, 디자인, 선물, 보상, 소장.",906000,710000,693000,4.36,,0,user_input,Y,N,0.462,0.462
female,40,3890000.0,공무원,기혼,진보적,1240000.0,고가,가구,이케아,7,9,10,Y,6,1.0,2.445759368836292,0.0,0.6666666666666666,0.0,0.23870967741935484,0.13035551504102097,0.2,0.43375,1.0,0.37,507000,휴식,"내구성, 크기",LG,이케아 가구 662,"이케아 가구 ??. ?? ??: 내구성, 크기, 디자인, 이사, 인테리어, 생활.",1240000,1097000,944000,3.87,,1,user_input,Y,N,0.809,0.809
female,48,2180000.0,주부,기혼,보수적,12000.0,초저가,생활용품,3M,9,2,12,N,1,0.0,0.030226700251889168,0.0,0.9,0.0,0.3333333333333333,0.3333333333333333,0.2,0.5462499999999999,1.0,0.57,397000,유행,"가격, 내구성",센트룸,3M 생활용품 663,"3M 생활용품 ??. ?? ??: 가격, 내구성, 용량, 생활, 청소, 가정.",12000,9000,8000,4.77,,4,crawler,Y,N,0.529,0.529
female,61,2870000.0,주부,기혼,진보적,82000.0,저가,가구,이케아,2,2,9,N,1,0.0,0.4939759036144578,0.0,0.6666666666666666,1.0,0.34146341463414637,0.1388888888888889,0.2,0.1875,0.75,0.37,166000,생활,"내구성, 크기",이케아,이케아 가구 664,"이케아 가구 ??. ?? ??: 내구성, 크기, 디자인, 이사, 인테리어, 생활.",82000,72000,54000,,,4,naver_api,N,N,0.531,0.531
male,37,9160000.0,전문직,기혼,보수적,689000.0,고가,패션,ZARA,37,4,9,Y,2,0.0,0.4788047255038221,1.0,0.0,0.0,0.29027576197387517,0.34307992202729043,0.2,0.6012500000000001,1.0,0.6,1439000,출근,"희소성, 감성",나이키,ZARA 패션 665,"ZARA 패션 ??. ?? ??: 디자인, 착용감, 브랜드, 출근, 데이트, 여행.",689000,513000,489000,3.21,1192.0,3,manual,Y,Y,0.483,0.483
male,37,4170000.0,프리랜서,기혼,보수적,2798000.0,초고가,전자기기,삼성,2,11,20,Y,8,1.0,3.0,0.0,0.0,1.0,0.12044317369549679,0.25527142216240467,0.0,0.54125,1.0,0.37,430000,선물,"희소성, 감성",삼성,삼성 전자기기 666,"삼성 전자기기 ??. ?? ??: 성능, 배터리, 휴대성, 업무, 공부, 게임, 콘텐츠.",2798000,2229000,2461000,4.73,,0,naver_api,Y,N,0.796,0.796
male,31,3060000.0,주부,미혼,보수적,36000.0,저가,생활용품,3M,32,0,20,N,2,0.0,0.11960132890365449,0.0,0.9,1.0,0.0,0.09090909090909091,0.2,0.6738331674652229,1.0,0.57,301000,휴식,"가격, 내구성",3M,3M 생활용품 667,"3M 생활용품 ??. ?? ??: 가격, 내구성, 용량, 생활, 청소, 가정.",36000,33000,38000,4.67,47.0,1,crawler,Y,Y,0.386,0.386
female,42,4000000.0,공무원,기혼,진보적,441000.0,중저가,명품,샤넬,6,4,18,N,2,0.0,0.6159217877094972,1.0,0.3333333333333333,0.0,0.20408163265306123,0.3653250773993808,0.2,0.4,1.0,0.52,716000,선물,"희소성, 감성",이케아,샤넬 명품 668,"샤넬 명품 ??. ?? ??: 브랜드, 희소성, 디자인, 선물, 보상, 소장.",441000,323000,351000,3.6,,3,naver_api,Y,N,0.466,0.466
male,26,830000.0,학생,기혼,진보적,1549000.0,고가,명품,루이비통,48,23,0,Y,17,1.0,3.0,1.0,0.3333333333333333,1.0,0.0,0.09469964664310954,0.2,0.6937500000000001,1.0,0.52,40000,선물,"희소성, 감성",루이비통,루이비통 명품 669,"루이비통 명품 ??. ?? ??: 브랜드, 희소성, 디자인, 선물, 보상, 소장.",1549000,1415000,1553000,3.95,3732.0,3,naver_api,Y,Y,0.56,0.56
male,28,580000.0,학생,미혼,진보적,18000.0,초저가,생활용품,3M,55,2,13,N,3,0.0,0.14634146341463414,1.0,0.0,1.0,0.16666666666666666,0.2,0.2,0.73,1.0,1.0,123000,생활,"희소성, 감성",3M,3M 생활용품 670,"3M 생활용품 ??. ?? ??: 가격, 내구성, 용량, 생활, 청소, 가정.",18000,15000,15000,4.24,2731.0,2,manual,Y,Y,0.358,0.358
female,35,2110000.0,주부,기혼,진보적,122000.0,중저가,가구,이케아,51,6,11,N,1,0.21999999999999997,1.22,1.0,0.6666666666666666,1.0,0.23770491803278687,0.07017543859649122,0.2,0.6475,1.0,0.87,100000,이사,"내구성, 크기",이케아,이케아 가구 671,"이케아 가구 ??. ?? ??: 내구성, 크기, 디자인, 이사, 인테리어, 생활.",122000,114000,93000,3.58,2003.0,1,crawler,Y,Y,0.349,0.349
female,35,2620000.0,주부,기혼,보수적,4163000.0,초고가,명품,프라다,11,24,11,Y,17,1.0,3.0,1.0,0.3333333333333333,0.0,0.17487388902233966,0.21123072446901367,0.2,0.45875000000000005,1.0,0.52,165000,보상,"희소성, 감성",설화수,프라다 명품 672,"프라다 명품 ??. ?? ??: 브랜드, 희소성, 디자인, 선물, 보상, 소장.",4163000,3437000,3435000,4.07,,2,crawler,Y,N,0.66,0.66
male,33,7820000.0,대기업직원,미혼,보수적,668000.0,고가,화장품,이니스프리,7,6,11,Y,1,0.1865008880994672,1.1865008880994672,1.0,0.0,1.0,0.25299401197604793,0.37448559670781895,0.2,0.36375,1.0,0.52,563000,선물,"희소성, 감성",이니스프리,이니스프리 화장품 673,"이니스프리 화장품 ??. ?? ??: 성분, 가격, 후기, 피부관리, 선물, 데일리.",668000,486000,499000,3.31,,1,image_estimate,Y,N,0.456,0.456
male,46,4710000.0,자영업,기혼,보수적,454000.0,중저가,교육,패스트캠퍼스,14,3,9,N,5,1.0,2.0267857142857144,0.0,0.0,0.0,0.14757709251101322,0.2646239554317549,0.2,0.5562499999999999,1.0,0.57,224000,자기계발,"희소성, 감성",삼성,패스트캠퍼스 교육 674,"패스트캠퍼스 교육 ??. ?? ??: 강의품질, 가격, 커리큘럼, 공부, 취업, 자기계발.",454000,359000,387000,4.85,,4,naver_api,Y,N,0.881,0.881
male,46,4950000.0,사무직,미혼,보수적,92000.0,저가,생활용품,다이소,52,2,2,N,0,0.0,0.23173803526448364,0.0,0.0,1.0,0.31521739130434784,0.05747126436781609,0.2,0.68125,1.0,0.57,397000,휴식,"희소성, 감성",다이소,다이소 생활용품 675,"다이소 생활용품 ??. ?? ??: 가격, 내구성, 용량, 생활, 청소, 가정.",92000,87000,63000,3.85,1590.0,3,crawler,Y,Y,0.566,0.566
female,60,7040000.0,전문직,기혼,보수적,555000.0,고가,전자기기,LG,47,1,19,Y,5,0.19870410367170632,1.1987041036717063,0.0,0.0,0.0,0.05405405405405406,0.2937062937062937,0.0,0.60625,1.0,0.37,463000,소장,"희소성, 감성",레노버,LG 전자기기 676,"LG 전자기기 ??. ?? ??: 성능, 배터리, 휴대성, 업무, 공부, 게임, 콘텐츠.",555000,429000,525000,3.25,3530.0,0,crawler,Y,Y,0.685,0.685
female,39,8570000.0,대기업직원,기혼,보수적,133000.0,중저가,패션,아디다스,6,2,17,N,2,0.0,0.08260869565217391,1.0,0.6666666666666666,1.0,0.0,0.33,0.2,0.5362500000000001,1.0,0.6,1610000,출근,"디자인, 착용감",아디다스,아디다스 패션 677,"아디다스 패션 ??. ?? ??: 디자인, 착용감, 브랜드, 출근, 데이트, 여행.",133000,100000,136000,4.69,,3,naver_api,Y,N,0.305,0.305
female,32,4290000.0,공무원,기혼,보수적,4283000.0,초고가,명품,프라다,33,15,21,Y,11,1.0,3.0,1.0,0.3333333333333333,1.0,0.0,0.12444211079023365,0.2,0.6103728470336014,1.0,0.52,595000,보상,"희소성, 감성",프라다,프라다 명품 678,"프라다 명품 ??. ?? ??: 브랜드, 희소성, 디자인, 선물, 보상, 소장.",4283000,3809000,4619000,,472.0,3,image_estimate,N,Y,0.54,0.54
male,58,6040000.0,자영업,미혼,진보적,126000.0,중저가,생활용품,다이소,40,1,15,N,3,0.0,0.28,1.0,0.9,1.0,0.2857142857142857,0.22330097087378642,0.2,0.7262500000000001,1.0,1.0,450000,청소,"가격, 내구성",다이소,다이소 생활용품 679,"다이소 생활용품 ??. ?? ??: 가격, 내구성, 용량, 생활, 청소, 가정.",126000,103000,90000,4.21,2413.0,3,naver_api,Y,Y,0.238,0.238
female,53,4500000.0,공무원,기혼,보수적,21000.0,초저가,식품,오뚜기,17,0,19,N,1,0.0,0.023230088495575223,0.0,0.0,1.0,0.14285714285714285,0.16666666666666666,0.2,0.35375,1.0,0.57,904000,가족,"희소성, 감성",오뚜기,오뚜기 식품 680,"오뚜기 식품 ??. ?? ??: 가격, 신선도, 배송, 생활, 식사, 가족.",21000,18000,18000,3.23,,1,user_input,Y,N,0.587,0.587
male,53,2070000.0,주부,기혼,진보적,640000.0,고가,교육,메가스터디,7,4,11,Y,6,1.0,2.70042194092827,0.0,0.9,0.0,0.3703125,0.3168724279835391,0.2,0.4225,1.0,0.57,237000,자기계발,"강의품질, 가격",마이리얼트립,메가스터디 교육 681,"메가스터디 교육 ??. ?? ??: 강의품질, 가격, 커리큘럼, 공부, 취업, 자기계발.",640000,486000,403000,3.78,,1,manual,Y,N,0.788,0.788
female,22,650000.0,학생,미혼,진보적,707000.0,고가,전자기기,소니,41,13,12,Y,10,1.0,3.0,0.0,0.9375,1.0,0.024045261669024046,0.030612244897959183,0.2,0.645,1.0,0.37,95000,유행,"성능, 배터리",소니,소니 전자기기 682,"소니 전자기기 ??. ?? ??: 성능, 배터리, 휴대성, 업무, 공부, 게임, 콘텐츠.",707000,686000,690000,3.56,1790.0,4,manual,Y,Y,0.652,0.652
male,46,7350000.0,자영업,미혼,보수적,12000.0,초저가,식품,오뚜기,45,2,14,N,2,0.0,0.014218009478672985,1.0,0.0,0.0,0.16666666666666666,0.2,0.0,0.6074999999999999,1.0,1.0,844000,식사,"희소성, 감성",메가스터디,오뚜기 식품 683,"오뚜기 식품 ??. ?? ??: 가격, 신선도, 배송, 생활, 식사, 가족.",12000,10000,10000,3.26,2350.0,0,image_estimate,Y,Y,0.405,0.405
male,67,3700000.0,은퇴자,기혼,보수적,1370000.0,고가,건강관리,종근당,43,4,14,Y,3,1.0,2.546468401486989,0.0,0.0,0.0,0.05328467153284672,0.05873261205564142,0.2,0.73875,1.0,0.44999999999999996,538000,유행,"희소성, 감성",레노버,종근당 건강관리 684,"종근당 건강관리 ??. ?? ??: 성분, 후기, 안전성, 건강, 부모님, 회복.",1370000,1294000,1297000,4.31,2333.0,4,manual,Y,Y,0.827,0.827
male,44,5360000.0,사무직,기혼,진보적,549000.0,고가,명품,구찌,9,4,13,Y,4,0.0,0.623155505107832,1.0,0.3333333333333333,0.0,0.07650273224043716,0.31654676258992803,0.2,0.37625000000000003,1.0,0.52,881000,보상,"희소성, 감성",다이소,구찌 명품 685,"구찌 명품 ??. ?? ??: 브랜드, 희소성, 디자인, 선물, 보상, 소장.",549000,417000,507000,3.41,,4,naver_api,Y,N,0.468,0.468
male,41,8160000.0,전문직,기혼,진보적,891000.0,고가,패션,나이키,41,3,11,Y,3,0.0,0.6170360110803325,0.0,0.6666666666666666,0.0,0.23905723905723905,0.20242914979757085,0.2,0.6375,1.0,0.09999999999999998,1444000,휴식,"디자인, 착용감",설화수,나이키 패션 686,"나이키 패션 ??. ?? ??: 디자인, 착용감, 브랜드, 출근, 데이트, 여행.",891000,741000,678000,,2572.0,1,image_estimate,N,Y,0.575,0.575
female,31,750000.0,취업준비생,미혼,보수적,215000.0,중저가,패션,COS,44,8,9,Y,4,1.0,3.0,1.0,0.6666666666666666,0.0,0.21395348837209302,0.33540372670807456,0.2,0.6375,1.0,0.6,41000,출근,"디자인, 착용감",나이키,COS 패션 687,"COS 패션 ??. ?? ??: 디자인, 착용감, 브랜드, 출근, 데이트, 여행.",215000,161000,169000,,3335.0,1,crawler,N,Y,0.589,0.589
male,45,4830000.0,프리랜서,미혼,보수적,534000.0,고가,전자기기,애플,46,1,0,Y,4,0.638036809815951,1.638036809815951,0.0,0.0,1.0,0.016853932584269662,0.18141592920353983,0.2,0.7675000000000001,1.0,0.37,326000,휴식,"희소성, 감성",애플,애플 전자기기 688,"애플 전자기기 ??. ?? ??: 성능, 배터리, 휴대성, 업무, 공부, 게임, 콘텐츠.",534000,452000,525000,4.54,2087.0,2,crawler,Y,Y,0.728,0.728
female,42,4220000.0,프리랜서,기혼,진보적,930000.0,고가,교육,클래스101,2,7,20,Y,5,1.0,2.569060773480663,1.0,0.9,1.0,0.0,0.17721518987341772,0.0,0.44,1.0,1.0,362000,취업,"강의품질, 가격",클래스101,클래스101 교육 689,"클래스101 교육 ??. ?? ??: 강의품질, 가격, 커리큘럼, 공부, 취업, 자기계발.",930000,790000,979000,3.92,,0,naver_api,Y,N,0.438,0.438
male,53,3400000.0,프리랜서,미혼,진보적,34000.0,저가,패션,나이키,51,1,15,N,0,0.0,0.1118421052631579,0.0,0.0,0.0,0.23529411764705882,0.3076923076923077,0.2,0.7250000000000001,1.0,0.09999999999999998,304000,휴식,"희소성, 감성",센트룸,나이키 패션 690,"나이키 패션 ??. ?? ??: 디자인, 착용감, 브랜드, 출근, 데이트, 여행.",34000,26000,26000,4.2,3804.0,4,crawler,Y,Y,0.71,0.71
male,28,4720000.0,공무원,미혼,보수적,1261000.0,고가,패션,ZARA,46,4,17,Y,4,1.0,3.0,1.0,0.0,1.0,0.013481363996827915,0.3530042918454936,0.2,0.68625,1.0,0.6,295000,데이트,"희소성, 감성",ZARA,ZARA 패션 691,"ZARA 패션 ??. ?? ??: 디자인, 착용감, 브랜드, 출근, 데이트, 여행.",1261000,932000,1244000,3.89,2977.0,4,naver_api,Y,Y,0.623,0.623
female,34,9010000.0,전문직,기혼,진보적,371000.0,중저가,패션,ZARA,44,1,2,N,1,0.0,0.38645833333333335,1.0,0.6666666666666666,0.0,0.0646900269541779,0.3490909090909091,0.0,0.7437499999999999,1.0,0.6,960000,데이트,"디자인, 착용감",동원,ZARA 패션 692,"ZARA 패션 ??. ?? ??: 디자인, 착용감, 브랜드, 출근, 데이트, 여행.",371000,275000,347000,4.35,1038.0,0,naver_api,Y,Y,0.363,0.363
female,73,2730000.0,은퇴자,기혼,보수적,76000.0,저가,교육,메가스터디,12,3,20,N,3,0.0,0.48717948717948717,1.0,0.0,1.0,0.32894736842105265,0.02702702702702703,0.2,0.1875,0.75,1.0,156000,공부,"희소성, 감성",메가스터디,메가스터디 교육 693,"메가스터디 교육 ??. ?? ??: 강의품질, 가격, 커리큘럼, 공부, 취업, 자기계발.",76000,74000,51000,,,4,naver_api,N,N,0.385,0.385
female,23,1100000.0,취업준비생,기혼,보수적,96000.0,저가,생활용품,유한킴벌리,34,2,17,N,0,0.0,0.5454545454545454,0.0,0.9,0.0,0.020833333333333332,0.12941176470588237,0.2,0.5900843345808142,1.0,0.57,176000,가정,"가격, 내구성",애플,유한킴벌리 생활용품 694,"유한킴벌리 생활용품 ??. ?? ??: 가격, 내구성, 용량, 생활, 청소, 가정.",96000,85000,94000,,269.0,1,image_estimate,N,Y,0.481,0.481
male,32,6620000.0,대기업직원,기혼,보수적,56000.0,저가,교육,클래스101,50,5,9,N,2,0.0,0.04790419161676647,0.0,0.0,0.0,0.23214285714285715,0.09803921568627451,0.2,0.6375,1.0,0.57,1169000,자기계발,"희소성, 감성",레노버,클래스101 교육 695,"클래스101 교육 ??. ?? ??: 강의품질, 가격, 커리큘럼, 공부, 취업, 자기계발.",56000,51000,43000,,3503.0,1,naver_api,N,Y,0.639,0.639
male,57,4940000.0,자영업,기혼,진보적,5660000.0,초고가,명품,구찌,54,14,20,Y,10,1.0,3.0,0.0,0.3333333333333333,0.0,0.2692579505300353,0.3622141997593261,0.0,0.65,1.0,0.019999999999999976,326000,유행,"희소성, 감성",프라다,구찌 명품 696,"구찌 명품 ??. ?? ??: 브랜드, 희소성, 디자인, 선물, 보상, 소장.",5660000,4155000,4136000,3.6,2359.0,0,crawler,Y,Y,0.874,0.874
male,22,1210000.0,취업준비생,미혼,진보적,193000.0,중저가,화장품,이니스프리,52,7,14,N,3,0.3496503496503496,1.3496503496503496,0.0,0.0,0.0,0.031088082901554404,0.10285714285714286,0.2,0.8025,1.0,0.019999999999999976,143000,데일리,"희소성, 감성",LG,이니스프리 화장품 697,"이니스프리 화장품 ??. ?? ??: 성분, 가격, 후기, 피부관리, 선물, 데일리.",193000,175000,187000,4.82,1824.0,1,image_estimate,Y,Y,0.695,0.695
male,40,5790000.0,프리랜서,기혼,보수적,101000.0,중저가,생활용품,3M,45,3,10,N,3,0.0,0.11222222222222222,0.0,0.9,0.0,0.24752475247524752,0.14772727272727273,0.2,0.6737500000000001,1.0,0.57,900000,가정,"가격, 내구성",소니,3M 생활용품 698,"3M 생활용품 ??. ?? ??: 가격, 내구성, 용량, 생활, 청소, 가정.",101000,88000,76000,3.79,1100.0,4,crawler,Y,Y,0.491,0.491
female,26,1140000.0,취업준비생,미혼,진보적,284000.0,중저가,여행,대한항공,5,5,2,Y,4,0.569060773480663,1.569060773480663,0.0,0.9,1.0,0.28169014084507044,0.15447154471544716,0.2,0.5487500000000001,1.0,0.09999999999999998,181000,선물,"가격, 일정",대한항공,대한항공 여행 699,"대한항공 여행 ??. ?? ??: 가격, 일정, 숙소, 휴식, 가족, 기념일.",284000,246000,204000,4.79,,3,manual,Y,N,0.588,0.588
male,33,1150000.0,취업준비생,미혼,보수적,145000.0,중저가,패션,나이키,44,4,13,N,1,0.0,0.6387665198237885,1.0,0.6666666666666666,1.0,0.0,0.3302752293577982,0.2,0.6375,1.0,0.6,227000,데이트,"디자인, 착용감",나이키,나이키 패션 700,"나이키 패션 ??. ?? ??: 디자인, 착용감, 브랜드, 출근, 데이트, 여행.",145000,109000,153000,,1814.0,2,naver_api,N,Y,0.268,0.268
male,23,1190000.0,취업준비생,미혼,보수적,436000.0,중저가,가구,리바트,14,7,17,Y,3,1.0,3.0,1.0,0.0,0.0,0.0,0.3252279635258359,0.2,0.1875,0.75,0.87,132000,이사,"희소성, 감성",한샘,리바트 가구 701,"리바트 가구 ??. ?? ??: 내구성, 크기, 디자인, 이사, 인테리어, 생활.",436000,329000,441000,,,3,naver_api,N,N,0.706,0.706
male,27,1330000.0,취업준비생,미혼,진보적,147000.0,중저가,가구,이케아,15,2,14,N,1,0.0,0.5444444444444444,1.0,0.6666666666666666,0.0,0.08843537414965986,0.09701492537313433,0.2,0.4875,1.0,0.87,270000,이사,"내구성, 크기",CJ,이케아 가구 702,"이케아 가구 ??. ?? ??: 내구성, 크기, 디자인, 이사, 인테리어, 생활.",147000,134000,134000,4.3,,4,manual,Y,N,0.355,0.355
female,35,5540000.0,프리랜서,기혼,진보적,154000.0,중저가,패션,아디다스,49,3,13,N,5,0.0,0.8651685393258427,0.0,0.6666666666666666,1.0,0.07792207792207792,0.17557251908396945,0.2,0.615,1.0,0.09999999999999998,178000,선물,"디자인, 착용감",아디다스,아디다스 패션 703,"아디다스 패션 ??. ?? ??: 디자인, 착용감, 브랜드, 출근, 데이트, 여행.",154000,131000,142000,3.32,3580.0,4,naver_api,Y,Y,0.483,0.483
female,35,8850000.0,전문직,기혼,진보적,127000.0,중저가,전자기기,LG,40,2,21,N,2,0.0,0.14994096812278632,1.0,0.9375,0.0,0.11811023622047244,0.29591836734693877,0.2,0.80125,1.0,0.87,847000,업무,"성능, 배터리",오뚜기,LG 전자기기 704,"LG 전자기기 ??. ?? ??: 성능, 배터리, 휴대성, 업무, 공부, 게임, 콘텐츠.",127000,98000,112000,4.81,1596.0,1,image_estimate,Y,Y,0.294,0.294
female,31,5650000.0,자영업,기혼,진보적,91000.0,저가,가구,리바트,44,2,0,N,0,0.0,0.1421875,0.0,0.0,1.0,0.24175824175824176,0.04597701149425287,0.0,0.6375,1.0,0.37,640000,생활,"희소성, 감성",리바트,리바트 가구 705,"리바트 가구 ??. ?? ??: 내구성, 크기, 디자인, 이사, 인테리어, 생활.",91000,87000,69000,,2799.0,0,manual,N,Y,0.596,0.596
female,21,570000.0,학생,미혼,보수적,470000.0,중저가,전자기기,LG,5,10,18,Y,8,1.0,3.0,0.0,0.0,0.0,0.37872340425531914,0.175,0.2,0.5225,1.0,0.37,18000,소장,"희소성, 감성",동원,LG 전자기기 706,"LG 전자기기 ??. ?? ??: 성능, 배터리, 휴대성, 업무, 공부, 게임, 콘텐츠.",470000,400000,292000,4.58,,1,user_input,Y,N,0.906,0.906
male,60,3770000.0,은퇴자,기혼,보수적,6000.0,초저가,생활용품,3M,9,3,14,N,1,0.0,0.015463917525773196,0.0,0.0,0.0,0.16666666666666666,0.05,0.2,0.5387500000000001,1.0,0.57,388000,가정,"희소성, 감성",설화수,3M 생활용품 707,"3M 생활용품 ??. ?? ??: 가격, 내구성, 용량, 생활, 청소, 가정.",6000,6000,5000,4.71,,4,crawler,Y,N,0.647,0.647
female,57,9190000.0,대기업직원,기혼,진보적,376000.0,중저가,여행,하나투어,48,3,13,N,5,0.0,0.4602203182374541,1.0,0.0,0.0,0.013297872340425532,0.056179775280898875,0.2,0.6375,1.0,0.6,817000,휴식,"희소성, 감성",유한킴벌리,하나투어 여행 708,"하나투어 여행 ??. ?? ??: 가격, 일정, 숙소, 휴식, 가족, 기념일.",376000,356000,371000,,3922.0,2,naver_api,N,Y,0.452,0.452
male,59,4520000.0,자영업,미혼,보수적,561000.0,고가,가구,이케아,12,4,1,Y,1,0.0,0.8591117917304747,1.0,0.0,1.0,0.11586452762923351,0.03125,0.2,0.41750000000000004,1.0,0.87,653000,이사,"희소성, 감성",이케아,이케아 가구 709,"이케아 가구 ??. ?? ??: 내구성, 크기, 디자인, 이사, 인테리어, 생활.",561000,544000,496000,3.74,,1,manual,Y,N,0.399,0.399
male,37,4250000.0,자영업,기혼,보수적,130000.0,중저가,가구,리바트,56,6,10,N,2,0.0,0.14606741573033707,1.0,0.0,1.0,0.2153846153846154,0.0743801652892562,0.2,0.6375,1.0,0.87,890000,이사,"희소성, 감성",리바트,리바트 가구 710,"리바트 가구 ??. ?? ??: 내구성, 크기, 디자인, 이사, 인테리어, 생활.",130000,121000,102000,,3182.0,1,image_estimate,N,Y,0.358,0.358
female,42,5660000.0,공무원,기혼,진보적,114000.0,중저가,교육,메가스터디,41,3,0,N,2,0.0,0.1958762886597938,0.0,0.0,1.0,0.18421052631578946,0.045871559633027525,0.2,0.6375,1.0,0.57,582000,자기계발,"희소성, 감성",메가스터디,메가스터디 교육 711,"메가스터디 교육 ??. ?? ??: 강의품질, 가격, 커리큘럼, 공부, 취업, 자기계발.",114000,109000,93000,,1400.0,2,manual,N,Y,0.547,0.547
male,44,10320000.0,전문직,기혼,진보적,306000.0,중저가,여행,대한항공,51,5,16,N,1,0.0,0.15073891625615762,1.0,0.0,0.0,0.19607843137254902,0.07746478873239436,0.0,0.7137500000000001,1.0,0.6,2030000,휴식,"희소성, 감성",클래스101,대한항공 여행 712,"대한항공 여행 ??. ?? ??: 가격, 일정, 숙소, 휴식, 가족, 기념일.",306000,284000,246000,4.11,1405.0,0,manual,Y,Y,0.478,0.478
male,25,880000.0,학생,기혼,진보적,170000.0,중저가,건강관리,종근당,40,3,12,Y,4,0.37096774193548376,1.3709677419354838,1.0,0.0,0.0,0.0,0.2781954887218045,0.2,0.7184265945364279,1.0,0.95,124000,건강,"희소성, 감성",삼성,종근당 건강관리 713,"종근당 건강관리 ??. ?? ??: 성분, 후기, 안전성, 건강, 부모님, 회복.",170000,133000,175000,4.22,778.0,1,image_estimate,Y,Y,0.495,0.495
female,58,2680000.0,주부,기혼,보수적,276000.0,중저가,건강관리,정관장,37,5,20,N,4,0.0,0.6052631578947368,1.0,0.6666666666666666,0.0,0.0,0.3018867924528302,0.2,0.7375,1.0,0.95,456000,건강,"성분, 후기",샤넬,정관장 건강관리 714,"정관장 건강관리 ??. ?? ??: 성분, 후기, 안전성, 건강, 부모님, 회복.",276000,212000,296000,4.3,1174.0,2,image_estimate,Y,Y,0.335,0.335
female,50,6130000.0,대기업직원,미혼,보수적,2390000.0,초고가,명품,루이비통,46,5,20,Y,4,1.0,2.6379690949227372,1.0,0.6666666666666666,1.0,0.14728033472803348,0.2467396974439228,0.2,0.6012500000000001,1.0,0.52,906000,보상,"브랜드, 희소성",루이비통,루이비통 명품 715,"루이비통 명품 ??. ?? ??: 브랜드, 희소성, 디자인, 선물, 보상, 소장.",2390000,1917000,2038000,3.21,1359.0,3,user_input,Y,Y,0.554,0.554
male,36,5180000.0,자영업,기혼,진보적,9000.0,초저가,식품,CJ,22,1,19,N,4,0.0,0.008115419296663661,0.0,0.9,0.0,0.1111111111111111,0.125,0.0,0.5141067249401524,1.0,0.57,1109000,휴식,"가격, 신선도",센트룸,CJ 식품 716,"CJ 식품 ??. ?? ??: 가격, 신선도, 배송, 생활, 식사, 가족.",9000,8000,8000,3.3,65.0,0,crawler,Y,Y,0.452,0.452
female,53,2230000.0,주부,기혼,진보적,507000.0,고가,명품,구찌,40,5,16,Y,2,1.0,3.0,0.0,0.6666666666666666,0.0,0.03944773175542406,0.3203125,0.0,0.6777737802336239,1.0,0.019999999999999976,142000,휴식,"브랜드, 희소성",리바트,구찌 명품 717,"구찌 명품 ??. ?? ??: 브랜드, 희소성, 디자인, 선물, 보상, 소장.",507000,384000,487000,3.92,713.0,0,image_estimate,Y,Y,0.782,0.782
female,52,5600000.0,사무직,기혼,보수적,4637000.0,초고가,전자기기,소니,7,10,14,Y,11,1.0,3.0,0.0,0.9375,0.0,0.14815613543239164,0.07114807114807115,0.2,0.5162500000000001,1.0,0.37,1081000,콘텐츠,"성능, 배터리",대한항공,소니 전자기기 718,"소니 전자기기 ??. ?? ??: 성능, 배터리, 휴대성, 업무, 공부, 게임, 콘텐츠.",4637000,4329000,3950000,4.53,,2,image_estimate,Y,N,0.718,0.718
female,39,3350000.0,주부,미혼,진보적,1150000.0,고가,여행,마이리얼트립,53,6,12,Y,3,1.0,2.277227722772277,0.0,0.0,0.0,0.3591304347826087,0.07981220657276995,0.0,0.70625,1.0,0.09999999999999998,505000,유행,"희소성, 감성",샤넬,마이리얼트립 여행 719,"마이리얼트립 여행 ??. ?? ??: 가격, 일정, 숙소, 휴식, 가족, 기념일.",1150000,1065000,737000,4.05,3316.0,0,naver_api,Y,Y,0.873,0.873
female,32,3090000.0,주부,기혼,진보적,36000.0,저가,화장품,설화수,53,5,10,N,2,0.0,0.10084033613445378,0.0,0.9,0.0,0.19444444444444445,0.2857142857142857,0.0,0.8087500000000001,1.0,0.019999999999999976,357000,데일리,"성분, 가격",구찌,설화수 화장품 720,"설화수 화장품 ??. ?? ??: 성분, 가격, 후기, 피부관리, 선물, 데일리.",36000,28000,29000,4.87,2236.0,0,image_estimate,Y,Y,0.486,0.486
female,36,6130000.0,대기업직원,기혼,진보적,25000.0,초저가,생활용품,유한킴벌리,37,2,15,N,1,0.0,0.046296296296296294,0.0,0.9,0.0,0.0,0.08695652173913043,0.2,0.6268891116341013,1.0,0.57,540000,선물,"가격, 내구성",메가스터디,유한킴벌리 생활용품 721,"유한킴벌리 생활용품 ??. ?? ??: 가격, 내구성, 용량, 생활, 청소, 가정.",25000,23000,25000,3.67,414.0,1,naver_api,Y,Y,0.476,0.476
male,21,710000.0,학생,미혼,진보적,4655000.0,초고가,전자기기,레노버,22,60,0,Y,56,1.0,3.0,1.0,0.9375,0.0,0.22513426423200858,0.1811722912966252,0.0,0.557664407530806,1.0,0.87,102000,게임,"성능, 배터리",COS,레노버 전자기기 722,"레노버 전자기기 ??. ?? ??: 성능, 배터리, 휴대성, 업무, 공부, 게임, 콘텐츠.",4655000,3941000,3607000,4.46,3.0,0,crawler,Y,Y,0.541,0.541
male,34,3980000.0,사무직,미혼,진보적,54000.0,저가,생활용품,유한킴벌리,14,5,21,N,3,0.0,0.14958448753462603,1.0,0.0,0.0,0.14814814814814814,0.35,0.2,0.37625000000000003,1.0,1.0,361000,청소,"희소성, 감성",하나투어,유한킴벌리 생활용품 723,"유한킴벌리 생활용품 ??. ?? ??: 가격, 내구성, 용량, 생활, 청소, 가정.",54000,40000,46000,3.41,,4,manual,Y,N,0.448,0.448
male,45,3030000.0,사무직,기혼,진보적,1105000.0,고가,가구,한샘,54,8,1,Y,3,1.0,3.0,1.0,0.6666666666666666,0.0,0.134841628959276,0.24858757062146894,0.2,0.6375,1.0,0.87,184000,인테리어,"내구성, 크기",애플,한샘 가구 724,"한샘 가구 ??. ?? ??: 내구성, 크기, 디자인, 이사, 인테리어, 생활.",1105000,885000,956000,,2138.0,4,image_estimate,N,Y,0.607,0.607
male,46,4230000.0,프리랜서,미혼,보수적,348000.0,중저가,전자기기,애플,15,2,20,N,2,1.0,2.5217391304347827,1.0,0.9375,0.0,0.1810344827586207,0.023529411764705882,0.2,0.1875,0.75,0.87,138000,업무,"성능, 배터리",센트룸,애플 전자기기 725,"애플 전자기기 ??. ?? ??: 성능, 배터리, 휴대성, 업무, 공부, 게임, 콘텐츠.",348000,340000,285000,,,4,manual,N,N,0.55,0.55
male,27,3990000.0,프리랜서,미혼,보수적,21000.0,초저가,식품,오뚜기,48,3,10,N,4,0.0,0.03684210526315789,1.0,0.0,0.0,0.3333333333333333,0.05,0.2,0.63625,1.0,1.0,570000,생활,"희소성, 감성",센트룸,오뚜기 식품 726,"오뚜기 식품 ??. ?? ??: 가격, 신선도, 배송, 생활, 식사, 가족.",21000,20000,14000,3.49,3317.0,4,naver_api,Y,Y,0.427,0.427
female,46,5650000.0,공무원,미혼,진보적,61000.0,저가,가구,한샘,35,5,16,N,2,0.0,0.0991869918699187,1.0,0.0,1.0,0.29508196721311475,0.35555555555555557,0.2,0.7962499999999999,1.0,0.87,615000,이사,"희소성, 감성",한샘,한샘 가구 727,"한샘 가구 ??. ?? ??: 내구성, 크기, 디자인, 이사, 인테리어, 생활.",61000,45000,43000,4.77,1014.0,2,naver_api,Y,Y,0.423,0.423
female,19,870000.0,학생,미혼,진보적,7255000.0,초고가,명품,구찌,41,60,21,Y,60,1.0,3.0,1.0,0.6666666666666666,1.0,0.2654720882150241,0.15931607542345796,0.2,0.6375,1.0,0.52,145000,선물,"브랜드, 희소성",구찌,구찌 명품 728,"구찌 명품 ??. ?? ??: 브랜드, 희소성, 디자인, 선물, 보상, 소장.",7255000,6258000,5329000,,3264.0,4,crawler,N,Y,0.557,0.557
male,30,8220000.0,대기업직원,미혼,진보적,137000.0,중저가,교육,패스트캠퍼스,37,3,10,N,4,0.0,0.07997664915353181,1.0,0.9,0.0,0.16058394160583941,0.29245283018867924,0.2,0.7830765934734125,1.0,1.0,1713000,취업,"강의품질, 가격",라네즈,패스트캠퍼스 교육 729,"패스트캠퍼스 교육 ??. ?? ??: 강의품질, 가격, 커리큘럼, 공부, 취업, 자기계발.",137000,106000,115000,4.76,719.0,1,user_input,Y,Y,0.306,0.306
male,45,5620000.0,공무원,기혼,보수적,30000.0,저가,화장품,이니스프리,31,5,21,N,4,0.0,0.04149377593360996,0.0,0.9,0.0,0.23333333333333334,0.2,0.0,0.58490609160463,1.0,0.019999999999999976,723000,휴식,"성분, 가격",오뚜기,이니스프리 화장품 730,"이니스프리 화장품 ??. ?? ??: 성분, 가격, 후기, 피부관리, 선물, 데일리.",30000,25000,23000,,233.0,0,naver_api,N,Y,0.503,0.503
male,30,6290000.0,대기업직원,기혼,진보적,88000.0,저가,교육,메가스터디,12,2,21,N,3,0.0,0.13793103448275862,0.0,0.0,1.0,0.1590909090909091,0.1282051282051282,0.2,0.1875,0.75,0.57,638000,소장,"희소성, 감성",메가스터디,메가스터디 교육 731,"메가스터디 교육 ??. ?? ??: 강의품질, 가격, 커리큘럼, 공부, 취업, 자기계발.",88000,78000,74000,,,1,naver_api,N,N,0.579,0.579
male,30,5210000.0,대기업직원,기혼,진보적,4000.0,초저가,식품,동원,44,0,20,N,2,0.0,0.012195121951219513,0.0,0.0,0.0,0.25,0.3333333333333333,0.2,0.7175,1.0,0.57,328000,유행,"희소성, 감성",아디다스,동원 식품 732,"동원 식품 ??. ?? ??: 가격, 신선도, 배송, 생활, 식사, 가족.",4000,3000,3000,4.14,1463.0,1,crawler,Y,Y,0.64,0.64
male,47,2610000.0,주부,미혼,보수적,341000.0,중저가,건강관리,센트룸,43,4,13,N,5,0.0,0.7301927194860813,0.0,0.6666666666666666,0.0,0.1495601173020528,0.09294871794871795,0.2,0.6375,1.0,0.44999999999999996,467000,유행,"성분, 후기",소니,센트룸 건강관리 733,"센트룸 건강관리 ??. ?? ??: 성분, 후기, 안전성, 건강, 부모님, 회복.",341000,312000,290000,,1285.0,2,naver_api,N,Y,0.523,0.523
male,35,5460000.0,프리랜서,미혼,보수적,1727000.0,고가,명품,루이비통,56,6,15,Y,7,1.0,3.0,1.0,0.3333333333333333,0.0,0.22235089751013318,0.3598425196850394,0.2,0.6950000000000001,1.0,0.52,419000,선물,"희소성, 감성",소니,루이비통 명품 734,"루이비통 명품 ??. ?? ??: 브랜드, 희소성, 디자인, 선물, 보상, 소장.",1727000,1270000,1343000,3.96,3295.0,2,naver_api,Y,Y,0.659,0.659
female,25,4610000.0,프리랜서,미혼,진보적,13000.0,초저가,화장품,이니스프리,12,1,18,N,2,0.0,0.01406926406926407,1.0,0.9,1.0,0.0,0.18181818181818182,0.2,0.5387500000000001,1.0,0.52,924000,선물,"성분, 가격",이니스프리,이니스프리 화장품 735,"이니스프리 화장품 ??. ?? ??: 성분, 가격, 후기, 피부관리, 선물, 데일리.",13000,11000,14000,4.71,,1,image_estimate,Y,N,0.24,0.24
female,55,3510000.0,공무원,기혼,진보적,242000.0,중저가,교육,클래스101,16,2,15,N,3,0.0,0.7423312883435583,1.0,0.0,1.0,0.028925619834710745,0.15789473684210525,0.2,0.44875000000000004,1.0,1.0,326000,취업,"희소성, 감성",클래스101,클래스101 교육 736,"클래스101 교육 ??. ?? ??: 강의품질, 가격, 커리큘럼, 공부, 취업, 자기계발.",242000,209000,235000,3.99,,3,image_estimate,Y,N,0.359,0.359
female,39,6310000.0,자영업,기혼,보수적,258000.0,중저가,패션,아디다스,45,4,17,N,4,0.0,0.8716216216216216,1.0,0.6666666666666666,1.0,0.37209302325581395,0.044534412955465584,0.2,0.64,1.0,0.6,296000,출근,"디자인, 착용감",아디다스,아디다스 패션 737,"아디다스 패션 ??. ?? ??: 디자인, 착용감, 브랜드, 출근, 데이트, 여행.",258000,247000,162000,3.52,3644.0,2,naver_api,Y,Y,0.291,0.291
male,25,970000.0,취업준비생,미혼,진보적,7418000.0,초고가,명품,루이비통,12,60,3,Y,60,1.0,3.0,1.0,0.3333333333333333,0.0,0.1499056349420329,0.3117595048629531,0.2,0.47125,1.0,0.52,119000,선물,"희소성, 감성",리바트,루이비통 명품 738,"루이비통 명품 ??. ?? ??: 브랜드, 희소성, 디자인, 선물, 보상, 소장.",7418000,5655000,6306000,4.17,,1,crawler,Y,N,0.669,0.669
male,38,6540000.0,대기업직원,미혼,보수적,46000.0,저가,식품,CJ,44,3,17,N,3,0.0,0.10176991150442478,1.0,0.0,1.0,0.2391304347826087,0.24324324324324326,0.0,0.7350000000000001,1.0,1.0,452000,생활,"희소성, 감성",CJ,CJ 식품 739,"CJ 식품 ??. ?? ??: 가격, 신선도, 배송, 생활, 식사, 가족.",46000,37000,35000,4.28,1230.0,0,naver_api,Y,Y,0.347,0.347
female,31,2970000.0,주부,미혼,보수적,197000.0,중저가,여행,대한항공,47,5,15,N,0,0.0,0.4358407079646018,0.0,0.9,1.0,0.0,0.13218390804597702,0.2,0.7437499999999999,1.0,0.09999999999999998,452000,기념일,"가격, 일정",대한항공,대한항공 여행 740,"대한항공 여행 ??. ?? ??: 가격, 일정, 숙소, 휴식, 가족, 기념일.",197000,174000,203000,4.35,1646.0,4,image_estimate,Y,Y,0.44,0.44
male,32,970000.0,취업준비생,기혼,진보적,25000.0,초저가,식품,동원,38,4,0,N,1,0.0,0.16666666666666666,0.0,0.0,1.0,0.0,0.3157894736842105,0.2,0.6260261144216646,1.0,0.57,150000,가족,"희소성, 감성",동원,동원 식품 741,"동원 식품 ??. ?? ??: 가격, 신선도, 배송, 생활, 식사, 가족.",25000,19000,27000,,728.0,3,crawler,N,Y,0.551,0.551
female,28,660000.0,학생,미혼,진보적,11000.0,초저가,생활용품,유한킴벌리,52,4,20,N,3,0.0,0.11578947368421053,1.0,0.0,1.0,0.36363636363636365,0.2222222222222222,0.2,0.6375,1.0,1.0,95000,청소,"희소성, 감성",유한킴벌리,유한킴벌리 생활용품 742,"유한킴벌리 생활용품 ??. ?? ??: 가격, 내구성, 용량, 생활, 청소, 가정.",11000,9000,7000,,3082.0,2,crawler,N,Y,0.405,0.405
male,28,3490000.0,공무원,기혼,진보적,385000.0,중저가,화장품,이니스프리,48,6,16,N,3,1.0,2.81021897810219,1.0,0.9,0.0,0.2571428571428571,0.10315186246418338,0.2,0.7678403136427876,1.0,0.52,137000,선물,"성분, 가격",센트룸,이니스프리 화장품 743,"이니스프리 화장품 ??. ?? ??: 성분, 가격, 후기, 피부관리, 선물, 데일리.",385000,349000,286000,4.68,622.0,4,user_input,Y,Y,0.528,0.528
male,30,870000.0,취업준비생,기혼,보수적,38000.0,저가,교육,메가스터디,15,5,14,N,2,0.0,0.21965317919075145,0.0,0.0,1.0,0.05263157894736842,0.15151515151515152,0.0,0.425,1.0,0.57,173000,자기계발,"희소성, 감성",메가스터디,메가스터디 교육 744,"메가스터디 교육 ??. ?? ??: 강의품질, 가격, 커리큘럼, 공부, 취업, 자기계발.",38000,33000,36000,3.8,,0,naver_api,Y,N,0.549,0.549
female,38,5510000.0,공무원,기혼,보수적,183000.0,중저가,화장품,라네즈,54,6,2,N,4,0.0,0.17183098591549295,0.0,0.9,1.0,0.0,0.2119205298013245,0.0,0.7137500000000001,1.0,0.019999999999999976,1065000,소장,"성분, 가격",라네즈,라네즈 화장품 745,"라네즈 화장품 ??. ?? ??: 성분, 가격, 후기, 피부관리, 선물, 데일리.",183000,151000,195000,4.11,3963.0,0,naver_api,Y,Y,0.424,0.424
female,31,4180000.0,프리랜서,기혼,진보적,118000.0,중저가,건강관리,정관장,2,2,10,N,0,0.0,0.48360655737704916,0.0,0.6666666666666666,0.0,0.0,0.02608695652173913,0.2,0.375,1.0,0.44999999999999996,244000,회복,"성분, 후기",이케아,정관장 건강관리 746,"정관장 건강관리 ??. ?? ??: 성분, 후기, 안전성, 건강, 부모님, 회복.",118000,115000,123000,3.4,,4,crawler,Y,N,0.512,0.512
female,51,6070000.0,대기업직원,기혼,보수적,704000.0,고가,교육,메가스터디,30,3,17,Y,4,1.0,2.578754578754579,1.0,0.9,0.0,0.3039772727272727,0.04142011834319527,0.2,0.5922938592604301,1.0,1.0,273000,취업,"강의품질, 가격",프라다,메가스터디 교육 747,"메가스터디 교육 ??. ?? ??: 강의품질, 가격, 커리큘럼, 공부, 취업, 자기계발.",704000,676000,490000,,286.0,3,image_estimate,N,Y,0.531,0.531
female,35,5900000.0,공무원,기혼,진보적,6000.0,초저가,식품,오뚜기,8,2,22,N,1,0.0,0.005934718100890208,0.0,0.0,1.0,0.16666666666666666,0.05,0.0,0.49000000000000005,1.0,0.57,1011000,소장,"희소성, 감성",오뚜기,오뚜기 식품 748,"오뚜기 식품 ??. ?? ??: 가격, 신선도, 배송, 생활, 식사, 가족.",6000,6000,5000,4.32,,0,crawler,Y,N,0.567,0.567
male,44,4050000.0,사무직,미혼,진보적,52000.0,저가,교육,클래스101,42,6,9,N,3,0.0,0.12440191387559808,1.0,0.0,0.0,0.25,0.2682926829268293,0.2,0.64,1.0,1.0,418000,취업,"희소성, 감성",샤넬,클래스101 교육 749,"클래스101 교육 ??. ?? ??: 강의품질, 가격, 커리큘럼, 공부, 취업, 자기계발.",52000,41000,39000,3.52,1669.0,3,crawler,Y,Y,0.454,0.454
male,41,5520000.0,대기업직원,기혼,진보적,93000.0,저가,생활용품,3M,37,5,12,N,4,0.0,0.13576642335766423,0.0,0.9,1.0,0.3655913978494624,0.13414634146341464,0.0,0.7242160079084002,1.0,0.57,685000,가정,"가격, 내구성",3M,3M 생활용품 750,"3M 생활용품 ??. ?? ??: 가격, 내구성, 용량, 생활, 청소, 가정.",93000,82000,59000,4.38,525.0,0,naver_api,Y,Y,0.397,0.397
female,49,2890000.0,주부,기혼,보수적,3799000.0,초고가,가구,한샘,43,18,3,Y,11,1.0,3.0,0.0,0.6666666666666666,0.0,0.0,0.07620396600566572,0.2,0.71625,1.0,0.37,570000,휴식,"내구성, 크기",동원,한샘 가구 751,"한샘 가구 ??. ?? ??: 내구성, 크기, 디자인, 이사, 인테리어, 생활.",3799000,3530000,3985000,4.13,1588.0,2,naver_api,Y,Y,0.773,0.773
female,50,5360000.0,공무원,기혼,진보적,1629000.0,고가,여행,하나투어,16,8,15,Y,6,0.4972426470588236,1.4972426470588236,0.0,0.9,0.0,0.3603437691835482,0.10365853658536585,0.2,0.5249999999999999,1.0,0.09999999999999998,1088000,기념일,"가격, 일정",메가스터디,하나투어 여행 752,"하나투어 여행 ??. ?? ??: 가격, 일정, 숙소, 휴식, 가족, 기념일.",1629000,1476000,1042000,4.6,,2,user_input,Y,N,0.692,0.692
female,45,4770000.0,자영업,미혼,보수적,55000.0,저가,교육,패스트캠퍼스,42,0,22,N,0,0.0,0.12276785714285714,0.0,0.9,0.0,0.0,0.34146341463414637,0.2,0.6125216788629293,1.0,0.57,448000,선물,"강의품질, 가격",아디다스,패스트캠퍼스 교육 753,"패스트캠퍼스 교육 ??. ?? ??: 강의품질, 가격, 커리큘럼, 공부, 취업, 자기계발.",55000,41000,58000,3.33,902.0,1,user_input,Y,Y,0.519,0.519
female,38,4160000.0,프리랜서,미혼,진보적,349000.0,중저가,전자기기,LG,11,4,15,N,5,1.0,2.1280487804878048,0.0,0.9375,1.0,0.10315186246418338,0.026470588235294117,0.2,0.49125,1.0,0.37,164000,유행,"성능, 배터리",LG,LG 전자기기 754,"LG 전자기기 ??. ?? ??: 성능, 배터리, 휴대성, 업무, 공부, 게임, 콘텐츠.",349000,340000,313000,4.33,,3,manual,Y,N,0.662,0.662
female,37,5160000.0,사무직,기혼,보수적,2645000.0,초고가,가구,리바트,42,10,18,Y,6,1.0,3.0,0.0,0.0,0.0,0.33308128544423443,0.30811078140454995,0.0,0.65,1.0,0.37,654000,소장,"희소성, 감성",정관장,리바트 가구 755,"리바트 가구 ??. ?? ??: 내구성, 크기, 디자인, 이사, 인테리어, 생활.",2645000,2022000,1764000,3.6,3035.0,0,manual,Y,Y,0.889,0.889
female,22,1140000.0,취업준비생,미혼,진보적,584000.0,고가,교육,메가스터디,34,9,15,Y,5,1.0,2.994871794871795,1.0,0.9,1.0,0.23972602739726026,0.08955223880597014,0.2,0.596569959340608,1.0,1.0,195000,공부,"강의품질, 가격",메가스터디,메가스터디 교육 756,"메가스터디 교육 ??. ?? ??: 강의품질, 가격, 커리큘럼, 공부, 취업, 자기계발.",584000,536000,444000,,322.0,4,user_input,N,Y,0.436,0.436
male,38,7880000.0,전문직,미혼,진보적,64000.0,저가,패션,나이키,43,3,12,N,4,0.0,0.17486338797814208,1.0,0.0,0.0,0.015625,0.16363636363636364,0.0,0.6725,1.0,0.6,366000,출근,"희소성, 감성",애플,나이키 패션 757,"나이키 패션 ??. ?? ??: 디자인, 착용감, 브랜드, 출근, 데이트, 여행.",64000,55000,63000,3.78,1396.0,0,manual,Y,Y,0.42,0.42
female,51,2380000.0,주부,기혼,진보적,42000.0,저가,식품,동원,7,5,17,N,3,0.0,0.18502202643171806,0.0,0.0,0.0,0.0,0.07692307692307693,0.2,0.50875,1.0,0.57,227000,가족,"희소성, 감성",ZARA,동원 식품 758,"동원 식품 ??. ?? ??: 가격, 신선도, 배송, 생활, 식사, 가족.",42000,39000,45000,4.47,,3,manual,Y,N,0.587,0.587
male,26,1330000.0,취업준비생,미혼,진보적,62000.0,저가,건강관리,정관장,17,3,11,N,4,0.0,0.32124352331606215,1.0,0.6666666666666666,1.0,0.06451612903225806,0.12727272727272726,0.2,0.4025,1.0,0.95,193000,건강,"성분, 후기",정관장,정관장 건강관리 759,"정관장 건강관리 ??. ?? ??: 성분, 후기, 안전성, 건강, 부모님, 회복.",62000,55000,58000,3.62,,2,manual,Y,N,0.247,0.247
female,34,3650000.0,사무직,미혼,보수적,4354000.0,초고가,명품,루이비통,45,18,11,Y,10,1.0,3.0,1.0,0.3333333333333333,1.0,0.34979329352319705,0.35554171855541716,0.2,0.6125,1.0,0.52,236000,보상,"희소성, 감성",루이비통,루이비통 명품 760,"루이비통 명품 ??. ?? ??: 브랜드, 희소성, 디자인, 선물, 보상, 소장.",4354000,3212000,2831000,3.3,1950.0,3,naver_api,Y,Y,0.624,0.624
male,51,5630000.0,사무직,미혼,진보적,6000.0,초저가,식품,오뚜기,5,2,13,N,1,0.0,0.004909983633387889,1.0,0.9,0.0,0.16666666666666666,0.2,0.2,0.42875,1.0,1.0,1222000,생활,"가격, 신선도",종근당,오뚜기 식품 761,"오뚜기 식품 ??. ?? ??: 가격, 신선도, 배송, 생활, 식사, 가족.",6000,5000,5000,3.83,,1,crawler,Y,N,0.3,0.3
female,65,4440000.0,자영업,기혼,진보적,578000.0,고가,교육,클래스101,46,1,17,Y,4,0.2759381898454747,1.2759381898454747,0.0,0.0,0.0,0.20588235294117646,0.10305343511450382,0.2,0.7925,1.0,0.57,453000,유행,"희소성, 감성",샤넬,클래스101 교육 762,"클래스101 교육 ??. ?? ??: 강의품질, 가격, 커리큘럼, 공부, 취업, 자기계발.",578000,524000,459000,4.74,2807.0,3,manual,Y,Y,0.694,0.694
male,43,3050000.0,사무직,기혼,진보적,371000.0,중저가,패션,나이키,53,5,12,N,2,0.0,0.9392405063291139,0.0,0.0,0.0,0.16981132075471697,0.0480225988700565,0.0,0.67875,1.0,0.09999999999999998,395000,휴식,"희소성, 감성",마이리얼트립,나이키 패션 763,"나이키 패션 ??. ?? ??: 디자인, 착용감, 브랜드, 출근, 데이트, 여행.",371000,354000,308000,3.83,3210.0,0,image_estimate,Y,Y,0.63,0.63
male,28,820000.0,취업준비생,미혼,보수적,77000.0,저가,화장품,라네즈,9,2,21,N,4,0.0,0.7938144329896907,0.0,0.0,0.0,0.35064935064935066,0.1,0.2,0.5249999999999999,1.0,0.019999999999999976,97000,휴식,"희소성, 감성",클래스101,라네즈 화장품 764,"라네즈 화장품 ??. ?? ??: 성분, 가격, 후기, 피부관리, 선물, 데일리.",77000,70000,50000,4.6,,2,naver_api,Y,N,0.689,0.689
female,62,7350000.0,자영업,기혼,진보적,131000.0,중저가,화장품,설화수,40,2,10,N,4,0.0,0.11582670203359859,1.0,0.0,1.0,0.0,0.19090909090909092,0.2,0.6169946303740594,1.0,0.52,1131000,피부관리,"희소성, 감성",설화수,설화수 화장품 765,"설화수 화장품 ??. ?? ??: 성분, 가격, 후기, 피부관리, 선물, 데일리.",131000,110000,140000,3.47,629.0,2,naver_api,Y,Y,0.353,0.353
male,57,2500000.0,주부,미혼,보수적,109000.0,중저가,전자기기,LG,17,2,19,N,5,0.0,0.2868421052631579,0.0,0.0,1.0,0.3211009174311927,0.345679012345679,0.2,0.1875,0.75,0.37,380000,휴식,"희소성, 감성",LG,LG 전자기기 766,"LG 전자기기 ??. ?? ??: 성능, 배터리, 휴대성, 업무, 공부, 게임, 콘텐츠.",109000,81000,74000,,,4,image_estimate,N,N,0.613,0.613
male,19,930000.0,학생,미혼,진보적,67000.0,저가,식품,CJ,53,1,18,N,2,0.0,0.3872832369942196,1.0,0.9,1.0,0.0,0.06349206349206349,0.2,0.76875,1.0,1.0,173000,식사,"가격, 신선도",CJ,CJ 식품 767,"CJ 식품 ??. ?? ??: 가격, 신선도, 배송, 생활, 식사, 가족.",67000,63000,67000,4.55,3111.0,1,naver_api,Y,Y,0.182,0.182
male,50,5220000.0,사무직,기혼,진보적,1101000.0,고가,명품,구찌,45,5,15,Y,2,0.005479452054794498,1.0054794520547945,1.0,0.6666666666666666,0.0,0.0,0.2952941176470588,0.0,0.67625,1.0,0.52,1095000,선물,"브랜드, 희소성",소니,구찌 명품 768,"구찌 명품 ??. ?? ??: 브랜드, 희소성, 디자인, 선물, 보상, 소장.",1101000,850000,1180000,3.81,1429.0,0,user_input,Y,Y,0.387,0.387
female,32,4160000.0,프리랜서,미혼,진보적,1416000.0,고가,가구,리바트,12,9,22,Y,6,0.903225806451613,1.903225806451613,1.0,0.6666666666666666,1.0,0.3177966101694915,0.07680608365019011,0.2,0.40750000000000003,1.0,0.87,744000,인테리어,"내구성, 크기",리바트,리바트 가구 769,"리바트 가구 ??. ?? ??: 내구성, 크기, 디자인, 이사, 인테리어, 생활.",1416000,1315000,966000,3.66,,4,crawler,Y,N,0.516,0.516
male,54,2220000.0,주부,기혼,진보적,542000.0,고가,가구,리바트,6,4,18,Y,1,1.0,2.7236180904522613,0.0,0.0,1.0,0.16605166051660517,0.36180904522613067,0.2,0.41000000000000003,1.0,0.37,199000,생활,"희소성, 감성",리바트,리바트 가구 770,"리바트 가구 ??. ?? ??: 내구성, 크기, 디자인, 이사, 인테리어, 생활.",542000,398000,452000,3.68,,4,user_input,Y,N,0.843,0.843
male,49,6250000.0,자영업,기혼,진보적,469000.0,중저가,화장품,설화수,42,4,22,N,2,0.0,0.40222984562607206,1.0,0.9,1.0,0.32409381663113007,0.06349206349206349,0.2,0.6375,1.0,0.52,1166000,피부관리,"성분, 가격",설화수,설화수 화장품 771,"설화수 화장품 ??. ?? ??: 성분, 가격, 후기, 피부관리, 선물, 데일리.",469000,441000,317000,,2005.0,2,naver_api,N,Y,0.269,0.269
male,41,10080000.0,전문직,기혼,진보적,2062000.0,초고가,전자기기,레노버,8,7,15,Y,5,0.08469226722777479,1.0846922672277748,1.0,0.0,1.0,0.1542192046556741,0.33118140735958684,0.2,0.40625,1.0,0.87,1901000,게임,"희소성, 감성",레노버,레노버 전자기기 772,"레노버 전자기기 ??. ?? ??: 성능, 배터리, 휴대성, 업무, 공부, 게임, 콘텐츠.",2062000,1549000,1744000,3.65,,2,crawler,Y,N,0.42,0.42
male,32,9920000.0,전문직,기혼,보수적,784000.0,고가,패션,ZARA,15,5,9,Y,4,0.0,0.4314804623004953,0.0,0.6666666666666666,1.0,0.0012755102040816326,0.3470790378006873,0.2,0.47625,1.0,0.09999999999999998,1817000,소장,"디자인, 착용감",ZARA,ZARA 패션 773,"ZARA 패션 ??. ?? ??: 디자인, 착용감, 브랜드, 출근, 데이트, 여행.",784000,582000,783000,4.21,,1,naver_api,Y,N,0.461,0.461
female,72,2100000.0,은퇴자,기혼,보수적,9000.0,초저가,식품,오뚜기,54,2,21,N,4,0.0,0.027777777777777776,0.0,0.9,0.0,0.0,0.05,0.0,0.6837500000000001,1.0,0.57,324000,가족,"가격, 신선도",유한킴벌리,오뚜기 식품 774,"오뚜기 식품 ??. ?? ??: 가격, 신선도, 배송, 생활, 식사, 가족.",9000,9000,9000,3.87,2366.0,0,user_input,Y,Y,0.461,0.461
male,35,7020000.0,자영업,미혼,보수적,104000.0,중저가,패션,나이키,44,4,11,N,3,0.0,0.11316648531011969,1.0,0.6666666666666666,1.0,0.25961538461538464,0.07216494845360824,0.2,0.6875,1.0,0.6,919000,데이트,"디자인, 착용감",나이키,나이키 패션 775,"나이키 패션 ??. ?? ??: 디자인, 착용감, 브랜드, 출근, 데이트, 여행.",104000,97000,77000,3.9,2371.0,4,user_input,Y,Y,0.27,0.27
female,47,8030000.0,대기업직원,미혼,진보적,543000.0,고가,가구,한샘,51,2,21,Y,3,0.02452830188679256,1.0245283018867926,0.0,0.6666666666666666,0.0,0.1712707182320442,0.16523605150214593,0.2,0.6375,1.0,0.37,530000,선물,"내구성, 크기",정관장,한샘 가구 776,"한샘 가구 ??. ?? ??: 내구성, 크기, 디자인, 이사, 인테리어, 생활.",543000,466000,450000,,2133.0,3,crawler,N,Y,0.548,0.548
male,31,720000.0,취업준비생,미혼,진보적,149000.0,중저가,교육,패스트캠퍼스,42,8,22,Y,4,0.0,0.9738562091503268,1.0,0.9,1.0,0.0,0.30701754385964913,0.2,0.6875,1.0,1.0,153000,공부,"강의품질, 가격",패스트캠퍼스,패스트캠퍼스 교육 777,"패스트캠퍼스 교육 ??. ?? ??: 강의품질, 가격, 커리큘럼, 공부, 취업, 자기계발.",149000,114000,154000,3.9,3851.0,3,manual,Y,Y,0.226,0.226
female,54,2520000.0,주부,미혼,진보적,49000.0,저가,교육,메가스터디,40,5,9,N,4,0.0,0.10583153347732181,0.0,0.0,1.0,0.08163265306122448,0.225,0.2,0.6072590133131903,1.0,0.57,463000,자기계발,"희소성, 감성",메가스터디,메가스터디 교육 778,"메가스터디 교육 ??. ?? ??: 강의품질, 가격, 커리큘럼, 공부, 취업, 자기계발.",49000,40000,45000,,433.0,2,manual,N,Y,0.581,0.581
male,68,2430000.0,은퇴자,기혼,진보적,80000.0,저가,생활용품,3M,45,5,16,N,4,0.05263157894736836,1.0526315789473684,1.0,0.0,0.0,0.1625,0.15942028985507245,0.2,0.7550000000000001,1.0,1.0,76000,생활,"희소성, 감성",샤넬,3M 생활용품 779,"3M 생활용품 ??. ?? ??: 가격, 내구성, 용량, 생활, 청소, 가정.",80000,69000,67000,4.44,1719.0,3,manual,Y,Y,0.463,0.463
male,39,5400000.0,사무직,미혼,진보적,329000.0,중저가,화장품,이니스프리,46,3,2,N,4,0.0,0.28095644748078563,1.0,0.9,1.0,0.0,0.13058419243986255,0.2,0.7491167484058883,1.0,0.52,1171000,선물,"성분, 가격",이니스프리,이니스프리 화장품 780,"이니스프리 화장품 ??. ?? ??: 성분, 가격, 후기, 피부관리, 선물, 데일리.",329000,291000,337000,4.46,793.0,2,crawler,Y,Y,0.208,0.208
male,25,4740000.0,프리랜서,기혼,진보적,2010000.0,초고가,명품,구찌,47,8,9,Y,6,1.0,3.0,0.0,0.6666666666666666,1.0,0.07711442786069651,0.14922813036020582,0.2,0.6827703542795547,1.0,0.019999999999999976,487000,휴식,"브랜드, 희소성",구찌,구찌 명품 781,"구찌 명품 ??. ?? ??: 브랜드, 희소성, 디자인, 선물, 보상, 소장.",2010000,1749000,1855000,3.94,764.0,2,user_input,Y,Y,0.716,0.716
female,43,6010000.0,공무원,기혼,진보적,105000.0,중저가,화장품,이니스프리,45,5,15,N,4,0.0,0.13427109974424553,0.0,0.9,0.0,0.09523809523809523,0.05,0.0,0.7362500000000001,1.0,0.019999999999999976,782000,데일리,"성분, 가격",오뚜기,이니스프리 화장품 782,"이니스프리 화장품 ??. ?? ??: 성분, 가격, 후기, 피부관리, 선물, 데일리.",105000,100000,95000,4.29,3515.0,0,manual,Y,Y,0.475,0.475
male,53,4730000.0,프리랜서,기혼,진보적,1503000.0,고가,가구,리바트,6,5,15,Y,6,0.4606413994169096,1.4606413994169096,0.0,0.0,0.0,0.22821024617431804,0.3504043126684636,0.0,0.3625,1.0,0.37,1029000,생활,"희소성, 감성",CJ,리바트 가구 783,"리바트 가구 ??. ?? ??: 내구성, 크기, 디자인, 이사, 인테리어, 생활.",1503000,1113000,1160000,3.3,,0,crawler,Y,N,0.764,0.764
female,44,3530000.0,프리랜서,기혼,진보적,30000.0,저가,식품,CJ,49,2,16,N,3,0.0,0.09375,1.0,0.0,1.0,0.23333333333333334,0.15384615384615385,0.2,0.6699999999999999,1.0,1.0,320000,식사,"희소성, 감성",CJ,CJ 식품 784,"CJ 식품 ??. ?? ??: 가격, 신선도, 배송, 생활, 식사, 가족.",30000,26000,23000,3.76,1732.0,2,user_input,Y,Y,0.383,0.383
male,46,6980000.0,대기업직원,기혼,보수적,97000.0,저가,화장품,설화수,36,5,22,N,4,0.0,0.13379310344827586,0.0,0.9,1.0,0.35051546391752575,0.07777777777777778,0.2,0.7093973143051937,1.0,0.019999999999999976,725000,유행,"성분, 가격",설화수,설화수 화장품 785,"설화수 화장품 ??. ?? ??: 성분, 가격, 후기, 피부관리, 선물, 데일리.",97000,90000,63000,4.34,400.0,1,user_input,Y,Y,0.469,0.469
female,27,1020000.0,취업준비생,미혼,진보적,1259000.0,고가,여행,대한항공,44,15,13,Y,14,1.0,3.0,0.0,0.0,0.0,0.17712470214455917,0.3033126293995859,0.0,0.6201072308981901,1.0,0.09999999999999998,191000,기념일,"희소성, 감성",ZARA,대한항공 여행 786,"대한항공 여행 ??. ?? ??: 가격, 일정, 숙소, 휴식, 가족, 기념일.",1259000,966000,1036000,,618.0,0,image_estimate,N,Y,0.88,0.88
male,66,3390000.0,은퇴자,미혼,보수적,147000.0,중저가,패션,COS,36,2,15,N,4,0.0,0.32666666666666666,0.0,0.6666666666666666,0.0,0.0,0.1951219512195122,0.2,0.6313494651648506,1.0,0.09999999999999998,450000,소장,"디자인, 착용감",클래스101,COS 패션 787,"COS 패션 ??. ?? ??: 디자인, 착용감, 브랜드, 출근, 데이트, 여행.",147000,123000,157000,3.63,538.0,1,naver_api,Y,Y,0.548,0.548
female,52,3390000.0,주부,기혼,진보적,620000.0,고가,건강관리,센트룸,39,2,2,Y,4,0.3080168776371308,1.3080168776371308,1.0,0.6666666666666666,0.0,0.02258064516129032,0.20622568093385213,0.2,0.7124999999999999,1.0,0.95,474000,건강,"성분, 후기",레노버,센트룸 건강관리 788,"센트룸 건강관리 ??. ?? ??: 성분, 후기, 안전성, 건강, 부모님, 회복.",620000,514000,606000,4.1,1293.0,1,image_estimate,Y,Y,0.403,0.403
female,45,2310000.0,주부,기혼,진보적,1349000.0,고가,전자기기,소니,41,9,17,Y,7,1.0,3.0,0.0,0.0,0.0,0.1156412157153447,0.09230769230769231,0.2,0.5826736499065235,1.0,0.37,110000,콘텐츠,"희소성, 감성",유한킴벌리,소니 전자기기 789,"소니 전자기기 ??. ?? ??: 성능, 배터리, 휴대성, 업무, 공부, 게임, 콘텐츠.",1349000,1235000,1193000,,219.0,3,crawler,N,Y,0.858,0.858
male,59,3480000.0,은퇴자,미혼,보수적,535000.0,고가,건강관리,정관장,48,7,9,Y,5,1.0,2.2291666666666665,0.0,0.0,1.0,0.35887850467289717,0.2441860465116279,0.2,0.7362500000000001,1.0,0.44999999999999996,240000,회복,"희소성, 감성",정관장,정관장 건강관리 790,"정관장 건강관리 ??. ?? ??: 성분, 후기, 안전성, 건강, 부모님, 회복.",535000,430000,343000,4.29,1486.0,1,manual,Y,Y,0.788,0.788
male,28,9460000.0,전문직,기혼,보수적,3986000.0,초고가,전자기기,삼성,56,5,11,Y,8,1.0,3.0,0.0,0.0,1.0,0.09708981435022579,0.07613390928725702,0.2,0.6375,1.0,0.37,1319000,유행,"희소성, 감성",삼성,삼성 전자기기 791,"삼성 전자기기 ??. ?? ??: 성능, 배터리, 휴대성, 업무, 공부, 게임, 콘텐츠.",3986000,3704000,3599000,,3977.0,2,naver_api,N,Y,0.782,0.782
male,53,4730000.0,프리랜서,기혼,보수적,1334000.0,고가,여행,마이리얼트립,53,4,14,Y,6,0.5263157894736843,1.5263157894736843,1.0,0.9,1.0,0.27061469265367316,0.09076042518397383,0.0,0.7649999999999999,1.0,0.6,874000,가족,"가격, 일정",마이리얼트립,마이리얼트립 여행 792,"마이리얼트립 여행 ??. ?? ??: 가격, 일정, 숙소, 휴식, 가족, 기념일.",1334000,1223000,973000,4.52,1768.0,0,user_input,Y,Y,0.374,0.374
male,55,4080000.0,사무직,미혼,진보적,685000.0,고가,패션,나이키,2,3,20,Y,4,0.9683908045977012,1.9683908045977012,0.0,0.0,0.0,0.31532846715328466,0.10841423948220065,0.2,0.5050000000000001,1.0,0.09999999999999998,348000,선물,"희소성, 감성",루이비통,나이키 패션 793,"나이키 패션 ??. ?? ??: 디자인, 착용감, 브랜드, 출근, 데이트, 여행.",685000,618000,469000,4.44,,2,user_input,Y,N,0.906,0.906
female,23,1010000.0,취업준비생,미혼,진보적,497000.0,중저가,전자기기,LG,52,11,12,Y,4,1.0,3.0,1.0,0.0,0.0,0.0,0.30446194225721784,0.2,0.68625,1.0,0.87,123000,게임,"희소성, 감성",이니스프리,LG 전자기기 794,"LG 전자기기 ??. ?? ??: 성능, 배터리, 휴대성, 업무, 공부, 게임, 콘텐츠.",497000,381000,513000,3.89,1469.0,4,naver_api,Y,Y,0.652,0.652
female,51,7040000.0,자영업,기혼,보수적,99000.0,저가,교육,패스트캠퍼스,38,2,17,N,3,0.0,0.09528392685274302,0.0,0.0,0.0,0.23232323232323232,0.08791208791208792,0.2,0.5519052375377813,1.0,0.57,1039000,소장,"희소성, 감성",LG,패스트캠퍼스 교육 795,"패스트캠퍼스 교육 ??. ?? ??: 강의품질, 가격, 커리큘럼, 공부, 취업, 자기계발.",99000,91000,76000,3.28,200.0,1,user_input,Y,Y,0.649,0.649
female,24,530000.0,학생,미혼,보수적,51000.0,저가,식품,CJ,8,5,15,N,4,0.0,0.4722222222222222,0.0,0.9,0.0,0.09803921568627451,0.04081632653061224,0.2,0.54375,1.0,0.57,108000,가족,"가격, 신선도",나이키,CJ 식품 796,"CJ 식품 ??. ?? ??: 가격, 신선도, 배송, 생활, 식사, 가족.",51000,49000,46000,4.75,,1,image_estimate,Y,N,0.477,0.477
male,24,1100000.0,취업준비생,미혼,보수적,100000.0,중저가,패션,COS,9,3,19,N,3,0.098901098901099,1.098901098901099,0.0,0.0,0.0,0.11,0.08695652173913043,0.0,0.1875,0.75,0.09999999999999998,91000,여행,"희소성, 감성",설화수,COS 패션 797,"COS 패션 ??. ?? ??: 디자인, 착용감, 브랜드, 출근, 데이트, 여행.",100000,92000,89000,,,0,user_input,N,N,0.698,0.698
male,27,840000.0,학생,미혼,진보적,340000.0,중저가,여행,대한항공,48,10,22,Y,7,0.8478260869565217,1.8478260869565217,0.0,0.9,0.0,0.0029411764705882353,0.021021021021021023,0.2,0.69875,1.0,0.09999999999999998,184000,기념일,"가격, 일정",센트룸,대한항공 여행 798,"대한항공 여행 ??. ?? ??: 가격, 일정, 숙소, 휴식, 가족, 기념일.",340000,333000,339000,3.99,2959.0,3,naver_api,Y,Y,0.676,0.676
male,32,1270000.0,취업준비생,기혼,진보적,4000.0,초저가,식품,CJ,42,0,21,N,3,0.0,0.01593625498007968,0.0,0.9,0.0,0.0,0.05,0.2,0.7024999999999999,1.0,0.57,251000,선물,"가격, 신선도",샤넬,CJ 식품 799,"CJ 식품 ??. ?? ??: 가격, 신선도, 배송, 생활, 식사, 가족.",4000,4000,4000,4.02,2231.0,4,naver_api,Y,Y,0.437,0.437
female,31,1170000.0,취업준비생,미혼,진보적,9000.0,초저가,식품,오뚜기,49,0,20,N,1,0.0,0.05202312138728324,0.0,0.0,0.0,0.1111111111111111,0.2857142857142857,0.2,0.7875000000000001,1.0,0.57,173000,가족,"희소성, 감성",3M,오뚜기 식품 800,"오뚜기 식품 ??. ?? ??: 가격, 신선도, 배송, 생활, 식사, 가족.",9000,7000,8000,4.7,1146.0,3,image_estimate,Y,Y,0.635,0.635
male,25,800000.0,취업준비생,미혼,보수적,873000.0,고가,건강관리,정관장,54,13,19,Y,10,1.0,3.0,0.0,0.0,0.0,0.0882016036655212,0.20082530949105915,0.2,0.6375,1.0,0.44999999999999996,144000,회복,"희소성, 감성",구찌,정관장 건강관리 801,"정관장 건강관리 ??. ?? ??: 성분, 후기, 안전성, 건강, 부모님, 회복.",873000,727000,796000,,3937.0,2,manual,N,Y,0.859,0.859
female,45,6390000.0,전문직,기혼,진보적,412000.0,중저가,가구,한샘,16,6,21,N,4,0.0,0.944954128440367,1.0,0.0,1.0,0.18689320388349515,0.05370843989769821,0.0,0.5375000000000001,1.0,0.87,436000,인테리어,"희소성, 감성",한샘,한샘 가구 802,"한샘 가구 ??. ?? ??: 내구성, 크기, 디자인, 이사, 인테리어, 생활.",412000,391000,335000,4.7,,0,manual,Y,N,0.362,0.362
male,40,4810000.0,자영업,미혼,보수적,2852000.0,초고가,가구,리바트,48,9,12,Y,7,1.0,3.0,0.0,0.0,1.0,0.2966339410939691,0.3421176470588235,0.2,0.6875,1.0,0.37,163000,유행,"희소성, 감성",리바트,리바트 가구 803,"리바트 가구 ??. ?? ??: 내구성, 크기, 디자인, 이사, 인테리어, 생활.",2852000,2125000,2006000,3.9,3940.0,1,crawler,Y,Y,0.82,0.82
male,54,4670000.0,자영업,미혼,진보적,370000.0,중저가,화장품,설화수,30,1,3,N,2,0.0,0.37678207739307534,0.0,0.9,0.0,0.372972972972973,0.08187134502923976,0.2,0.492276928271365,1.0,0.019999999999999976,982000,소장,"성분, 가격",라네즈,설화수 화장품 804,"설화수 화장품 ??. ?? ??: 성분, 가격, 후기, 피부관리, 선물, 데일리.",370000,342000,232000,3.2,50.0,2,user_input,Y,Y,0.576,0.576
male,20,600000.0,학생,미혼,보수적,208000.0,중저가,전자기기,LG,35,6,19,Y,6,1.0,2.632911392405063,0.0,0.9375,0.0,0.17307692307692307,0.2235294117647059,0.2,0.7566818171452492,1.0,0.37,79000,휴식,"성능, 배터리",COS,LG 전자기기 805,"LG 전자기기 ??. ?? ??: 성능, 배터리, 휴대성, 업무, 공부, 게임, 콘텐츠.",208000,170000,172000,4.78,323.0,2,user_input,Y,Y,0.715,0.715
male,56,7350000.0,대기업직원,기혼,진보적,116000.0,중저가,가구,리바트,55,3,14,N,3,0.0,0.08460977388767323,0.0,0.6666666666666666,1.0,0.1896551724137931,0.20833333333333334,0.2,0.635,1.0,0.37,1371000,소장,"내구성, 크기",리바트,리바트 가구 806,"리바트 가구 ??. ?? ??: 내구성, 크기, 디자인, 이사, 인테리어, 생활.",116000,96000,94000,3.48,3083.0,2,user_input,Y,Y,0.482,0.482
female,73,2130000.0,은퇴자,기혼,진보적,556000.0,고가,가구,리바트,55,7,13,Y,3,1.0,2.066914498141264,1.0,0.0,1.0,0.26618705035971224,0.09881422924901186,0.2,0.69625,1.0,0.87,269000,이사,"희소성, 감성",리바트,리바트 가구 807,"리바트 가구 ??. ?? ??: 내구성, 크기, 디자인, 이사, 인테리어, 생활.",556000,506000,408000,3.97,3938.0,4,naver_api,Y,Y,0.632,0.632
male,56,3110000.0,주부,기혼,진보적,224000.0,중저가,전자기기,애플,50,2,15,N,5,0.0,0.36541598694942906,0.0,0.9375,1.0,0.0,0.24444444444444444,0.0,0.6551017363535196,1.0,0.37,613000,콘텐츠,"성능, 배터리",애플,애플 전자기기 808,"애플 전자기기 ??. ?? ??: 성능, 배터리, 휴대성, 업무, 공부, 게임, 콘텐츠.",224000,180000,237000,3.67,904.0,0,manual,Y,Y,0.376,0.376
male,20,880000.0,학생,미혼,진보적,877000.0,고가,명품,루이비통,48,15,17,Y,11,1.0,3.0,1.0,0.6666666666666666,1.0,0.0,0.22486033519553073,0.2,0.6625000000000001,1.0,0.52,176000,선물,"브랜드, 희소성",루이비통,루이비통 명품 809,"루이비통 명품 ??. ?? ??: 브랜드, 희소성, 디자인, 선물, 보상, 소장.",877000,716000,946000,3.7,1396.0,3,naver_api,Y,Y,0.531,0.531
male,41,3630000.0,사무직,미혼,보수적,64000.0,저가,패션,아디다스,39,5,18,N,3,0.0,0.26337448559670784,0.0,0.6666666666666666,1.0,0.296875,0.28,0.0,0.6375,1.0,0.09999999999999998,243000,휴식,"디자인, 착용감",아디다스,아디다스 패션 810,"아디다스 패션 ??. ?? ??: 디자인, 착용감, 브랜드, 출근, 데이트, 여행.",64000,50000,45000,,2323.0,0,image_estimate,N,Y,0.51,0.51
female,38,3030000.0,주부,기혼,진보적,6698000.0,초고가,전자기기,삼성,42,28,14,Y,21,1.0,3.0,1.0,0.9375,1.0,0.11585547924753657,0.02150373646484673,0.2,0.675,1.0,0.87,571000,업무,"성능, 배터리",삼성,삼성 전자기기 811,"삼성 전자기기 ??. ?? ??: 성능, 배터리, 휴대성, 업무, 공부, 게임, 콘텐츠.",6698000,6557000,5922000,3.8,2063.0,1,crawler,Y,Y,0.447,0.447
male,27,4260000.0,프리랜서,기혼,보수적,182000.0,중저가,가구,한샘,50,5,21,N,1,0.0,0.9191919191919192,1.0,0.6666666666666666,1.0,0.0,0.23809523809523808,0.0,0.6375,1.0,0.87,198000,인테리어,"내구성, 크기",한샘,한샘 가구 812,"한샘 가구 ??. ?? ??: 내구성, 크기, 디자인, 이사, 인테리어, 생활.",182000,147000,190000,,2299.0,0,user_input,N,Y,0.248,0.248
female,68,2460000.0,은퇴자,기혼,진보적,10000.0,초저가,식품,동원,50,0,18,N,4,0.0,0.10526315789473684,0.0,0.9,1.0,0.1,0.25,0.2,0.6375,1.0,0.57,95000,가족,"가격, 신선도",동원,동원 식품 813,"동원 식품 ??. ?? ??: 가격, 신선도, 배송, 생활, 식사, 가족.",10000,8000,9000,,1790.0,4,naver_api,N,Y,0.421,0.421
male,31,880000.0,취업준비생,미혼,진보적,569000.0,고가,화장품,라네즈,12,8,11,Y,5,1.0,3.0,1.0,0.9,0.0,0.0,0.055658627087198514,0.2,0.47125,1.0,0.52,88000,선물,"성분, 가격",대한항공,라네즈 화장품 814,"라네즈 화장품 ??. ?? ??: 성분, 가격, 후기, 피부관리, 선물, 데일리.",569000,539000,571000,4.17,,4,image_estimate,Y,N,0.537,0.537
male,50,9270000.0,대기업직원,미혼,보수적,523000.0,고가,전자기기,LG,51,0,1,Y,1,0.0,0.2988571428571429,0.0,0.9375,1.0,0.15105162523900573,0.07172131147540983,0.2,0.625,1.0,0.37,1750000,소장,"성능, 배터리",LG,LG 전자기기 815,"LG 전자기기 ??. ?? ??: 성능, 배터리, 휴대성, 업무, 공부, 게임, 콘텐츠.",523000,488000,444000,3.4,2209.0,3,naver_api,Y,Y,0.42,0.42
male,30,4420000.0,프리랜서,기혼,보수적,488000.0,중저가,화장품,이니스프리,12,2,20,N,3,0.051724137931034475,1.0517241379310345,1.0,0.0,0.0,0.15368852459016394,0.2774869109947644,0.2,0.45,1.0,0.52,464000,피부관리,"희소성, 감성",하나투어,이니스프리 화장품 816,"이니스프리 화장품 ??. ?? ??: 성분, 가격, 후기, 피부관리, 선물, 데일리.",488000,382000,413000,4.0,,3,naver_api,Y,N,0.506,0.506
female,26,830000.0,취업준비생,미혼,진보적,738000.0,고가,명품,샤넬,54,13,16,Y,7,1.0,3.0,1.0,0.6666666666666666,1.0,0.04742547425474255,0.38721804511278196,0.0,0.6375,1.0,0.52,86000,보상,"브랜드, 희소성",샤넬,샤넬 명품 817,"샤넬 명품 ??. ?? ??: 브랜드, 희소성, 디자인, 선물, 보상, 소장.",738000,532000,703000,,2593.0,0,naver_api,N,Y,0.509,0.509
female,44,5480000.0,프리랜서,기혼,진보적,215000.0,중저가,건강관리,종근당,15,4,19,N,0,0.0,0.7733812949640287,0.0,0.6666666666666666,1.0,0.18604651162790697,0.19444444444444445,0.2,0.1875,0.75,0.44999999999999996,278000,선물,"성분, 후기",종근당,종근당 건강관리 818,"종근당 건강관리 ??. ?? ??: 성분, 후기, 안전성, 건강, 부모님, 회복.",215000,180000,175000,,,1,user_input,N,N,0.498,0.498
female,49,4750000.0,공무원,기혼,보수적,150000.0,중저가,전자기기,삼성,8,1,22,N,4,0.0,0.15560165975103735,1.0,0.9375,1.0,0.3,0.36363636363636365,0.0,0.40125,1.0,0.87,964000,공부,"성능, 배터리",삼성,삼성 전자기기 819,"삼성 전자기기 ??. ?? ??: 성능, 배터리, 휴대성, 업무, 공부, 게임, 콘텐츠.",150000,110000,105000,3.61,,0,manual,Y,N,0.259,0.259
male,31,1290000.0,취업준비생,기혼,진보적,401000.0,중저가,교육,메가스터디,48,3,9,Y,3,0.43727598566308234,1.4372759856630823,1.0,0.9,0.0,0.04738154613466334,0.12640449438202248,0.2,0.7117560943379765,1.0,1.0,279000,공부,"강의품질, 가격",3M,메가스터디 교육 820,"메가스터디 교육 ??. ?? ??: 강의품질, 가격, 커리큘럼, 공부, 취업, 자기계발.",401000,356000,382000,4.17,769.0,2,naver_api,Y,Y,0.377,0.377
female,40,10290000.0,전문직,미혼,진보적,257000.0,중저가,패션,ZARA,40,1,17,N,2,0.0,0.12373615792007703,0.0,0.6666666666666666,1.0,0.33073929961089493,0.35978835978835977,0.2,0.605,1.0,0.09999999999999998,2077000,휴식,"디자인, 착용감",ZARA,ZARA 패션 821,"ZARA 패션 ??. ?? ??: 디자인, 착용감, 브랜드, 출근, 데이트, 여행.",257000,189000,172000,3.24,2235.0,3,crawler,Y,Y,0.497,0.497
female,43,3700000.0,공무원,미혼,보수적,357000.0,중저가,화장품,라네즈,44,2,10,N,1,0.0,0.5534883720930233,1.0,0.0,0.0,0.19887955182072828,0.1590909090909091,0.0,0.6025,1.0,0.52,645000,선물,"희소성, 감성",정관장,라네즈 화장품 822,"라네즈 화장품 ??. ?? ??: 성분, 가격, 후기, 피부관리, 선물, 데일리.",357000,308000,286000,3.22,3782.0,0,naver_api,Y,Y,0.484,0.484
female,27,1000000.0,취업준비생,미혼,보수적,2282000.0,초고가,건강관리,센트룸,52,28,18,Y,18,1.0,3.0,0.0,0.6666666666666666,1.0,0.17134092900964065,0.025157232704402517,0.2,0.6375,1.0,0.44999999999999996,206000,회복,"성분, 후기",센트룸,센트룸 건강관리 823,"센트룸 건강관리 ??. ?? ??: 성분, 후기, 안전성, 건강, 부모님, 회복.",2282000,2226000,1891000,,3664.0,2,crawler,N,Y,0.692,0.692
female,61,2140000.0,은퇴자,기혼,보수적,135000.0,중저가,패션,아디다스,45,3,3,N,5,0.0,0.7297297297297297,1.0,0.0,1.0,0.17777777777777778,0.21621621621621623,0.0,0.78125,1.0,0.6,185000,출근,"희소성, 감성",아디다스,아디다스 패션 824,"아디다스 패션 ??. ?? ??: 디자인, 착용감, 브랜드, 출근, 데이트, 여행.",135000,111000,111000,4.65,3333.0,0,manual,Y,Y,0.403,0.403
male,60,5350000.0,공무원,미혼,진보적,33000.0,저가,화장품,이니스프리,42,2,10,N,2,0.0,0.047895500725689405,1.0,0.9,1.0,0.0,0.17857142857142858,0.2,0.63625,1.0,0.52,689000,피부관리,"성분, 가격",이니스프리,이니스프리 화장품 825,"이니스프리 화장품 ??. ?? ??: 성분, 가격, 후기, 피부관리, 선물, 데일리.",33000,28000,33000,3.49,2109.0,2,image_estimate,Y,Y,0.201,0.201
male,22,650000.0,학생,미혼,진보적,283000.0,중저가,교육,클래스101,2,8,13,Y,4,1.0,3.0,0.0,0.0,0.0,0.2826855123674912,0.04814814814814815,0.2,0.3825,1.0,0.57,90000,소장,"희소성, 감성",나이키,클래스101 교육 826,"클래스101 교육 ??. ?? ??: 강의품질, 가격, 커리큘럼, 공부, 취업, 자기계발.",283000,270000,203000,3.46,,2,image_estimate,Y,N,0.893,0.893
female,22,1180000.0,취업준비생,미혼,진보적,19000.0,초저가,생활용품,3M,9,1,21,N,3,0.0,0.08333333333333333,0.0,0.9,1.0,0.0,0.26666666666666666,0.2,0.52,1.0,0.57,228000,가정,"가격, 내구성",3M,3M 생활용품 827,"3M 생활용품 ??. ?? ??: 가격, 내구성, 용량, 생활, 청소, 가정.",19000,15000,19000,4.56,,3,manual,Y,N,0.419,0.419
male,26,510000.0,학생,미혼,진보적,1384000.0,고가,여행,대한항공,47,34,16,Y,26,1.0,3.0,1.0,0.9,1.0,0.20953757225433525,0.16400336417157274,0.2,0.675,1.0,0.6,48000,가족,"가격, 일정",대한항공,대한항공 여행 828,"대한항공 여행 ??. ?? ??: 가격, 일정, 숙소, 휴식, 가족, 기념일.",1384000,1189000,1094000,3.8,3405.0,3,naver_api,Y,Y,0.475,0.475
female,61,3460000.0,주부,기혼,보수적,7000.0,초저가,식품,오뚜기,41,5,10,N,4,0.0,0.023809523809523808,1.0,0.0,0.0,0.2857142857142857,0.16666666666666666,0.2,0.69625,1.0,1.0,294000,식사,"희소성, 감성",샤넬,오뚜기 식품 829,"오뚜기 식품 ??. ?? ??: 가격, 신선도, 배송, 생활, 식사, 가족.",7000,6000,5000,3.97,3047.0,1,manual,Y,Y,0.447,0.447
female,35,4250000.0,사무직,기혼,보수적,9000.0,초저가,생활용품,다이소,49,3,17,N,2,0.0,0.015228426395939087,0.0,0.9,0.0,0.2222222222222222,0.2857142857142857,0.2,0.7037500000000001,1.0,0.57,591000,휴식,"가격, 내구성",샤넬,다이소 생활용품 830,"다이소 생활용품 ??. ?? ??: 가격, 내구성, 용량, 생활, 청소, 가정.",9000,7000,7000,4.03,1567.0,2,manual,Y,Y,0.501,0.501
female,28,4500000.0,공무원,미혼,보수적,93000.0,저가,패션,나이키,17,1,17,N,3,0.0,0.13859910581222057,0.0,0.0,1.0,0.06451612903225806,0.32857142857142857,0.0,0.3925,1.0,0.09999999999999998,671000,여행,"희소성, 감성",나이키,나이키 패션 831,"나이키 패션 ??. ?? ??: 디자인, 착용감, 브랜드, 출근, 데이트, 여행.",93000,70000,87000,3.54,,0,crawler,Y,N,0.61,0.61
male,44,2830000.0,주부,기혼,진보적,186000.0,중저가,교육,패스트캠퍼스,43,4,2,N,3,0.0,0.3463687150837989,0.0,0.9,1.0,0.016129032258064516,0.2483221476510067,0.2,0.6925,1.0,0.57,537000,휴식,"강의품질, 가격",패스트캠퍼스,패스트캠퍼스 교육 832,"패스트캠퍼스 교육 ??. ?? ??: 강의품질, 가격, 커리큘럼, 공부, 취업, 자기계발.",186000,149000,183000,3.94,3141.0,4,image_estimate,Y,Y,0.418,0.418
female,64,2590000.0,은퇴자,미혼,진보적,1124000.0,고가,전자기기,소니,17,8,20,Y,5,1.0,2.669833729216152,0.0,0.9375,1.0,0.028469750889679714,0.034990791896869246,0.2,0.1875,0.75,0.37,421000,콘텐츠,"성능, 배터리",소니,소니 전자기기 833,"소니 전자기기 ??. ?? ??: 성능, 배터리, 휴대성, 업무, 공부, 게임, 콘텐츠.",1124000,1086000,1092000,,,2,crawler,N,N,0.643,0.643
female,47,8730000.0,대기업직원,미혼,진보적,134000.0,중저가,교육,클래스101,38,3,13,N,2,0.0,0.44518272425249167,0.0,0.0,0.0,0.26119402985074625,0.11666666666666667,0.0,0.6025,1.0,0.57,301000,휴식,"희소성, 감성",센트룸,클래스101 교육 834,"클래스101 교육 ??. ?? ??: 강의품질, 가격, 커리큘럼, 공부, 취업, 자기계발.",134000,120000,99000,3.22,1641.0,0,naver_api,Y,Y,0.629,0.629
male,48,4620000.0,프리랜서,미혼,보수적,593000.0,고가,교육,클래스101,48,2,18,Y,3,1.0,2.2547528517110265,0.0,0.0,0.0,0.25126475548060706,0.27253218884120173,0.2,0.6275,1.0,0.57,263000,휴식,"희소성, 감성",패스트캠퍼스,클래스101 교육 835,"클래스101 교육 ??. ?? ??: 강의품질, 가격, 커리큘럼, 공부, 취업, 자기계발.",593000,466000,444000,3.42,2325.0,3,manual,Y,Y,0.876,0.876
female,22,770000.0,학생,미혼,진보적,2239000.0,초고가,여행,마이리얼트립,54,35,20,Y,24,1.0,3.0,1.0,0.9,1.0,0.37070120589548905,0.24665924276169265,0.2,0.6825,1.0,0.6,90000,휴식,"가격, 일정",마이리얼트립,마이리얼트립 여행 836,"마이리얼트립 여행 ??. ?? ??: 가격, 일정, 숙소, 휴식, 가족, 기념일.",2239000,1796000,1409000,3.86,2537.0,1,crawler,Y,Y,0.505,0.505
female,25,4740000.0,프리랜서,미혼,보수적,1554000.0,고가,가구,이케아,49,9,12,Y,7,1.0,3.0,0.0,0.6666666666666666,1.0,0.19884169884169883,0.05930470347648262,0.2,0.61875,1.0,0.37,488000,소장,"내구성, 크기",이케아,이케아 가구 837,"이케아 가구 ??. ?? ??: 내구성, 크기, 디자인, 이사, 인테리어, 생활.",1554000,1467000,1245000,3.35,1018.0,2,crawler,Y,Y,0.691,0.691
male,60,9750000.0,전문직,미혼,보수적,131000.0,중저가,전자기기,레노버,51,1,19,N,1,0.0,0.23022847100175747,1.0,0.0,0.0,0.08396946564885496,0.28431372549019607,0.0,0.6375,1.0,0.87,569000,게임,"희소성, 감성",센트룸,레노버 전자기기 838,"레노버 전자기기 ??. ?? ??: 성능, 배터리, 휴대성, 업무, 공부, 게임, 콘텐츠.",131000,102000,120000,,3410.0,0,manual,N,Y,0.451,0.451
male,41,3810000.0,사무직,기혼,보수적,122000.0,중저가,생활용품,유한킴벌리,8,4,3,N,4,0.0,0.2646420824295011,1.0,0.9,0.0,0.3770491803278688,0.1509433962264151,0.0,0.1875,0.75,1.0,461000,청소,"가격, 내구성",LG,유한킴벌리 생활용품 839,"유한킴벌리 생활용품 ??. ?? ??: 가격, 내구성, 용량, 생활, 청소, 가정.",122000,106000,76000,,,0,naver_api,N,N,0.31,0.31
male,46,6160000.0,공무원,기혼,보수적,167000.0,중저가,가구,이케아,36,3,21,N,4,0.0,0.6816326530612244,1.0,0.6666666666666666,0.0,0.07784431137724551,0.176056338028169,0.2,0.6256268168971402,1.0,0.87,245000,인테리어,"내구성, 크기",삼성,이케아 가구 840,"이케아 가구 ??. ?? ??: 내구성, 크기, 디자인, 이사, 인테리어, 생활.",167000,142000,154000,,720.0,1,image_estimate,N,Y,0.367,0.367
female,39,7890000.0,대기업직원,기혼,보수적,2513000.0,초고가,여행,마이리얼트립,48,4,17,Y,6,0.8559822747415067,1.8559822747415067,1.0,0.0,1.0,0.2976522085157183,0.03714403631861329,0.2,0.65875,1.0,0.6,1354000,가족,"희소성, 감성",마이리얼트립,마이리얼트립 여행 841,"마이리얼트립 여행 ??. ?? ??: 가격, 일정, 숙소, 휴식, 가족, 기념일.",2513000,2423000,1765000,3.67,3952.0,1,naver_api,Y,Y,0.616,0.616
male,29,6190000.0,전문직,미혼,진보적,958000.0,고가,전자기기,소니,7,2,14,Y,3,0.24254215304798965,1.2425421530479897,1.0,0.0,1.0,0.3705636743215031,0.08248587570621468,0.2,0.5149999999999999,1.0,0.87,771000,게임,"희소성, 감성",소니,소니 전자기기 842,"소니 전자기기 ??. ?? ??: 성능, 배터리, 휴대성, 업무, 공부, 게임, 콘텐츠.",958000,885000,603000,4.52,,3,image_estimate,Y,N,0.451,0.451
female,35,3540000.0,프리랜서,기혼,진보적,51000.0,저가,식품,CJ,50,4,1,N,4,0.0,0.16666666666666666,0.0,0.9,1.0,0.3333333333333333,0.0851063829787234,0.2,0.8062499999999999,1.0,0.57,306000,유행,"가격, 신선도",CJ,CJ 식품 843,"CJ 식품 ??. ?? ??: 가격, 신선도, 배송, 생활, 식사, 가족.",51000,47000,34000,4.85,2117.0,2,user_input,Y,Y,0.409,0.409
male,73,3210000.0,은퇴자,기혼,보수적,1114000.0,고가,명품,구찌,12,9,11,Y,3,1.0,2.737100737100737,0.0,0.6666666666666666,0.0,0.29533213644524237,0.07945736434108527,0.0,0.3725,1.0,0.019999999999999976,407000,소장,"브랜드, 희소성",클래스101,구찌 명품 844,"구찌 명품 ??. ?? ??: 브랜드, 희소성, 디자인, 선물, 보상, 소장.",1114000,1032000,785000,3.38,,0,manual,Y,N,0.8,0.8
male,52,5060000.0,사무직,미혼,보수적,840000.0,고가,패션,아디다스,37,4,22,Y,2,1.0,3.0,1.0,0.6666666666666666,1.0,0.1,0.3526570048309179,0.0,0.7550000000000001,1.0,0.6,258000,데이트,"디자인, 착용감",아디다스,아디다스 패션 845,"아디다스 패션 ??. ?? ??: 디자인, 착용감, 브랜드, 출근, 데이트, 여행.",840000,621000,756000,4.44,1165.0,0,image_estimate,Y,Y,0.495,0.495
male,25,930000.0,학생,미혼,진보적,90000.0,저가,가구,리바트,43,3,22,N,2,0.0,0.5421686746987951,0.0,0.6666666666666666,1.0,0.36666666666666664,0.15384615384615385,0.2,0.6025,1.0,0.37,166000,선물,"내구성, 크기",리바트,리바트 가구 846,"리바트 가구 ??. ?? ??: 내구성, 크기, 디자인, 이사, 인테리어, 생활.",90000,78000,57000,3.22,1109.0,3,naver_api,Y,Y,0.513,0.513
female,60,2690000.0,은퇴자,기혼,진보적,62000.0,저가,생활용품,다이소,4,4,15,N,4,0.0,0.128099173553719,0.0,0.9,1.0,0.20967741935483872,0.08771929824561403,0.2,0.5349999999999999,1.0,0.57,484000,휴식,"가격, 내구성",다이소,다이소 생활용품 847,"다이소 생활용품 ??. ?? ??: 가격, 내구성, 용량, 생활, 청소, 가정.",62000,57000,49000,4.68,,4,crawler,Y,N,0.388,0.388
female,63,3040000.0,은퇴자,기혼,보수적,47000.0,저가,생활용품,다이소,52,5,22,N,1,0.0,0.10981308411214953,0.0,0.0,1.0,0.0,0.14634146341463414,0.2,0.605,1.0,0.57,428000,가정,"희소성, 감성",다이소,다이소 생활용품 848,"다이소 생활용품 ??. ?? ??: 가격, 내구성, 용량, 생활, 청소, 가정.",47000,41000,51000,3.24,3603.0,2,naver_api,Y,Y,0.563,0.563
female,67,3240000.0,은퇴자,기혼,진보적,103000.0,중저가,화장품,이니스프리,44,3,13,N,2,0.0,0.49047619047619045,1.0,0.0,0.0,0.0,0.19767441860465115,0.2,0.6486512595471854,1.0,0.52,210000,선물,"희소성, 감성",한샘,이니스프리 화장품 849,"이니스프리 화장품 ??. ?? ??: 성분, 가격, 후기, 피부관리, 선물, 데일리.",103000,86000,105000,3.62,899.0,1,user_input,Y,Y,0.46,0.46
male,49,6280000.0,자영업,기혼,보수적,56000.0,저가,식품,동원,48,5,14,N,1,0.0,0.04258555133079848,0.0,0.0,1.0,0.07142857142857142,0.12,0.2,0.6375,1.0,0.57,1315000,선물,"희소성, 감성",동원,동원 식품 850,"동원 식품 ??. ?? ??: 가격, 신선도, 배송, 생활, 식사, 가족.",56000,50000,52000,,1059.0,1,naver_api,N,Y,0.557,0.557
female,73,2120000.0,은퇴자,미혼,진보적,304000.0,중저가,여행,마이리얼트립,43,7,14,N,3,0.6521739130434783,1.6521739130434783,1.0,0.9,0.0,0.20394736842105263,0.2773109243697479,0.2,0.8062499999999999,1.0,0.6,184000,가족,"가격, 일정",레노버,마이리얼트립 여행 851,"마이리얼트립 여행 ??. ?? ??: 가격, 일정, 숙소, 휴식, 가족, 기념일.",304000,238000,242000,4.85,2549.0,4,naver_api,Y,Y,0.494,0.494
male,28,6590000.0,전문직,미혼,보수적,5000.0,초저가,식품,동원,48,1,12,N,0,0.0,0.004191114836546521,0.0,0.0,0.0,0.0,0.25,0.0,0.6375,1.0,0.57,1193000,휴식,"희소성, 감성",종근당,동원 식품 852,"동원 식품 ??. ?? ??: 가격, 신선도, 배송, 생활, 식사, 가족.",5000,4000,5000,,3950.0,0,image_estimate,N,Y,0.598,0.598
male,49,7590000.0,전문직,기혼,진보적,61000.0,저가,화장품,설화수,47,2,16,N,1,0.0,0.08100929614873838,1.0,0.9,0.0,0.0,0.2708333333333333,0.2,0.63375,1.0,0.52,753000,피부관리,"성분, 가격",대한항공,설화수 화장품 853,"설화수 화장품 ??. ?? ??: 성분, 가격, 후기, 피부관리, 선물, 데일리.",61000,48000,61000,3.47,2869.0,4,manual,Y,Y,0.302,0.302
female,47,4360000.0,자영업,미혼,진보적,7045000.0,초고가,명품,구찌,51,25,11,Y,13,1.0,3.0,1.0,0.6666666666666666,1.0,0.17814052519517387,0.29575133345594995,0.2,0.68875,1.0,0.52,889000,선물,"브랜드, 희소성",구찌,구찌 명품 854,"구찌 명품 ??. ?? ??: 브랜드, 희소성, 디자인, 선물, 보상, 소장.",7045000,5437000,5790000,3.91,2713.0,1,manual,Y,Y,0.531,0.531
male,37,5440000.0,공무원,기혼,진보적,81000.0,저가,화장품,설화수,30,3,9,N,1,0.0,0.1361344537815126,0.0,0.0,0.0,0.18518518518518517,0.08,0.2,0.5797903375422774,1.0,0.019999999999999976,595000,소장,"희소성, 감성",프라다,설화수 화장품 855,"설화수 화장품 ??. ?? ??: 성분, 가격, 후기, 피부관리, 선물, 데일리.",81000,75000,66000,3.65,120.0,2,naver_api,Y,Y,0.681,0.681
female,67,3130000.0,은퇴자,기혼,보수적,16000.0,초저가,식품,동원,6,4,17,N,1,0.0,0.16161616161616163,1.0,0.9,1.0,0.0,0.23076923076923078,0.2,0.49625,1.0,1.0,99000,생활,"가격, 신선도",동원,동원 식품 856,"동원 식품 ??. ?? ??: 가격, 신선도, 배송, 생활, 식사, 가족.",16000,13000,16000,4.37,,4,manual,Y,N,0.188,0.188
female,40,3680000.0,공무원,기혼,보수적,6000.0,초저가,생활용품,3M,48,1,21,N,3,0.0,0.011152416356877323,1.0,0.9,0.0,0.0,0.2,0.2,0.74125,1.0,1.0,538000,청소,"가격, 내구성",LG,3M 생활용품 857,"3M 생활용품 ??. ?? ??: 가격, 내구성, 용량, 생활, 청소, 가정.",6000,5000,6000,4.33,2378.0,2,user_input,Y,Y,0.267,0.267
male,20,520000.0,학생,미혼,보수적,1012000.0,고가,여행,대한항공,40,24,14,Y,17,1.0,3.0,1.0,0.9,1.0,0.03162055335968379,0.06976744186046512,0.2,0.7877334874328203,1.0,0.6,57000,가족,"가격, 일정",대한항공,대한항공 여행 858,"대한항공 여행 ??. ?? ??: 가격, 일정, 숙소, 휴식, 가족, 기념일.",1012000,946000,980000,4.88,540.0,4,image_estimate,Y,Y,0.431,0.431
female,28,5750000.0,대기업직원,미혼,진보적,5000.0,초저가,식품,동원,5,1,9,N,3,0.0,0.015197568389057751,1.0,0.9,0.0,0.0,0.25,0.2,0.52,1.0,1.0,329000,생활,"가격, 신선도",레노버,동원 식품 859,"동원 식품 ??. ?? ??: 가격, 신선도, 배송, 생활, 식사, 가족.",5000,4000,5000,4.56,,2,image_estimate,Y,N,0.309,0.309
male,41,6980000.0,대기업직원,기혼,진보적,106000.0,중저가,패션,아디다스,41,0,20,N,4,0.0,0.18761061946902655,0.0,0.6666666666666666,1.0,0.37735849056603776,0.10416666666666667,0.2,0.6375,1.0,0.09999999999999998,565000,휴식,"디자인, 착용감",아디다스,아디다스 패션 860,"아디다스 패션 ??. ?? ??: 디자인, 착용감, 브랜드, 출근, 데이트, 여행.",106000,96000,66000,,2577.0,1,naver_api,N,Y,0.494,0.494
male,30,2410000.0,주부,기혼,보수적,404000.0,중저가,가구,한샘,54,3,19,N,3,0.15099715099715105,1.150997150997151,1.0,0.0,1.0,0.1188118811881188,0.18128654970760233,0.0,0.6375,1.0,0.87,351000,인테리어,"희소성, 감성",한샘,한샘 가구 861,"한샘 가구 ??. ?? ??: 내구성, 크기, 디자인, 이사, 인테리어, 생활.",404000,342000,356000,,3812.0,0,user_input,N,Y,0.419,0.419
male,52,6890000.0,전문직,기혼,진보적,663000.0,고가,전자기기,LG,49,4,1,Y,4,0.4258064516129032,1.4258064516129032,0.0,0.9375,0.0,0.016591251885369532,0.0762987012987013,0.2,0.6699999999999999,1.0,0.37,465000,유행,"성능, 배터리",애플,LG 전자기기 862,"LG 전자기기 ??. ?? ??: 성능, 배터리, 휴대성, 업무, 공부, 게임, 콘텐츠.",663000,616000,652000,3.76,2122.0,2,naver_api,Y,Y,0.578,0.578
male,19,850000.0,학생,기혼,진보적,77000.0,저가,식품,CJ,42,3,13,N,5,0.0,0.5539568345323741,0.0,0.9,0.0,0.11688311688311688,0.16666666666666666,0.2,0.6375,1.0,0.57,139000,소장,"가격, 신선도",오뚜기,CJ 식품 863,"CJ 식품 ??. ?? ??: 가격, 신선도, 배송, 생활, 식사, 가족.",77000,66000,68000,,2967.0,3,image_estimate,N,Y,0.499,0.499
female,34,9350000.0,대기업직원,미혼,진보적,101000.0,중저가,건강관리,센트룸,43,2,10,N,3,0.0,0.0506265664160401,0.0,0.6666666666666666,0.0,0.21782178217821782,0.2625,0.0,0.72875,1.0,0.44999999999999996,1995000,휴식,"성분, 후기",종근당,센트룸 건강관리 864,"센트룸 건강관리 ??. ?? ??: 성분, 후기, 안전성, 건강, 부모님, 회복.",101000,80000,79000,4.23,3880.0,0,image_estimate,Y,Y,0.547,0.547
male,50,7440000.0,자영업,기혼,보수적,53000.0,저가,패션,나이키,43,0,14,N,0,0.0,0.07658959537572255,0.0,0.0,0.0,0.16981132075471697,0.15217391304347827,0.2,0.65,1.0,0.09999999999999998,692000,휴식,"희소성, 감성",리바트,나이키 패션 865,"나이키 패션 ??. ?? ??: 디자인, 착용감, 브랜드, 출근, 데이트, 여행.",53000,46000,44000,3.6,3111.0,4,naver_api,Y,Y,0.671,0.671
female,32,8770000.0,전문직,미혼,진보적,686000.0,고가,여행,마이리얼트립,45,3,10,Y,3,0.0,0.4200857317819963,1.0,0.9,1.0,0.03498542274052478,0.23603603603603604,0.2,0.7987500000000001,1.0,0.6,1633000,가족,"가격, 일정",마이리얼트립,마이리얼트립 여행 866,"마이리얼트립 여행 ??. ?? ??: 가격, 일정, 숙소, 휴식, 가족, 기념일.",686000,555000,662000,4.79,3077.0,4,manual,Y,Y,0.245,0.245
female,34,4860000.0,자영업,기혼,보수적,11000.0,초저가,식품,동원,46,5,14,N,4,0.0,0.029649595687331536,0.0,0.9,1.0,0.2727272727272727,0.375,0.2,0.6313422643768718,1.0,0.57,371000,휴식,"가격, 신선도",동원,동원 식품 867,"동원 식품 ??. ?? ??: 가격, 신선도, 배송, 생활, 식사, 가족.",11000,8000,8000,3.52,787.0,4,user_input,Y,Y,0.424,0.424
female,35,5950000.0,자영업,미혼,보수적,50000.0,저가,건강관리,정관장,43,2,22,N,4,0.0,0.04022526146419952,0.0,0.0,0.0,0.18,0.16279069767441862,0.2,0.7437499999999999,1.0,0.44999999999999996,1243000,선물,"희소성, 감성",메가스터디,정관장 건강관리 868,"정관장 건강관리 ??. ?? ??: 성분, 후기, 안전성, 건강, 부모님, 회복.",50000,43000,41000,4.35,3663.0,1,crawler,Y,Y,0.641,0.641
female,56,6190000.0,전문직,기혼,진보적,902000.0,고가,여행,대한항공,43,7,1,Y,4,0.0,0.6736370425690814,1.0,0.0,1.0,0.038802660753880266,0.022675736961451247,0.2,0.6375,1.0,0.6,1339000,휴식,"희소성, 감성",대한항공,대한항공 여행 869,"대한항공 여행 ??. ?? ??: 가격, 일정, 숙소, 휴식, 가족, 기념일.",902000,882000,867000,,1852.0,2,crawler,N,Y,0.397,0.397
female,52,9610000.0,전문직,기혼,보수적,702000.0,고가,패션,ZARA,52,4,20,Y,2,0.0,0.4211157768446311,0.0,0.0,1.0,0.05413105413105413,0.17,0.0,0.67625,1.0,0.09999999999999998,1667000,선물,"희소성, 감성",ZARA,ZARA 패션 870,"ZARA 패션 ??. ?? ??: 디자인, 착용감, 브랜드, 출근, 데이트, 여행.",702000,600000,664000,3.81,2626.0,0,naver_api,Y,Y,0.564,0.564
female,19,720000.0,학생,미혼,진보적,105000.0,중저가,화장품,이니스프리,53,6,17,N,5,0.0,0.9722222222222222,1.0,0.9,0.0,0.24761904761904763,0.26506024096385544,0.0,0.6375,1.0,0.52,108000,피부관리,"성분, 가격",루이비통,이니스프리 화장품 871,"이니스프리 화장품 ??. ?? ??: 성분, 가격, 후기, 피부관리, 선물, 데일리.",105000,83000,79000,,1860.0,0,image_estimate,N,Y,0.311,0.311
male,29,1350000.0,취업준비생,기혼,진보적,3734000.0,초고가,전자기기,LG,44,34,13,Y,24,1.0,3.0,0.0,0.0,0.0,0.3690412426352437,0.36376917457998537,0.2,0.6018749484042959,1.0,0.37,187000,선물,"희소성, 감성",정관장,LG 전자기기 872,"LG 전자기기 ??. ?? ??: 성능, 배터리, 휴대성, 업무, 공부, 게임, 콘텐츠.",3734000,2738000,2356000,,373.0,4,naver_api,N,Y,0.935,0.935
female,28,5420000.0,공무원,미혼,진보적,70000.0,저가,화장품,이니스프리,42,4,16,N,0,0.0,0.09174311926605505,0.0,0.9,1.0,0.38571428571428573,0.34615384615384615,0.2,0.62625,1.0,0.019999999999999976,763000,소장,"성분, 가격",이니스프리,이니스프리 화장품 873,"이니스프리 화장품 ??. ?? ??: 성분, 가격, 후기, 피부관리, 선물, 데일리.",70000,52000,43000,3.41,2702.0,1,naver_api,Y,Y,0.491,0.491
male,48,4160000.0,프리랜서,기혼,보수적,395000.0,중저가,화장품,이니스프리,13,2,12,N,4,0.0,0.5096774193548387,0.0,0.0,1.0,0.17468354430379746,0.16519174041297935,0.2,0.1875,0.75,0.019999999999999976,775000,휴식,"희소성, 감성",이니스프리,이니스프리 화장품 874,"이니스프리 화장품 ??. ?? ??: 성분, 가격, 후기, 피부관리, 선물, 데일리.",395000,339000,326000,,,1,user_input,N,N,0.598,0.598
female,49,1920000.0,주부,기혼,보수적,166000.0,중저가,가구,이케아,55,3,22,N,4,0.0,0.40096618357487923,0.0,0.6666666666666666,1.0,0.35542168674698793,0.371900826446281,0.2,0.6375,1.0,0.37,414000,휴식,"내구성, 크기",이케아,이케아 가구 875,"이케아 가구 ??. ?? ??: 내구성, 크기, 디자인, 이사, 인테리어, 생활.",166000,121000,107000,,2731.0,4,user_input,N,Y,0.536,0.536
male,42,7100000.0,자영업,기혼,진보적,181000.0,중저가,가구,한샘,42,2,22,N,2,0.0,0.141295862607338,1.0,0.6666666666666666,0.0,0.11602209944751381,0.14556962025316456,0.0,0.665,1.0,0.87,1281000,이사,"내구성, 크기",루이비통,한샘 가구 876,"한샘 가구 ??. ?? ??: 내구성, 크기, 디자인, 이사, 인테리어, 생활.",181000,158000,160000,3.72,1134.0,0,naver_api,Y,Y,0.336,0.336
female,29,3130000.0,사무직,미혼,보수적,622000.0,고가,가구,이케아,45,3,16,Y,4,1.0,3.0,0.0,0.6666666666666666,1.0,0.1270096463022508,0.03666666666666667,0.2,0.7847462560056535,1.0,0.37,151000,유행,"내구성, 크기",이케아,이케아 가구 877,"이케아 가구 ??. ?? ??: 내구성, 크기, 디자인, 이사, 인테리어, 생활.",622000,600000,543000,4.76,753.0,4,naver_api,Y,Y,0.685,0.685
male,55,4990000.0,프리랜서,기혼,보수적,6000.0,초저가,식품,동원,49,0,22,N,1,0.0,0.005994005994005994,0.0,0.9,1.0,0.3333333333333333,0.5,0.0,0.6375,1.0,0.57,1001000,가족,"가격, 신선도",동원,동원 식품 878,"동원 식품 ??. ?? ??: 가격, 신선도, 배송, 생활, 식사, 가족.",6000,4000,4000,3.5,3749.0,0,manual,Y,Y,0.46,0.46
male,44,6850000.0,전문직,기혼,보수적,653000.0,고가,패션,아디다스,28,2,17,Y,0,0.12975778546712813,1.1297577854671281,0.0,0.6666666666666666,1.0,0.06891271056661562,0.23674242424242425,0.2,0.5844137608433131,1.0,0.09999999999999998,578000,여행,"디자인, 착용감",아디다스,아디다스 패션 879,"아디다스 패션 ??. ?? ??: 디자인, 착용감, 브랜드, 출근, 데이트, 여행.",653000,528000,608000,3.51,222.0,4,naver_api,Y,Y,0.506,0.506
male,65,3460000.0,은퇴자,미혼,진보적,69000.0,저가,생활용품,다이소,11,5,17,N,2,0.0,0.101620029455081,1.0,0.9,1.0,0.11594202898550725,0.045454545454545456,0.2,0.52,1.0,1.0,679000,청소,"가격, 내구성",다이소,다이소 생활용품 880,"다이소 생활용품 ??. ?? ??: 가격, 내구성, 용량, 생활, 청소, 가정.",69000,66000,61000,4.56,,1,crawler,Y,N,0.221,0.221
male,29,1190000.0,취업준비생,미혼,진보적,113000.0,중저가,패션,COS,13,1,20,N,3,0.591549295774648,1.591549295774648,1.0,0.0,0.0,0.07964601769911504,0.2988505747126437,0.2,0.44125000000000003,1.0,0.6,71000,출근,"희소성, 감성",애플,COS 패션 881,"COS 패션 ??. ?? ??: 디자인, 착용감, 브랜드, 출근, 데이트, 여행.",113000,87000,104000,3.93,,2,manual,Y,N,0.622,0.622
male,35,3860000.0,사무직,기혼,보수적,75000.0,저가,패션,나이키,46,2,0,N,0,0.0,0.32608695652173914,1.0,0.6666666666666666,1.0,0.36,0.36363636363636365,0.0,0.7092676291426618,1.0,0.6,230000,데이트,"디자인, 착용감",나이키,나이키 패션 882,"나이키 패션 ??. ?? ??: 디자인, 착용감, 브랜드, 출근, 데이트, 여행.",75000,55000,48000,4.38,347.0,0,user_input,Y,Y,0.339,0.339
male,42,5750000.0,공무원,기혼,진보적,1991000.0,고가,건강관리,센트룸,9,4,15,Y,5,0.7745098039215685,1.7745098039215685,1.0,0.0,1.0,0.006027122049221497,0.21848225214198286,0.2,0.52,1.0,0.95,1122000,건강,"희소성, 감성",센트룸,센트룸 건강관리 883,"센트룸 건강관리 ??. ?? ??: 성분, 후기, 안전성, 건강, 부모님, 회복.",1991000,1634000,1979000,4.56,,1,image_estimate,Y,N,0.556,0.556
male,56,2620000.0,주부,기혼,보수적,1078000.0,고가,패션,나이키,16,5,0,Y,7,1.0,3.0,0.0,0.0,0.0,0.08812615955473098,0.07584830339321358,0.0,0.405,1.0,0.09999999999999998,259000,유행,"희소성, 감성",소니,나이키 패션 884,"나이키 패션 ??. ?? ??: 디자인, 착용감, 브랜드, 출근, 데이트, 여행.",1078000,1002000,983000,3.64,,0,manual,Y,N,0.864,0.864
male,40,4160000.0,공무원,기혼,보수적,334000.0,중저가,건강관리,종근당,43,1,17,N,3,0.0,0.912568306010929,0.0,0.6666666666666666,0.0,0.32335329341317365,0.2556390977443609,0.2,0.6375,1.0,0.44999999999999996,366000,회복,"성분, 후기",유한킴벌리,종근당 건강관리 885,"종근당 건강관리 ??. ?? ??: 성분, 후기, 안전성, 건강, 부모님, 회복.",334000,266000,226000,,2235.0,1,user_input,N,Y,0.566,0.566
female,25,5850000.0,공무원,미혼,진보적,955000.0,고가,여행,하나투어,44,7,16,Y,5,0.38005780346820806,1.380057803468208,0.0,0.9,0.0,0.13403141361256546,0.08031674208144797,0.2,0.7844536488414022,1.0,0.09999999999999998,692000,기념일,"가격, 일정",리바트,하나투어 여행 886,"하나투어 여행 ??. ?? ??: 가격, 일정, 숙소, 휴식, 가족, 기념일.",955000,884000,827000,4.68,985.0,4,image_estimate,Y,Y,0.62,0.62
male,28,870000.0,학생,미혼,보수적,14000.0,초저가,식품,오뚜기,43,1,2,N,4,0.0,0.15555555555555556,0.0,0.0,1.0,0.2857142857142857,0.2727272727272727,0.0,0.65375,1.0,0.57,90000,가족,"희소성, 감성",오뚜기,오뚜기 식품 887,"오뚜기 식품 ??. ?? ??: 가격, 신선도, 배송, 생활, 식사, 가족.",14000,11000,10000,3.63,1048.0,0,naver_api,Y,Y,0.589,0.589
male,48,5250000.0,사무직,기혼,보수적,2645000.0,초고가,여행,하나투어,41,11,1,Y,4,1.0,2.328345070422535,0.0,0.9,1.0,0.03251417769376182,0.2679769894534995,0.2,0.77125,1.0,0.09999999999999998,1136000,기념일,"가격, 일정",하나투어,하나투어 여행 888,"하나투어 여행 ??. ?? ??: 가격, 일정, 숙소, 휴식, 가족, 기념일.",2645000,2086000,2559000,4.57,1703.0,3,user_input,Y,Y,0.685,0.685
male,45,4130000.0,프리랜서,기혼,진보적,558000.0,고가,패션,ZARA,47,3,21,Y,1,0.0,0.9378151260504202,0.0,0.0,0.0,0.15412186379928317,0.2798165137614679,0.2,0.65375,1.0,0.09999999999999998,595000,선물,"희소성, 감성",레노버,ZARA 패션 889,"ZARA 패션 ??. ?? ??: 디자인, 착용감, 브랜드, 출근, 데이트, 여행.",558000,436000,472000,3.63,3892.0,2,user_input,Y,Y,0.694,0.694
male,38,5080000.0,프리랜서,기혼,진보적,1915000.0,고가,전자기기,LG,40,7,14,Y,4,1.0,3.0,0.0,0.9375,1.0,0.32323759791122714,0.05567805953693495,0.2,0.6625000000000001,1.0,0.37,292000,유행,"성능, 배터리",LG,LG 전자기기 890,"LG 전자기기 ??. ?? ??: 성능, 배터리, 휴대성, 업무, 공부, 게임, 콘텐츠.",1915000,1814000,1296000,3.7,2864.0,4,naver_api,Y,Y,0.643,0.643
female,60,6420000.0,자영업,기혼,진보적,347000.0,중저가,전자기기,소니,27,1,9,N,5,0.0,0.5388198757763976,1.0,0.0,0.0,0.09798270893371758,0.02359882005899705,0.2,0.5178334081312728,1.0,0.87,644000,공부,"희소성, 감성",정관장,소니 전자기기 891,"소니 전자기기 ??. ?? ??: 성능, 배터리, 휴대성, 업무, 공부, 게임, 콘텐츠.",347000,339000,313000,3.26,83.0,3,manual,Y,Y,0.478,0.478
male,21,720000.0,학생,미혼,보수적,482000.0,중저가,여행,마이리얼트립,54,8,11,Y,10,1.0,3.0,0.0,0.9,0.0,0.24273858921161826,0.08314606741573034,0.2,0.63375,1.0,0.09999999999999998,24000,유행,"가격, 일정",소니,마이리얼트립 여행 892,"마이리얼트립 여행 ??. ?? ??: 가격, 일정, 숙소, 휴식, 가족, 기념일.",482000,445000,365000,3.47,3161.0,1,manual,Y,Y,0.759,0.759
female,47,10610000.0,전문직,기혼,보수적,16000.0,초저가,식품,CJ,12,0,9,N,0,0.0,0.009195402298850575,1.0,0.9,0.0,0.3125,0.23076923076923078,0.2,0.41625,1.0,1.0,1740000,식사,"가격, 신선도",동원,CJ 식품 893,"CJ 식품 ??. ?? ??: 가격, 신선도, 배송, 생활, 식사, 가족.",16000,13000,11000,3.73,,2,manual,Y,N,0.34,0.34
male,33,840000.0,취업준비생,미혼,진보적,125000.0,중저가,전자기기,LG,44,5,21,N,4,0.0,0.8561643835616438,0.0,0.9375,0.0,0.264,0.08695652173913043,0.2,0.625,1.0,0.37,146000,소장,"성능, 배터리",정관장,LG 전자기기 894,"LG 전자기기 ??. ?? ??: 성능, 배터리, 휴대성, 업무, 공부, 게임, 콘텐츠.",125000,115000,92000,3.4,3745.0,1,crawler,Y,Y,0.518,0.518
female,51,7510000.0,대기업직원,미혼,보수적,1178000.0,고가,교육,클래스101,41,7,22,Y,4,0.13926499032882012,1.1392649903288201,0.0,0.9,0.0,0.0,0.15151515151515152,0.2,0.6363616361116196,1.0,0.57,1034000,휴식,"강의품질, 가격",동원,클래스101 교육 895,"클래스101 교육 ??. ?? ??: 강의품질, 가격, 커리큘럼, 공부, 취업, 자기계발.",1178000,1023000,1248000,,969.0,1,user_input,N,Y,0.494,0.494
male,57,5380000.0,대기업직원,기혼,진보적,56000.0,저가,생활용품,3M,15,3,13,N,2,0.0,0.14213197969543148,1.0,0.9,1.0,0.26785714285714285,0.07692307692307693,0.2,0.41250000000000003,1.0,1.0,394000,생활,"가격, 내구성",3M,3M 생활용품 896,"3M 생활용품 ??. ?? ??: 가격, 내구성, 용량, 생활, 청소, 가정.",56000,52000,41000,3.7,,1,user_input,Y,N,0.252,0.252
male,65,4260000.0,자영업,미혼,보수적,420000.0,중저가,여행,대한항공,37,7,15,N,2,0.2844036697247707,1.2844036697247707,0.0,0.0,1.0,0.0,0.3504823151125402,0.2,0.7413714180254243,1.0,0.09999999999999998,327000,유행,"희소성, 감성",대한항공,대한항공 여행 897,"대한항공 여행 ??. ?? ??: 가격, 일정, 숙소, 휴식, 가족, 기념일.",420000,311000,438000,4.43,710.0,2,image_estimate,Y,Y,0.659,0.659
male,57,4240000.0,공무원,기혼,진보적,897000.0,고가,명품,프라다,51,7,17,Y,6,0.08595641646489094,1.085956416464891,1.0,0.6666666666666666,0.0,0.08807134894091416,0.10061349693251534,0.2,0.66875,1.0,0.52,826000,선물,"브랜드, 희소성",이니스프리,프라다 명품 898,"프라다 명품 ??. ?? ??: 브랜드, 희소성, 디자인, 선물, 보상, 소장.",897000,815000,818000,3.75,1878.0,4,image_estimate,Y,Y,0.415,0.415
female,44,5090000.0,프리랜서,기혼,보수적,134000.0,중저가,건강관리,센트룸,38,5,11,N,0,0.0,0.1228230980751604,0.0,0.6666666666666666,0.0,0.03731343283582089,0.3673469387755102,0.2,0.6051408176480346,1.0,0.44999999999999996,1091000,유행,"성분, 후기",라네즈,센트룸 건강관리 899,"센트룸 건강관리 ??. ?? ??: 성분, 후기, 안전성, 건강, 부모님, 회복.",134000,98000,129000,3.52,381.0,1,manual,Y,Y,0.562,0.562
male,58,3920000.0,공무원,미혼,진보적,2775000.0,초고가,명품,프라다,9,14,2,Y,10,1.0,3.0,0.0,0.3333333333333333,1.0,0.267027027027027,0.23333333333333334,0.2,0.53,1.0,0.019999999999999976,465000,소장,"희소성, 감성",프라다,프라다 명품 900,"프라다 명품 ??. ?? ??: 브랜드, 희소성, 디자인, 선물, 보상, 소장.",2775000,2250000,2034000,4.64,,4,manual,Y,N,0.808,0.808
female,55,3300000.0,사무직,기혼,진보적,261000.0,중저가,건강관리,정관장,15,3,17,N,4,0.11538461538461542,1.1153846153846154,0.0,0.0,0.0,0.19540229885057472,0.11063829787234042,0.0,0.5487500000000001,1.0,0.44999999999999996,234000,소장,"희소성, 감성",리바트,정관장 건강관리 901,"정관장 건강관리 ??. ?? ??: 성분, 후기, 안전성, 건강, 부모님, 회복.",261000,235000,210000,4.79,,0,image_estimate,Y,N,0.67,0.67
female,52,9990000.0,전문직,기혼,진보적,1507000.0,고가,여행,대한항공,12,3,10,Y,1,1.0,3.0,0.0,0.0,0.0,0.35235567352355673,0.1313813813813814,0.0,0.45249999999999996,1.0,0.09999999999999998,308000,선물,"희소성, 감성",소니,대한항공 여행 902,"대한항공 여행 ??. ?? ??: 가격, 일정, 숙소, 휴식, 가족, 기념일.",1507000,1332000,976000,4.02,,0,image_estimate,Y,N,0.936,0.936
male,45,2770000.0,주부,기혼,보수적,501000.0,고가,전자기기,삼성,45,5,11,Y,4,1.0,3.0,0.0,0.0,1.0,0.13972055888223553,0.1258426966292135,0.2,0.7052077546895061,1.0,0.37,165000,콘텐츠,"희소성, 감성",삼성,삼성 전자기기 903,"삼성 전자기기 ??. ?? ??: 성능, 배터리, 휴대성, 업무, 공부, 게임, 콘텐츠.",501000,445000,431000,4.37,321.0,3,crawler,Y,Y,0.774,0.774
male,43,3290000.0,사무직,기혼,보수적,85000.0,저가,생활용품,3M,43,4,1,N,4,0.0,0.36796536796536794,1.0,0.0,1.0,0.0,0.1038961038961039,0.2,0.7887500000000001,1.0,1.0,231000,청소,"희소성, 감성",3M,3M 생활용품 904,"3M 생활용품 ??. ?? ??: 가격, 내구성, 용량, 생활, 청소, 가정.",85000,77000,89000,4.71,2671.0,4,user_input,Y,Y,0.343,0.343
male,21,560000.0,학생,기혼,보수적,44000.0,저가,식품,CJ,7,3,18,N,4,0.0,0.4943820224719101,1.0,0.9,0.0,0.0,0.1891891891891892,0.2,0.49000000000000005,1.0,1.0,89000,생활,"가격, 신선도",하나투어,CJ 식품 905,"CJ 식품 ??. ?? ??: 가격, 신선도, 배송, 생활, 식사, 가족.",44000,37000,47000,4.32,,4,crawler,Y,N,0.3,0.3
female,21,740000.0,학생,미혼,보수적,329000.0,중저가,여행,마이리얼트립,4,11,11,Y,4,1.0,2.069182389937107,0.0,0.9,0.0,0.20972644376899696,0.07166123778501629,0.2,0.48500000000000004,1.0,0.09999999999999998,159000,소장,"가격, 일정",라네즈,마이리얼트립 여행 906,"마이리얼트립 여행 ??. ?? ??: 가격, 일정, 숙소, 휴식, 가족, 기념일.",329000,307000,260000,4.28,,2,image_estimate,Y,N,0.782,0.782
female,71,2710000.0,은퇴자,기혼,보수적,568000.0,고가,화장품,설화수,53,8,10,Y,2,1.0,3.0,0.0,0.9,1.0,0.2975352112676056,0.26222222222222225,0.2,0.6375,1.0,0.019999999999999976,87000,휴식,"성분, 가격",설화수,설화수 화장품 907,"설화수 화장품 ??. ?? ??: 성분, 가격, 후기, 피부관리, 선물, 데일리.",568000,450000,399000,,2571.0,1,manual,N,Y,0.675,0.675
male,43,3900000.0,공무원,미혼,진보적,13000.0,초저가,식품,오뚜기,53,1,16,N,4,0.0,0.021996615905245348,0.0,0.0,1.0,0.15384615384615385,0.3,0.2,0.6375,1.0,0.57,591000,휴식,"희소성, 감성",오뚜기,오뚜기 식품 908,"오뚜기 식품 ??. ?? ??: 가격, 신선도, 배송, 생활, 식사, 가족.",13000,10000,11000,,1682.0,2,manual,N,Y,0.572,0.572
female,67,3570000.0,은퇴자,미혼,보수적,388000.0,중저가,명품,샤넬,45,2,20,N,1,0.0,0.6953405017921147,1.0,0.6666666666666666,1.0,0.0,0.22012578616352202,0.2,0.7575000000000001,1.0,0.52,558000,선물,"브랜드, 희소성",샤넬,샤넬 명품 909,"샤넬 명품 ??. ?? ??: 브랜드, 희소성, 디자인, 선물, 보상, 소장.",388000,318000,416000,4.46,2544.0,3,naver_api,Y,Y,0.302,0.302
female,24,1150000.0,취업준비생,미혼,보수적,1048000.0,고가,건강관리,정관장,12,15,9,Y,10,1.0,3.0,0.0,0.6666666666666666,1.0,0.03435114503816794,0.311639549436796,0.2,0.5162500000000001,1.0,0.44999999999999996,149000,소장,"성분, 후기",정관장,정관장 건강관리 910,"정관장 건강관리 ??. ?? ??: 성분, 후기, 안전성, 건강, 부모님, 회복.",1048000,799000,1012000,4.53,,1,naver_api,Y,N,0.683,0.683
male,33,940000.0,취업준비생,미혼,보수적,16000.0,초저가,화장품,이니스프리,11,0,17,N,0,0.0,0.12403100775193798,1.0,0.0,0.0,0.375,0.23076923076923078,0.2,0.5549999999999999,1.0,0.52,129000,피부관리,"희소성, 감성",라네즈,이니스프리 화장품 911,"이니스프리 화장품 ??. ?? ??: 성분, 가격, 후기, 피부관리, 선물, 데일리.",16000,13000,10000,4.84,,2,image_estimate,Y,N,0.488,0.488
male,37,3850000.0,공무원,기혼,보수적,2732000.0,초고가,여행,대한항공,48,10,21,Y,9,1.0,3.0,1.0,0.0,1.0,0.3092972181551977,0.30095238095238097,0.0,0.60625,1.0,0.6,542000,가족,"희소성, 감성",대한항공,대한항공 여행 912,"대한항공 여행 ??. ?? ??: 가격, 일정, 숙소, 휴식, 가족, 기념일.",2732000,2100000,1887000,3.25,1271.0,0,manual,Y,Y,0.645,0.645
male,22,1010000.0,취업준비생,미혼,보수적,407000.0,중저가,건강관리,종근당,49,9,12,Y,4,1.0,3.0,0.0,0.6666666666666666,0.0,0.24815724815724816,0.09115281501340483,0.2,0.7962499999999999,1.0,0.44999999999999996,120000,회복,"성분, 후기",LG,종근당 건강관리 913,"종근당 건강관리 ??. ?? ??: 성분, 후기, 안전성, 건강, 부모님, 회복.",407000,373000,306000,4.77,2961.0,2,manual,Y,Y,0.744,0.744
male,25,770000.0,취업준비생,미혼,보수적,28000.0,초저가,생활용품,3M,43,3,20,N,3,0.0,0.21212121212121213,0.0,0.9,1.0,0.17857142857142858,0.12,0.2,0.6775,1.0,0.57,132000,유행,"가격, 내구성",3M,3M 생활용품 914,"3M 생활용품 ??. ?? ??: 가격, 내구성, 용량, 생활, 청소, 가정.",28000,25000,23000,3.82,2508.0,4,crawler,Y,Y,0.419,0.419
male,31,5240000.0,대기업직원,기혼,보수적,3710000.0,초고가,가구,리바트,42,13,20,Y,9,1.0,3.0,0.0,0.6666666666666666,1.0,0.1948787061994609,0.26319373510384747,0.2,0.6786444794257173,1.0,0.37,910000,생활,"내구성, 크기",리바트,리바트 가구 915,"리바트 가구 ??. ?? ??: 내구성, 크기, 디자인, 이사, 인테리어, 생활.",3710000,2937000,2987000,3.96,636.0,2,image_estimate,Y,Y,0.72,0.72
male,30,4130000.0,사무직,기혼,보수적,99000.0,저가,패션,COS,49,4,20,N,3,0.0,0.1644518272425249,0.0,0.0,0.0,0.0,0.3561643835616438,0.2,0.7975000000000001,1.0,0.09999999999999998,602000,휴식,"희소성, 감성",리바트,COS 패션 916,"COS 패션 ??. ?? ??: 디자인, 착용감, 브랜드, 출근, 데이트, 여행.",99000,73000,107000,4.78,1779.0,2,user_input,Y,Y,0.669,0.669
male,58,2480000.0,은퇴자,기혼,진보적,794000.0,고가,명품,프라다,44,6,18,Y,3,1.0,3.0,1.0,0.3333333333333333,0.0,0.24181360201511334,0.08469945355191257,0.0,0.7183914525060076,1.0,0.52,236000,선물,"희소성, 감성",애플,프라다 명품 917,"프라다 명품 ??. ?? ??: 브랜드, 희소성, 디자인, 선물, 보상, 소장.",794000,732000,602000,4.48,316.0,0,naver_api,Y,Y,0.658,0.658
male,39,6140000.0,공무원,미혼,진보적,3018000.0,초고가,전자기기,소니,53,11,21,Y,4,1.0,3.0,0.0,0.9375,0.0,0.0712392312789927,0.10428100987925357,0.2,0.61625,1.0,0.37,423000,선물,"성능, 배터리",삼성,소니 전자기기 918,"소니 전자기기 ??. ?? ??: 성능, 배터리, 휴대성, 업무, 공부, 게임, 콘텐츠.",3018000,2733000,2803000,3.33,2514.0,3,naver_api,Y,Y,0.711,0.711
female,46,4110000.0,자영업,미혼,진보적,75000.0,저가,생활용품,다이소,28,4,12,N,0,0.0,0.1266891891891892,0.0,0.0,0.0,0.013333333333333334,0.3157894736842105,0.2,0.49307132941081444,1.0,0.57,592000,휴식,"희소성, 감성",유한킴벌리,다이소 생활용품 919,"다이소 생활용품 ??. ?? ??: 가격, 내구성, 용량, 생활, 청소, 가정.",75000,57000,74000,3.23,46.0,2,image_estimate,Y,Y,0.654,0.654
male,61,2970000.0,은퇴자,기혼,보수적,224000.0,중저가,교육,메가스터디,39,3,3,N,4,0.0,0.42994241842610365,0.0,0.9,1.0,0.375,0.30994152046783624,0.2,0.6403011085988433,1.0,0.57,521000,유행,"강의품질, 가격",메가스터디,메가스터디 교육 920,"메가스터디 교육 ??. ?? ??: 강의품질, 가격, 커리큘럼, 공부, 취업, 자기계발.",224000,171000,140000,3.55,909.0,4,image_estimate,Y,Y,0.456,0.456
male,51,7380000.0,자영업,기혼,보수적,2327000.0,초고가,가구,한샘,43,8,12,Y,3,1.0,3.0,1.0,0.6666666666666666,0.0,0.013321873657069187,0.07681628875520592,0.2,0.665,1.0,0.87,691000,인테리어,"내구성, 크기",마이리얼트립,한샘 가구 921,"한샘 가구 ??. ?? ??: 내구성, 크기, 디자인, 이사, 인테리어, 생활.",2327000,2161000,2296000,3.72,2768.0,4,crawler,Y,Y,0.555,0.555
male,56,7230000.0,대기업직원,기혼,진보적,1050000.0,고가,교육,패스트캠퍼스,43,2,9,Y,2,0.0,0.9915014164305949,1.0,0.9,0.0,0.2257142857142857,0.2529832935560859,0.2,0.6375,1.0,1.0,1059000,취업,"강의품질, 가격",메가스터디,패스트캠퍼스 교육 922,"패스트캠퍼스 교육 ??. ?? ??: 강의품질, 가격, 커리큘럼, 공부, 취업, 자기계발.",1050000,838000,813000,,3204.0,1,image_estimate,N,Y,0.324,0.324
male,40,4930000.0,프리랜서,미혼,진보적,422000.0,중저가,명품,프라다,45,4,12,N,0,0.0,0.6542635658914728,1.0,0.3333333333333333,0.0,0.037914691943127965,0.04975124378109453,0.2,0.68625,1.0,0.52,645000,선물,"희소성, 감성",클래스101,프라다 명품 923,"프라다 명품 ??. ?? ??: 브랜드, 희소성, 디자인, 선물, 보상, 소장.",422000,402000,406000,3.89,2840.0,2,crawler,Y,Y,0.441,0.441
female,31,5470000.0,사무직,미혼,보수적,1090000.0,고가,명품,프라다,13,6,10,Y,6,0.0,0.9284497444633731,1.0,0.6666666666666666,0.0,0.24954128440366974,0.03908484270734033,0.2,0.5625,1.0,0.52,1174000,선물,"브랜드, 희소성",대한항공,프라다 명품 924,"프라다 명품 ??. ?? ??: 브랜드, 희소성, 디자인, 선물, 보상, 소장.",1090000,1049000,818000,4.9,,3,image_estimate,Y,N,0.393,0.393
female,50,3190000.0,프리랜서,기혼,진보적,519000.0,고가,건강관리,센트룸,11,6,13,Y,4,0.14317180616740077,1.1431718061674008,0.0,0.6666666666666666,1.0,0.32947976878612717,0.06790123456790123,0.2,0.4875,1.0,0.44999999999999996,454000,회복,"성분, 후기",센트룸,센트룸 건강관리 925,"센트룸 건강관리 ??. ?? ??: 성분, 후기, 안전성, 건강, 부모님, 회복.",519000,486000,348000,4.3,,1,crawler,Y,N,0.529,0.529
male,33,940000.0,취업준비생,미혼,보수적,2317000.0,초고가,건강관리,센트룸,37,32,15,Y,21,1.0,3.0,1.0,0.0,0.0,0.37462235649546827,0.37670825906120026,0.2,0.5682400373043988,1.0,0.95,189000,부모님,"희소성, 감성",마이리얼트립,센트룸 건강관리 926,"센트룸 건강관리 ??. ?? ??: 성분, 후기, 안전성, 건강, 부모님, 회복.",2317000,1683000,1449000,3.56,119.0,1,image_estimate,Y,Y,0.705,0.705
female,52,9380000.0,대기업직원,기혼,보수적,746000.0,고가,가구,리바트,42,3,22,Y,5,0.0,0.47215189873417723,1.0,0.0,0.0,0.036193029490616625,0.14241960183767227,0.2,0.60875,1.0,0.87,1580000,이사,"희소성, 감성",유한킴벌리,리바트 가구 927,"리바트 가구 ??. ?? ??: 내구성, 크기, 디자인, 이사, 인테리어, 생활.",746000,653000,719000,3.27,1917.0,1,naver_api,Y,Y,0.433,0.433
female,30,1350000.0,취업준비생,기혼,진보적,74000.0,저가,식품,CJ,46,1,12,N,3,0.08823529411764697,1.088235294117647,1.0,0.9,0.0,0.17567567567567569,0.32142857142857145,0.0,0.69625,1.0,1.0,68000,식사,"가격, 신선도",클래스101,CJ 식품 928,"CJ 식품 ??. ?? ??: 가격, 신선도, 배송, 생활, 식사, 가족.",74000,56000,61000,3.97,1923.0,0,image_estimate,Y,Y,0.315,0.315
female,46,6030000.0,자영업,기혼,보수적,18000.0,초저가,생활용품,다이소,39,4,22,N,2,0.0,0.018108651911468814,0.0,0.9,0.0,0.0,0.2857142857142857,0.2,0.6375,1.0,0.57,994000,가정,"가격, 내구성",라네즈,다이소 생활용품 929,"다이소 생활용품 ??. ?? ??: 가격, 내구성, 용량, 생활, 청소, 가정.",18000,14000,18000,,1126.0,1,user_input,N,Y,0.504,0.504
male,21,840000.0,학생,미혼,진보적,57000.0,저가,패션,나이키,56,1,16,N,2,0.0,0.504424778761062,1.0,0.0,0.0,0.07017543859649122,0.35714285714285715,0.2,0.665,1.0,0.6,113000,데이트,"희소성, 감성",다이소,나이키 패션 930,"나이키 패션 ??. ?? ??: 디자인, 착용감, 브랜드, 출근, 데이트, 여행.",57000,42000,53000,3.72,3263.0,4,image_estimate,Y,Y,0.468,0.468
male,31,5280000.0,대기업직원,미혼,진보적,803000.0,고가,전자기기,LG,54,2,14,Y,5,1.0,2.2430167597765363,1.0,0.9375,0.0,0.053549190535491904,0.2746031746031746,0.2,0.77,1.0,0.87,358000,게임,"성능, 배터리",레노버,LG 전자기기 931,"LG 전자기기 ??. ?? ??: 성능, 배터리, 휴대성, 업무, 공부, 게임, 콘텐츠.",803000,630000,760000,4.56,3964.0,3,user_input,Y,Y,0.524,0.524
female,46,6090000.0,자영업,기혼,보수적,75000.0,저가,건강관리,센트룸,45,0,12,N,2,0.0,0.16304347826086957,1.0,0.6666666666666666,1.0,0.16,0.2711864406779661,0.2,0.61625,1.0,0.95,460000,부모님,"성분, 후기",센트룸,센트룸 건강관리 932,"센트룸 건강관리 ??. ?? ??: 성분, 후기, 안전성, 건강, 부모님, 회복.",75000,59000,63000,3.33,3677.0,1,manual,Y,Y,0.289,0.289
female,44,2750000.0,주부,기혼,진보적,11000.0,초저가,생활용품,유한킴벌리,10,2,20,N,3,0.0,0.03038674033149171,0.0,0.0,0.0,0.0,0.1,0.2,0.47125,1.0,0.57,362000,가정,"희소성, 감성",아디다스,유한킴벌리 생활용품 933,"유한킴벌리 생활용품 ??. ?? ??: 가격, 내구성, 용량, 생활, 청소, 가정.",11000,10000,11000,4.17,,3,naver_api,Y,N,0.637,0.637
female,25,4930000.0,사무직,미혼,보수적,918000.0,고가,교육,클래스101,16,4,11,Y,1,1.0,3.0,0.0,0.9,0.0,0.020697167755991286,0.2697095435684647,0.2,0.36125,1.0,0.57,282000,휴식,"강의품질, 가격",아디다스,클래스101 교육 934,"클래스101 교육 ??. ?? ??: 강의품질, 가격, 커리큘럼, 공부, 취업, 자기계발.",918000,723000,899000,3.29,,4,image_estimate,Y,N,0.748,0.748
female,43,4370000.0,사무직,기혼,보수적,42000.0,저가,화장품,설화수,40,1,1,N,2,0.0,0.21105527638190955,0.0,0.0,1.0,0.16666666666666666,0.3125,0.2,0.68625,1.0,0.019999999999999976,199000,소장,"희소성, 감성",설화수,설화수 화장품 935,"설화수 화장품 ??. ?? ??: 성분, 가격, 후기, 피부관리, 선물, 데일리.",42000,32000,35000,3.89,1686.0,4,image_estimate,Y,Y,0.621,0.621
female,48,4120000.0,프리랜서,미혼,보수적,36000.0,저가,식품,CJ,38,0,17,N,1,0.0,0.07692307692307693,0.0,0.0,1.0,0.2222222222222222,0.058823529411764705,0.2,0.74125,1.0,0.57,468000,유행,"희소성, 감성",CJ,CJ 식품 936,"CJ 식품 ??. ?? ??: 가격, 신선도, 배송, 생활, 식사, 가족.",36000,34000,28000,4.33,1087.0,3,manual,Y,Y,0.551,0.551
female,61,2060000.0,은퇴자,미혼,보수적,5000.0,초저가,식품,오뚜기,50,2,11,N,0,0.0,0.027932960893854747,1.0,0.0,0.0,0.2,0.25,0.2,0.6625000000000001,1.0,1.0,179000,생활,"희소성, 감성",ZARA,오뚜기 식품 937,"오뚜기 식품 ??. ?? ??: 가격, 신선도, 배송, 생활, 식사, 가족.",5000,4000,4000,3.7,2567.0,3,user_input,Y,Y,0.46,0.46
female,46,10180000.0,전문직,기혼,진보적,1394000.0,고가,여행,하나투어,25,3,13,Y,5,1.0,2.3993115318416525,0.0,0.0,0.0,0.027259684361549498,0.08313908313908314,0.2,0.5860403375422774,1.0,0.09999999999999998,581000,소장,"희소성, 감성",LG,하나투어 여행 938,"하나투어 여행 ??. ?? ??: 가격, 일정, 숙소, 휴식, 가족, 기념일.",1394000,1287000,1356000,3.7,120.0,1,user_input,Y,Y,0.859,0.859
female,53,5550000.0,대기업직원,미혼,보수적,1193000.0,고가,건강관리,정관장,5,5,22,Y,3,0.7390670553935861,1.739067055393586,1.0,0.6666666666666666,1.0,0.14417435037720033,0.048330404217926184,0.2,0.1875,0.75,0.95,686000,건강,"성분, 후기",정관장,정관장 건강관리 939,"정관장 건강관리 ??. ?? ??: 성분, 후기, 안전성, 건강, 부모님, 회복.",1193000,1138000,1021000,,,3,user_input,N,N,0.459,0.459
male,26,860000.0,취업준비생,미혼,진보적,634000.0,고가,교육,클래스101,29,9,16,Y,8,1.0,3.0,0.0,0.9,0.0,0.07728706624605679,0.2808080808080808,0.0,0.5743927954060137,1.0,0.57,151000,소장,"강의품질, 가격",LG,클래스101 교육 940,"클래스101 교육 ??. ?? ??: 강의품질, 가격, 커리큘럼, 공부, 취업, 자기계발.",634000,495000,585000,,174.0,0,crawler,N,Y,0.705,0.705
male,52,7340000.0,전문직,미혼,보수적,40000.0,저가,생활용품,유한킴벌리,54,3,14,N,4,0.0,0.13745704467353953,0.0,0.0,1.0,0.125,0.3333333333333333,0.2,0.7437499999999999,1.0,0.57,291000,소장,"희소성, 감성",유한킴벌리,유한킴벌리 생활용품 941,"유한킴벌리 생활용품 ??. ?? ??: 가격, 내구성, 용량, 생활, 청소, 가정.",40000,30000,35000,4.35,2999.0,3,image_estimate,Y,Y,0.564,0.564
male,53,1930000.0,주부,기혼,진보적,2739000.0,초고가,여행,대한항공,11,18,9,Y,13,1.0,3.0,0.0,0.9,0.0,0.051843738590726544,0.36133200795228626,0.2,0.1875,0.75,0.09999999999999998,202000,기념일,"가격, 일정",CJ,대한항공 여행 942,"대한항공 여행 ??. ?? ??: 가격, 일정, 숙소, 휴식, 가족, 기념일.",2739000,2012000,2597000,,,1,naver_api,N,N,0.781,0.781
female,28,4610000.0,사무직,미혼,보수적,454000.0,중저가,가구,한샘,46,1,20,N,5,1.0,2.0088495575221237,1.0,0.6666666666666666,1.0,0.34140969162995594,0.027149321266968326,0.2,0.65375,1.0,0.87,226000,이사,"내구성, 크기",한샘,한샘 가구 943,"한샘 가구 ??. ?? ??: 내구성, 크기, 디자인, 이사, 인테리어, 생활.",454000,442000,299000,3.63,2973.0,4,crawler,Y,Y,0.513,0.513
female,67,2210000.0,은퇴자,기혼,진보적,109000.0,중저가,화장품,라네즈,47,4,17,N,2,0.19780219780219777,1.1978021978021978,1.0,0.0,1.0,0.11926605504587157,0.14736842105263157,0.2,0.6375,1.0,0.52,91000,선물,"희소성, 감성",라네즈,라네즈 화장품 944,"라네즈 화장품 ??. ?? ??: 성분, 가격, 후기, 피부관리, 선물, 데일리.",109000,95000,96000,,3179.0,4,crawler,N,Y,0.401,0.401
male,52,4110000.0,사무직,기혼,진보적,130000.0,중저가,화장품,라네즈,52,2,0,N,3,0.0,0.3194103194103194,0.0,0.0,0.0,0.2153846153846154,0.13043478260869565,0.2,0.80125,1.0,0.019999999999999976,407000,휴식,"희소성, 감성",유한킴벌리,라네즈 화장품 945,"라네즈 화장품 ??. ?? ??: 성분, 가격, 후기, 피부관리, 선물, 데일리.",130000,115000,102000,4.81,2374.0,1,image_estimate,Y,Y,0.665,0.665
female,33,7570000.0,대기업직원,기혼,보수적,2444000.0,초고가,건강관리,센트룸,10,6,14,Y,6,0.49754901960784315,1.4975490196078431,1.0,0.6666666666666666,0.0,0.0,0.16714422158548234,0.2,0.46,1.0,0.95,1632000,부모님,"성분, 후기",ZARA,센트룸 건강관리 946,"센트룸 건강관리 ??. ?? ??: 성분, 후기, 안전성, 건강, 부모님, 회복.",2444000,2094000,2623000,4.08,,4,user_input,Y,N,0.427,0.427
female,55,4160000.0,자영업,기혼,보수적,12000.0,초저가,생활용품,유한킴벌리,7,1,19,N,1,0.0,0.032432432432432434,1.0,0.9,0.0,0.3333333333333333,0.2,0.2,0.39875,1.0,1.0,370000,생활,"가격, 내구성",이니스프리,유한킴벌리 생활용품 947,"유한킴벌리 생활용품 ??. ?? ??: 가격, 내구성, 용량, 생활, 청소, 가정.",12000,10000,8000,3.59,,4,user_input,Y,N,0.349,0.349
female,33,2930000.0,주부,기혼,보수적,7434000.0,초고가,전자기기,소니,38,32,12,Y,21,1.0,3.0,0.0,0.9375,0.0,0.0,0.21252650464850759,0.2,0.696067888666191,1.0,0.37,576000,선물,"성능, 배터리",아디다스,소니 전자기기 948,"소니 전자기기 ??. ?? ??: 성능, 배터리, 휴대성, 업무, 공부, 게임, 콘텐츠.",7434000,6131000,7798000,4.7,79.0,4,manual,Y,Y,0.711,0.711
female,44,4830000.0,공무원,기혼,진보적,325000.0,중저가,화장품,라네즈,9,5,12,N,3,0.045016077170418,1.045016077170418,0.0,0.0,0.0,0.13538461538461538,0.37130801687763715,0.0,0.5575000000000001,1.0,0.019999999999999976,311000,소장,"희소성, 감성",센트룸,라네즈 화장품 949,"라네즈 화장품 ??. ?? ??: 성분, 가격, 후기, 피부관리, 선물, 데일리.",325000,237000,281000,4.86,,0,user_input,Y,N,0.668,0.668
female,27,3190000.0,사무직,미혼,보수적,12000.0,초저가,식품,오뚜기,43,1,18,N,3,0.0,0.020066889632107024,0.0,0.9,0.0,0.08333333333333333,0.3333333333333333,0.0,0.6375,1.0,0.57,598000,휴식,"가격, 신선도",하나투어,오뚜기 식품 950,"오뚜기 식품 ??. ?? ??: 가격, 신선도, 배송, 생활, 식사, 가족.",12000,9000,11000,,3789.0,0,manual,N,Y,0.495,0.495
male,35,5680000.0,프리랜서,기혼,보수적,543000.0,고가,여행,마이리얼트립,41,2,16,Y,2,0.6811145510835914,1.6811145510835914,1.0,0.0,1.0,0.0,0.37468354430379747,0.2,0.8,1.0,0.6,323000,가족,"희소성, 감성",마이리얼트립,마이리얼트립 여행 951,"마이리얼트립 여행 ??. ?? ??: 가격, 일정, 숙소, 휴식, 가족, 기념일.",543000,395000,556000,4.8,2837.0,4,naver_api,Y,Y,0.513,0.513
female,45,11410000.0,전문직,미혼,진보적,37000.0,저가,교육,클래스101,48,0,18,N,3,0.0,0.10662824207492795,0.0,0.0,0.0,0.0,0.12121212121212122,0.2,0.67875,1.0,0.57,347000,자기계발,"희소성, 감성",소니,클래스101 교육 952,"클래스101 교육 ??. ?? ??: 강의품질, 가격, 커리큘럼, 공부, 취업, 자기계발.",37000,33000,40000,3.83,1100.0,1,user_input,Y,Y,0.625,0.625
male,58,3190000.0,은퇴자,기혼,보수적,14000.0,초저가,생활용품,3M,46,1,22,N,1,0.0,0.07777777777777778,1.0,0.0,0.0,0.2857142857142857,0.2727272727272727,0.2,0.7784001444724266,1.0,1.0,180000,청소,"희소성, 감성",설화수,3M 생활용품 953,"3M 생활용품 ??. ?? ??: 가격, 내구성, 용량, 생활, 청소, 가정.",14000,11000,10000,4.71,751.0,4,naver_api,Y,Y,0.479,0.479
female,26,1020000.0,취업준비생,미혼,진보적,657000.0,고가,패션,COS,45,13,10,Y,7,1.0,3.0,1.0,0.6666666666666666,1.0,0.1141552511415525,0.03627760252365931,0.0,0.6375,1.0,0.6,111000,데이트,"디자인, 착용감",COS,COS 패션 954,"COS 패션 ??. ?? ??: 디자인, 착용감, 브랜드, 출근, 데이트, 여행.",657000,634000,582000,,3086.0,0,crawler,N,Y,0.481,0.481
female,40,4880000.0,공무원,기혼,진보적,123000.0,중저가,건강관리,센트룸,45,0,3,N,4,0.0,0.1849624060150376,1.0,0.6666666666666666,1.0,0.0,0.0423728813559322,0.2,0.64375,1.0,0.95,665000,부모님,"성분, 후기",센트룸,센트룸 건강관리 955,"센트룸 건강관리 ??. ?? ??: 성분, 후기, 안전성, 건강, 부모님, 회복.",123000,118000,130000,3.55,2134.0,2,naver_api,Y,Y,0.263,0.263
male,44,5160000.0,프리랜서,미혼,보수적,2172000.0,초고가,명품,구찌,4,7,19,Y,6,1.0,3.0,1.0,0.3333333333333333,1.0,0.10267034990791897,0.044733044733044736,0.2,0.1875,0.75,0.52,445000,선물,"희소성, 감성",구찌,구찌 명품 956,"구찌 명품 ??. ?? ??: 브랜드, 희소성, 디자인, 선물, 보상, 소장.",2172000,2079000,1949000,,,1,manual,N,N,0.596,0.596
male,31,4660000.0,자영업,기혼,진보적,3400000.0,초고가,명품,루이비통,32,14,18,Y,10,1.0,3.0,1.0,0.3333333333333333,1.0,0.03323529411764706,0.11402359108781127,0.2,0.596681817145249,1.0,0.52,713000,선물,"희소성, 감성",루이비통,루이비통 명품 957,"루이비통 명품 ??. ?? ??: 브랜드, 희소성, 디자인, 선물, 보상, 소장.",3400000,3052000,3287000,,323.0,4,naver_api,N,Y,0.589,0.589
female,40,5260000.0,사무직,미혼,보수적,23000.0,초저가,화장품,라네즈,10,2,19,N,3,0.0,0.06084656084656084,0.0,0.9,1.0,0.391304347826087,0.2777777777777778,0.2,0.1875,0.75,0.019999999999999976,378000,휴식,"성분, 가격",라네즈,라네즈 화장품 958,"라네즈 화장품 ??. ?? ??: 성분, 가격, 후기, 피부관리, 선물, 데일리.",23000,18000,14000,,,4,naver_api,N,N,0.511,0.511
male,44,9080000.0,전문직,미혼,보수적,207000.0,중저가,여행,대한항공,54,0,19,N,1,0.0,0.11069518716577541,1.0,0.0,0.0,0.028985507246376812,0.1896551724137931,0.2,0.6375,1.0,0.6,1870000,휴식,"희소성, 감성",다이소,대한항공 여행 959,"대한항공 여행 ??. ?? ??: 가격, 일정, 숙소, 휴식, 가족, 기념일.",207000,174000,201000,,2058.0,4,manual,N,Y,0.479,0.479
male,27,5530000.0,사무직,기혼,진보적,126000.0,중저가,교육,메가스터디,55,3,11,N,3,0.0,0.75,0.0,0.9,1.0,0.031746031746031744,0.24752475247524752,0.2,0.6325000000000001,1.0,0.57,168000,소장,"강의품질, 가격",메가스터디,메가스터디 교육 960,"메가스터디 교육 ??. ?? ??: 강의품질, 가격, 커리큘럼, 공부, 취업, 자기계발.",126000,101000,122000,3.46,3674.0,3,image_estimate,Y,Y,0.404,0.404
male,21,750000.0,학생,미혼,진보적,1888000.0,고가,가구,이케아,47,35,20,Y,21,1.0,3.0,1.0,0.6666666666666666,0.0,0.2754237288135593,0.2388451443569554,0.2,0.6375,1.0,0.87,131000,이사,"내구성, 크기",ZARA,이케아 가구 961,"이케아 가구 ??. ?? ??: 내구성, 크기, 디자인, 이사, 인테리어, 생활.",1888000,1524000,1368000,,3442.0,2,user_input,N,Y,0.597,0.597
female,58,7120000.0,자영업,기혼,진보적,17000.0,초저가,생활용품,3M,44,1,16,N,1,0.0,0.011651816312542838,0.0,0.0,0.0,0.29411764705882354,0.0625,0.0,0.77,1.0,0.57,1459000,선물,"희소성, 감성",종근당,3M 생활용품 962,"3M 생활용품 ??. ?? ??: 가격, 내구성, 용량, 생활, 청소, 가정.",17000,16000,12000,4.56,3343.0,0,naver_api,Y,Y,0.618,0.618
male,46,4550000.0,프리랜서,미혼,진보적,21000.0,초저가,생활용품,3M,33,2,16,N,4,0.0,0.06086956521739131,0.0,0.9,0.0,0.3333333333333333,0.05,0.2,0.7103670151525514,1.0,0.57,345000,가정,"가격, 내구성",루이비통,3M 생활용품 963,"3M 생활용품 ??. ?? ??: 가격, 내구성, 용량, 생활, 청소, 가정.",21000,20000,14000,4.26,542.0,3,image_estimate,Y,Y,0.483,0.483
male,27,520000.0,학생,미혼,보수적,602000.0,고가,패션,ZARA,40,14,10,Y,13,1.0,3.0,0.0,0.6666666666666666,1.0,0.3787375415282392,0.24896265560165975,0.2,0.7224999999999999,1.0,0.09999999999999998,67000,휴식,"디자인, 착용감",ZARA,ZARA 패션 964,"ZARA 패션 ??. ?? ??: 디자인, 착용감, 브랜드, 출근, 데이트, 여행.",602000,482000,374000,4.18,2360.0,1,image_estimate,Y,Y,0.732,0.732
male,25,5430000.0,공무원,미혼,보수적,1538000.0,고가,가구,이케아,48,6,14,Y,4,0.8287752675386444,1.8287752675386444,1.0,0.6666666666666666,0.0,0.11833550065019506,0.16163141993957703,0.2,0.79125,1.0,0.87,841000,이사,"내구성, 크기",아디다스,이케아 가구 965,"이케아 가구 ??. ?? ??: 내구성, 크기, 디자인, 이사, 인테리어, 생활.",1538000,1324000,1356000,4.73,1090.0,1,naver_api,Y,Y,0.504,0.504
female,26,920000.0,취업준비생,기혼,진보적,15000.0,초저가,식품,오뚜기,34,0,17,N,0,0.0,0.09146341463414634,0.0,0.9,0.0,0.13333333333333333,0.07142857142857142,0.2,0.6070080113519749,1.0,0.57,164000,가족,"가격, 신선도",라네즈,오뚜기 식품 966,"오뚜기 식품 ??. ?? ??: 가격, 신선도, 배송, 생활, 식사, 가족.",15000,14000,13000,,430.0,3,manual,N,Y,0.501,0.501
male,30,1230000.0,취업준비생,기혼,진보적,2909000.0,초고가,여행,하나투어,48,34,17,Y,23,1.0,3.0,0.0,0.0,1.0,0.053626675833619804,0.2495704467353952,0.2,0.7104721625041523,1.0,0.09999999999999998,42000,소장,"희소성, 감성",하나투어,하나투어 여행 967,"하나투어 여행 ??. ?? ??: 가격, 일정, 숙소, 휴식, 가족, 기념일.",2909000,2328000,2753000,4.2,669.0,4,naver_api,Y,Y,0.817,0.817
male,67,2500000.0,은퇴자,미혼,보수적,22000.0,초저가,생활용품,유한킴벌리,40,4,11,N,2,0.0,0.07612456747404844,0.0,0.9,0.0,0.2727272727272727,0.29411764705882354,0.2,0.71875,1.0,0.57,289000,선물,"가격, 내구성",마이리얼트립,유한킴벌리 생활용품 968,"유한킴벌리 생활용품 ??. ?? ??: 가격, 내구성, 용량, 생활, 청소, 가정.",22000,17000,16000,4.15,2211.0,4,manual,Y,Y,0.481,0.481
female,24,590000.0,학생,미혼,진보적,215000.0,중저가,패션,아디다스,51,6,10,Y,3,1.0,3.0,0.0,0.0,0.0,0.24651162790697675,0.16216216216216217,0.2,0.78375,1.0,0.09999999999999998,62000,유행,"희소성, 감성",ZARA,아디다스 패션 969,"아디다스 패션 ??. ?? ??: 디자인, 착용감, 브랜드, 출근, 데이트, 여행.",215000,185000,162000,4.67,2044.0,1,user_input,Y,Y,0.903,0.903
male,41,5990000.0,자영업,미혼,보수적,395000.0,중저가,화장품,이니스프리,50,5,18,N,5,0.8119266055045871,1.811926605504587,0.0,0.0,0.0,0.28354430379746837,0.1416184971098266,0.2,0.6325000000000001,1.0,0.019999999999999976,218000,소장,"희소성, 감성",동원,이니스프리 화장품 970,"이니스프리 화장품 ??. ?? ??: 성분, 가격, 후기, 피부관리, 선물, 데일리.",395000,346000,283000,3.46,3788.0,1,manual,Y,Y,0.848,0.848
female,63,3400000.0,은퇴자,기혼,보수적,104000.0,중저가,생활용품,3M,43,2,21,N,2,0.0,0.42448979591836733,0.0,0.0,1.0,0.028846153846153848,0.11827956989247312,0.2,0.635,1.0,0.57,245000,휴식,"희소성, 감성",3M,3M 생활용품 971,"3M 생활용품 ??. ?? ??: 가격, 내구성, 용량, 생활, 청소, 가정.",104000,93000,101000,3.48,3259.0,1,manual,Y,Y,0.508,0.508
female,68,2640000.0,은퇴자,미혼,진보적,311000.0,중저가,교육,패스트캠퍼스,50,3,16,N,1,0.0,0.8497267759562842,1.0,0.0,1.0,0.22508038585209003,0.14760147601476015,0.2,0.6375,1.0,1.0,366000,취업,"희소성, 감성",패스트캠퍼스,패스트캠퍼스 교육 972,"패스트캠퍼스 교육 ??. ?? ??: 강의품질, 가격, 커리큘럼, 공부, 취업, 자기계발.",311000,271000,241000,,3148.0,3,naver_api,N,Y,0.384,0.384
female,37,5070000.0,자영업,미혼,보수적,1192000.0,고가,교육,클래스101,49,8,20,Y,5,1.0,2.0237691001697793,1.0,0.9,1.0,0.28523489932885904,0.06333630686886708,0.2,0.6227969136341627,1.0,1.0,589000,취업,"강의품질, 가격",클래스101,클래스101 교육 973,"클래스101 교육 ??. ?? ??: 강의품질, 가격, 커리큘럼, 공부, 취업, 자기계발.",1192000,1121000,852000,3.42,878.0,2,user_input,Y,Y,0.467,0.467
male,36,6670000.0,대기업직원,기혼,진보적,76000.0,저가,생활용품,다이소,36,6,16,N,0,0.0,0.1384335154826958,0.0,0.0,0.0,0.35526315789473684,0.2459016393442623,0.2,0.7782875783855818,1.0,0.57,549000,가정,"희소성, 감성",애플,다이소 생활용품 974,"다이소 생활용품 ??. ?? ??: 가격, 내구성, 용량, 생활, 청소, 가정.",76000,61000,49000,4.66,890.0,2,crawler,Y,Y,0.677,0.677
female,51,10820000.0,전문직,기혼,진보적,1864000.0,고가,가구,이케아,17,6,19,Y,1,0.0,0.9022265246853823,0.0,0.6666666666666666,0.0,0.015021459227467811,0.16354556803995007,0.2,0.405,1.0,0.37,2066000,휴식,"내구성, 크기",삼성,이케아 가구 975,"이케아 가구 ??. ?? ??: 내구성, 크기, 디자인, 이사, 인테리어, 생활.",1864000,1602000,1836000,3.64,,4,user_input,Y,N,0.574,0.574
female,28,1050000.0,취업준비생,미혼,진보적,330000.0,중저가,여행,마이리얼트립,13,7,2,Y,6,1.0,3.0,1.0,0.0,0.0,0.0,0.36363636363636365,0.2,0.5425,1.0,0.6,100000,가족,"희소성, 감성",종근당,마이리얼트립 여행 976,"마이리얼트립 여행 ??. ?? ??: 가격, 일정, 숙소, 휴식, 가족, 기념일.",330000,242000,345000,4.74,,3,user_input,Y,N,0.701,0.701
male,29,5520000.0,사무직,미혼,보수적,2449000.0,초고가,전자기기,LG,45,8,18,Y,7,1.0,2.543094496365524,0.0,0.9375,1.0,0.0,0.029857022708158116,0.2,0.62,1.0,0.37,963000,콘텐츠,"성능, 배터리",LG,LG 전자기기 977,"LG 전자기기 ??. ?? ??: 성능, 배터리, 휴대성, 업무, 공부, 게임, 콘텐츠.",2449000,2378000,2600000,3.36,1492.0,2,crawler,Y,Y,0.638,0.638
male,45,4160000.0,자영업,기혼,보수적,137000.0,중저가,화장품,설화수,45,1,20,N,1,0.0,0.22495894909688013,1.0,0.9,0.0,0.35766423357664234,0.096,0.2,0.6845982635838427,1.0,0.52,609000,선물,"성분, 가격",나이키,설화수 화장품 978,"설화수 화장품 ??. ?? ??: 성분, 가격, 후기, 피부관리, 선물, 데일리.",137000,125000,88000,3.99,676.0,3,manual,Y,Y,0.345,0.345
male,33,1950000.0,주부,기혼,보수적,4896000.0,초고가,명품,프라다,46,34,18,Y,23,1.0,3.0,0.0,0.3333333333333333,0.0,0.31556372549019607,0.24834268230494647,0.2,0.7749999999999999,1.0,0.019999999999999976,358000,소장,"희소성, 감성",이케아,프라다 명품 979,"프라다 명품 ??. ?? ??: 브랜드, 희소성, 디자인, 선물, 보상, 소장.",4896000,3922000,3351000,4.6,1772.0,1,manual,Y,Y,0.891,0.891
male,55,5420000.0,사무직,기혼,진보적,666000.0,고가,여행,하나투어,9,6,13,Y,5,0.5857142857142856,1.5857142857142856,0.0,0.0,0.0,0.028528528528528527,0.3373493975903614,0.2,0.45375000000000004,1.0,0.09999999999999998,420000,소장,"희소성, 감성",센트룸,하나투어 여행 980,"하나투어 여행 ??. ?? ??: 가격, 일정, 숙소, 휴식, 가족, 기념일.",666000,498000,647000,4.03,,3,manual,Y,N,0.831,0.831
female,38,11120000.0,전문직,기혼,보수적,44000.0,저가,식품,동원,52,1,12,N,3,0.0,0.040036396724294813,0.0,0.9,0.0,0.3409090909090909,0.15789473684210525,0.2,0.69125,1.0,0.57,1099000,가족,"가격, 신선도",메가스터디,동원 식품 981,"동원 식품 ??. ?? ??: 가격, 신선도, 배송, 생활, 식사, 가족.",44000,38000,29000,3.93,3802.0,3,manual,Y,Y,0.496,0.496
male,29,6310000.0,전문직,미혼,보수적,6449000.0,초고가,전자기기,애플,46,17,11,Y,12,1.0,3.0,1.0,0.0,1.0,0.09893006667700419,0.12942206654991242,0.2,0.6623414981819531,1.0,0.87,598000,게임,"희소성, 감성",애플,애플 전자기기 982,"애플 전자기기 ??. ?? ??: 성능, 배터리, 휴대성, 업무, 공부, 게임, 콘텐츠.",6449000,5710000,5811000,3.89,516.0,4,user_input,Y,Y,0.6,0.6
male,45,8840000.0,대기업직원,기혼,보수적,150000.0,중저가,화장품,설화수,53,1,3,N,2,0.0,0.099535500995355,1.0,0.0,0.0,0.3333333333333333,0.1450381679389313,0.0,0.6375,1.0,0.52,1507000,선물,"희소성, 감성",루이비통,설화수 화장품 983,"설화수 화장품 ??. ?? ??: 성분, 가격, 후기, 피부관리, 선물, 데일리.",150000,131000,100000,,2532.0,0,image_estimate,N,Y,0.483,0.483
male,51,8360000.0,대기업직원,미혼,진보적,40000.0,저가,생활용품,3M,39,5,10,N,1,0.0,0.026863666890530557,0.0,0.0,0.0,0.125,0.21212121212121213,0.2,0.5999882839616957,1.0,0.57,1489000,선물,"희소성, 감성",종근당,3M 생활용품 984,"3M 생활용품 ??. ?? ??: 가격, 내구성, 용량, 생활, 청소, 가정.",40000,33000,35000,,354.0,1,crawler,N,Y,0.621,0.621
female,60,4940000.0,자영업,미혼,보수적,1651000.0,고가,건강관리,정관장,55,6,14,Y,4,1.0,2.608214849921011,1.0,0.6666666666666666,0.0,0.3004239854633555,0.13783597518952448,0.2,0.7975000000000001,1.0,0.95,633000,부모님,"성분, 후기",샤넬,정관장 건강관리 985,"정관장 건강관리 ??. ?? ??: 성분, 후기, 안전성, 건강, 부모님, 회복.",1651000,1451000,1155000,4.78,3846.0,2,image_estimate,Y,Y,0.565,0.565
male,21,820000.0,학생,기혼,진보적,300000.0,중저가,건강관리,정관장,37,9,17,Y,7,1.0,3.0,0.0,0.6666666666666666,0.0,0.0,0.056338028169014086,0.2,0.7828011085988433,1.0,0.44999999999999996,29000,회복,"성분, 후기",유한킴벌리,정관장 건강관리 986,"정관장 건강관리 ??. ?? ??: 성분, 후기, 안전성, 건강, 부모님, 회복.",300000,284000,321000,4.69,909.0,3,crawler,Y,Y,0.717,0.717
female,49,3380000.0,주부,미혼,보수적,1170000.0,고가,가구,이케아,14,4,10,Y,3,1.0,2.969543147208122,0.0,0.6666666666666666,1.0,0.16153846153846155,0.1572700296735905,0.2,0.55125,1.0,0.37,394000,유행,"내구성, 크기",이케아,이케아 가구 987,"이케아 가구 ??. ?? ??: 내구성, 크기, 디자인, 이사, 인테리어, 생활.",1170000,1011000,981000,4.81,,1,naver_api,Y,N,0.717,0.717
male,25,4070000.0,사무직,미혼,보수적,2189000.0,초고가,전자기기,레노버,31,8,13,Y,4,1.0,3.0,1.0,0.0,0.0,0.325262677021471,0.046367112810707455,0.2,0.5500570839380375,1.0,0.87,300000,공부,"희소성, 감성",패스트캠퍼스,레노버 전자기기 988,"레노버 전자기기 ??. ?? ??: 성능, 배터리, 휴대성, 업무, 공부, 게임, 콘텐츠.",2189000,2092000,1477000,3.23,226.0,2,user_input,Y,Y,0.689,0.689
female,52,5770000.0,자영업,미혼,진보적,10000.0,초저가,생활용품,유한킴벌리,44,5,13,N,2,0.0,0.04807692307692308,0.0,0.9,1.0,0.2,0.25,0.2,0.7475,1.0,0.57,208000,가정,"가격, 내구성",유한킴벌리,유한킴벌리 생활용품 989,"유한킴벌리 생활용품 ??. ?? ??: 가격, 내구성, 용량, 생활, 청소, 가정.",10000,8000,8000,4.38,3816.0,4,image_estimate,Y,Y,0.412,0.412
male,55,5050000.0,자영업,기혼,진보적,867000.0,고가,패션,아디다스,55,8,11,Y,3,0.1606425702811245,1.1606425702811245,0.0,0.6666666666666666,1.0,0.0,0.2656934306569343,0.2,0.6375,1.0,0.09999999999999998,747000,소장,"디자인, 착용감",아디다스,아디다스 패션 990,"아디다스 패션 ??. ?? ??: 디자인, 착용감, 브랜드, 출근, 데이트, 여행.",867000,685000,915000,,3943.0,3,user_input,N,Y,0.499,0.499
female,41,2810000.0,주부,미혼,진보적,2490000.0,초고가,가구,리바트,49,13,13,Y,10,1.0,3.0,0.0,0.6666666666666666,1.0,0.014457831325301205,0.13906678865507777,0.0,0.6375,1.0,0.37,434000,유행,"내구성, 크기",리바트,리바트 가구 991,"리바트 가구 ??. ?? ??: 내구성, 크기, 디자인, 이사, 인테리어, 생활.",2490000,2186000,2454000,,3047.0,0,manual,N,Y,0.653,0.653
male,27,930000.0,학생,기혼,보수적,1143000.0,고가,건강관리,정관장,14,19,16,Y,12,1.0,3.0,0.0,0.0,0.0,0.01399825021872266,0.12058823529411765,0.2,0.5249999999999999,1.0,0.44999999999999996,161000,회복,"희소성, 감성",종근당,정관장 건강관리 992,"정관장 건강관리 ??. ?? ??: 성분, 후기, 안전성, 건강, 부모님, 회복.",1143000,1020000,1127000,4.6,,4,crawler,Y,N,0.858,0.858
female,38,7630000.0,대기업직원,기혼,보수적,335000.0,중저가,패션,아디다스,41,2,19,N,1,0.0,0.3196564885496183,1.0,0.6666666666666666,1.0,0.2626865671641791,0.1879432624113475,0.2,0.8087500000000001,1.0,0.6,1048000,출근,"디자인, 착용감",아디다스,아디다스 패션 993,"아디다스 패션 ??. ?? ??: 디자인, 착용감, 브랜드, 출근, 데이트, 여행.",335000,282000,247000,4.87,3699.0,3,naver_api,Y,Y,0.311,0.311
female,50,9400000.0,대기업직원,미혼,진보적,327000.0,중저가,화장품,라네즈,46,5,17,N,1,0.11604095563139927,1.1160409556313993,0.0,0.0,1.0,0.3333333333333333,0.32926829268292684,0.2,0.68125,1.0,0.019999999999999976,293000,데일리,"희소성, 감성",라네즈,라네즈 화장품 994,"라네즈 화장품 ??. ?? ??: 성분, 가격, 후기, 피부관리, 선물, 데일리.",327000,246000,218000,3.85,2632.0,2,naver_api,Y,Y,0.642,0.642
male,20,630000.0,학생,기혼,진보적,307000.0,중저가,여행,하나투어,44,8,9,Y,6,1.0,3.0,1.0,0.9,0.0,0.3127035830618892,0.054982817869415807,0.2,0.6283801128717363,1.0,0.6,30000,가족,"가격, 일정",유한킴벌리,하나투어 여행 995,"하나투어 여행 ??. ?? ??: 가격, 일정, 숙소, 휴식, 가족, 기념일.",307000,291000,211000,,777.0,1,manual,N,Y,0.548,0.548
male,27,1240000.0,취업준비생,기혼,보수적,77000.0,저가,교육,패스트캠퍼스,14,3,1,N,1,0.0,1.0,1.0,0.9,1.0,0.0,0.24193548387096775,0.2,0.1875,0.75,1.0,77000,취업,"강의품질, 가격",패스트캠퍼스,패스트캠퍼스 교육 996,"패스트캠퍼스 교육 ??. ?? ??: 강의품질, 가격, 커리큘럼, 공부, 취업, 자기계발.",77000,62000,77000,,,2,naver_api,N,N,0.267,0.267
female,75,2650000.0,은퇴자,미혼,진보적,772000.0,고가,전자기기,LG,52,5,11,Y,5,1.0,2.935361216730038,1.0,0.9375,0.0,0.07901554404145078,0.18404907975460122,0.2,0.62875,1.0,0.87,263000,게임,"성능, 배터리",애플,LG 전자기기 997,"LG 전자기기 ??. ?? ??: 성능, 배터리, 휴대성, 업무, 공부, 게임, 콘텐츠.",772000,652000,711000,3.43,3307.0,4,image_estimate,Y,Y,0.553,0.553
female,26,5360000.0,사무직,미혼,보수적,185000.0,중저가,교육,패스트캠퍼스,50,3,22,N,2,0.0,0.2039691289966924,0.0,0.9,1.0,0.0,0.3120567375886525,0.2,0.7725,1.0,0.57,907000,자기계발,"강의품질, 가격",패스트캠퍼스,패스트캠퍼스 교육 998,"패스트캠퍼스 교육 ??. ?? ??: 강의품질, 가격, 커리큘럼, 공부, 취업, 자기계발.",185000,141000,189000,4.58,1916.0,3,crawler,Y,Y,0.383,0.383
female,33,3580000.0,사무직,미혼,진보적,16000.0,초저가,생활용품,3M,2,5,17,N,3,0.0,0.06324110671936758,1.0,0.9,1.0,0.375,0.05,0.2,0.52,1.0,1.0,253000,생활,"가격, 내구성",3M,3M 생활용품 999,"3M 생활용품 ??. ?? ??: 가격, 내구성, 용량, 생활, 청소, 가정.",16000,16000,10000,4.56,,1,naver_api,Y,N,0.223,0.223
male,27,700000.0,학생,미혼,진보적,320000.0,중저가,화장품,라네즈,45,5,17,Y,7,1.0,3.0,1.0,0.9,0.0,0.05625,0.21673003802281368,0.2,0.69625,1.0,0.52,62000,선물,"성분, 가격",패스트캠퍼스,라네즈 화장품 1000,"라네즈 화장품 ??. ?? ??: 성분, 가격, 후기, 피부관리, 선물, 데일리.",320000,263000,302000,3.97,1695.0,4,user_input,Y,Y,0.529,0.529
male,21,520000.0,학생,미혼,보수적,49000.0,저가,건강관리,정관장,2,6,17,N,3,0.0,0.5975609756097561,0.0,0.0,0.0,0.0,0.06521739130434782,0.2,0.56125,1.0,0.44999999999999996,82000,유행,"희소성, 감성",라네즈,정관장 건강관리 1001,"정관장 건강관리 ??. ?? ??: 성분, 후기, 안전성, 건강, 부모님, 회복.",49000,46000,49000,4.89,,3,manual,Y,N,0.609,0.609
female,31,6490000.0,전문직,기혼,보수적,14000.0,초저가,식품,동원,44,0,12,N,2,0.0,0.028747433264887063,0.0,0.9,0.0,0.14285714285714285,0.2727272727272727,0.2,0.6375,1.0,0.57,487000,가족,"가격, 신선도",클래스101,동원 식품 1002,"동원 식품 ??. ?? ??: 가격, 신선도, 배송, 생활, 식사, 가족.",14000,11000,12000,,2252.0,4,crawler,N,Y,0.485,0.485
male,33,1060000.0,취업준비생,기혼,진보적,3840000.0,초고가,여행,대한항공,46,43,22,Y,31,1.0,3.0,1.0,0.9,0.0,0.27369791666666665,0.2881583361288158,0.2,0.6375,1.0,0.6,139000,휴식,"가격, 일정",오뚜기,대한항공 여행 1003,"대한항공 여행 ??. ?? ??: 가격, 일정, 숙소, 휴식, 가족, 기념일.",3840000,2981000,2789000,,3628.0,4,crawler,N,Y,0.577,0.577
male,70,2040000.0,은퇴자,기혼,진보적,839000.0,고가,가구,한샘,53,9,2,Y,3,1.0,3.0,1.0,0.6666666666666666,0.0,0.14898688915375446,0.3554119547657512,0.2,0.73875,1.0,0.87,63000,인테리어,"내구성, 크기",유한킴벌리,한샘 가구 1004,"한샘 가구 ??. ?? ??: 내구성, 크기, 디자인, 이사, 인테리어, 생활.",839000,619000,714000,4.31,2795.0,1,crawler,Y,Y,0.601,0.601
female,33,1280000.0,취업준비생,미혼,보수적,50000.0,저가,화장품,라네즈,31,3,10,N,4,0.0,0.42735042735042733,0.0,0.9,0.0,0.02,0.1111111111111111,0.2,0.6118417518670416,1.0,0.019999999999999976,117000,휴식,"성분, 가격",레노버,라네즈 화장품 1005,"라네즈 화장품 ??. ?? ??: 성분, 가격, 후기, 피부관리, 선물, 데일리.",50000,45000,49000,3.74,214.0,1,crawler,Y,Y,0.495,0.495
male,37,1940000.0,주부,미혼,진보적,12000.0,초저가,생활용품,3M,35,3,10,N,4,0.0,0.03986710963455149,0.0,0.9,1.0,0.16666666666666666,0.09090909090909091,0.2,0.6507400373043987,1.0,0.57,301000,가정,"가격, 내구성",3M,3M 생활용품 1006,"3M 생활용품 ??. ?? ??: 가격, 내구성, 용량, 생활, 청소, 가정.",12000,11000,10000,4.22,119.0,1,manual,Y,Y,0.38,0.38
male,27,570000.0,학생,미혼,보수적,94000.0,저가,패션,COS,45,7,14,N,5,1.0,3.0,0.0,0.6666666666666666,0.0,0.2127659574468085,0.23684210526315788,0.2,0.63,1.0,0.09999999999999998,23000,소장,"디자인, 착용감",대한항공,COS 패션 1007,"COS 패션 ??. ?? ??: 디자인, 착용감, 브랜드, 출근, 데이트, 여행.",94000,76000,74000,3.44,1835.0,2,naver_api,Y,Y,0.8,0.8
female,43,8830000.0,대기업직원,기혼,진보적,1485000.0,고가,명품,루이비통,47,4,18,Y,4,0.14318706697459582,1.1431870669745958,1.0,0.3333333333333333,0.0,0.0,0.24163879598662208,0.2,0.7112499999999999,1.0,0.52,1299000,선물,"희소성, 감성",라네즈,루이비통 명품 1008,"루이비통 명품 ??. ?? ??: 브랜드, 희소성, 디자인, 선물, 보상, 소장.",1485000,1196000,1508000,4.09,2479.0,4,manual,Y,Y,0.437,0.437
male,48,2900000.0,주부,미혼,보수적,18000.0,초저가,생활용품,3M,50,2,3,N,3,0.0,0.11320754716981132,0.0,0.9,0.0,0.3333333333333333,0.058823529411764705,0.2,0.7337499999999999,1.0,0.57,159000,유행,"가격, 내구성",센트룸,3M 생활용품 1009,"3M 생활용품 ??. ?? ??: 가격, 내구성, 용량, 생활, 청소, 가정.",18000,17000,12000,4.27,3001.0,3,manual,Y,Y,0.484,0.484
female,52,5610000.0,공무원,기혼,보수적,660000.0,고가,명품,루이비통,16,1,15,Y,4,0.19133574007220222,1.1913357400722022,0.0,0.6666666666666666,0.0,0.1590909090909091,0.10738255033557047,0.2,0.42375,1.0,0.019999999999999976,554000,소장,"브랜드, 희소성",3M,루이비통 명품 1010,"루이비통 명품 ??. ?? ??: 브랜드, 희소성, 디자인, 선물, 보상, 소장.",660000,596000,555000,3.79,,2,naver_api,Y,N,0.628,0.628
male,37,2470000.0,주부,기혼,보수적,462000.0,중저가,건강관리,종근당,16,8,2,Y,3,0.0,0.964509394572025,1.0,0.0,0.0,0.08441558441558442,0.24864864864864866,0.0,0.531746851962259,1.0,0.95,479000,건강,"희소성, 감성",다이소,종근당 건강관리 1011,"종근당 건강관리 ??. ?? ??: 성분, 후기, 안전성, 건강, 부모님, 회복.",462000,370000,423000,3.89,13.0,0,naver_api,Y,Y,0.465,0.465
male,45,5320000.0,대기업직원,미혼,진보적,39000.0,저가,식품,오뚜기,48,5,11,N,2,0.0,0.05760709010339734,0.0,0.9,0.0,0.2564102564102564,0.18181818181818182,0.2,0.7350000000000001,1.0,0.57,677000,가족,"가격, 신선도",마이리얼트립,오뚜기 식품 1012,"오뚜기 식품 ??. ?? ??: 가격, 신선도, 배송, 생활, 식사, 가족.",39000,33000,29000,4.28,1049.0,3,manual,Y,Y,0.485,0.485
female,64,7150000.0,자영업,기혼,보수적,1116000.0,고가,여행,마이리얼트립,2,6,12,Y,5,0.2567567567567568,1.2567567567567568,0.0,0.0,0.0,0.239247311827957,0.13993871297242083,0.2,0.54,1.0,0.09999999999999998,888000,선물,"희소성, 감성",구찌,마이리얼트립 여행 1013,"마이리얼트립 여행 ??. ?? ??: 가격, 일정, 숙소, 휴식, 가족, 기념일.",1116000,979000,849000,4.72,,3,user_input,Y,N,0.721,0.721
male,74,3350000.0,은퇴자,기혼,진보적,221000.0,중저가,여행,마이리얼트립,50,1,18,N,1,0.0,0.49774774774774777,0.0,0.9,0.0,0.14479638009049775,0.07281553398058252,0.2,0.6375,1.0,0.09999999999999998,444000,유행,"가격, 일정",3M,마이리얼트립 여행 1014,"마이리얼트립 여행 ??. ?? ??: 가격, 일정, 숙소, 휴식, 가족, 기념일.",221000,206000,189000,,1387.0,3,image_estimate,N,Y,0.516,0.516
male,40,3070000.0,주부,미혼,보수적,2498000.0,초고가,전자기기,애플,8,15,1,Y,8,1.0,3.0,1.0,0.9375,0.0,0.24059247397918335,0.06252658443215653,0.2,0.1875,0.75,0.87,202000,공부,"성능, 배터리",삼성,애플 전자기기 1015,"애플 전자기기 ??. ?? ??: 성능, 배터리, 휴대성, 업무, 공부, 게임, 콘텐츠.",2498000,2351000,1897000,,,3,image_estimate,N,N,0.575,0.575
female,23,870000.0,취업준비생,미혼,보수적,2456000.0,초고가,명품,루이비통,14,39,1,Y,24,1.0,3.0,0.0,0.6666666666666666,0.0,0.0,0.16287878787878787,0.2,0.5625,1.0,0.019999999999999976,105000,유행,"브랜드, 희소성",종근당,루이비통 명품 1016,"루이비통 명품 ??. ?? ??: 브랜드, 희소성, 디자인, 선물, 보상, 소장.",2456000,2112000,2617000,4.9,,4,manual,Y,N,0.773,0.773
male,44,10480000.0,전문직,기혼,진보적,303000.0,중저가,가구,한샘,39,3,21,N,4,0.0,0.25853242320819114,0.0,0.6666666666666666,1.0,0.16501650165016502,0.10181818181818182,0.2,0.8087500000000001,1.0,0.37,1172000,생활,"내구성, 크기",한샘,한샘 가구 1017,"한샘 가구 ??. ?? ??: 내구성, 크기, 디자인, 이사, 인테리어, 생활.",303000,275000,253000,4.87,1500.0,4,crawler,Y,Y,0.471,0.471
female,56,6650000.0,전문직,기혼,진보적,51000.0,저가,생활용품,3M,48,4,9,N,1,0.0,0.03730797366495977,0.0,0.9,0.0,0.29411764705882354,0.13333333333333333,0.0,0.66125,1.0,0.57,1367000,가정,"가격, 내구성",이케아,3M 생활용품 1018,"3M 생활용품 ??. ?? ??: 가격, 내구성, 용량, 생활, 청소, 가정.",51000,45000,36000,3.69,1315.0,0,user_input,Y,Y,0.465,0.465
male,27,1100000.0,취업준비생,미혼,보수적,2059000.0,초고가,여행,하나투어,44,24,13,Y,15,1.0,3.0,1.0,0.0,1.0,0.23312287518212724,0.11841390548614883,0.2,0.75875,1.0,0.6,82000,휴식,"희소성, 감성",하나투어,하나투어 여행 1019,"하나투어 여행 ??. ?? ??: 가격, 일정, 숙소, 휴식, 가족, 기념일.",2059000,1841000,1579000,4.47,3716.0,3,manual,Y,Y,0.61,0.61
female,25,4860000.0,프리랜서,미혼,진보적,3507000.0,초고가,여행,하나투어,48,12,9,Y,5,1.0,3.0,1.0,0.0,1.0,0.26204733390362134,0.24317617866004962,0.2,0.7562500000000001,1.0,0.6,1019000,휴식,"희소성, 감성",하나투어,하나투어 여행 1020,"하나투어 여행 ??. ?? ??: 가격, 일정, 숙소, 휴식, 가족, 기념일.",3507000,2821000,2588000,4.45,1816.0,1,image_estimate,Y,Y,0.638,0.638
female,27,4710000.0,프리랜서,미혼,보수적,1029000.0,고가,패션,COS,55,5,13,Y,6,1.0,3.0,0.0,0.6666666666666666,0.0,0.04081632653061224,0.30916030534351147,0.2,0.6012500000000001,1.0,0.09999999999999998,149000,소장,"디자인, 착용감",마이리얼트립,COS 패션 1021,"COS 패션 ??. ?? ??: 디자인, 착용감, 브랜드, 출근, 데이트, 여행.",1029000,786000,987000,3.21,2576.0,2,manual,Y,Y,0.76,0.76
male,42,6180000.0,대기업직원,기혼,진보적,1800000.0,고가,가구,한샘,7,5,21,Y,3,0.894736842105263,1.894736842105263,0.0,0.0,1.0,0.29555555555555557,0.35236664162284,0.2,0.49500000000000005,1.0,0.37,950000,생활,"희소성, 감성",한샘,한샘 가구 1022,"한샘 가구 ??. ?? ??: 내구성, 크기, 디자인, 이사, 인테리어, 생활.",1800000,1331000,1268000,4.36,,4,crawler,Y,N,0.831,0.831
male,33,4250000.0,공무원,미혼,보수적,180000.0,중저가,패션,ZARA,46,5,20,N,5,0.0,0.19271948608137046,0.0,0.0,0.0,0.21666666666666667,0.1111111111111111,0.2,0.77125,1.0,0.09999999999999998,934000,여행,"희소성, 감성",종근당,ZARA 패션 1023,"ZARA 패션 ??. ?? ??: 디자인, 착용감, 브랜드, 출근, 데이트, 여행.",180000,162000,141000,4.57,1853.0,2,naver_api,Y,Y,0.683,0.683
female,56,7630000.0,전문직,기혼,진보적,18000.0,초저가,생활용품,3M,22,1,9,N,2,0.0,0.01282051282051282,0.0,0.9,1.0,0.3888888888888889,0.058823529411764705,0.2,0.581496611296209,1.0,0.57,1404000,유행,"가격, 내구성",3M,3M 생활용품 1024,"3M 생활용품 ??. ?? ??: 가격, 내구성, 용량, 생활, 청소, 가정.",18000,17000,11000,4.45,7.0,3,manual,Y,Y,0.422,0.422
male,29,710000.0,학생,미혼,진보적,126000.0,중저가,건강관리,센트룸,51,5,16,N,4,1.0,2.0,1.0,0.0,0.0,0.21428571428571427,0.09565217391304348,0.2,0.75875,1.0,0.95,63000,건강,"희소성, 감성",나이키,센트룸 건강관리 1025,"센트룸 건강관리 ??. ?? ??: 성분, 후기, 안전성, 건강, 부모님, 회복.",126000,115000,99000,4.47,3599.0,4,crawler,Y,Y,0.682,0.682
female,36,3170000.0,주부,기혼,진보적,2422000.0,초고가,여행,대한항공,27,12,15,Y,8,1.0,3.0,1.0,0.9,1.0,0.33236994219653176,0.17515769044153323,0.2,0.5647864570774327,1.0,0.6,397000,휴식,"가격, 일정",대한항공,대한항공 여행 1026,"대한항공 여행 ??. ?? ??: 가격, 일정, 숙소, 휴식, 가족, 기념일.",2422000,2061000,1617000,3.6,94.0,4,image_estimate,Y,Y,0.519,0.519
female,30,1320000.0,취업준비생,기혼,진보적,189000.0,중저가,화장품,라네즈,38,6,11,N,4,0.5619834710743801,1.56198347107438,1.0,0.0,0.0,0.14285714285714285,0.13855421686746988,0.2,0.7637499999999999,1.0,0.52,121000,피부관리,"희소성, 감성",프라다,라네즈 화장품 1027,"라네즈 화장품 ??. ?? ??: 성분, 가격, 후기, 피부관리, 선물, 데일리.",189000,166000,162000,4.51,1034.0,4,user_input,Y,Y,0.601,0.601
female,72,3510000.0,은퇴자,기혼,보수적,76000.0,저가,식품,CJ,32,5,22,N,0,0.0,0.2676056338028169,0.0,0.9,1.0,0.11842105263157894,0.26666666666666666,0.2,0.6118488692082451,1.0,0.57,284000,유행,"가격, 신선도",CJ,CJ 식품 1028,"CJ 식품 ??. ?? ??: 가격, 신선도, 배송, 생활, 식사, 가족.",76000,60000,67000,4.32,28.0,1,image_estimate,Y,Y,0.4,0.4
female,43,5440000.0,자영업,미혼,진보적,11000.0,초저가,식품,CJ,45,4,12,N,1,0.0,0.013110846245530394,0.0,0.9,1.0,0.18181818181818182,0.1,0.0,0.6948833334687894,1.0,0.57,839000,가족,"가격, 신선도",CJ,CJ 식품 1029,"CJ 식품 ??. ?? ??: 가격, 신선도, 배송, 생활, 식사, 가족.",11000,10000,9000,4.02,810.0,0,crawler,Y,Y,0.379,0.379
female,24,930000.0,학생,미혼,보수적,4216000.0,초고가,여행,대한항공,2,56,3,Y,36,1.0,3.0,1.0,0.0,1.0,0.03249525616698292,0.06599241466498104,0.0,0.48874999999999996,1.0,0.6,71000,가족,"희소성, 감성",대한항공,대한항공 여행 1030,"대한항공 여행 ??. ?? ??: 가격, 일정, 숙소, 휴식, 가족, 기념일.",4216000,3955000,4079000,4.31,,0,user_input,Y,N,0.593,0.593
male,29,930000.0,학생,미혼,진보적,3793000.0,초고가,여행,마이리얼트립,48,49,10,Y,33,1.0,3.0,1.0,0.0,1.0,0.2412338518323227,0.039462866538777744,0.0,0.645,1.0,0.6,43000,가족,"희소성, 감성",마이리얼트립,마이리얼트립 여행 1031,"마이리얼트립 여행 ??. ?? ??: 가격, 일정, 숙소, 휴식, 가족, 기념일.",3793000,3649000,2878000,3.56,2951.0,0,crawler,Y,Y,0.618,0.618
male,58,2930000.0,은퇴자,미혼,보수적,110000.0,중저가,전자기기,삼성,50,5,10,N,3,0.0,0.18803418803418803,0.0,0.9375,0.0,0.21818181818181817,0.057692307692307696,0.2,0.62875,1.0,0.37,585000,휴식,"성능, 배터리",센트룸,삼성 전자기기 1032,"삼성 전자기기 ??. ?? ??: 성능, 배터리, 휴대성, 업무, 공부, 게임, 콘텐츠.",110000,104000,86000,3.43,2203.0,1,crawler,Y,Y,0.498,0.498
male,38,5590000.0,프리랜서,미혼,보수적,184000.0,중저가,패션,ZARA,45,4,20,N,0,0.0,0.2796352583586626,1.0,0.0,1.0,0.0,0.12195121951219512,0.2,0.70625,1.0,0.6,658000,출근,"희소성, 감성",ZARA,ZARA 패션 1033,"ZARA 패션 ??. ?? ??: 디자인, 착용감, 브랜드, 출근, 데이트, 여행.",184000,164000,188000,4.05,3154.0,2,manual,Y,Y,0.345,0.345
female,33,4270000.0,공무원,기혼,보수적,51000.0,저가,생활용품,유한킴벌리,6,0,16,N,1,0.0,0.10240963855421686,0.0,0.9,0.0,0.0784313725490196,0.13333333333333333,0.2,0.45,1.0,0.57,498000,휴식,"가격, 내구성",COS,유한킴벌리 생활용품 1034,"유한킴벌리 생활용품 ??. ?? ??: 가격, 내구성, 용량, 생활, 청소, 가정.",51000,45000,47000,4.0,,2,user_input,Y,N,0.482,0.482
female,43,6190000.0,자영업,기혼,진보적,29000.0,초저가,식품,CJ,42,4,16,N,2,0.0,0.0688836104513064,0.0,0.9,0.0,0.3448275862068966,0.16,0.2,0.6375,1.0,0.57,421000,소장,"가격, 신선도",이케아,CJ 식품 1035,"CJ 식품 ??. ?? ??: 가격, 신선도, 배송, 생활, 식사, 가족.",29000,25000,19000,,3526.0,3,manual,N,Y,0.521,0.521
male,25,870000.0,취업준비생,미혼,보수적,492000.0,중저가,화장품,설화수,50,8,9,Y,7,1.0,3.0,0.0,0.9,0.0,0.13821138211382114,0.2779220779220779,0.2,0.6375,1.0,0.019999999999999976,152000,데일리,"성분, 가격",샤넬,설화수 화장품 1036,"설화수 화장품 ??. ?? ??: 성분, 가격, 후기, 피부관리, 선물, 데일리.",492000,385000,424000,,3414.0,2,user_input,N,Y,0.721,0.721
female,24,520000.0,학생,미혼,진보적,89000.0,저가,생활용품,3M,3,7,17,N,4,0.0,0.7946428571428571,1.0,0.9,0.0,0.056179775280898875,0.08536585365853659,0.2,0.5225,1.0,1.0,112000,생활,"가격, 내구성",유한킴벌리,3M 생활용품 1037,"3M 생활용품 ??. ?? ??: 가격, 내구성, 용량, 생활, 청소, 가정.",89000,82000,84000,4.58,,1,naver_api,Y,N,0.277,0.277
female,51,6490000.0,전문직,미혼,보수적,622000.0,고가,건강관리,종근당,14,4,19,Y,3,0.0,0.5427574171029669,0.0,0.0,0.0,0.08360128617363344,0.05782312925170068,0.2,0.51,1.0,0.44999999999999996,1146000,휴식,"희소성, 감성",대한항공,종근당 건강관리 1038,"종근당 건강관리 ??. ?? ??: 성분, 후기, 안전성, 건강, 부모님, 회복.",622000,588000,570000,4.48,,4,crawler,Y,N,0.614,0.614
female,59,5200000.0,자영업,기혼,진보적,497000.0,중저가,명품,프라다,44,1,20,N,1,0.0,0.4693106704438149,0.0,0.3333333333333333,1.0,0.18108651911468812,0.34688346883468835,0.2,0.60875,1.0,0.019999999999999976,1059000,유행,"희소성, 감성",프라다,프라다 명품 1039,"프라다 명품 ??. ?? ??: 브랜드, 희소성, 디자인, 선물, 보상, 소장.",497000,369000,407000,3.27,1344.0,1,manual,Y,Y,0.558,0.558
male,41,5110000.0,공무원,기혼,진보적,30000.0,저가,생활용품,유한킴벌리,28,1,18,N,0,0.0,0.0392156862745098,0.0,0.9,1.0,0.0,0.15384615384615385,0.0,0.6928835634671849,1.0,0.57,765000,선물,"가격, 내구성",유한킴벌리,유한킴벌리 생활용품 1040,"유한킴벌리 생활용품 ??. ?? ??: 가격, 내구성, 용량, 생활, 청소, 가정.",30000,26000,30000,4.55,122.0,0,user_input,Y,Y,0.362,0.362
female,28,5450000.0,프리랜서,미혼,보수적,27000.0,초저가,생활용품,3M,44,3,3,N,4,0.0,0.02323580034423408,0.0,0.9,0.0,0.2222222222222222,0.125,0.2,0.6375,1.0,0.57,1162000,소장,"가격, 내구성",COS,3M 생활용품 1041,"3M 생활용품 ??. ?? ??: 가격, 내구성, 용량, 생활, 청소, 가정.",27000,24000,21000,,3304.0,1,naver_api,N,Y,0.515,0.515
male,39,5510000.0,사무직,기혼,진보적,4017000.0,초고가,여행,마이리얼트립,9,10,21,Y,9,1.0,3.0,0.0,0.0,1.0,0.247697286532238,0.1408690712865663,0.2,0.1875,0.75,0.09999999999999998,524000,유행,"희소성, 감성",마이리얼트립,마이리얼트립 여행 1042,"마이리얼트립 여행 ??. ?? ??: 가격, 일정, 숙소, 휴식, 가족, 기념일.",4017000,3521000,3022000,,,1,crawler,N,N,0.85,0.85
female,28,3200000.0,사무직,미혼,보수적,1232000.0,고가,전자기기,삼성,48,10,14,Y,4,0.8723404255319149,1.872340425531915,1.0,0.0,0.0,0.018668831168831168,0.2806652806652807,0.2,0.6375,1.0,0.87,658000,공부,"희소성, 감성",유한킴벌리,삼성 전자기기 1043,"삼성 전자기기 ??. ?? ??: 성능, 배터리, 휴대성, 업무, 공부, 게임, 콘텐츠.",1232000,962000,1209000,,3736.0,1,naver_api,N,Y,0.656,0.656
female,67,3500000.0,은퇴자,미혼,보수적,122000.0,중저가,전자기기,LG,6,3,16,N,2,0.0,0.21981981981981982,1.0,0.9375,0.0,0.0,0.23232323232323232,0.0,0.1875,0.75,0.87,555000,게임,"성능, 배터리",다이소,LG 전자기기 1044,"LG 전자기기 ??. ?? ??: 성능, 배터리, 휴대성, 업무, 공부, 게임, 콘텐츠.",122000,99000,122000,,,0,user_input,N,N,0.309,0.309
female,26,1340000.0,취업준비생,미혼,보수적,1020000.0,고가,패션,나이키,48,12,22,Y,7,1.0,3.0,0.0,0.6666666666666666,1.0,0.0,0.0944206008583691,0.0,0.7275,1.0,0.09999999999999998,80000,선물,"디자인, 착용감",나이키,나이키 패션 1045,"나이키 패션 ??. ?? ??: 디자인, 착용감, 브랜드, 출근, 데이트, 여행.",1020000,932000,1048000,4.22,1047.0,0,image_estimate,Y,Y,0.654,0.654
female,35,8610000.0,대기업직원,미혼,보수적,184000.0,중저가,여행,마이리얼트립,35,5,18,N,0,0.0,0.2662807525325615,1.0,0.9,0.0,0.21195652173913043,0.027932960893854747,0.0,0.6128132752637887,1.0,0.6,691000,휴식,"가격, 일정",CJ,마이리얼트립 여행 1046,"마이리얼트립 여행 ??. ?? ??: 가격, 일정, 숙소, 휴식, 가족, 기념일.",184000,179000,145000,,505.0,0,manual,N,Y,0.316,0.316
female,51,4930000.0,공무원,기혼,진보적,381000.0,중저가,여행,마이리얼트립,44,2,22,N,5,0.0,0.3742632612966601,1.0,0.9,0.0,0.24671916010498687,0.3003412969283277,0.2,0.6225,1.0,0.6,1018000,가족,"가격, 일정",클래스101,마이리얼트립 여행 1047,"마이리얼트립 여행 ??. ?? ??: 가격, 일정, 숙소, 휴식, 가족, 기념일.",381000,293000,287000,3.38,2777.0,4,user_input,Y,Y,0.368,0.368
female,27,1100000.0,취업준비생,기혼,보수적,82000.0,저가,교육,메가스터디,11,4,21,N,5,0.0,0.48520710059171596,1.0,0.9,1.0,0.3048780487804878,0.1232876712328767,0.2,0.5475000000000001,1.0,1.0,169000,취업,"강의품질, 가격",메가스터디,메가스터디 교육 1048,"메가스터디 교육 ??. ?? ??: 강의품질, 가격, 커리큘럼, 공부, 취업, 자기계발.",82000,73000,57000,4.78,,3,crawler,Y,N,0.234,0.234
male,38,4050000.0,자영업,미혼,진보적,200000.0,중저가,가구,한샘,50,2,18,N,1,0.0,0.3838771593090211,0.0,0.6666666666666666,0.0,0.135,0.2578616352201258,0.2,0.7675000000000001,1.0,0.37,521000,소장,"내구성, 크기",CJ,한샘 가구 1049,"한샘 가구 ??. ?? ??: 내구성, 크기, 디자인, 이사, 인테리어, 생활.",200000,159000,173000,4.54,1449.0,1,naver_api,Y,Y,0.563,0.563
male,33,3480000.0,프리랜서,미혼,진보적,31000.0,저가,건강관리,종근당,45,6,17,N,0,0.0,0.042119565217391304,0.0,0.0,0.0,0.12903225806451613,0.34782608695652173,0.2,0.8,1.0,0.44999999999999996,736000,회복,"희소성, 감성",샤넬,종근당 건강관리 1050,"종근당 건강관리 ??. ?? ??: 성분, 후기, 안전성, 건강, 부모님, 회복.",31000,23000,27000,4.8,3387.0,4,crawler,Y,Y,0.644,0.644
female,54,11320000.0,전문직,기혼,보수적,53000.0,저가,패션,ZARA,3,1,10,N,4,0.0,0.06666666666666667,0.0,0.0,0.0,0.1509433962264151,0.2619047619047619,0.2,0.1875,0.75,0.09999999999999998,795000,여행,"희소성, 감성",유한킴벌리,ZARA 패션 1051,"ZARA 패션 ??. ?? ??: 디자인, 착용감, 브랜드, 출근, 데이트, 여행.",53000,42000,45000,,,1,crawler,N,N,0.684,0.684
female,54,6270000.0,전문직,기혼,진보적,36000.0,저가,식품,동원,12,1,17,N,4,0.0,0.02843601895734597,1.0,0.9,0.0,0.027777777777777776,0.16129032258064516,0.2,0.40125,1.0,1.0,1266000,식사,"가격, 신선도",샤넬,동원 식품 1052,"동원 식품 ??. ?? ??: 가격, 신선도, 배송, 생활, 식사, 가족.",36000,31000,35000,3.61,,3,naver_api,Y,N,0.303,0.303
female,35,4580000.0,사무직,미혼,진보적,22000.0,초저가,식품,동원,40,5,11,N,0,0.0,0.14102564102564102,0.0,0.0,0.0,0.3181818181818182,0.15789473684210525,0.0,0.6699999999999999,1.0,0.57,156000,가족,"희소성, 감성",설화수,동원 식품 1053,"동원 식품 ??. ?? ??: 가격, 신선도, 배송, 생활, 식사, 가족.",22000,19000,15000,3.76,2414.0,0,manual,Y,Y,0.656,0.656
male,45,7320000.0,자영업,기혼,보수적,7000.0,초저가,생활용품,다이소,42,5,19,N,1,0.0,0.004834254143646409,0.0,0.0,1.0,0.2857142857142857,0.16666666666666666,0.2,0.6375,1.0,0.57,1448000,가정,"희소성, 감성",다이소,다이소 생활용품 1054,"다이소 생활용품 ??. ?? ??: 가격, 내구성, 용량, 생활, 청소, 가정.",7000,6000,5000,,2191.0,4,user_input,N,Y,0.583,0.583
female,20,550000.0,학생,기혼,진보적,26000.0,초저가,식품,동원,7,4,11,N,0,0.0,0.3132530120481928,1.0,0.0,1.0,0.0,0.23809523809523808,0.2,0.41625,1.0,1.0,83000,식사,"희소성, 감성",동원,동원 식품 1055,"동원 식품 ??. ?? ??: 가격, 신선도, 배송, 생활, 식사, 가족.",26000,21000,27000,3.73,,1,manual,Y,N,0.371,0.371
female,41,3900000.0,사무직,기혼,진보적,540000.0,고가,교육,메가스터디,44,5,16,Y,1,0.7142857142857142,1.7142857142857142,0.0,0.9,0.0,0.21481481481481482,0.23853211009174313,0.2,0.7424999999999999,1.0,0.57,315000,유행,"강의품질, 가격",구찌,메가스터디 교육 1056,"메가스터디 교육 ??. ?? ??: 강의품질, 가격, 커리큘럼, 공부, 취업, 자기계발.",540000,436000,424000,4.34,3441.0,1,crawler,Y,Y,0.672,0.672
female,57,1940000.0,주부,기혼,진보적,13000.0,초저가,화장품,설화수,13,2,20,N,2,0.0,0.19696969696969696,0.0,0.0,0.0,0.0,0.18181818181818182,0.2,0.36875,1.0,0.019999999999999976,66000,데일리,"희소성, 감성",아디다스,설화수 화장품 1057,"설화수 화장품 ??. ?? ??: 성분, 가격, 후기, 피부관리, 선물, 데일리.",13000,11000,13000,3.35,,1,naver_api,Y,N,0.636,0.636
female,49,2770000.0,주부,기혼,진보적,80000.0,저가,패션,아디다스,46,2,22,N,4,0.0,0.2631578947368421,0.0,0.6666666666666666,0.0,0.325,0.2698412698412698,0.2,0.7795909764125435,1.0,0.09999999999999998,304000,선물,"디자인, 착용감",마이리얼트립,아디다스 패션 1058,"아디다스 패션 ??. ?? ??: 디자인, 착용감, 브랜드, 출근, 데이트, 여행.",80000,63000,54000,4.84,495.0,2,image_estimate,Y,Y,0.571,0.571
female,27,4210000.0,사무직,미혼,진보적,589000.0,고가,명품,샤넬,43,2,21,Y,2,0.0,0.8307475317348378,1.0,0.6666666666666666,0.0,0.15959252971137522,0.1348747591522158,0.0,0.6089689048334401,1.0,0.52,709000,보상,"브랜드, 희소성",클래스101,샤넬 명품 1059,"샤넬 명품 ??. ?? ??: 브랜드, 희소성, 디자인, 선물, 보상, 소장.",589000,519000,495000,,454.0,0,image_estimate,N,Y,0.37,0.37
male,40,4890000.0,자영업,기혼,보수적,39000.0,저가,건강관리,센트룸,52,3,14,N,3,0.0,0.03943377148634985,0.0,0.0,0.0,0.10256410256410256,0.25806451612903225,0.2,0.7775000000000001,1.0,0.44999999999999996,989000,회복,"희소성, 감성",리바트,센트룸 건강관리 1060,"센트룸 건강관리 ??. ?? ??: 성분, 후기, 안전성, 건강, 부모님, 회복.",39000,31000,35000,4.62,2844.0,2,manual,Y,Y,0.649,0.649
male,32,1040000.0,취업준비생,미혼,진보적,312000.0,중저가,가구,리바트,38,6,17,Y,4,1.0,3.0,0.0,0.0,1.0,0.27564102564102566,0.3448275862068966,0.2,0.5814681091175946,1.0,0.37,81000,생활,"희소성, 감성",리바트,리바트 가구 1061,"리바트 가구 ??. ?? ??: 내구성, 크기, 디자인, 이사, 인테리어, 생활.",312000,232000,226000,3.43,270.0,1,manual,Y,Y,0.823,0.823
male,29,8240000.0,전문직,기혼,진보적,111000.0,중저가,패션,아디다스,33,2,13,N,4,0.0,0.07203114860480207,1.0,0.6666666666666666,0.0,0.16216216216216217,0.08823529411764706,0.2,0.5895442354351128,1.0,0.6,1541000,데이트,"디자인, 착용감",대한항공,아디다스 패션 1062,"아디다스 패션 ??. ?? ??: 디자인, 착용감, 브랜드, 출근, 데이트, 여행.",111000,102000,93000,,265.0,2,user_input,N,Y,0.377,0.377
male,48,4940000.0,공무원,기혼,보수적,19000.0,초저가,화장품,라네즈,4,1,13,N,4,0.0,0.05459770114942529,0.0,0.9,1.0,0.3684210526315789,0.1875,0.2,0.5175000000000001,1.0,0.019999999999999976,348000,소장,"성분, 가격",라네즈,라네즈 화장품 1063,"라네즈 화장품 ??. ?? ??: 성분, 가격, 후기, 피부관리, 선물, 데일리.",19000,16000,12000,4.54,,4,image_estimate,Y,N,0.481,0.481
female,19,850000.0,학생,미혼,진보적,50000.0,저가,생활용품,유한킴벌리,8,5,13,N,3,0.0,0.2717391304347826,1.0,0.0,1.0,0.14,0.25,0.2,0.3775,1.0,1.0,184000,생활,"희소성, 감성",유한킴벌리,유한킴벌리 생활용품 1064,"유한킴벌리 생활용품 ??. ?? ??: 가격, 내구성, 용량, 생활, 청소, 가정.",50000,40000,43000,3.42,,3,image_estimate,Y,N,0.366,0.366
female,24,880000.0,취업준비생,기혼,진보적,1568000.0,고가,가구,리바트,50,24,2,Y,15,1.0,3.0,0.0,0.6666666666666666,1.0,0.0,0.3110367892976589,0.2,0.7725,1.0,0.37,88000,선물,"내구성, 크기",리바트,리바트 가구 1065,"리바트 가구 ??. ?? ??: 내구성, 크기, 디자인, 이사, 인테리어, 생활.",1568000,1196000,1637000,4.58,2907.0,1,naver_api,Y,Y,0.684,0.684
male,52,7540000.0,전문직,기혼,보수적,17000.0,초저가,생활용품,유한킴벌리,14,4,15,N,0,0.0,0.015977443609022556,1.0,0.9,0.0,0.11764705882352941,0.13333333333333333,0.2,0.39625,1.0,1.0,1064000,생활,"가격, 내구성",메가스터디,유한킴벌리 생활용품 1066,"유한킴벌리 생활용품 ??. ?? ??: 가격, 내구성, 용량, 생활, 청소, 가정.",17000,15000,15000,3.57,,1,image_estimate,Y,N,0.303,0.303
male,47,2220000.0,주부,기혼,진보적,229000.0,중저가,패션,COS,53,6,13,N,2,0.624113475177305,1.624113475177305,1.0,0.6666666666666666,1.0,0.0,0.12254901960784313,0.2,0.6025,1.0,0.6,141000,출근,"디자인, 착용감",COS,COS 패션 1067,"COS 패션 ??. ?? ??: 디자인, 착용감, 브랜드, 출근, 데이트, 여행.",229000,204000,229000,3.22,3080.0,4,naver_api,Y,Y,0.386,0.386
male,51,7480000.0,자영업,기혼,진보적,68000.0,저가,화장품,이니스프리,50,4,10,N,3,0.0,0.04197530864197531,1.0,0.9,1.0,0.0,0.11475409836065574,0.2,0.72125,1.0,0.52,1620000,선물,"성분, 가격",이니스프리,이니스프리 화장품 1068,"이니스프리 화장품 ??. ?? ??: 성분, 가격, 후기, 피부관리, 선물, 데일리.",68000,61000,68000,4.17,3561.0,4,naver_api,Y,Y,0.197,0.197
male,35,7870000.0,대기업직원,기혼,진보적,41000.0,저가,식품,동원,14,4,1,N,1,0.0,0.06710310965630115,0.0,0.9,0.0,0.14634146341463414,0.3225806451612903,0.2,0.4825,1.0,0.57,611000,선물,"가격, 신선도",한샘,동원 식품 1069,"동원 식품 ??. ?? ??: 가격, 신선도, 배송, 생활, 식사, 가족.",41000,31000,35000,4.26,,2,image_estimate,Y,N,0.508,0.508
male,32,4600000.0,사무직,미혼,진보적,758000.0,고가,명품,구찌,13,6,15,Y,4,1.0,3.0,1.0,0.6666666666666666,0.0,0.07519788918205805,0.07062146892655367,0.2,0.54125,1.0,0.52,183000,선물,"브랜드, 희소성",레노버,구찌 명품 1070,"구찌 명품 ??. ?? ??: 브랜드, 희소성, 디자인, 선물, 보상, 소장.",758000,708000,701000,4.73,,2,naver_api,Y,N,0.618,0.618
male,58,2400000.0,주부,미혼,진보적,54000.0,저가,교육,클래스101,9,0,11,N,3,0.0,0.11042944785276074,0.0,0.0,0.0,0.35185185185185186,0.2558139534883721,0.0,0.37375,1.0,0.57,489000,선물,"희소성, 감성",라네즈,클래스101 교육 1071,"클래스101 교육 ??. ?? ??: 강의품질, 가격, 커리큘럼, 공부, 취업, 자기계발.",54000,43000,35000,3.39,,0,user_input,Y,N,0.69,0.69
male,40,2360000.0,주부,미혼,보수적,420000.0,중저가,명품,프라다,47,7,17,N,6,0.45328719723183397,1.453287197231834,0.0,0.6666666666666666,1.0,0.0,0.34185303514376997,0.0,0.6623376279277908,1.0,0.019999999999999976,289000,소장,"브랜드, 희소성",프라다,프라다 명품 1072,"프라다 명품 ??. ?? ??: 브랜드, 희소성, 디자인, 선물, 보상, 소장.",420000,313000,420000,3.83,635.0,0,image_estimate,Y,Y,0.587,0.587
male,46,5250000.0,프리랜서,기혼,보수적,24000.0,초저가,생활용품,다이소,4,2,18,N,3,0.0,0.022684310018903593,1.0,0.0,1.0,0.125,0.4117647058823529,0.2,0.52875,1.0,1.0,1058000,청소,"희소성, 감성",다이소,다이소 생활용품 1073,"다이소 생활용품 ??. ?? ??: 가격, 내구성, 용량, 생활, 청소, 가정.",24000,17000,21000,4.63,,4,crawler,Y,N,0.371,0.371
female,58,9910000.0,전문직,미혼,진보적,137000.0,중저가,전자기기,소니,7,5,13,N,0,0.0,0.12309074573225516,0.0,0.9375,0.0,0.021897810218978103,0.12295081967213115,0.2,0.51125,1.0,0.37,1113000,콘텐츠,"성능, 배터리",센트룸,소니 전자기기 1074,"소니 전자기기 ??. ?? ??: 성능, 배터리, 휴대성, 업무, 공부, 게임, 콘텐츠.",137000,122000,134000,4.49,,3,user_input,Y,N,0.52,0.52
female,51,7680000.0,대기업직원,기혼,진보적,154000.0,중저가,전자기기,소니,56,3,13,N,1,0.0,0.15112855740922473,1.0,0.0,1.0,0.3181818181818182,0.3050847457627119,0.2,0.75875,1.0,0.87,1019000,게임,"희소성, 감성",소니,소니 전자기기 1075,"소니 전자기기 ??. ?? ??: 성능, 배터리, 휴대성, 업무, 공부, 게임, 콘텐츠.",154000,118000,105000,4.47,3497.0,4,crawler,Y,Y,0.412,0.412
male,46,2170000.0,주부,미혼,진보적,1102000.0,고가,건강관리,센트룸,43,6,13,Y,8,1.0,3.0,0.0,0.0,0.0,0.07441016333938294,0.049523809523809526,0.2,0.7575000000000001,1.0,0.44999999999999996,365000,회복,"희소성, 감성",다이소,센트룸 건강관리 1076,"센트룸 건강관리 ??. ?? ??: 성분, 후기, 안전성, 건강, 부모님, 회복.",1102000,1050000,1020000,4.46,1322.0,4,manual,Y,Y,0.863,0.863
male,23,630000.0,학생,미혼,진보적,3235000.0,초고가,가구,리바트,44,60,9,Y,44,1.0,3.0,0.0,0.0,0.0,0.27758887171561053,0.15659635323560958,0.2,0.69875,1.0,0.37,135000,유행,"희소성, 감성",대한항공,리바트 가구 1077,"리바트 가구 ??. ?? ??: 내구성, 크기, 디자인, 이사, 인테리어, 생활.",3235000,2797000,2337000,3.99,2194.0,2,user_input,Y,Y,0.881,0.881
male,50,10050000.0,전문직,기혼,보수적,391000.0,중저가,여행,대한항공,53,0,13,N,1,0.0,0.1814385150812065,0.0,0.9,1.0,0.13810741687979539,0.03713527851458886,0.2,0.675,1.0,0.09999999999999998,2155000,기념일,"가격, 일정",대한항공,대한항공 여행 1078,"대한항공 여행 ??. ?? ??: 가격, 일정, 숙소, 휴식, 가족, 기념일.",391000,377000,337000,3.8,3155.0,2,manual,Y,Y,0.459,0.459
male,65,3710000.0,은퇴자,기혼,보수적,47000.0,저가,건강관리,종근당,5,5,2,N,1,0.0,0.0611183355006502,0.0,0.0,0.0,0.3191489361702128,0.38235294117647056,0.2,0.40875,1.0,0.44999999999999996,769000,휴식,"희소성, 감성",ZARA,종근당 건강관리 1079,"종근당 건강관리 ??. ?? ??: 성분, 후기, 안전성, 건강, 부모님, 회복.",47000,34000,32000,3.67,,3,crawler,Y,N,0.687,0.687
male,43,4110000.0,프리랜서,미혼,진보적,69000.0,저가,패션,ZARA,2,3,22,N,1,0.0,0.09067017082785808,1.0,0.6666666666666666,1.0,0.30434782608695654,0.09523809523809523,0.2,0.48000000000000004,1.0,0.6,761000,출근,"디자인, 착용감",ZARA,ZARA 패션 1080,"ZARA 패션 ??. ?? ??: 디자인, 착용감, 브랜드, 출근, 데이트, 여행.",69000,63000,48000,4.24,,4,user_input,Y,N,0.329,0.329
male,30,4520000.0,프리랜서,미혼,진보적,101000.0,중저가,교육,메가스터디,11,1,2,N,0,0.0,0.17688266199649738,1.0,0.0,0.0,0.1188118811881188,0.27848101265822783,0.2,0.1875,0.75,1.0,571000,취업,"희소성, 감성",오뚜기,메가스터디 교육 1081,"메가스터디 교육 ??. ?? ??: 강의품질, 가격, 커리큘럼, 공부, 취업, 자기계발.",101000,79000,89000,,,1,image_estimate,N,N,0.476,0.476
female,28,1240000.0,취업준비생,미혼,진보적,766000.0,고가,건강관리,종근당,5,8,18,Y,8,1.0,2.890566037735849,1.0,0.0,0.0,0.0,0.22169059011164274,0.2,0.47875000000000006,1.0,0.95,265000,건강,"희소성, 감성",샤넬,종근당 건강관리 1082,"종근당 건강관리 ??. ?? ??: 성분, 후기, 안전성, 건강, 부모님, 회복.",766000,627000,800000,4.23,,2,user_input,Y,N,0.676,0.676
female,48,6690000.0,자영업,미혼,보수적,13000.0,초저가,화장품,설화수,15,2,18,N,2,0.0,0.013771186440677966,1.0,0.9,1.0,0.15384615384615385,0.08333333333333333,0.0,0.1875,0.75,0.52,944000,피부관리,"성분, 가격",설화수,설화수 화장품 1083,"설화수 화장품 ??. ?? ??: 성분, 가격, 후기, 피부관리, 선물, 데일리.",13000,12000,11000,,,0,naver_api,N,N,0.236,0.236
female,20,880000.0,학생,미혼,보수적,229000.0,중저가,여행,마이리얼트립,2,6,10,Y,3,1.0,2.5444444444444443,0.0,0.0,1.0,0.026200873362445413,0.3236994219653179,0.2,0.4825,1.0,0.09999999999999998,90000,기념일,"희소성, 감성",마이리얼트립,마이리얼트립 여행 1084,"마이리얼트립 여행 ??. ?? ??: 가격, 일정, 숙소, 휴식, 가족, 기념일.",229000,173000,223000,4.26,,1,image_estimate,Y,N,0.798,0.798
male,69,3780000.0,은퇴자,기혼,진보적,44000.0,저가,식품,오뚜기,44,4,13,N,2,0.0,0.11253196930946291,1.0,0.9,0.0,0.38636363636363635,0.1891891891891892,0.2,0.6131775728005957,1.0,1.0,391000,생활,"가격, 신선도",한샘,오뚜기 식품 1085,"오뚜기 식품 ??. ?? ??: 가격, 신선도, 배송, 생활, 식사, 가족.",44000,37000,27000,3.52,476.0,2,naver_api,Y,Y,0.323,0.323
female,22,510000.0,학생,미혼,보수적,4950000.0,초고가,전자기기,삼성,48,60,21,Y,60,1.0,3.0,1.0,0.9375,0.0,0.2474747474747475,0.26566095627716696,0.2,0.6979590690279316,1.0,0.87,73000,게임,"성능, 배터리",리바트,삼성 전자기기 1086,"삼성 전자기기 ??. ?? ??: 성능, 배터리, 휴대성, 업무, 공부, 게임, 콘텐츠.",4950000,3911000,3725000,4.06,768.0,3,user_input,Y,Y,0.547,0.547
female,38,5710000.0,자영업,미혼,보수적,1043000.0,고가,가구,한샘,8,7,14,Y,3,1.0,2.4312354312354314,0.0,0.0,1.0,0.3336529242569511,0.13246471226927253,0.2,0.1875,0.75,0.37,429000,유행,"희소성, 감성",한샘,한샘 가구 1087,"한샘 가구 ??. ?? ??: 내구성, 크기, 디자인, 이사, 인테리어, 생활.",1043000,921000,695000,,,2,user_input,N,N,0.843,0.843
female,24,1220000.0,취업준비생,미혼,진보적,31000.0,저가,패션,아디다스,42,5,15,N,0,0.0,0.14553990610328638,0.0,0.0,0.0,0.16129032258064516,0.10714285714285714,0.2,0.65125,1.0,0.09999999999999998,213000,휴식,"희소성, 감성",유한킴벌리,아디다스 패션 1088,"아디다스 패션 ??. ?? ??: 디자인, 착용감, 브랜드, 출근, 데이트, 여행.",31000,28000,26000,3.61,2689.0,3,user_input,Y,Y,0.661,0.661
female,45,3350000.0,주부,기혼,진보적,118000.0,중저가,전자기기,삼성,16,2,10,N,1,0.0,0.7612903225806451,0.0,0.0,1.0,0.0,0.04424778761061947,0.2,0.5162500000000001,1.0,0.37,155000,휴식,"희소성, 감성",삼성,삼성 전자기기 1089,"삼성 전자기기 ??. ?? ??: 성능, 배터리, 휴대성, 업무, 공부, 게임, 콘텐츠.",118000,113000,123000,4.53,,2,manual,Y,N,0.566,0.566
male,53,11270000.0,전문직,기혼,보수적,2437000.0,초고가,전자기기,LG,31,5,0,Y,4,0.5804150453955901,1.58041504539559,0.0,0.0,0.0,0.15880180549856382,0.10471441523118767,0.2,0.6055359776462785,1.0,0.37,1542000,선물,"희소성, 감성",라네즈,LG 전자기기 1090,"LG 전자기기 ??. ?? ??: 성능, 배터리, 휴대성, 업무, 공부, 게임, 콘텐츠.",2437000,2206000,2050000,3.61,282.0,2,naver_api,Y,Y,0.805,0.805
female,54,5640000.0,공무원,기혼,진보적,823000.0,고가,전자기기,LG,40,7,15,Y,2,0.5706106870229009,1.5706106870229009,0.0,0.0,1.0,0.2891859052247874,0.3580858085808581,0.2,0.6375,1.0,0.37,524000,소장,"희소성, 감성",LG,LG 전자기기 1091,"LG 전자기기 ??. ?? ??: 성능, 배터리, 휴대성, 업무, 공부, 게임, 콘텐츠.",823000,606000,585000,,2171.0,4,image_estimate,N,Y,0.762,0.762
male,68,2470000.0,은퇴자,기혼,진보적,133000.0,중저가,화장품,설화수,38,3,14,N,1,0.0,0.35092348284960423,0.0,0.0,0.0,0.0,0.33,0.2,0.6296146245286818,1.0,0.019999999999999976,379000,소장,"희소성, 감성",오뚜기,설화수 화장품 1092,"설화수 화장품 ??. ?? ??: 성분, 가격, 후기, 피부관리, 선물, 데일리.",133000,100000,134000,,804.0,2,image_estimate,N,Y,0.677,0.677
male,32,2590000.0,주부,기혼,진보적,14000.0,초저가,생활용품,3M,41,0,10,N,3,0.0,0.0340632603406326,0.0,0.0,1.0,0.2857142857142857,0.07692307692307693,0.2,0.6837500000000001,1.0,0.57,411000,소장,"희소성, 감성",3M,3M 생활용품 1093,"3M 생활용품 ??. ?? ??: 가격, 내구성, 용량, 생활, 청소, 가정.",14000,13000,10000,3.87,2982.0,3,manual,Y,Y,0.578,0.578
female,37,3930000.0,사무직,기혼,보수적,795000.0,고가,전자기기,애플,46,6,14,Y,5,0.0,0.9386068476977568,1.0,0.9375,1.0,0.16352201257861634,0.19011976047904192,0.0,0.7637499999999999,1.0,0.87,847000,공부,"성능, 배터리",애플,애플 전자기기 1094,"애플 전자기기 ??. ?? ??: 성능, 배터리, 휴대성, 업무, 공부, 게임, 콘텐츠.",795000,668000,665000,4.51,3487.0,0,crawler,Y,Y,0.196,0.196
female,27,8970000.0,대기업직원,미혼,진보적,13000.0,초저가,화장품,설화수,46,5,11,N,1,0.0,0.013118062563067608,1.0,0.0,0.0,0.0,0.3,0.2,0.6375,1.0,0.52,991000,선물,"희소성, 감성",마이리얼트립,설화수 화장품 1095,"설화수 화장품 ??. ?? ??: 성분, 가격, 후기, 피부관리, 선물, 데일리.",13000,10000,13000,,3306.0,1,naver_api,N,Y,0.453,0.453
female,24,590000.0,학생,미혼,진보적,4075000.0,초고가,여행,대한항공,33,60,21,Y,57,1.0,3.0,0.0,0.9,0.0,0.0912883435582822,0.028520949015648663,0.2,0.5543256297735927,1.0,0.09999999999999998,57000,기념일,"가격, 일정",구찌,대한항공 여행 1096,"대한항공 여행 ??. ?? ??: 가격, 일정, 숙소, 휴식, 가족, 기념일.",4075000,3962000,3703000,3.85,29.0,1,manual,Y,Y,0.745,0.745
male,42,10050000.0,전문직,기혼,진보적,299000.0,중저가,교육,메가스터디,46,2,3,N,1,0.0,0.1401781528363807,1.0,0.0,0.0,0.3177257525083612,0.2943722943722944,0.2,0.7024999999999999,1.0,1.0,2133000,취업,"희소성, 감성",설화수,메가스터디 교육 1097,"메가스터디 교육 ??. ?? ??: 강의품질, 가격, 커리큘럼, 공부, 취업, 자기계발.",299000,231000,204000,4.02,1712.0,3,crawler,Y,Y,0.471,0.471
female,70,2510000.0,은퇴자,기혼,보수적,27000.0,초저가,화장품,설화수,9,4,19,N,4,0.0,0.06108597285067873,0.0,0.9,1.0,0.037037037037037035,0.17391304347826086,0.2,0.1875,0.75,0.019999999999999976,442000,소장,"성분, 가격",설화수,설화수 화장품 1098,"설화수 화장품 ??. ?? ??: 성분, 가격, 후기, 피부관리, 선물, 데일리.",27000,23000,26000,,,3,crawler,N,N,0.42,0.42
male,48,2640000.0,주부,기혼,진보적,196000.0,중저가,가구,한샘,46,5,18,N,3,0.0,0.3691148775894539,1.0,0.0,1.0,0.33163265306122447,0.11363636363636363,0.2,0.6375,1.0,0.87,531000,이사,"희소성, 감성",한샘,한샘 가구 1099,"한샘 가구 ??. ?? ??: 내구성, 크기, 디자인, 이사, 인테리어, 생활.",196000,176000,131000,,2358.0,2,image_estimate,N,Y,0.388,0.388
male,69,3440000.0,은퇴자,미혼,진보적,57000.0,저가,생활용품,다이소,3,1,19,N,4,0.0,0.10477941176470588,1.0,0.9,0.0,0.08771929824561403,0.05555555555555555,0.2,0.5149999999999999,1.0,1.0,544000,생활,"가격, 내구성",종근당,다이소 생활용품 1100,"다이소 생활용품 ??. ?? ??: 가격, 내구성, 용량, 생활, 청소, 가정.",57000,54000,52000,4.52,,1,image_estimate,Y,N,0.269,0.269
male,30,930000.0,취업준비생,기혼,보수적,6035000.0,초고가,명품,샤넬,44,60,9,Y,55,1.0,3.0,1.0,0.6666666666666666,0.0,0.0,0.030566939890710382,0.2,0.8087500000000001,1.0,0.52,72000,선물,"브랜드, 희소성",애플,샤넬 명품 1101,"샤넬 명품 ??. ?? ??: 브랜드, 희소성, 디자인, 선물, 보상, 소장.",6035000,5856000,6468000,4.87,1992.0,2,crawler,Y,Y,0.575,0.575
female,70,2730000.0,은퇴자,미혼,진보적,1541000.0,고가,가구,리바트,15,7,1,Y,7,1.0,3.0,1.0,0.6666666666666666,0.0,0.372485399091499,0.3820627802690583,0.2,0.1875,0.75,0.87,513000,인테리어,"내구성, 크기",이케아,리바트 가구 1102,"리바트 가구 ??. ?? ??: 내구성, 크기, 디자인, 이사, 인테리어, 생활.",1541000,1115000,967000,,,2,crawler,N,N,0.622,0.622
male,40,3390000.0,사무직,기혼,진보적,1115000.0,고가,건강관리,종근당,47,6,9,Y,5,1.0,3.0,1.0,0.0,1.0,0.0,0.3086854460093897,0.0,0.60375,1.0,0.95,107000,건강,"희소성, 감성",종근당,종근당 건강관리 1103,"종근당 건강관리 ??. ?? ??: 성분, 후기, 안전성, 건강, 부모님, 회복.",1115000,852000,1181000,3.23,1107.0,0,manual,Y,Y,0.557,0.557
male,46,3420000.0,사무직,기혼,보수적,598000.0,고가,명품,프라다,48,3,13,Y,5,1.0,3.0,0.0,0.3333333333333333,0.0,0.0,0.04912280701754386,0.0,0.61375,1.0,0.019999999999999976,115000,소장,"희소성, 감성",이케아,프라다 명품 1104,"프라다 명품 ??. ?? ??: 브랜드, 희소성, 디자인, 선물, 보상, 소장.",598000,570000,609000,3.31,2422.0,0,manual,Y,Y,0.836,0.836
male,50,4850000.0,자영업,미혼,보수적,18000.0,초저가,생활용품,3M,5,0,18,N,1,0.0,0.07692307692307693,0.0,0.9,1.0,0.0,0.125,0.2,0.385,1.0,0.57,234000,소장,"가격, 내구성",3M,3M 생활용품 1105,"3M 생활용품 ??. ?? ??: 가격, 내구성, 용량, 생활, 청소, 가정.",18000,16000,19000,3.48,,1,manual,Y,N,0.391,0.391
male,38,7450000.0,대기업직원,기혼,보수적,73000.0,저가,건강관리,정관장,32,2,15,N,2,0.0,0.04682488774855677,0.0,0.6666666666666666,1.0,0.0,0.12307692307692308,0.2,0.615098095416708,1.0,0.44999999999999996,1559000,유행,"성분, 후기",정관장,정관장 건강관리 1106,"정관장 건강관리 ??. ?? ??: 성분, 후기, 안전성, 건강, 부모님, 회복.",73000,65000,78000,3.52,502.0,2,naver_api,Y,Y,0.41,0.41
male,36,4780000.0,사무직,미혼,진보적,3947000.0,초고가,여행,마이리얼트립,3,11,0,Y,10,1.0,3.0,0.0,0.9,1.0,0.3020015201418799,0.12067007382169222,0.2,0.50875,1.0,0.09999999999999998,617000,기념일,"가격, 일정",마이리얼트립,마이리얼트립 여행 1107,"마이리얼트립 여행 ??. ?? ??: 가격, 일정, 숙소, 휴식, 가족, 기념일.",3947000,3522000,2755000,4.47,,3,crawler,Y,N,0.722,0.722
male,70,2730000.0,은퇴자,미혼,진보적,369000.0,중저가,건강관리,종근당,5,2,18,N,5,1.0,2.0274725274725274,0.0,0.0,0.0,0.3712737127371274,0.24662162162162163,0.2,0.5549999999999999,1.0,0.44999999999999996,182000,소장,"희소성, 감성",LG,종근당 건강관리 1108,"종근당 건강관리 ??. ?? ??: 성분, 후기, 안전성, 건강, 부모님, 회복.",369000,296000,232000,4.84,,4,image_estimate,Y,N,0.921,0.921
male,29,8600000.0,대기업직원,미혼,보수적,1207000.0,고가,교육,메가스터디,40,4,9,Y,5,0.3148148148148149,1.3148148148148149,0.0,0.9,1.0,0.3140016570008285,0.2316326530612245,0.0,0.6112500000000001,1.0,0.57,918000,자기계발,"강의품질, 가격",메가스터디,메가스터디 교육 1109,"메가스터디 교육 ??. ?? ??: 강의품질, 가격, 커리큘럼, 공부, 취업, 자기계발.",1207000,980000,828000,3.29,1312.0,0,user_input,Y,Y,0.482,0.482
male,61,7040000.0,자영업,기혼,보수적,29000.0,초저가,화장품,이니스프리,47,5,18,N,2,0.0,0.07196029776674938,0.0,0.9,0.0,0.20689655172413793,0.2608695652173913,0.0,0.6375,1.0,0.019999999999999976,403000,데일리,"성분, 가격",CJ,이니스프리 화장품 1110,"이니스프리 화장품 ??. ?? ??: 성분, 가격, 후기, 피부관리, 선물, 데일리.",29000,23000,23000,,1332.0,0,manual,N,Y,0.507,0.507
male,33,2370000.0,주부,기혼,보수적,671000.0,고가,명품,샤넬,44,4,17,Y,4,1.0,3.0,1.0,0.6666666666666666,0.0,0.2488822652757079,0.19607843137254902,0.2,0.7150000000000001,1.0,0.52,79000,보상,"브랜드, 희소성",클래스101,샤넬 명품 1111,"샤넬 명품 ??. ?? ??: 브랜드, 희소성, 디자인, 선물, 보상, 소장.",671000,561000,504000,4.12,3384.0,1,crawler,Y,Y,0.607,0.607
male,34,4680000.0,자영업,미혼,진보적,3565000.0,초고가,명품,루이비통,40,14,18,Y,9,1.0,3.0,1.0,0.3333333333333333,1.0,0.0,0.12036455059710874,0.2,0.6375,1.0,0.52,749000,보상,"희소성, 감성",루이비통,루이비통 명품 1112,"루이비통 명품 ??. ?? ??: 브랜드, 희소성, 디자인, 선물, 보상, 소장.",3565000,3182000,3574000,,2607.0,1,naver_api,N,Y,0.568,0.568
male,24,940000.0,학생,미혼,보수적,2249000.0,초고가,전자기기,레노버,7,31,9,Y,21,1.0,3.0,0.0,0.9375,1.0,0.32192085371276125,0.19120762711864406,0.2,0.4475,1.0,0.37,73000,휴식,"성능, 배터리",레노버,레노버 전자기기 1113,"레노버 전자기기 ??. ?? ??: 성능, 배터리, 휴대성, 업무, 공부, 게임, 콘텐츠.",2249000,1888000,1525000,3.98,,1,user_input,Y,N,0.705,0.705
female,23,690000.0,학생,기혼,진보적,46000.0,저가,교육,클래스101,31,0,1,N,2,0.0,0.3129251700680272,0.0,0.9,0.0,0.13043478260869565,0.21052631578947367,0.2,0.7009260570031391,1.0,0.57,147000,자기계발,"강의품질, 가격",CJ,클래스101 교육 1114,"클래스101 교육 ??. ?? ??: 강의품질, 가격, 커리큘럼, 공부, 취업, 자기계발.",46000,38000,40000,4.32,339.0,4,user_input,Y,Y,0.507,0.507
male,47,4050000.0,프리랜서,기혼,진보적,1498000.0,고가,가구,이케아,38,8,2,Y,7,1.0,2.008042895442359,0.0,0.0,0.0,0.07142857142857142,0.21986970684039087,0.2,0.6950000000000001,1.0,0.37,746000,유행,"희소성, 감성",한샘,이케아 가구 1115,"이케아 가구 ??. ?? ??: 내구성, 크기, 디자인, 이사, 인테리어, 생활.",1498000,1228000,1391000,3.96,1144.0,1,image_estimate,Y,Y,0.892,0.892
female,60,2900000.0,주부,기혼,보수적,86000.0,저가,패션,나이키,42,2,13,N,4,0.0,0.19369369369369369,0.0,0.6666666666666666,1.0,0.3023255813953488,0.075,0.2,0.7618439052785686,1.0,0.09999999999999998,444000,유행,"디자인, 착용감",나이키,나이키 패션 1116,"나이키 패션 ??. ?? ??: 디자인, 착용감, 브랜드, 출근, 데이트, 여행.",86000,80000,60000,4.56,798.0,3,image_estimate,Y,Y,0.487,0.487
female,28,590000.0,학생,미혼,보수적,289000.0,중저가,교육,클래스101,8,8,11,Y,5,1.0,3.0,1.0,0.9,0.0,0.3771626297577855,0.34418604651162793,0.0,0.45375000000000004,1.0,1.0,61000,취업,"강의품질, 가격",삼성,클래스101 교육 1117,"클래스101 교육 ??. ?? ??: 강의품질, 가격, 커리큘럼, 공부, 취업, 자기계발.",289000,215000,180000,4.03,,0,naver_api,Y,N,0.55,0.55
male,42,3470000.0,프리랜서,기혼,진보적,28000.0,초저가,생활용품,유한킴벌리,44,3,12,N,2,0.0,0.21374045801526717,1.0,0.9,0.0,0.0,0.037037037037037035,0.0,0.68875,1.0,1.0,131000,청소,"가격, 내구성",설화수,유한킴벌리 생활용품 1118,"유한킴벌리 생활용품 ??. ?? ??: 가격, 내구성, 용량, 생활, 청소, 가정.",28000,27000,30000,3.91,1959.0,0,manual,Y,Y,0.253,0.253
female,33,5410000.0,대기업직원,미혼,보수적,3602000.0,초고가,명품,샤넬,8,13,13,Y,6,1.0,3.0,0.0,0.3333333333333333,0.0,0.09466962798445308,0.02562642369020501,0.2,0.5137499999999999,1.0,0.019999999999999976,297000,휴식,"희소성, 감성",레노버,샤넬 명품 1119,"샤넬 명품 ??. ?? ??: 브랜드, 희소성, 디자인, 선물, 보상, 소장.",3602000,3512000,3261000,4.51,,1,crawler,Y,N,0.843,0.843
male,26,3430000.0,프리랜서,미혼,보수적,929000.0,고가,패션,아디다스,55,9,10,Y,4,0.32904148783977116,1.3290414878397712,1.0,0.6666666666666666,0.0,0.16576964477933262,0.2691256830601093,0.2,0.6725,1.0,0.6,699000,출근,"디자인, 착용감",마이리얼트립,아디다스 패션 1120,"아디다스 패션 ??. ?? ??: 디자인, 착용감, 브랜드, 출근, 데이트, 여행.",929000,732000,775000,3.78,3646.0,3,naver_api,Y,Y,0.441,0.441
female,33,880000.0,취업준비생,기혼,보수적,108000.0,중저가,건강관리,종근당,11,6,16,N,4,0.0,0.7152317880794702,1.0,0.6666666666666666,0.0,0.018518518518518517,0.3333333333333333,0.2,0.1875,0.75,0.95,151000,부모님,"성분, 후기",프라다,종근당 건강관리 1121,"종근당 건강관리 ??. ?? ??: 성분, 후기, 안전성, 건강, 부모님, 회복.",108000,81000,106000,,,1,crawler,N,N,0.379,0.379
female,52,4490000.0,공무원,기혼,보수적,893000.0,고가,전자기기,레노버,28,3,21,Y,3,0.0,0.9550802139037433,1.0,0.9375,1.0,0.3404255319148936,0.07980652962515115,0.0,0.582153481135385,1.0,0.87,935000,공부,"성능, 배터리",레노버,레노버 전자기기 1122,"레노버 전자기기 ??. ?? ??: 성능, 배터리, 휴대성, 업무, 공부, 게임, 콘텐츠.",893000,827000,589000,4.19,19.0,0,manual,Y,Y,0.261,0.261
male,54,3160000.0,사무직,기혼,진보적,51000.0,저가,생활용품,유한킴벌리,12,3,9,N,2,0.0,0.08471760797342193,1.0,0.0,0.0,0.2549019607843137,0.3076923076923077,0.2,0.3575,1.0,1.0,602000,청소,"희소성, 감성",라네즈,유한킴벌리 생활용품 1123,"유한킴벌리 생활용품 ??. ?? ??: 가격, 내구성, 용량, 생활, 청소, 가정.",51000,39000,38000,3.26,,1,manual,Y,N,0.465,0.465
female,63,2980000.0,은퇴자,기혼,진보적,299000.0,중저가,교육,패스트캠퍼스,5,4,18,N,1,0.8231707317073171,1.8231707317073171,0.0,0.0,1.0,0.2709030100334448,0.14559386973180077,0.2,0.1875,0.75,0.57,164000,자기계발,"희소성, 감성",패스트캠퍼스,패스트캠퍼스 교육 1124,"패스트캠퍼스 교육 ??. ?? ??: 강의품질, 가격, 커리큘럼, 공부, 취업, 자기계발.",299000,261000,218000,,,3,user_input,N,N,0.775,0.775
male,52,2740000.0,주부,기혼,진보적,218000.0,중저가,여행,하나투어,41,5,20,N,2,0.0,0.47702407002188185,1.0,0.9,0.0,0.24311926605504589,0.11794871794871795,0.0,0.6375,1.0,0.6,457000,가족,"가격, 일정",설화수,하나투어 여행 1125,"하나투어 여행 ??. ?? ??: 가격, 일정, 숙소, 휴식, 가족, 기념일.",218000,195000,165000,,3329.0,0,user_input,N,Y,0.334,0.334
female,41,5630000.0,사무직,기혼,진보적,1211000.0,고가,가구,한샘,48,6,22,Y,3,1.0,3.0,1.0,0.0,0.0,0.305532617671346,0.2122122122122122,0.0,0.7550000000000001,1.0,0.87,361000,인테리어,"희소성, 감성",소니,한샘 가구 1126,"한샘 가구 ??. ?? ??: 내구성, 크기, 디자인, 이사, 인테리어, 생활.",1211000,999000,841000,4.44,3939.0,0,naver_api,Y,Y,0.696,0.696
male,53,9630000.0,대기업직원,기혼,보수적,1020000.0,고가,패션,COS,45,4,14,Y,0,0.0,0.5368421052631579,0.0,0.0,0.0,0.0,0.33682830930537355,0.2,0.74125,1.0,0.09999999999999998,1900000,유행,"희소성, 감성",한샘,COS 패션 1127,"COS 패션 ??. ?? ??: 디자인, 착용감, 브랜드, 출근, 데이트, 여행.",1020000,763000,1088000,4.33,2973.0,3,image_estimate,Y,Y,0.671,0.671
female,34,5390000.0,프리랜서,기혼,진보적,36000.0,저가,패션,ZARA,11,1,15,N,4,0.0,0.03302752293577982,1.0,0.0,0.0,0.05555555555555555,0.2413793103448276,0.2,0.1875,0.75,0.6,1090000,출근,"희소성, 감성",애플,ZARA 패션 1128,"ZARA 패션 ??. ?? ??: 디자인, 착용감, 브랜드, 출근, 데이트, 여행.",36000,29000,34000,,,4,manual,N,N,0.476,0.476
male,49,9700000.0,대기업직원,미혼,보수적,823000.0,고가,여행,하나투어,9,1,0,Y,1,0.05377720870678626,1.0537772087067863,1.0,0.9,0.0,0.2077764277035237,0.06330749354005168,0.2,0.42,1.0,0.6,781000,휴식,"가격, 일정",루이비통,하나투어 여행 1129,"하나투어 여행 ??. ?? ??: 가격, 일정, 숙소, 휴식, 가족, 기념일.",823000,774000,652000,3.76,,2,user_input,Y,N,0.38,0.38
male,53,2360000.0,주부,기혼,진보적,354000.0,중저가,화장품,이니스프리,9,4,11,N,2,0.0,0.7763157894736842,0.0,0.9,1.0,0.23163841807909605,0.33584905660377357,0.2,0.4325,1.0,0.019999999999999976,456000,유행,"성분, 가격",이니스프리,이니스프리 화장품 1130,"이니스프리 화장품 ??. ?? ??: 성분, 가격, 후기, 피부관리, 선물, 데일리.",354000,265000,272000,3.86,,1,image_estimate,Y,N,0.484,0.484
female,60,2620000.0,은퇴자,기혼,진보적,335000.0,중저가,교육,메가스터디,40,3,21,N,1,0.0,0.8333333333333334,0.0,0.0,0.0,0.20597014925373133,0.1672473867595819,0.2,0.7949999999999999,1.0,0.57,402000,선물,"희소성, 감성",3M,메가스터디 교육 1131,"메가스터디 교육 ??. ?? ??: 강의품질, 가격, 커리큘럼, 공부, 취업, 자기계발.",335000,287000,266000,4.76,2771.0,3,image_estimate,Y,Y,0.642,0.642
male,40,8580000.0,전문직,기혼,보수적,197000.0,중저가,교육,메가스터디,38,2,17,N,4,0.0,0.17844202898550723,0.0,0.9,1.0,0.2233502538071066,0.16568047337278108,0.2,0.6002976826447739,1.0,0.57,1104000,유행,"강의품질, 가격",메가스터디,메가스터디 교육 1132,"메가스터디 교육 ??. ?? ??: 강의품질, 가격, 커리큘럼, 공부, 취업, 자기계발.",197000,169000,153000,3.21,974.0,4,image_estimate,Y,Y,0.411,0.411
female,34,3370000.0,프리랜서,기혼,보수적,2679000.0,초고가,명품,구찌,3,11,17,Y,8,1.0,3.0,1.0,0.3333333333333333,0.0,0.11310190369540873,0.34623115577889446,0.2,0.1875,0.75,0.52,635000,선물,"희소성, 감성",나이키,구찌 명품 1133,"구찌 명품 ??. ?? ??: 브랜드, 희소성, 디자인, 선물, 보상, 소장.",2679000,1990000,2376000,,,1,user_input,N,N,0.694,0.694
female,22,580000.0,학생,미혼,진보적,12000.0,초저가,식품,오뚜기,35,2,14,N,1,0.0,0.1791044776119403,0.0,0.0,1.0,0.08333333333333333,0.09090909090909091,0.2,0.6363017358764647,1.0,0.57,67000,소장,"희소성, 감성",오뚜기,오뚜기 식품 1134,"오뚜기 식품 ??. ?? ??: 가격, 신선도, 배송, 생활, 식사, 가족.",12000,11000,11000,4.32,56.0,2,manual,Y,Y,0.518,0.518
male,23,910000.0,학생,미혼,보수적,1151000.0,고가,건강관리,센트룸,42,17,2,Y,12,1.0,3.0,0.0,0.6666666666666666,0.0,0.0738488271068636,0.3493552168815944,0.2,0.73,1.0,0.44999999999999996,178000,회복,"성분, 후기",메가스터디,센트룸 건강관리 1135,"센트룸 건강관리 ??. ?? ??: 성분, 후기, 안전성, 건강, 부모님, 회복.",1151000,853000,1066000,4.24,2556.0,4,image_estimate,Y,Y,0.776,0.776
male,55,8510000.0,대기업직원,미혼,진보적,31000.0,저가,패션,나이키,48,1,14,N,2,0.0,0.020012911555842477,0.0,0.6666666666666666,1.0,0.03225806451612903,0.06896551724137931,0.2,0.7787963139313487,1.0,0.09999999999999998,1549000,소장,"디자인, 착용감",나이키,나이키 패션 1136,"나이키 패션 ??. ?? ??: 디자인, 착용감, 브랜드, 출근, 데이트, 여행.",31000,29000,30000,4.7,786.0,2,naver_api,Y,Y,0.437,0.437
male,26,1200000.0,취업준비생,기혼,보수적,125000.0,중저가,교육,클래스101,46,6,17,N,5,0.7605633802816902,1.7605633802816902,0.0,0.0,0.0,0.28,0.12612612612612611,0.2,0.6375,1.0,0.57,71000,소장,"희소성, 감성",센트룸,클래스101 교육 1137,"클래스101 교육 ??. ?? ??: 강의품질, 가격, 커리큘럼, 공부, 취업, 자기계발.",125000,111000,90000,,3278.0,2,crawler,N,Y,0.816,0.816
female,49,3480000.0,주부,미혼,진보적,895000.0,고가,교육,메가스터디,42,3,22,Y,3,1.0,3.0,0.0,0.0,1.0,0.0033519553072625698,0.11457036114570361,0.2,0.6387499999999999,1.0,0.57,276000,자기계발,"희소성, 감성",메가스터디,메가스터디 교육 1138,"메가스터디 교육 ??. ?? ??: 강의품질, 가격, 커리큘럼, 공부, 취업, 자기계발.",895000,803000,892000,3.51,3751.0,1,crawler,Y,Y,0.782,0.782
female,60,5980000.0,공무원,미혼,보수적,660000.0,고가,패션,나이키,52,4,14,Y,4,0.0,0.7333333333333333,1.0,0.6666666666666666,1.0,0.1787878787878788,0.23134328358208955,0.2,0.6375,1.0,0.6,900000,출근,"디자인, 착용감",나이키,나이키 패션 1139,"나이키 패션 ??. ?? ??: 디자인, 착용감, 브랜드, 출근, 데이트, 여행.",660000,536000,542000,,2979.0,4,naver_api,N,Y,0.29,0.29
male,60,3480000.0,은퇴자,기혼,진보적,60000.0,저가,화장품,라네즈,44,3,10,N,4,0.0,0.20689655172413793,1.0,0.9,1.0,0.11666666666666667,0.15384615384615385,0.2,0.6637500000000001,1.0,0.52,290000,피부관리,"성분, 가격",라네즈,라네즈 화장품 1140,"라네즈 화장품 ??. ?? ??: 성분, 가격, 후기, 피부관리, 선물, 데일리.",60000,52000,53000,3.71,2738.0,1,crawler,Y,Y,0.245,0.245
male,56,3820000.0,공무원,기혼,진보적,208000.0,중저가,교육,패스트캠퍼스,48,2,10,N,3,0.0,0.5576407506702413,1.0,0.9,0.0,0.0,0.050505050505050504,0.2,0.6125,1.0,1.0,373000,취업,"강의품질, 가격",프라다,패스트캠퍼스 교육 1141,"패스트캠퍼스 교육 ??. ?? ??: 강의품질, 가격, 커리큘럼, 공부, 취업, 자기계발.",208000,198000,219000,3.3,1254.0,4,crawler,Y,Y,0.271,0.271
female,61,2060000.0,은퇴자,미혼,진보적,157000.0,중저가,가구,리바트,40,2,11,N,0,0.0,0.5376712328767124,0.0,0.6666666666666666,1.0,0.20382165605095542,0.3305084745762712,0.2,0.8,1.0,0.37,292000,생활,"내구성, 크기",리바트,리바트 가구 1142,"리바트 가구 ??. ?? ??: 내구성, 크기, 디자인, 이사, 인테리어, 생활.",157000,118000,125000,4.8,1850.0,2,manual,Y,Y,0.46,0.46
male,41,3580000.0,사무직,기혼,진보적,1029000.0,고가,건강관리,센트룸,37,6,12,Y,7,1.0,3.0,0.0,0.0,0.0,0.0,0.23529411764705882,0.2,0.6267631250507513,1.0,0.44999999999999996,203000,선물,"희소성, 감성",유한킴벌리,센트룸 건강관리 1143,"센트룸 건강관리 ??. ?? ??: 성분, 후기, 안전성, 건강, 부모님, 회복.",1029000,833000,1076000,,743.0,1,image_estimate,N,Y,0.849,0.849
male,72,3640000.0,은퇴자,미혼,진보적,17000.0,초저가,생활용품,다이소,53,2,22,N,1,0.0,0.03944315545243619,0.0,0.9,0.0,0.058823529411764705,0.21428571428571427,0.2,0.6375,1.0,0.57,431000,유행,"가격, 내구성",패스트캠퍼스,다이소 생활용품 1144,"다이소 생활용품 ??. ?? ??: 가격, 내구성, 용량, 생활, 청소, 가정.",17000,14000,16000,,3082.0,2,naver_api,N,Y,0.497,0.497
female,70,2080000.0,은퇴자,기혼,진보적,95000.0,저가,화장품,이니스프리,40,1,1,N,1,0.0,0.7251908396946565,1.0,0.0,1.0,0.031578947368421054,0.1875,0.2,0.64,1.0,0.52,131000,선물,"희소성, 감성",이니스프리,이니스프리 화장품 1145,"이니스프리 화장품 ??. ?? ??: 성분, 가격, 후기, 피부관리, 선물, 데일리.",95000,80000,92000,3.52,2121.0,3,crawler,Y,Y,0.382,0.382
female,57,5410000.0,대기업직원,미혼,진보적,2778000.0,초고가,명품,샤넬,5,7,21,Y,9,1.0,3.0,1.0,0.3333333333333333,0.0,0.2087832973362131,0.24741805118994162,0.2,0.4875,1.0,0.52,540000,선물,"희소성, 감성",3M,샤넬 명품 1146,"샤넬 명품 ??. ?? ??: 브랜드, 희소성, 디자인, 선물, 보상, 소장.",2778000,2227000,2198000,4.3,,1,user_input,Y,N,0.687,0.687
female,41,8310000.0,전문직,기혼,보수적,22000.0,초저가,화장품,이니스프리,41,2,12,N,0,0.0,0.02193419740777667,1.0,0.9,0.0,0.0,0.15789473684210525,0.2,0.7525,1.0,0.52,1003000,선물,"성분, 가격",하나투어,이니스프리 화장품 1147,"이니스프리 화장품 ??. ?? ??: 성분, 가격, 후기, 피부관리, 선물, 데일리.",22000,19000,23000,4.42,3196.0,1,crawler,Y,Y,0.31,0.31
female,53,5350000.0,사무직,미혼,진보적,3907000.0,초고가,여행,마이리얼트립,43,11,22,Y,6,1.0,3.0,1.0,0.9,1.0,0.032505758894292296,0.04103383959499068,0.2,0.62,1.0,0.6,448000,가족,"가격, 일정",마이리얼트립,마이리얼트립 여행 1148,"마이리얼트립 여행 ??. ?? ??: 가격, 일정, 숙소, 휴식, 가족, 기념일.",3907000,3753000,3780000,3.36,3229.0,3,image_estimate,Y,Y,0.485,0.485
female,25,1080000.0,취업준비생,미혼,진보적,888000.0,고가,전자기기,애플,44,12,21,Y,7,1.0,3.0,0.0,0.9375,1.0,0.24774774774774774,0.32934131736526945,0.2,0.6375,1.0,0.37,103000,콘텐츠,"성능, 배터리",애플,애플 전자기기 1149,"애플 전자기기 ??. ?? ??: 성능, 배터리, 휴대성, 업무, 공부, 게임, 콘텐츠.",888000,668000,668000,,1335.0,2,manual,N,Y,0.676,0.676
male,32,1190000.0,취업준비생,기혼,보수적,70000.0,저가,식품,오뚜기,4,2,19,N,5,0.0,0.3448275862068966,1.0,0.9,0.0,0.32857142857142857,0.06060606060606061,0.2,0.40375,1.0,1.0,203000,식사,"가격, 신선도",정관장,오뚜기 식품 1150,"오뚜기 식품 ??. ?? ??: 가격, 신선도, 배송, 생활, 식사, 가족.",70000,66000,47000,3.63,,2,manual,Y,N,0.304,0.304
male,32,8080000.0,대기업직원,기혼,진보적,20000.0,초저가,생활용품,다이소,4,1,13,N,2,0.0,0.01638001638001638,0.0,0.9,0.0,0.05,0.25,0.2,0.52,1.0,0.57,1221000,가정,"가격, 내구성",아디다스,다이소 생활용품 1151,"다이소 생활용품 ??. ?? ??: 가격, 내구성, 용량, 생활, 청소, 가정.",20000,16000,19000,4.56,,4,manual,Y,N,0.475,0.475
male,34,2230000.0,주부,기혼,보수적,574000.0,고가,패션,나이키,54,4,19,Y,6,0.7826086956521738,1.7826086956521738,1.0,0.0,1.0,0.15505226480836237,0.23440860215053763,0.2,0.60625,1.0,0.6,322000,출근,"희소성, 감성",나이키,나이키 패션 1152,"나이키 패션 ??. ?? ??: 디자인, 착용감, 브랜드, 출근, 데이트, 여행.",574000,465000,485000,3.25,3625.0,1,manual,Y,Y,0.594,0.594
male,44,3490000.0,사무직,미혼,보수적,226000.0,중저가,화장품,설화수,42,1,21,N,2,0.0,0.444007858546169,1.0,0.0,0.0,0.336283185840708,0.22826086956521738,0.2,0.6259865941985363,1.0,0.52,509000,선물,"희소성, 감성",대한항공,설화수 화장품 1153,"설화수 화장품 ??. ?? ??: 성분, 가격, 후기, 피부관리, 선물, 데일리.",226000,184000,150000,3.61,497.0,3,naver_api,Y,Y,0.49,0.49
male,25,710000.0,학생,미혼,진보적,19000.0,초저가,식품,CJ,11,2,17,N,1,0.0,0.1919191919191919,0.0,0.9,1.0,0.15789473684210525,0.35714285714285715,0.2,0.37125,1.0,0.57,99000,유행,"가격, 신선도",CJ,CJ 식품 1154,"CJ 식품 ??. ?? ??: 가격, 신선도, 배송, 생활, 식사, 가족.",19000,14000,16000,3.37,,2,naver_api,Y,N,0.44,0.44
female,53,5350000.0,대기업직원,기혼,보수적,364000.0,중저가,여행,하나투어,9,1,20,N,2,0.0,0.5055555555555555,1.0,0.9,1.0,0.3269230769230769,0.24232081911262798,0.0,0.53375,1.0,0.6,720000,가족,"가격, 일정",하나투어,하나투어 여행 1155,"하나투어 여행 ??. ?? ??: 가격, 일정, 숙소, 휴식, 가족, 기념일.",364000,293000,245000,4.67,,0,manual,Y,N,0.299,0.299
male,25,1200000.0,취업준비생,미혼,보수적,180000.0,중저가,건강관리,정관장,7,2,21,N,2,0.0,0.7692307692307693,0.0,0.0,0.0,0.016666666666666666,0.034482758620689655,0.2,0.1875,0.75,0.44999999999999996,234000,유행,"희소성, 감성",ZARA,정관장 건강관리 1156,"정관장 건강관리 ??. ?? ??: 성분, 후기, 안전성, 건강, 부모님, 회복.",180000,174000,177000,,,1,crawler,N,N,0.625,0.625
male,48,3460000.0,사무직,미혼,보수적,1588000.0,고가,명품,프라다,48,9,10,Y,5,1.0,3.0,1.0,0.6666666666666666,0.0,0.09382871536523929,0.14244604316546763,0.2,0.72,1.0,0.52,420000,보상,"브랜드, 희소성",하나투어,프라다 명품 1157,"프라다 명품 ??. ?? ??: 브랜드, 희소성, 디자인, 선물, 보상, 소장.",1588000,1390000,1439000,4.16,2864.0,4,crawler,Y,Y,0.597,0.597
male,32,2320000.0,주부,기혼,진보적,870000.0,고가,건강관리,정관장,5,9,15,Y,3,0.7938144329896908,1.7938144329896908,0.0,0.6666666666666666,1.0,0.12298850574712644,0.25360230547550433,0.2,0.51125,1.0,0.44999999999999996,485000,회복,"성분, 후기",정관장,정관장 건강관리 1158,"정관장 건강관리 ??. ?? ??: 성분, 후기, 안전성, 건강, 부모님, 회복.",870000,694000,763000,4.49,,4,naver_api,Y,N,0.645,0.645
male,46,2780000.0,주부,기혼,진보적,199000.0,중저가,패션,나이키,11,5,10,N,4,0.0,0.5363881401617251,0.0,0.6666666666666666,0.0,0.2864321608040201,0.15028901734104047,0.0,0.1875,0.75,0.09999999999999998,371000,휴식,"디자인, 착용감",대한항공,나이키 패션 1159,"나이키 패션 ??. ?? ??: 디자인, 착용감, 브랜드, 출근, 데이트, 여행.",199000,173000,142000,,,0,image_estimate,N,N,0.585,0.585
female,35,5790000.0,대기업직원,기혼,보수적,27000.0,초저가,식품,동원,3,0,19,N,1,0.0,0.06338028169014084,0.0,0.9,1.0,0.2222222222222222,0.22727272727272727,0.2,0.1875,0.75,0.57,426000,가족,"가격, 신선도",동원,동원 식품 1160,"동원 식품 ??. ?? ??: 가격, 신선도, 배송, 생활, 식사, 가족.",27000,22000,21000,,,2,naver_api,N,N,0.431,0.431
male,25,580000.0,학생,미혼,보수적,1871000.0,고가,명품,구찌,54,43,10,Y,25,1.0,3.0,0.0,0.6666666666666666,1.0,0.22822020309994656,0.19935897435897437,0.2,0.80125,1.0,0.019999999999999976,76000,소장,"브랜드, 희소성",구찌,구찌 명품 1161,"구찌 명품 ??. ?? ??: 브랜드, 희소성, 디자인, 선물, 보상, 소장.",1871000,1560000,1444000,4.81,3635.0,3,crawler,Y,Y,0.725,0.725
female,41,8820000.0,대기업직원,기혼,보수적,793000.0,고가,건강관리,종근당,56,1,13,Y,3,0.0,0.4233849439402029,0.0,0.6666666666666666,0.0,0.1034047919293821,0.33053691275167785,0.0,0.74875,1.0,0.44999999999999996,1873000,회복,"성분, 후기",3M,종근당 건강관리 1162,"종근당 건강관리 ??. ?? ??: 성분, 후기, 안전성, 건강, 부모님, 회복.",793000,596000,711000,4.39,3408.0,0,user_input,Y,Y,0.539,0.539
male,35,6830000.0,자영업,기혼,보수적,1088000.0,고가,패션,나이키,14,7,14,Y,3,0.42969776609724053,1.4296977660972405,1.0,0.0,0.0,0.0,0.3236009732360097,0.2,0.36375,1.0,0.6,761000,출근,"희소성, 감성",리바트,나이키 패션 1163,"나이키 패션 ??. ?? ??: 디자인, 착용감, 브랜드, 출근, 데이트, 여행.",1088000,822000,1154000,3.31,,2,image_estimate,Y,N,0.596,0.596
female,54,2800000.0,주부,미혼,보수적,723000.0,고가,명품,샤넬,42,5,11,Y,3,1.0,2.238390092879257,0.0,0.3333333333333333,1.0,0.04149377593360996,0.02553191489361702,0.2,0.7625,1.0,0.019999999999999976,323000,유행,"희소성, 감성",샤넬,샤넬 명품 1164,"샤넬 명품 ??. ?? ??: 브랜드, 희소성, 디자인, 선물, 보상, 소장.",723000,705000,693000,4.5,2240.0,4,user_input,Y,Y,0.726,0.726
female,25,720000.0,학생,미혼,진보적,10000.0,초저가,식품,동원,8,0,21,N,2,0.0,0.14084507042253522,0.0,0.0,1.0,0.0,0.1111111111111111,0.2,0.1875,0.75,0.57,71000,가족,"희소성, 감성",동원,동원 식품 1165,"동원 식품 ??. ?? ??: 가격, 신선도, 배송, 생활, 식사, 가족.",10000,9000,10000,,,3,user_input,N,N,0.565,0.565
female,46,5000000.0,공무원,기혼,보수적,234000.0,중저가,전자기기,레노버,48,3,0,N,1,0.4624999999999999,1.4625,0.0,0.0,1.0,0.07692307692307693,0.21243523316062177,0.0,0.6375,1.0,0.37,160000,유행,"희소성, 감성",레노버,레노버 전자기기 1166,"레노버 전자기기 ??. ?? ??: 성능, 배터리, 휴대성, 업무, 공부, 게임, 콘텐츠.",234000,193000,216000,,2837.0,0,manual,N,Y,0.648,0.648
male,40,4790000.0,사무직,기혼,진보적,32000.0,저가,패션,아디다스,44,1,17,N,3,0.0,0.034782608695652174,0.0,0.0,1.0,0.09375,0.06666666666666667,0.2,0.60375,1.0,0.09999999999999998,920000,소장,"희소성, 감성",아디다스,아디다스 패션 1167,"아디다스 패션 ??. ?? ??: 디자인, 착용감, 브랜드, 출근, 데이트, 여행.",32000,30000,29000,3.23,3241.0,3,crawler,Y,Y,0.595,0.595
female,24,510000.0,학생,미혼,보수적,178000.0,중저가,교육,클래스101,52,8,21,Y,5,1.0,3.0,1.0,0.9,0.0,0.14606741573033707,0.29927007299270075,0.0,0.7475,1.0,1.0,58000,취업,"강의품질, 가격",LG,클래스101 교육 1168,"클래스101 교육 ??. ?? ??: 강의품질, 가격, 커리큘럼, 공부, 취업, 자기계발.",178000,137000,152000,4.38,3405.0,0,crawler,Y,Y,0.505,0.505
male,61,2710000.0,은퇴자,미혼,진보적,18000.0,초저가,식품,CJ,38,0,11,N,2,0.0,0.03522504892367906,1.0,0.9,1.0,0.1111111111111111,0.058823529411764705,0.2,0.558245035984415,1.0,1.0,511000,생활,"가격, 신선도",CJ,CJ 식품 1169,"CJ 식품 ??. ?? ??: 가격, 신선도, 배송, 생활, 식사, 가족.",18000,17000,16000,3.21,304.0,1,image_estimate,Y,Y,0.225,0.225
male,35,1950000.0,주부,기혼,보수적,9000.0,초저가,식품,CJ,48,3,15,N,2,0.0,0.13432835820895522,1.0,0.0,0.0,0.0,0.125,0.2,0.6387499999999999,1.0,1.0,67000,생활,"희소성, 감성",구찌,CJ 식품 1170,"CJ 식품 ??. ?? ??: 가격, 신선도, 배송, 생활, 식사, 가족.",9000,8000,10000,3.51,2404.0,3,user_input,Y,Y,0.428,0.428
male,35,3080000.0,사무직,기혼,보수적,504000.0,고가,교육,메가스터디,14,5,21,Y,5,0.0,0.9,1.0,0.0,1.0,0.21825396825396826,0.30569948186528495,0.2,0.39625,1.0,1.0,560000,공부,"희소성, 감성",메가스터디,메가스터디 교육 1171,"메가스터디 교육 ??. ?? ??: 강의품질, 가격, 커리큘럼, 공부, 취업, 자기계발.",504000,386000,394000,3.57,,4,naver_api,Y,N,0.395,0.395
male,31,5190000.0,공무원,기혼,진보적,129000.0,중저가,교육,패스트캠퍼스,50,4,0,N,1,0.0,0.22241379310344828,1.0,0.9,1.0,0.007751937984496124,0.04878048780487805,0.2,0.6837500000000001,1.0,1.0,580000,취업,"강의품질, 가격",패스트캠퍼스,패스트캠퍼스 교육 1172,"패스트캠퍼스 교육 ??. ?? ??: 강의품질, 가격, 커리큘럼, 공부, 취업, 자기계발.",129000,123000,128000,3.87,2034.0,2,naver_api,Y,Y,0.207,0.207
female,32,3950000.0,공무원,기혼,진보적,65000.0,저가,교육,패스트캠퍼스,41,1,19,N,3,0.0,0.17857142857142858,0.0,0.9,0.0,0.1076923076923077,0.3,0.2,0.6925,1.0,0.57,364000,소장,"강의품질, 가격",나이키,패스트캠퍼스 교육 1173,"패스트캠퍼스 교육 ??. ?? ??: 강의품질, 가격, 커리큘럼, 공부, 취업, 자기계발.",65000,50000,58000,3.94,2373.0,1,image_estimate,Y,Y,0.484,0.484
male,39,6580000.0,자영업,미혼,보수적,24000.0,초저가,화장품,설화수,55,5,20,N,4,0.0,0.0196078431372549,1.0,0.9,1.0,0.16666666666666666,0.3333333333333333,0.0,0.8075000000000001,1.0,0.52,1224000,선물,"성분, 가격",설화수,설화수 화장품 1174,"설화수 화장품 ??. ?? ??: 성분, 가격, 후기, 피부관리, 선물, 데일리.",24000,18000,20000,4.86,2998.0,0,user_input,Y,Y,0.244,0.244
female,64,3540000.0,은퇴자,기혼,진보적,38000.0,저가,화장품,라네즈,14,4,11,N,3,0.0,0.09644670050761421,1.0,0.0,0.0,0.0,0.22580645161290322,0.2,0.49625,1.0,0.52,394000,선물,"희소성, 감성",LG,라네즈 화장품 1175,"라네즈 화장품 ??. ?? ??: 성분, 가격, 후기, 피부관리, 선물, 데일리.",38000,31000,41000,4.37,,2,user_input,Y,N,0.449,0.449
male,29,920000.0,취업준비생,미혼,보수적,982000.0,고가,패션,나이키,48,13,21,Y,11,1.0,3.0,0.0,0.6666666666666666,0.0,0.34317718940936864,0.2049079754601227,0.2,0.73125,1.0,0.09999999999999998,61000,소장,"디자인, 착용감",ZARA,나이키 패션 1176,"나이키 패션 ??. ?? ??: 디자인, 착용감, 브랜드, 출근, 데이트, 여행.",982000,815000,645000,4.25,2187.0,2,manual,Y,Y,0.825,0.825
male,33,5670000.0,대기업직원,기혼,진보적,94000.0,저가,가구,리바트,8,5,20,N,1,0.0,0.22982885085574573,1.0,0.6666666666666666,1.0,0.031914893617021274,0.34285714285714286,0.2,0.4025,1.0,0.87,409000,이사,"내구성, 크기",리바트,리바트 가구 1177,"리바트 가구 ??. ?? ??: 내구성, 크기, 디자인, 이사, 인테리어, 생활.",94000,70000,91000,3.62,,1,crawler,Y,N,0.265,0.265
male,59,6900000.0,자영업,미혼,보수적,1548000.0,고가,가구,리바트,42,3,10,Y,1,0.6807817589576548,1.6807817589576548,0.0,0.6666666666666666,1.0,0.2797157622739018,0.09787234042553192,0.2,0.8062499999999999,1.0,0.37,921000,소장,"내구성, 크기",리바트,리바트 가구 1178,"리바트 가구 ??. ?? ??: 내구성, 크기, 디자인, 이사, 인테리어, 생활.",1548000,1410000,1115000,4.85,3202.0,1,crawler,Y,Y,0.606,0.606
male,40,5600000.0,대기업직원,기혼,진보적,9000.0,초저가,생활용품,3M,48,4,21,N,2,0.0,0.007556675062972292,0.0,0.9,1.0,0.2222222222222222,0.05,0.2,0.80125,1.0,0.57,1191000,선물,"가격, 내구성",3M,3M 생활용품 1179,"3M 생활용품 ??. ?? ??: 가격, 내구성, 용량, 생활, 청소, 가정.",9000,9000,7000,4.81,3927.0,4,user_input,Y,Y,0.407,0.407
female,71,2090000.0,은퇴자,기혼,보수적,600000.0,고가,명품,구찌,51,4,22,Y,3,1.0,2.197802197802198,0.0,0.6666666666666666,0.0,0.09,0.08108108108108109,0.2,0.6937500000000001,1.0,0.019999999999999976,273000,휴식,"브랜드, 희소성",이케아,구찌 명품 1180,"구찌 명품 ??. ?? ??: 브랜드, 희소성, 디자인, 선물, 보상, 소장.",600000,555000,546000,3.95,2795.0,1,image_estimate,Y,Y,0.789,0.789
female,57,4620000.0,공무원,미혼,보수적,3382000.0,초고가,여행,대한항공,40,9,18,Y,9,1.0,3.0,0.0,0.9,0.0,0.25872264931992905,0.24429727740986018,0.0,0.66625,1.0,0.09999999999999998,291000,기념일,"가격, 일정",센트룸,대한항공 여행 1181,"대한항공 여행 ??. ?? ??: 가격, 일정, 숙소, 휴식, 가족, 기념일.",3382000,2718000,2507000,3.73,1958.0,0,naver_api,Y,Y,0.744,0.744
female,64,2750000.0,은퇴자,기혼,보수적,3734000.0,초고가,명품,구찌,9,21,14,Y,13,1.0,3.0,1.0,0.3333333333333333,1.0,0.1261381896089984,0.1166267942583732,0.2,0.5062500000000001,1.0,0.52,281000,선물,"희소성, 감성",구찌,구찌 명품 1182,"구찌 명품 ??. ?? ??: 브랜드, 희소성, 디자인, 선물, 보상, 소장.",3734000,3344000,3263000,4.45,,2,image_estimate,Y,N,0.578,0.578
female,26,740000.0,취업준비생,미혼,보수적,1932000.0,고가,여행,대한항공,5,33,17,Y,21,1.0,3.0,0.0,0.9,0.0,0.32039337474120083,0.12195121951219512,0.2,0.5387500000000001,1.0,0.09999999999999998,52000,소장,"가격, 일정",설화수,대한항공 여행 1183,"대한항공 여행 ??. ?? ??: 가격, 일정, 숙소, 휴식, 가족, 기념일.",1932000,1722000,1313000,4.71,,1,crawler,Y,N,0.773,0.773
female,36,2690000.0,주부,기혼,진보적,11000.0,초저가,생활용품,3M,39,1,11,N,2,0.0,0.024553571428571428,1.0,0.0,0.0,0.0,0.375,0.2,0.7622385530322575,1.0,1.0,448000,청소,"희소성, 감성",대한항공,3M 생활용품 1184,"3M 생활용품 ??. ?? ??: 가격, 내구성, 용량, 생활, 청소, 가정.",11000,8000,11000,4.73,448.0,2,user_input,Y,Y,0.426,0.426
female,37,4700000.0,자영업,기혼,진보적,87000.0,저가,가구,리바트,53,5,10,N,2,0.0,0.0919661733615222,0.0,0.6666666666666666,1.0,0.0,0.10126582278481013,0.2,0.6699999999999999,1.0,0.37,946000,생활,"내구성, 크기",리바트,리바트 가구 1185,"리바트 가구 ??. ?? ??: 내구성, 크기, 디자인, 이사, 인테리어, 생활.",87000,79000,94000,3.76,3785.0,1,naver_api,Y,Y,0.428,0.428
male,35,4340000.0,공무원,미혼,진보적,2107000.0,초고가,전자기기,애플,13,7,19,Y,6,1.0,3.0,0.0,0.9375,0.0,0.11865211200759374,0.06253151790216843,0.2,0.47000000000000003,1.0,0.37,237000,선물,"성능, 배터리",하나투어,애플 전자기기 1186,"애플 전자기기 ??. ?? ??: 성능, 배터리, 휴대성, 업무, 공부, 게임, 콘텐츠.",2107000,1983000,1857000,4.16,,3,crawler,Y,N,0.726,0.726
female,37,3710000.0,공무원,기혼,진보적,663000.0,고가,건강관리,종근당,45,4,9,Y,2,0.0,0.8793103448275862,0.0,0.0,1.0,0.34992458521870284,0.2898832684824903,0.2,0.60625,1.0,0.44999999999999996,754000,회복,"희소성, 감성",종근당,종근당 건강관리 1187,"종근당 건강관리 ??. ?? ??: 성분, 후기, 안전성, 건강, 부모님, 회복.",663000,514000,431000,3.25,2334.0,1,naver_api,Y,Y,0.611,0.611
female,60,2520000.0,주부,기혼,진보적,554000.0,고가,가구,한샘,38,6,13,Y,5,1.0,2.3179916317991633,0.0,0.6666666666666666,1.0,0.26173285198555957,0.09270216962524655,0.0,0.7725,1.0,0.37,239000,소장,"내구성, 크기",한샘,한샘 가구 1188,"한샘 가구 ??. ?? ??: 내구성, 크기, 디자인, 이사, 인테리어, 생활.",554000,507000,409000,4.58,1699.0,0,manual,Y,Y,0.656,0.656
female,43,5370000.0,자영업,기혼,진보적,370000.0,중저가,여행,하나투어,48,1,2,N,1,0.0,0.6208053691275168,0.0,0.9,0.0,0.327027027027027,0.16352201257861634,0.2,0.65625,1.0,0.09999999999999998,596000,선물,"가격, 일정",설화수,하나투어 여행 1189,"하나투어 여행 ??. ?? ??: 가격, 일정, 숙소, 휴식, 가족, 기념일.",370000,318000,249000,3.65,3498.0,3,manual,Y,Y,0.545,0.545
female,34,1910000.0,주부,미혼,진보적,1383000.0,고가,명품,루이비통,56,8,11,Y,8,1.0,3.0,0.0,0.6666666666666666,0.0,0.10629067245119306,0.03984962406015038,0.2,0.6425000000000001,1.0,0.019999999999999976,319000,휴식,"브랜드, 희소성",이니스프리,루이비통 명품 1190,"루이비통 명품 ??. ?? ??: 브랜드, 희소성, 디자인, 선물, 보상, 소장.",1383000,1330000,1236000,3.54,3564.0,4,manual,Y,Y,0.8,0.8
male,43,5690000.0,프리랜서,기혼,보수적,28000.0,초저가,생활용품,3M,5,5,18,N,3,0.0,0.07777777777777778,0.0,0.9,0.0,0.35714285714285715,0.07692307692307693,0.2,0.50125,1.0,0.57,360000,가정,"가격, 내구성",오뚜기,3M 생활용품 1191,"3M 생활용품 ??. ?? ??: 가격, 내구성, 용량, 생활, 청소, 가정.",28000,26000,18000,4.41,,3,user_input,Y,N,0.506,0.506
male,43,7210000.0,대기업직원,기혼,진보적,1477000.0,고가,가구,리바트,46,4,19,Y,2,1.0,2.4657762938230383,0.0,0.6666666666666666,1.0,0.11848341232227488,0.2877070619006103,0.2,0.7324999999999999,1.0,0.37,599000,유행,"내구성, 크기",리바트,리바트 가구 1192,"리바트 가구 ??. ?? ??: 내구성, 크기, 디자인, 이사, 인테리어, 생활.",1477000,1147000,1302000,4.26,3398.0,3,user_input,Y,Y,0.702,0.702
male,50,7310000.0,대기업직원,미혼,보수적,46000.0,저가,생활용품,다이소,45,2,21,N,1,0.0,0.05548854041013269,0.0,0.9,1.0,0.0,0.2777777777777778,0.2,0.74,1.0,0.57,829000,가정,"가격, 내구성",다이소,다이소 생활용품 1193,"다이소 생활용품 ??. ?? ??: 가격, 내구성, 용량, 생활, 청소, 가정.",46000,36000,48000,4.32,3530.0,4,user_input,Y,Y,0.396,0.396
female,41,2200000.0,주부,기혼,진보적,3843000.0,초고가,가구,리바트,43,21,18,Y,16,1.0,3.0,1.0,0.6666666666666666,1.0,0.18188914910226386,0.3192584963954686,0.2,0.7491291545127146,1.0,0.87,401000,이사,"내구성, 크기",리바트,리바트 가구 1194,"리바트 가구 ??. ?? ??: 내구성, 크기, 디자인, 이사, 인테리어, 생활.",3843000,2913000,3144000,4.43,880.0,2,user_input,Y,Y,0.487,0.487
female,36,6260000.0,대기업직원,미혼,진보적,44000.0,저가,화장품,이니스프리,17,5,16,N,2,0.0,0.05378973105134474,0.0,0.0,0.0,0.0,0.3333333333333333,0.2,0.53375,1.0,0.019999999999999976,818000,소장,"희소성, 감성",애플,이니스프리 화장품 1195,"이니스프리 화장품 ??. ?? ??: 성분, 가격, 후기, 피부관리, 선물, 데일리.",44000,33000,44000,4.67,,3,naver_api,Y,N,0.638,0.638
male,44,6110000.0,공무원,미혼,진보적,92000.0,저가,가구,한샘,5,0,13,N,2,0.0,0.09787234042553192,1.0,0.6666666666666666,1.0,0.20652173913043478,0.29577464788732394,0.2,0.37875000000000003,1.0,0.87,940000,인테리어,"내구성, 크기",한샘,한샘 가구 1196,"한샘 가구 ??. ?? ??: 내구성, 크기, 디자인, 이사, 인테리어, 생활.",92000,71000,73000,3.43,,1,naver_api,Y,N,0.286,0.286
male,28,3580000.0,사무직,미혼,보수적,378000.0,중저가,교육,메가스터디,56,3,22,N,2,0.0,0.5815384615384616,1.0,0.9,0.0,0.20105820105820105,0.16307692307692306,0.2,0.76,1.0,1.0,650000,취업,"강의품질, 가격",아디다스,메가스터디 교육 1197,"메가스터디 교육 ??. ?? ??: 강의품질, 가격, 커리큘럼, 공부, 취업, 자기계발.",378000,325000,302000,4.48,3980.0,1,crawler,Y,Y,0.292,0.292
male,45,3690000.0,프리랜서,기혼,진보적,112000.0,중저가,건강관리,센트룸,41,4,10,N,2,0.0,0.2040072859744991,0.0,0.6666666666666666,0.0,0.0625,0.15463917525773196,0.2,0.7753335161902299,1.0,0.44999999999999996,549000,회복,"성분, 후기",정관장,센트룸 건강관리 1198,"센트룸 건강관리 ??. ?? ??: 성분, 후기, 안전성, 건강, 부모님, 회복.",112000,97000,105000,4.89,370.0,2,manual,Y,Y,0.533,0.533
female,25,3550000.0,프리랜서,미혼,보수적,86000.0,저가,교육,패스트캠퍼스,43,1,21,N,3,0.0,0.2471264367816092,1.0,0.0,1.0,0.03488372093023256,0.11688311688311688,0.2,0.7362500000000001,1.0,1.0,348000,공부,"희소성, 감성",패스트캠퍼스,패스트캠퍼스 교육 1199,"패스트캠퍼스 교육 ??. ?? ??: 강의품질, 가격, 커리큘럼, 공부, 취업, 자기계발.",86000,77000,83000,4.29,1002.0,2,image_estimate,Y,Y,0.329,0.329
female,47,5480000.0,공무원,미혼,보수적,262000.0,중저가,교육,클래스101,11,6,3,N,1,0.0,0.48073394495412847,1.0,0.9,0.0,0.35877862595419846,0.3717277486910995,0.2,0.1875,0.75,1.0,545000,취업,"강의품질, 가격",마이리얼트립,클래스101 교육 1200,"클래스101 교육 ??. ?? ??: 강의품질, 가격, 커리큘럼, 공부, 취업, 자기계발.",262000,191000,168000,,,2,naver_api,N,N,0.368,0.368
female,62,6000000.0,자영업,기혼,보수적,109000.0,중저가,건강관리,종근당,51,2,12,N,0,0.0,0.1357409713574097,1.0,0.6666666666666666,0.0,0.03669724770642202,0.13541666666666666,0.0,0.7324999999999999,1.0,0.95,803000,부모님,"성분, 후기",클래스101,종근당 건강관리 1201,"종근당 건강관리 ??. ?? ??: 성분, 후기, 안전성, 건강, 부모님, 회복.",109000,96000,105000,4.26,3385.0,0,manual,Y,Y,0.3,0.3
female,54,5340000.0,프리랜서,미혼,진보적,2657000.0,초고가,여행,대한항공,36,10,13,Y,4,1.0,3.0,1.0,0.9,0.0,0.14678208505833648,0.1462467644521139,0.2,0.6318222969809779,1.0,0.6,188000,가족,"가격, 일정",동원,대한항공 여행 1202,"대한항공 여행 ??. ?? ??: 가격, 일정, 숙소, 휴식, 가족, 기념일.",2657000,2318000,2267000,3.98,162.0,2,naver_api,Y,Y,0.551,0.551
female,38,3540000.0,사무직,기혼,보수적,51000.0,저가,건강관리,종근당,48,1,0,N,4,0.0,0.2802197802197802,0.0,0.0,1.0,0.29411764705882354,0.0625,0.2,0.6375,1.0,0.44999999999999996,182000,회복,"희소성, 감성",종근당,종근당 건강관리 1203,"종근당 건강관리 ??. ?? ??: 성분, 후기, 안전성, 건강, 부모님, 회복.",51000,48000,36000,,2781.0,1,user_input,N,Y,0.601,0.601
female,44,7390000.0,전문직,미혼,진보적,419000.0,중저가,여행,대한항공,17,0,17,N,1,0.0,0.263687853996224,1.0,0.9,0.0,0.35799522673031026,0.082687338501292,0.0,0.4275,1.0,0.6,1589000,휴식,"가격, 일정",리바트,대한항공 여행 1204,"대한항공 여행 ??. ?? ??: 가격, 일정, 숙소, 휴식, 가족, 기념일.",419000,387000,269000,3.82,,0,naver_api,Y,N,0.335,0.335
male,70,3190000.0,은퇴자,기혼,보수적,362000.0,중저가,패션,ZARA,12,3,21,N,3,1.0,3.0,1.0,0.0,0.0,0.1878453038674033,0.06784660766961652,0.2,0.4875,1.0,0.6,112000,출근,"희소성, 감성",다이소,ZARA 패션 1205,"ZARA 패션 ??. ?? ??: 디자인, 착용감, 브랜드, 출근, 데이트, 여행.",362000,339000,294000,4.3,,2,crawler,Y,N,0.698,0.698
female,36,4860000.0,사무직,기혼,보수적,1675000.0,고가,전자기기,애플,42,6,19,Y,6,1.0,3.0,0.0,0.9375,0.0,0.25970149253731345,0.05279698302954117,0.2,0.7949999999999999,1.0,0.37,389000,콘텐츠,"성능, 배터리",레노버,애플 전자기기 1206,"애플 전자기기 ??. ?? ??: 성능, 배터리, 휴대성, 업무, 공부, 게임, 콘텐츠.",1675000,1591000,1240000,4.76,2257.0,2,user_input,Y,Y,0.731,0.731
female,29,9920000.0,전문직,기혼,진보적,60000.0,저가,교육,메가스터디,11,3,9,N,3,0.0,0.03411028993746447,0.0,0.0,1.0,0.3,0.3333333333333333,0.2,0.41750000000000004,1.0,0.57,1759000,자기계발,"희소성, 감성",메가스터디,메가스터디 교육 1207,"메가스터디 교육 ??. ?? ??: 강의품질, 가격, 커리큘럼, 공부, 취업, 자기계발.",60000,45000,42000,3.74,,4,naver_api,Y,N,0.624,0.624
male,38,8340000.0,전문직,미혼,진보적,301000.0,중저가,여행,대한항공,41,4,19,N,2,0.0,0.3359375,1.0,0.9,0.0,0.0,0.056140350877192984,0.0,0.7340345446404852,1.0,0.6,896000,가족,"가격, 일정",유한킴벌리,대한항공 여행 1208,"대한항공 여행 ??. ?? ??: 가격, 일정, 숙소, 휴식, 가족, 기념일.",301000,285000,325000,4.54,396.0,0,manual,Y,Y,0.283,0.283
male,33,5620000.0,자영업,미혼,진보적,4839000.0,초고가,전자기기,LG,45,14,17,Y,11,1.0,3.0,1.0,0.0,0.0,0.0,0.039974210186976146,0.2,0.7987500000000001,1.0,0.87,1214000,업무,"희소성, 감성",아디다스,LG 전자기기 1209,"LG 전자기기 ??. ?? ??: 성능, 배터리, 휴대성, 업무, 공부, 게임, 콘텐츠.",4839000,4653000,4846000,4.79,2974.0,2,naver_api,Y,Y,0.653,0.653
female,47,3280000.0,사무직,기혼,진보적,1139000.0,고가,여행,마이리얼트립,43,9,11,Y,3,1.0,2.305668016194332,1.0,0.0,0.0,0.0,0.07655954631379962,0.2,0.6637500000000001,1.0,0.6,494000,휴식,"희소성, 감성",3M,마이리얼트립 여행 1210,"마이리얼트립 여행 ??. ?? ??: 가격, 일정, 숙소, 휴식, 가족, 기념일.",1139000,1058000,1153000,3.71,2051.0,1,manual,Y,Y,0.676,0.676
female,28,4080000.0,프리랜서,미혼,보수적,470000.0,중저가,여행,대한항공,48,3,11,N,3,0.821705426356589,1.821705426356589,0.0,0.9,0.0,0.1,0.26005361930294907,0.0,0.6375,1.0,0.09999999999999998,258000,선물,"가격, 일정",한샘,대한항공 여행 1211,"대한항공 여행 ??. ?? ??: 가격, 일정, 숙소, 휴식, 가족, 기념일.",470000,373000,423000,,1503.0,0,manual,N,Y,0.684,0.684
female,57,10190000.0,전문직,미혼,보수적,52000.0,저가,생활용품,다이소,45,0,17,N,0,0.0,0.023214285714285715,1.0,0.0,0.0,0.0,0.08333333333333333,0.2,0.7262977272159801,1.0,1.0,2240000,생활,"희소성, 감성",마이리얼트립,다이소 생활용품 1212,"다이소 생활용품 ??. ?? ??: 가격, 내구성, 용량, 생활, 청소, 가정.",52000,48000,56000,4.36,596.0,1,naver_api,Y,Y,0.437,0.437
male,45,2500000.0,주부,미혼,보수적,22000.0,초저가,식품,CJ,3,3,20,N,0,0.0,0.25882352941176473,0.0,0.0,0.0,0.3181818181818182,0.15789473684210525,0.2,0.37625000000000003,1.0,0.57,85000,유행,"희소성, 감성",패스트캠퍼스,CJ 식품 1213,"CJ 식품 ??. ?? ??: 가격, 신선도, 배송, 생활, 식사, 가족.",22000,19000,15000,3.41,,3,image_estimate,Y,N,0.669,0.669
female,22,910000.0,취업준비생,기혼,진보적,1453000.0,고가,여행,대한항공,39,22,14,Y,14,1.0,3.0,1.0,0.9,0.0,0.0,0.2504302925989673,0.0,0.6312500000000001,1.0,0.6,184000,휴식,"가격, 일정",센트룸,대한항공 여행 1214,"대한항공 여행 ??. ?? ??: 가격, 일정, 숙소, 휴식, 가족, 기념일.",1453000,1162000,1486000,3.45,2244.0,0,naver_api,Y,Y,0.517,0.517
male,36,5010000.0,프리랜서,기혼,보수적,916000.0,고가,여행,대한항공,43,6,13,Y,5,0.3651266766020864,1.3651266766020864,0.0,0.9,1.0,0.23034934497816595,0.22623828647925034,0.2,0.7361585364042011,1.0,0.09999999999999998,671000,기념일,"가격, 일정",대한항공,대한항공 여행 1215,"대한항공 여행 ??. ?? ??: 가격, 일정, 숙소, 휴식, 가족, 기념일.",916000,747000,705000,4.54,420.0,2,naver_api,Y,Y,0.553,0.553
male,36,5160000.0,자영업,기혼,보수적,8000.0,초저가,생활용품,다이소,30,2,1,N,4,0.0,0.008733624454148471,0.0,0.9,1.0,0.125,0.14285714285714285,0.2,0.7080403587416377,1.0,0.57,916000,소장,"가격, 내구성",다이소,다이소 생활용품 1216,"다이소 생활용품 ??. ?? ??: 가격, 내구성, 용량, 생활, 청소, 가정.",8000,7000,7000,4.74,96.0,1,crawler,Y,Y,0.424,0.424
female,33,8620000.0,대기업직원,기혼,보수적,257000.0,중저가,전자기기,삼성,16,1,14,N,3,0.0,0.3188585607940447,1.0,0.9375,0.0,0.24124513618677043,0.044715447154471545,0.2,0.35500000000000004,1.0,0.87,806000,업무,"성능, 배터리",프라다,삼성 전자기기 1217,"삼성 전자기기 ??. ?? ??: 성능, 배터리, 휴대성, 업무, 공부, 게임, 콘텐츠.",257000,246000,195000,3.24,,1,naver_api,Y,N,0.323,0.323
male,55,2660000.0,주부,기혼,진보적,465000.0,중저가,가구,이케아,38,3,12,N,2,0.12864077669902918,1.1286407766990292,1.0,0.0,0.0,0.23655913978494625,0.08899297423887588,0.2,0.61875,1.0,0.87,412000,인테리어,"희소성, 감성",마이리얼트립,이케아 가구 1218,"이케아 가구 ??. ?? ??: 내구성, 크기, 디자인, 이사, 인테리어, 생활.",465000,427000,355000,3.35,1291.0,1,crawler,Y,Y,0.487,0.487
female,43,5350000.0,공무원,기혼,보수적,161000.0,중저가,건강관리,센트룸,12,2,16,N,1,0.0,0.3411016949152542,0.0,0.0,0.0,0.0,0.3879310344827586,0.2,0.44,1.0,0.44999999999999996,472000,회복,"희소성, 감성",대한항공,센트룸 건강관리 1219,"센트룸 건강관리 ??. ?? ??: 성분, 후기, 안전성, 건강, 부모님, 회복.",161000,116000,170000,3.92,,4,manual,Y,N,0.651,0.651
female,38,5810000.0,대기업직원,기혼,진보적,669000.0,고가,명품,루이비통,52,3,19,Y,2,0.5379310344827586,1.5379310344827586,1.0,0.6666666666666666,0.0,0.03736920777279522,0.08427876823338736,0.0,0.66125,1.0,0.52,435000,선물,"브랜드, 희소성",다이소,루이비통 명품 1220,"루이비통 명품 ??. ?? ??: 브랜드, 희소성, 디자인, 선물, 보상, 소장.",669000,617000,644000,3.69,1385.0,0,user_input,Y,Y,0.454,0.454
male,62,2330000.0,은퇴자,미혼,보수적,322000.0,중저가,교육,패스트캠퍼스,44,6,19,N,3,0.0,0.8632707774798928,0.0,0.0,1.0,0.15527950310559005,0.11418685121107267,0.2,0.66125,1.0,0.57,373000,휴식,"희소성, 감성",패스트캠퍼스,패스트캠퍼스 교육 1221,"패스트캠퍼스 교육 ??. ?? ??: 강의품질, 가격, 커리큘럼, 공부, 취업, 자기계발.",322000,289000,272000,3.69,2452.0,3,naver_api,Y,Y,0.565,0.565
male,46,7000000.0,전문직,기혼,진보적,274000.0,중저가,건강관리,정관장,49,0,22,N,2,0.0,0.24863883847549909,0.0,0.6666666666666666,1.0,0.3467153284671533,0.03787878787878788,0.2,0.63375,1.0,0.44999999999999996,1102000,선물,"성분, 후기",정관장,정관장 건강관리 1222,"정관장 건강관리 ??. ?? ??: 성분, 후기, 안전성, 건강, 부모님, 회복.",274000,264000,179000,3.47,1065.0,1,user_input,Y,Y,0.489,0.489
female,27,520000.0,학생,기혼,진보적,599000.0,고가,전자기기,삼성,56,14,13,Y,11,1.0,3.0,1.0,0.0,1.0,0.1018363939899833,0.16310679611650486,0.2,0.6375,1.0,0.87,38000,게임,"희소성, 감성",삼성,삼성 전자기기 1223,"삼성 전자기기 ??. ?? ??: 성능, 배터리, 휴대성, 업무, 공부, 게임, 콘텐츠.",599000,515000,538000,,3974.0,4,image_estimate,N,Y,0.59,0.59
male,28,1020000.0,취업준비생,미혼,보수적,62000.0,저가,교육,클래스101,47,5,0,N,0,0.0,0.8732394366197183,0.0,0.9,1.0,0.0,0.19230769230769232,0.2,0.7776477370964294,1.0,0.57,71000,선물,"강의품질, 가격",클래스101,클래스101 교육 1224,"클래스101 교육 ??. ?? ??: 강의품질, 가격, 커리큘럼, 공부, 취업, 자기계발.",62000,52000,64000,4.64,937.0,2,crawler,Y,Y,0.418,0.418
male,32,3460000.0,프리랜서,미혼,보수적,102000.0,중저가,화장품,이니스프리,41,5,3,N,4,0.0,0.4340425531914894,1.0,0.9,0.0,0.049019607843137254,0.3783783783783784,0.0,0.6775,1.0,0.52,235000,선물,"성분, 가격",루이비통,이니스프리 화장품 1225,"이니스프리 화장품 ??. ?? ??: 성분, 가격, 후기, 피부관리, 선물, 데일리.",102000,74000,97000,3.82,2298.0,0,image_estimate,Y,Y,0.295,0.295
female,45,6690000.0,자영업,기혼,보수적,5000.0,초저가,식품,CJ,26,4,21,N,4,0.0,0.008403361344537815,1.0,0.9,1.0,0.4,0.25,0.2,0.6611091320367679,1.0,1.0,595000,생활,"가격, 신선도",CJ,CJ 식품 1226,"CJ 식품 ??. ?? ??: 가격, 신선도, 배송, 생활, 식사, 가족.",5000,4000,3000,4.35,101.0,1,manual,Y,Y,0.253,0.253
female,26,5630000.0,프리랜서,미혼,진보적,179000.0,중저가,패션,아디다스,41,5,21,N,3,0.0,0.4463840399002494,0.0,0.6666666666666666,0.0,0.03910614525139665,0.32592592592592595,0.2,0.7350000000000001,1.0,0.09999999999999998,401000,여행,"디자인, 착용감",소니,아디다스 패션 1227,"아디다스 패션 ??. ?? ??: 디자인, 착용감, 브랜드, 출근, 데이트, 여행.",179000,135000,172000,4.28,2336.0,3,naver_api,Y,Y,0.559,0.559
female,24,1130000.0,취업준비생,기혼,보수적,3519000.0,초고가,가구,이케아,40,40,13,Y,25,1.0,3.0,0.0,0.6666666666666666,1.0,0.0019892014776925265,0.026845637583892617,0.2,0.67625,1.0,0.37,63000,생활,"내구성, 크기",이케아,이케아 가구 1228,"이케아 가구 ??. ?? ??: 내구성, 크기, 디자인, 이사, 인테리어, 생활.",3519000,3427000,3512000,3.81,2993.0,3,crawler,Y,Y,0.637,0.637
female,56,2240000.0,주부,기혼,보수적,43000.0,저가,건강관리,센트룸,43,5,16,N,1,0.0,0.16862745098039217,1.0,0.6666666666666666,0.0,0.27906976744186046,0.19444444444444445,0.2,0.675,1.0,0.95,255000,부모님,"성분, 후기",프라다,센트룸 건강관리 1229,"센트룸 건강관리 ??. ?? ??: 성분, 후기, 안전성, 건강, 부모님, 회복.",43000,36000,31000,3.8,3695.0,4,image_estimate,Y,Y,0.374,0.374
female,21,810000.0,학생,미혼,보수적,501000.0,고가,교육,메가스터디,52,8,0,Y,5,1.0,3.0,1.0,0.0,1.0,0.21157684630738524,0.022448979591836733,0.0,0.8075000000000001,1.0,1.0,50000,공부,"희소성, 감성",메가스터디,메가스터디 교육 1230,"메가스터디 교육 ??. ?? ??: 강의품질, 가격, 커리큘럼, 공부, 취업, 자기계발.",501000,490000,395000,4.86,2881.0,0,crawler,Y,Y,0.584,0.584
male,58,7810000.0,전문직,기혼,보수적,3740000.0,초고가,여행,하나투어,40,5,20,Y,8,1.0,3.0,1.0,0.9,1.0,0.12032085561497326,0.21468009093861642,0.2,0.6806774647416385,1.0,0.6,1210000,휴식,"가격, 일정",하나투어,하나투어 여행 1231,"하나투어 여행 ??. ?? ??: 가격, 일정, 숙소, 휴식, 가족, 기념일.",3740000,3079000,3290000,4.49,107.0,4,naver_api,Y,Y,0.475,0.475
male,36,6890000.0,자영업,기혼,보수적,72000.0,저가,식품,오뚜기,40,3,13,N,4,0.0,0.12121212121212122,0.0,0.9,0.0,0.0,0.2413793103448276,0.2,0.7570375783855818,1.0,0.57,594000,가족,"가격, 신선도",루이비통,오뚜기 식품 1232,"오뚜기 식품 ??. ?? ??: 가격, 신선도, 배송, 생활, 식사, 가족.",72000,58000,72000,4.49,890.0,3,naver_api,Y,Y,0.464,0.464
male,51,2750000.0,주부,기혼,보수적,181000.0,중저가,가구,한샘,43,6,9,N,1,0.0,0.34022556390977443,0.0,0.0,0.0,0.2983425414364641,0.2746478873239437,0.2,0.764941252500928,1.0,0.37,532000,유행,"희소성, 감성",프라다,한샘 가구 1233,"한샘 가구 ??. ?? ??: 내구성, 크기, 디자인, 이사, 인테리어, 생활.",181000,142000,127000,4.81,366.0,4,user_input,Y,Y,0.661,0.661
female,26,3290000.0,사무직,기혼,진보적,1676000.0,고가,명품,샤넬,45,11,17,Y,4,1.0,3.0,0.0,0.6666666666666666,1.0,0.21957040572792363,0.38626964433416044,0.2,0.6375,1.0,0.019999999999999976,329000,소장,"브랜드, 희소성",샤넬,샤넬 명품 1234,"샤넬 명품 ??. ?? ??: 브랜드, 희소성, 디자인, 선물, 보상, 소장.",1676000,1209000,1308000,,3029.0,1,crawler,N,Y,0.739,0.739
male,25,4470000.0,사무직,기혼,진보적,5027000.0,초고가,전자기기,LG,40,18,16,Y,11,1.0,3.0,1.0,0.9375,0.0,0.0,0.03308672420879573,0.2,0.6012500000000001,1.0,0.87,672000,업무,"성능, 배터리",구찌,LG 전자기기 1235,"LG 전자기기 ??. ?? ??: 성능, 배터리, 휴대성, 업무, 공부, 게임, 콘텐츠.",5027000,4866000,5110000,3.21,1001.0,2,manual,Y,Y,0.507,0.507
female,47,4690000.0,공무원,기혼,보수적,601000.0,고가,명품,샤넬,2,1,20,Y,5,1.0,3.0,0.0,0.6666666666666666,0.0,0.0,0.23408624229979466,0.2,0.49625,1.0,0.019999999999999976,150000,휴식,"브랜드, 희소성",CJ,샤넬 명품 1236,"샤넬 명품 ??. ?? ??: 브랜드, 희소성, 디자인, 선물, 보상, 소장.",601000,487000,647000,4.37,,3,user_input,Y,N,0.791,0.791
female,42,11140000.0,전문직,미혼,진보적,30000.0,저가,식품,CJ,45,2,19,N,4,0.0,0.027752081406105456,0.0,0.9,0.0,0.06666666666666667,0.1111111111111111,0.2,0.7562500000000001,1.0,0.57,1081000,소장,"가격, 신선도",정관장,CJ 식품 1237,"CJ 식품 ??. ?? ??: 가격, 신선도, 배송, 생활, 식사, 가족.",30000,27000,28000,4.45,1985.0,3,crawler,Y,Y,0.463,0.463
female,54,5460000.0,대기업직원,기혼,진보적,542000.0,고가,명품,샤넬,38,3,13,Y,1,1.0,2.8082901554404147,1.0,0.6666666666666666,0.0,0.2859778597785978,0.050387596899224806,0.2,0.6151116361116196,1.0,0.52,193000,선물,"브랜드, 희소성",레노버,샤넬 명품 1238,"샤넬 명품 ??. ?? ??: 브랜드, 희소성, 디자인, 선물, 보상, 소장.",542000,516000,387000,3.33,969.0,1,image_estimate,Y,Y,0.608,0.608
male,72,2580000.0,은퇴자,기혼,진보적,36000.0,저가,건강관리,종근당,17,2,1,N,5,0.0,0.1125,1.0,0.0,0.0,0.1111111111111111,0.2413793103448276,0.2,0.1875,0.75,0.95,320000,건강,"희소성, 감성",3M,종근당 건강관리 1239,"종근당 건강관리 ??. ?? ??: 성분, 후기, 안전성, 건강, 부모님, 회복.",36000,29000,32000,,,3,manual,N,N,0.459,0.459
male,19,590000.0,학생,기혼,진보적,174000.0,중저가,가구,이케아,46,9,22,Y,7,0.9550561797752808,1.9550561797752808,0.0,0.6666666666666666,0.0,0.2471264367816092,0.023529411764705882,0.2,0.6375,1.0,0.37,89000,생활,"내구성, 크기",라네즈,이케아 가구 1240,"이케아 가구 ??. ?? ??: 내구성, 크기, 디자인, 이사, 인테리어, 생활.",174000,170000,131000,,1698.0,3,naver_api,N,Y,0.771,0.771
female,53,5090000.0,프리랜서,기혼,진보적,55000.0,저가,교육,클래스101,43,1,13,N,3,0.0,0.2879581151832461,0.0,0.0,0.0,0.34545454545454546,0.12244897959183673,0.2,0.74875,1.0,0.57,191000,자기계발,"희소성, 감성",ZARA,클래스101 교육 1241,"클래스101 교육 ??. ?? ??: 강의품질, 가격, 커리큘럼, 공부, 취업, 자기계발.",55000,49000,36000,4.39,1008.0,1,manual,Y,Y,0.675,0.675
female,51,3490000.0,공무원,기혼,보수적,86000.0,저가,생활용품,다이소,11,1,16,N,2,0.0,0.13416536661466458,0.0,0.0,1.0,0.13953488372093023,0.1780821917808219,0.2,0.1875,0.75,0.57,641000,선물,"희소성, 감성",다이소,다이소 생활용품 1242,"다이소 생활용품 ??. ?? ??: 가격, 내구성, 용량, 생활, 청소, 가정.",86000,73000,74000,,,3,crawler,N,N,0.556,0.556
male,26,4430000.0,프리랜서,미혼,진보적,223000.0,중저가,여행,마이리얼트립,2,1,2,N,0,0.0,0.25990675990675993,1.0,0.0,0.0,0.0,0.10945273631840796,0.2,0.35875,1.0,0.6,858000,가족,"희소성, 감성",오뚜기,마이리얼트립 여행 1243,"마이리얼트립 여행 ??. ?? ??: 가격, 일정, 숙소, 휴식, 가족, 기념일.",223000,201000,234000,3.27,,2,naver_api,Y,N,0.474,0.474
male,23,1080000.0,취업준비생,미혼,진보적,2397000.0,초고가,가구,리바트,42,29,21,Y,18,1.0,3.0,1.0,0.0,0.0,0.19858156028368795,0.38155619596541784,0.0,0.6637500000000001,1.0,0.87,97000,이사,"희소성, 감성",유한킴벌리,리바트 가구 1244,"리바트 가구 ??. ?? ??: 내구성, 크기, 디자인, 이사, 인테리어, 생활.",2397000,1735000,1921000,3.71,3246.0,0,naver_api,Y,Y,0.667,0.667
male,56,8810000.0,대기업직원,미혼,진보적,4589000.0,초고가,전자기기,소니,32,11,15,Y,4,1.0,2.426758328926494,0.0,0.9375,1.0,0.0,0.169171974522293,0.2,0.6769265688817374,1.0,0.37,1891000,콘텐츠,"성능, 배터리",소니,소니 전자기기 1245,"소니 전자기기 ??. ?? ??: 성능, 배터리, 휴대성, 업무, 공부, 게임, 콘텐츠.",4589000,3925000,4610000,4.42,123.0,3,crawler,Y,Y,0.629,0.629
female,49,6470000.0,자영업,기혼,보수적,1959000.0,고가,명품,구찌,41,8,21,Y,4,1.0,3.0,0.0,0.6666666666666666,0.0,0.08779989790709546,0.3094919786096257,0.0,0.6575,1.0,0.019999999999999976,577000,소장,"브랜드, 희소성",패스트캠퍼스,구찌 명품 1246,"구찌 명품 ??. ?? ??: 브랜드, 희소성, 디자인, 선물, 보상, 소장.",1959000,1496000,1787000,3.66,2903.0,0,user_input,Y,Y,0.77,0.77
female,59,4030000.0,공무원,미혼,보수적,763000.0,고가,교육,클래스101,42,5,3,Y,4,0.345679012345679,1.345679012345679,1.0,0.0,0.0,0.0,0.36983842010771995,0.2,0.61875,1.0,1.0,567000,취업,"희소성, 감성",이니스프리,클래스101 교육 1247,"클래스101 교육 ??. ?? ??: 강의품질, 가격, 커리큘럼, 공부, 취업, 자기계발.",763000,557000,767000,3.35,3036.0,2,image_estimate,Y,Y,0.535,0.535
female,22,600000.0,학생,미혼,보수적,4320000.0,초고가,여행,마이리얼트립,15,60,18,Y,60,1.0,3.0,0.0,0.9,0.0,0.0,0.21964991530208922,0.2,0.38375000000000004,1.0,0.09999999999999998,88000,선물,"가격, 일정",정관장,마이리얼트립 여행 1248,"마이리얼트립 여행 ??. ?? ??: 가격, 일정, 숙소, 휴식, 가족, 기념일.",4320000,3542000,4419000,3.47,,1,image_estimate,Y,N,0.743,0.743
female,60,2090000.0,은퇴자,미혼,진보적,163000.0,중저가,전자기기,삼성,11,5,1,N,3,0.0,0.7652582159624414,0.0,0.0,0.0,0.024539877300613498,0.26356589147286824,0.2,0.35375,1.0,0.37,213000,소장,"희소성, 감성",레노버,삼성 전자기기 1249,"삼성 전자기기 ??. ?? ??: 성능, 배터리, 휴대성, 업무, 공부, 게임, 콘텐츠.",163000,129000,159000,3.23,,4,manual,Y,N,0.659,0.659
male,30,5210000.0,사무직,미혼,보수적,27000.0,초저가,화장품,라네즈,45,1,21,N,4,0.0,0.07605633802816901,1.0,0.0,1.0,0.07407407407407407,0.125,0.0,0.6128132752637887,1.0,0.52,355000,선물,"희소성, 감성",라네즈,라네즈 화장품 1250,"라네즈 화장품 ??. ?? ??: 성분, 가격, 후기, 피부관리, 선물, 데일리.",27000,24000,25000,,505.0,0,manual,N,Y,0.366,0.366
male,75,2540000.0,은퇴자,기혼,보수적,39000.0,저가,식품,동원,48,3,13,N,4,0.0,0.0705244122965642,1.0,0.9,0.0,0.358974358974359,0.18181818181818182,0.2,0.7762500000000001,1.0,1.0,553000,식사,"가격, 신선도",정관장,동원 식품 1251,"동원 식품 ??. ?? ??: 가격, 신선도, 배송, 생활, 식사, 가족.",39000,33000,25000,4.61,2123.0,3,crawler,Y,Y,0.332,0.332
female,28,9180000.0,대기업직원,미혼,진보적,125000.0,중저가,가구,이케아,17,3,9,N,0,0.0,0.2604166666666667,0.0,0.0,1.0,0.152,0.09649122807017543,0.2,0.1875,0.75,0.37,480000,선물,"희소성, 감성",이케아,이케아 가구 1252,"이케아 가구 ??. ?? ??: 내구성, 크기, 디자인, 이사, 인테리어, 생활.",125000,114000,106000,,,1,user_input,N,N,0.575,0.575
male,46,9280000.0,대기업직원,미혼,보수적,311000.0,중저가,패션,아디다스,42,5,14,N,1,0.0,0.20830542531815138,0.0,0.6666666666666666,1.0,0.04501607717041801,0.2693877551020408,0.2,0.72875,1.0,0.09999999999999998,1493000,휴식,"디자인, 착용감",아디다스,아디다스 패션 1253,"아디다스 패션 ??. ?? ??: 디자인, 착용감, 브랜드, 출근, 데이트, 여행.",311000,245000,297000,4.23,1508.0,2,image_estimate,Y,Y,0.463,0.463
male,41,2360000.0,주부,미혼,진보적,25000.0,초저가,화장품,설화수,12,2,12,N,1,0.0,0.2777777777777778,0.0,0.0,1.0,0.36,0.3157894736842105,0.2,0.44625000000000004,1.0,0.019999999999999976,90000,휴식,"희소성, 감성",설화수,설화수 화장품 1254,"설화수 화장품 ??. ?? ??: 성분, 가격, 후기, 피부관리, 선물, 데일리.",25000,19000,16000,3.97,,4,image_estimate,Y,N,0.649,0.649
male,39,4220000.0,공무원,미혼,보수적,488000.0,중저가,화장품,설화수,42,2,22,N,1,0.24489795918367352,1.2448979591836735,1.0,0.0,0.0,0.006147540983606557,0.11926605504587157,0.2,0.7250000000000001,1.0,0.52,392000,선물,"희소성, 감성",오뚜기,설화수 화장품 1255,"설화수 화장품 ??. ?? ??: 성분, 가격, 후기, 피부관리, 선물, 데일리.",488000,436000,485000,4.2,3618.0,1,naver_api,Y,Y,0.513,0.513
female,24,890000.0,학생,미혼,진보적,2188000.0,초고가,가구,이케아,13,34,14,Y,21,1.0,3.0,0.0,0.6666666666666666,0.0,0.18738574040219377,0.3590062111801242,0.2,0.49125,1.0,0.37,143000,생활,"내구성, 크기",COS,이케아 가구 1256,"이케아 가구 ??. ?? ??: 내구성, 크기, 디자인, 이사, 인테리어, 생활.",2188000,1610000,1778000,4.33,,2,crawler,Y,N,0.771,0.771
male,28,4700000.0,프리랜서,기혼,보수적,911000.0,고가,가구,한샘,39,7,3,Y,3,0.8939708939708939,1.893970893970894,1.0,0.6666666666666666,1.0,0.278814489571899,0.15170670037926676,0.0,0.7499542376196153,1.0,0.87,481000,이사,"내구성, 크기",한샘,한샘 가구 1257,"한샘 가구 ??. ?? ??: 내구성, 크기, 디자인, 이사, 인테리어, 생활.",911000,791000,657000,4.47,784.0,0,naver_api,Y,Y,0.458,0.458
male,24,910000.0,취업준비생,미혼,보수적,62000.0,저가,가구,이케아,13,4,21,N,3,0.0,0.41333333333333333,1.0,0.6666666666666666,1.0,0.16129032258064516,0.03333333333333333,0.2,0.5162500000000001,1.0,0.87,150000,인테리어,"내구성, 크기",이케아,이케아 가구 1258,"이케아 가구 ??. ?? ??: 내구성, 크기, 디자인, 이사, 인테리어, 생활.",62000,60000,52000,4.53,,4,crawler,Y,N,0.267,0.267
male,56,2180000.0,주부,기혼,보수적,13000.0,초저가,식품,동원,46,4,13,N,0,0.0,0.04436860068259386,1.0,0.9,0.0,0.0,0.08333333333333333,0.2,0.6937500000000001,1.0,1.0,293000,생활,"가격, 신선도",다이소,동원 식품 1259,"동원 식품 ??. ?? ??: 가격, 신선도, 배송, 생활, 식사, 가족.",13000,12000,13000,3.95,1833.0,2,image_estimate,Y,Y,0.253,0.253
male,29,5500000.0,공무원,미혼,보수적,1398000.0,고가,명품,구찌,46,6,16,Y,5,1.0,3.0,0.0,0.6666666666666666,0.0,0.2854077253218884,0.030973451327433628,0.2,0.6113404899655039,1.0,0.019999999999999976,460000,소장,"브랜드, 희소성",ZARA,구찌 명품 1260,"구찌 명품 ??. ?? ??: 브랜드, 희소성, 디자인, 선물, 보상, 소장.",1398000,1356000,999000,3.33,873.0,1,user_input,Y,Y,0.798,0.798
female,70,3760000.0,은퇴자,미혼,진보적,5000.0,초저가,식품,CJ,42,2,16,N,1,0.0,0.010706638115631691,0.0,0.0,0.0,0.0,0.25,0.2,0.62875,1.0,0.57,467000,유행,"희소성, 감성",LG,CJ 식품 1261,"CJ 식품 ??. ?? ??: 가격, 신선도, 배송, 생활, 식사, 가족.",5000,4000,5000,3.43,2877.0,3,crawler,Y,Y,0.629,0.629
female,59,6120000.0,공무원,미혼,보수적,150000.0,중저가,패션,ZARA,57,3,1,N,2,0.0,0.18633540372670807,0.0,0.6666666666666666,0.0,0.0,0.19047619047619047,0.2,0.79125,1.0,0.09999999999999998,805000,휴식,"디자인, 착용감",샤넬,ZARA 패션 1262,"ZARA 패션 ??. ?? ??: 디자인, 착용감, 브랜드, 출근, 데이트, 여행.",150000,126000,150000,4.73,3796.0,1,naver_api,Y,Y,0.547,0.547
female,38,1950000.0,주부,미혼,보수적,2844000.0,초고가,명품,샤넬,45,20,16,Y,12,1.0,3.0,1.0,0.3333333333333333,1.0,0.3379043600562588,0.20815632965165676,0.0,0.754577239749818,1.0,0.52,280000,보상,"희소성, 감성",샤넬,샤넬 명품 1263,"샤넬 명품 ??. ?? ??: 브랜드, 희소성, 디자인, 선물, 보상, 소장.",2844000,2354000,1883000,4.58,609.0,0,user_input,Y,Y,0.588,0.588
male,46,3780000.0,프리랜서,기혼,진보적,47000.0,저가,식품,오뚜기,42,1,3,N,4,0.0,0.3533834586466165,1.0,0.9,0.0,0.1276595744680851,0.175,0.2,0.7537499999999999,1.0,1.0,133000,식사,"가격, 신선도",구찌,오뚜기 식품 1264,"오뚜기 식품 ??. ?? ??: 가격, 신선도, 배송, 생활, 식사, 가족.",47000,40000,41000,4.43,2415.0,2,manual,Y,Y,0.295,0.295
female,33,7340000.0,전문직,기혼,보수적,228000.0,중저가,전자기기,애플,7,1,21,N,4,0.0,0.16951672862453532,1.0,0.9375,1.0,0.2894736842105263,0.15736040609137056,0.2,0.1875,0.75,0.87,1345000,업무,"성능, 배터리",애플,애플 전자기기 1265,"애플 전자기기 ??. ?? ??: 성능, 배터리, 휴대성, 업무, 공부, 게임, 콘텐츠.",228000,197000,162000,,,2,manual,N,N,0.254,0.254
female,40,7390000.0,전문직,기혼,보수적,3744000.0,초고가,전자기기,소니,5,10,19,Y,6,1.0,3.0,1.0,0.9375,1.0,0.09375,0.14007308160779536,0.2,0.1875,0.75,0.87,409000,공부,"성능, 배터리",소니,소니 전자기기 1266,"소니 전자기기 ??. ?? ??: 성능, 배터리, 휴대성, 업무, 공부, 게임, 콘텐츠.",3744000,3284000,3393000,,,1,image_estimate,N,N,0.481,0.481
female,28,4710000.0,사무직,미혼,진보적,24000.0,초저가,화장품,설화수,50,0,14,N,1,0.0,0.02583423035522067,1.0,0.0,0.0,0.0,0.09090909090909091,0.2,0.6799999999999999,1.0,0.52,929000,선물,"희소성, 감성",하나투어,설화수 화장품 1267,"설화수 화장품 ??. ?? ??: 성분, 가격, 후기, 피부관리, 선물, 데일리.",24000,22000,25000,3.84,1172.0,4,user_input,Y,Y,0.464,0.464
female,40,3740000.0,사무직,기혼,보수적,725000.0,고가,전자기기,애플,46,5,13,Y,3,0.0342368045649073,1.0342368045649073,0.0,0.0,0.0,0.041379310344827586,0.36278195488721804,0.2,0.7,1.0,0.37,701000,콘텐츠,"희소성, 감성",리바트,애플 전자기기 1268,"애플 전자기기 ??. ?? ??: 성능, 배터리, 휴대성, 업무, 공부, 게임, 콘텐츠.",725000,532000,695000,4.0,3528.0,2,manual,Y,Y,0.68,0.68
female,41,5050000.0,공무원,기혼,진보적,151000.0,중저가,패션,나이키,43,6,16,N,3,0.0,0.7122641509433962,0.0,0.0,1.0,0.052980132450331126,0.06338028169014084,0.2,0.78125,1.0,0.09999999999999998,212000,선물,"희소성, 감성",나이키,나이키 패션 1269,"나이키 패션 ??. ?? ??: 디자인, 착용감, 브랜드, 출근, 데이트, 여행.",151000,142000,143000,4.65,1587.0,2,manual,Y,Y,0.572,0.572
female,31,1260000.0,취업준비생,기혼,보수적,77000.0,저가,건강관리,종근당,23,3,17,N,3,0.0,0.4301675977653631,1.0,0.6666666666666666,0.0,0.0,0.11594202898550725,0.0,0.4967434260081896,1.0,0.95,179000,건강,"성분, 후기",메가스터디,종근당 건강관리 1270,"종근당 건강관리 ??. ?? ??: 성분, 후기, 안전성, 건강, 부모님, 회복.",77000,69000,82000,3.59,14.0,0,image_estimate,Y,Y,0.287,0.287
female,49,5610000.0,사무직,미혼,보수적,268000.0,중저가,가구,한샘,38,6,20,N,0,0.0,0.22148760330578512,0.0,0.0,1.0,0.376865671641791,0.08943089430894309,0.2,0.7362500000000001,1.0,0.37,1210000,소장,"희소성, 감성",한샘,한샘 가구 1271,"한샘 가구 ??. ?? ??: 내구성, 크기, 디자인, 이사, 인테리어, 생활.",268000,246000,167000,4.29,1668.0,4,image_estimate,Y,Y,0.573,0.573
male,29,8610000.0,대기업직원,미혼,보수적,69000.0,저가,가구,한샘,36,5,12,N,2,0.0,0.16829268292682928,0.0,0.6666666666666666,1.0,0.014492753623188406,0.09523809523809523,0.2,0.675167861294468,1.0,0.37,410000,유행,"내구성, 크기",한샘,한샘 가구 1272,"한샘 가구 ??. ?? ??: 내구성, 크기, 디자인, 이사, 인테리어, 생활.",69000,63000,68000,3.97,558.0,1,manual,Y,Y,0.442,0.442
male,47,3960000.0,사무직,미혼,보수적,205000.0,중저가,교육,패스트캠퍼스,41,4,13,N,3,0.0,0.328525641025641,1.0,0.9,0.0,0.33170731707317075,0.18497109826589594,0.2,0.7962499999999999,1.0,1.0,624000,취업,"강의품질, 가격",마이리얼트립,패스트캠퍼스 교육 1273,"패스트캠퍼스 교육 ??. ?? ??: 강의품질, 가격, 커리큘럼, 공부, 취업, 자기계발.",205000,173000,137000,4.77,1083.0,3,crawler,Y,Y,0.315,0.315
female,59,6820000.0,자영업,기혼,진보적,850000.0,고가,가구,리바트,4,2,16,Y,2,0.0,0.8956796628029505,0.0,0.6666666666666666,0.0,0.3247058823529412,0.2937595129375951,0.0,0.5125,1.0,0.37,949000,소장,"내구성, 크기",대한항공,리바트 가구 1274,"리바트 가구 ??. ?? ??: 내구성, 크기, 디자인, 이사, 인테리어, 생활.",850000,657000,574000,4.5,,0,manual,Y,N,0.59,0.59
male,44,6820000.0,자영업,기혼,진보적,1920000.0,고가,명품,샤넬,3,9,18,Y,4,0.6695652173913043,1.6695652173913043,0.0,0.6666666666666666,1.0,0.278125,0.33611691022964507,0.2,0.55375,1.0,0.019999999999999976,1150000,소장,"브랜드, 희소성",샤넬,샤넬 명품 1275,"샤넬 명품 ??. ?? ??: 브랜드, 희소성, 디자인, 선물, 보상, 소장.",1920000,1437000,1386000,4.83,,3,user_input,Y,N,0.707,0.707
female,58,6050000.0,공무원,기혼,보수적,563000.0,고가,건강관리,센트룸,46,5,10,Y,4,0.0,0.836552748885587,1.0,0.6666666666666666,0.0,0.24156305506216696,0.3436754176610978,0.2,0.6375,1.0,0.95,673000,건강,"성분, 후기",삼성,센트룸 건강관리 1276,"센트룸 건강관리 ??. ?? ??: 성분, 후기, 안전성, 건강, 부모님, 회복.",563000,419000,427000,,3922.0,4,naver_api,N,Y,0.349,0.349
male,29,7130000.0,대기업직원,미혼,진보적,2683000.0,초고가,가구,리바트,5,8,14,Y,3,1.0,3.0,0.0,0.0,1.0,0.049944092433842714,0.07491987179487179,0.2,0.1875,0.75,0.37,684000,휴식,"희소성, 감성",리바트,리바트 가구 1277,"리바트 가구 ??. ?? ??: 내구성, 크기, 디자인, 이사, 인테리어, 생활.",2683000,2496000,2549000,,,3,naver_api,N,N,0.787,0.787
male,55,4880000.0,프리랜서,기혼,보수적,249000.0,중저가,가구,한샘,52,1,12,N,1,0.0,0.8861209964412812,0.0,0.6666666666666666,1.0,0.3172690763052209,0.2146341463414634,0.2,0.7224999999999999,1.0,0.37,281000,생활,"내구성, 크기",한샘,한샘 가구 1278,"한샘 가구 ??. ?? ??: 내구성, 크기, 디자인, 이사, 인테리어, 생활.",249000,205000,170000,4.18,2413.0,2,crawler,Y,Y,0.501,0.501
female,33,3600000.0,공무원,미혼,보수적,3643000.0,초고가,여행,대한항공,42,16,18,Y,11,1.0,3.0,1.0,0.9,1.0,0.0,0.18356075373619232,0.0,0.5953161467318253,1.0,0.6,205000,휴식,"가격, 일정",대한항공,대한항공 여행 1279,"대한항공 여행 ??. ?? ??: 가격, 일정, 숙소, 휴식, 가족, 기념일.",3643000,3078000,3713000,,311.0,0,image_estimate,N,Y,0.462,0.462
male,32,5190000.0,자영업,기혼,진보적,11000.0,초저가,생활용품,유한킴벌리,51,2,15,N,3,0.0,0.05045871559633028,0.0,0.9,0.0,0.18181818181818182,0.1,0.0,0.64,1.0,0.57,218000,가정,"가격, 내구성",라네즈,유한킴벌리 생활용품 1280,"유한킴벌리 생활용품 ??. ?? ??: 가격, 내구성, 용량, 생활, 청소, 가정.",11000,10000,9000,3.52,1985.0,0,crawler,Y,Y,0.488,0.488
female,23,550000.0,학생,미혼,보수적,697000.0,고가,건강관리,종근당,17,16,21,Y,11,1.0,3.0,0.0,0.0,0.0,0.015781922525107604,0.03566121842496285,0.2,0.47375000000000006,1.0,0.44999999999999996,26000,회복,"희소성, 감성",동원,종근당 건강관리 1281,"종근당 건강관리 ??. ?? ??: 성분, 후기, 안전성, 건강, 부모님, 회복.",697000,673000,686000,4.19,,3,crawler,Y,N,0.85,0.85
female,34,9760000.0,전문직,기혼,보수적,80000.0,저가,가구,한샘,46,4,11,N,2,0.0,0.06878761822871883,0.0,0.0,1.0,0.0,0.19402985074626866,0.2,0.7775322674278295,1.0,0.37,1163000,유행,"희소성, 감성",한샘,한샘 가구 1282,"한샘 가구 ??. ?? ??: 내구성, 크기, 디자인, 이사, 인테리어, 생활.",80000,67000,85000,4.8,537.0,3,manual,Y,Y,0.57,0.57
female,53,5230000.0,사무직,미혼,진보적,52000.0,저가,교육,패스트캠퍼스,54,0,10,N,4,0.0,0.055734190782422297,0.0,0.9,1.0,0.1346153846153846,0.3,0.2,0.6225,1.0,0.57,933000,선물,"강의품질, 가격",패스트캠퍼스,패스트캠퍼스 교육 1283,"패스트캠퍼스 교육 ??. ?? ??: 강의품질, 가격, 커리큘럼, 공부, 취업, 자기계발.",52000,40000,45000,3.38,3480.0,3,naver_api,Y,Y,0.438,0.438
female,43,3980000.0,공무원,기혼,보수적,3001000.0,초고가,여행,하나투어,42,10,15,Y,8,1.0,3.0,1.0,0.9,0.0,0.03898700433188937,0.36161524500907444,0.2,0.73875,1.0,0.6,223000,휴식,"가격, 일정",종근당,하나투어 여행 1284,"하나투어 여행 ??. ?? ??: 가격, 일정, 숙소, 휴식, 가족, 기념일.",3001000,2204000,2884000,4.31,3051.0,2,image_estimate,Y,Y,0.541,0.541
male,25,970000.0,취업준비생,미혼,보수적,24000.0,초저가,식품,오뚜기,44,5,1,N,4,0.0,0.13636363636363635,1.0,0.0,1.0,0.3333333333333333,0.3333333333333333,0.2,0.6950000000000001,1.0,1.0,176000,생활,"희소성, 감성",오뚜기,오뚜기 식품 1285,"오뚜기 식품 ??. ?? ??: 가격, 신선도, 배송, 생활, 식사, 가족.",24000,18000,16000,3.96,3344.0,4,user_input,Y,Y,0.376,0.376
male,50,7990000.0,대기업직원,기혼,보수적,1898000.0,고가,여행,하나투어,40,5,0,Y,5,0.11450381679389321,1.1145038167938932,1.0,0.9,1.0,0.29610115911485774,0.3537803138373752,0.2,0.69875,1.0,0.6,1703000,가족,"가격, 일정",하나투어,하나투어 여행 1286,"하나투어 여행 ??. ?? ??: 가격, 일정, 숙소, 휴식, 가족, 기념일.",1898000,1402000,1336000,3.99,2725.0,3,crawler,Y,Y,0.314,0.314
male,61,3570000.0,은퇴자,미혼,진보적,583000.0,고가,교육,패스트캠퍼스,8,4,3,Y,3,0.1476377952755905,1.1476377952755905,1.0,0.0,1.0,0.25900514579759865,0.229957805907173,0.2,0.455,1.0,1.0,508000,취업,"희소성, 감성",패스트캠퍼스,패스트캠퍼스 교육 1287,"패스트캠퍼스 교육 ??. ?? ??: 강의품질, 가격, 커리큘럼, 공부, 취업, 자기계발.",583000,474000,432000,4.04,,2,image_estimate,Y,N,0.413,0.413
male,21,670000.0,학생,미혼,보수적,157000.0,중저가,화장품,라네즈,5,6,17,Y,4,0.08275862068965512,1.0827586206896551,1.0,0.9,1.0,0.0,0.11347517730496454,0.2,0.38875,1.0,0.52,145000,피부관리,"성분, 가격",라네즈,라네즈 화장품 1288,"라네즈 화장품 ??. ?? ??: 성분, 가격, 후기, 피부관리, 선물, 데일리.",157000,141000,165000,3.51,,1,crawler,Y,N,0.262,0.262
male,35,9110000.0,대기업직원,기혼,진보적,65000.0,저가,식품,오뚜기,51,4,10,N,2,0.0,0.09774436090225563,0.0,0.0,1.0,0.26153846153846155,0.08333333333333333,0.0,0.61625,1.0,0.57,665000,가족,"희소성, 감성",오뚜기,오뚜기 식품 1289,"오뚜기 식품 ??. ?? ??: 가격, 신선도, 배송, 생활, 식사, 가족.",65000,60000,48000,3.33,1438.0,0,crawler,Y,Y,0.529,0.529
male,31,3130000.0,사무직,기혼,진보적,376000.0,중저가,화장품,라네즈,56,4,11,N,4,0.0,0.5793528505392912,1.0,0.9,1.0,0.2765957446808511,0.03867403314917127,0.2,0.6375,1.0,0.52,649000,선물,"성분, 가격",라네즈,라네즈 화장품 1290,"라네즈 화장품 ??. ?? ??: 성분, 가격, 후기, 피부관리, 선물, 데일리.",376000,362000,272000,,3401.0,3,crawler,N,Y,0.268,0.268
male,69,2470000.0,은퇴자,기혼,진보적,2651000.0,초고가,가구,이케아,54,13,12,Y,9,1.0,3.0,0.0,0.6666666666666666,1.0,0.11278762731044889,0.05743917032309533,0.2,0.6225,1.0,0.37,521000,유행,"내구성, 크기",이케아,이케아 가구 1291,"이케아 가구 ??. ?? ??: 내구성, 크기, 디자인, 이사, 인테리어, 생활.",2651000,2507000,2352000,3.38,3292.0,3,manual,Y,Y,0.662,0.662
male,32,3140000.0,주부,미혼,보수적,282000.0,중저가,화장품,이니스프리,9,4,16,N,5,1.0,2.4310344827586206,0.0,0.9,1.0,0.1453900709219858,0.21551724137931033,0.2,0.48374999999999996,1.0,0.019999999999999976,116000,데일리,"성분, 가격",이니스프리,이니스프리 화장품 1292,"이니스프리 화장품 ??. ?? ??: 성분, 가격, 후기, 피부관리, 선물, 데일리.",282000,232000,241000,4.27,,1,image_estimate,Y,N,0.644,0.644
male,53,6270000.0,자영업,기혼,보수적,480000.0,중저가,교육,메가스터디,45,4,22,N,1,0.0,0.6566347469220246,1.0,0.0,0.0,0.09791666666666667,0.3333333333333333,0.2,0.665,1.0,1.0,731000,공부,"희소성, 감성",마이리얼트립,메가스터디 교육 1293,"메가스터디 교육 ??. ?? ??: 강의품질, 가격, 커리큘럼, 공부, 취업, 자기계발.",480000,360000,433000,3.72,2654.0,2,image_estimate,Y,Y,0.439,0.439
male,53,3780000.0,프리랜서,기혼,보수적,51000.0,저가,생활용품,3M,51,1,12,N,2,0.0,0.20238095238095238,0.0,0.9,1.0,0.0,0.04081632653061224,0.2,0.65875,1.0,0.57,252000,유행,"가격, 내구성",3M,3M 생활용품 1294,"3M 생활용품 ??. ?? ??: 가격, 내구성, 용량, 생활, 청소, 가정.",51000,49000,53000,3.67,1977.0,4,image_estimate,Y,Y,0.38,0.38
female,30,1060000.0,취업준비생,기혼,진보적,3441000.0,초고가,가구,리바트,55,39,1,Y,29,1.0,3.0,0.0,0.0,1.0,0.09532112757919209,0.056493705864292296,0.0,0.76,1.0,0.37,63000,유행,"희소성, 감성",리바트,리바트 가구 1295,"리바트 가구 ??. ?? ??: 내구성, 크기, 디자인, 이사, 인테리어, 생활.",3441000,3257000,3113000,4.48,3720.0,0,crawler,Y,Y,0.763,0.763
male,43,3310000.0,프리랜서,기혼,보수적,485000.0,중저가,명품,프라다,2,4,18,N,5,0.38968481375358177,1.3896848137535818,0.0,0.3333333333333333,0.0,0.3422680412371134,0.38571428571428573,0.2,0.5349999999999999,1.0,0.019999999999999976,349000,유행,"희소성, 감성",대한항공,프라다 명품 1296,"프라다 명품 ??. ?? ??: 브랜드, 희소성, 디자인, 선물, 보상, 소장.",485000,350000,319000,4.68,,2,crawler,Y,N,0.768,0.768
female,34,5730000.0,프리랜서,기혼,보수적,2358000.0,초고가,명품,프라다,10,7,22,Y,6,1.0,2.0240343347639485,0.0,0.3333333333333333,1.0,0.20865139949109415,0.09065679925994449,0.2,0.5237499999999999,1.0,0.019999999999999976,1165000,휴식,"희소성, 감성",프라다,프라다 명품 1297,"프라다 명품 ??. ?? ??: 브랜드, 희소성, 디자인, 선물, 보상, 소장.",2358000,2162000,1866000,4.59,,3,user_input,Y,N,0.813,0.813
female,45,6770000.0,자영업,기혼,진보적,20000.0,초저가,생활용품,유한킴벌리,14,3,18,N,1,0.0,0.014652014652014652,1.0,0.0,1.0,0.3,0.25,0.2,0.45749999999999996,1.0,1.0,1365000,생활,"희소성, 감성",유한킴벌리,유한킴벌리 생활용품 1298,"유한킴벌리 생활용품 ??. ?? ??: 가격, 내구성, 용량, 생활, 청소, 가정.",20000,16000,14000,4.06,,4,crawler,Y,N,0.374,0.374
female,30,4780000.0,자영업,미혼,보수적,654000.0,고가,명품,샤넬,29,1,2,Y,2,1.0,2.1727574750830563,0.0,0.6666666666666666,0.0,0.0,0.15547703180212014,0.2,0.7326637488928347,1.0,0.019999999999999976,301000,유행,"브랜드, 희소성",대한항공,샤넬 명품 1299,"샤넬 명품 ??. ?? ??: 브랜드, 희소성, 디자인, 선물, 보상, 소장.",654000,566000,681000,4.85,130.0,1,user_input,Y,Y,0.772,0.772
male,40,9330000.0,대기업직원,미혼,진보적,1994000.0,고가,가구,이케아,12,5,16,Y,5,1.0,2.34037558685446,1.0,0.0,0.0,0.00802407221664995,0.023088763468445357,0.2,0.1875,0.75,0.87,852000,인테리어,"희소성, 감성",동원,이케아 가구 1300,"이케아 가구 ??. ?? ??: 내구성, 크기, 디자인, 이사, 인테리어, 생활.",1994000,1949000,1978000,,,2,crawler,N,N,0.681,0.681
female,25,910000.0,취업준비생,미혼,보수적,6000.0,초저가,생활용품,유한킴벌리,53,0,9,N,3,0.0,0.03015075376884422,1.0,0.9,1.0,0.3333333333333333,0.5,0.2,0.61875,1.0,1.0,199000,청소,"가격, 내구성",유한킴벌리,유한킴벌리 생활용품 1301,"유한킴벌리 생활용품 ??. ?? ??: 가격, 내구성, 용량, 생활, 청소, 가정.",6000,4000,4000,3.35,2166.0,1,image_estimate,Y,Y,0.254,0.254
female,25,5630000.0,프리랜서,기혼,보수적,6000.0,초저가,식품,CJ,56,2,18,N,4,0.0,0.0136986301369863,0.0,0.9,0.0,0.16666666666666666,0.2,0.2,0.645,1.0,0.57,438000,소장,"가격, 신선도",하나투어,CJ 식품 1302,"CJ 식품 ??. ?? ??: 가격, 신선도, 배송, 생활, 식사, 가족.",6000,5000,5000,3.56,3716.0,4,manual,Y,Y,0.47,0.47
female,31,3350000.0,공무원,미혼,보수적,47000.0,저가,건강관리,정관장,44,5,11,N,4,0.0,0.2175925925925926,1.0,0.6666666666666666,0.0,0.1276595744680851,0.3055555555555556,0.2,0.7424999999999999,1.0,0.95,216000,건강,"성분, 후기",COS,정관장 건강관리 1303,"정관장 건강관리 ??. ?? ??: 성분, 후기, 안전성, 건강, 부모님, 회복.",47000,36000,41000,4.34,2470.0,2,user_input,Y,Y,0.335,0.335
female,30,4250000.0,프리랜서,기혼,진보적,650000.0,고가,화장품,이니스프리,3,5,18,Y,5,0.19266055045871555,1.1926605504587156,1.0,0.9,0.0,0.2630769230769231,0.028481012658227847,0.2,0.1875,0.75,0.52,545000,피부관리,"성분, 가격",LG,이니스프리 화장품 1304,"이니스프리 화장품 ??. ?? ??: 성분, 가격, 후기, 피부관리, 선물, 데일리.",650000,632000,479000,,,3,naver_api,N,N,0.373,0.373
female,20,910000.0,학생,기혼,진보적,2923000.0,초고가,전자기기,소니,23,39,12,Y,29,1.0,3.0,0.0,0.9375,1.0,0.009237085186452275,0.029950669485553208,0.2,0.574348869208245,1.0,0.37,109000,선물,"성능, 배터리",소니,소니 전자기기 1305,"소니 전자기기 ??. ?? ??: 성능, 배터리, 휴대성, 업무, 공부, 게임, 콘텐츠.",2923000,2838000,2896000,4.02,28.0,1,naver_api,Y,Y,0.617,0.617
female,37,2590000.0,주부,미혼,진보적,126000.0,중저가,생활용품,다이소,36,0,11,N,3,0.3263157894736841,1.3263157894736841,1.0,0.9,0.0,0.1111111111111111,0.058823529411764705,0.0,0.7430280648899638,1.0,1.0,95000,청소,"가격, 내구성",라네즈,다이소 생활용품 1306,"다이소 생활용품 ??. ?? ??: 가격, 내구성, 용량, 생활, 청소, 가정.",126000,119000,112000,4.63,372.0,0,user_input,Y,Y,0.341,0.341
male,56,9700000.0,대기업직원,기혼,진보적,726000.0,고가,교육,클래스101,6,1,19,Y,4,0.0,0.40355753196220123,1.0,0.0,0.0,0.048209366391184574,0.04460431654676259,0.2,0.5349999999999999,1.0,1.0,1799000,공부,"희소성, 감성",마이리얼트립,클래스101 교육 1307,"클래스101 교육 ??. ?? ??: 강의품질, 가격, 커리큘럼, 공부, 취업, 자기계발.",726000,695000,691000,4.68,,4,crawler,Y,N,0.417,0.417
female,43,6090000.0,대기업직원,기혼,보수적,738000.0,고가,명품,샤넬,44,3,15,Y,2,1.0,3.0,0.0,0.6666666666666666,1.0,0.36585365853658536,0.11649016641452345,0.2,0.6375,1.0,0.019999999999999976,221000,유행,"브랜드, 희소성",샤넬,샤넬 명품 1308,"샤넬 명품 ??. ?? ??: 브랜드, 희소성, 디자인, 선물, 보상, 소장.",738000,661000,468000,,1729.0,4,manual,N,Y,0.767,0.767
female,42,8600000.0,대기업직원,기혼,보수적,155000.0,중저가,건강관리,종근당,47,4,22,N,4,0.0,0.1668460710441335,1.0,0.0,0.0,0.0,0.37168141592920356,0.0,0.7124999999999999,1.0,0.95,929000,부모님,"희소성, 감성",이니스프리,종근당 건강관리 1309,"종근당 건강관리 ??. ?? ??: 성분, 후기, 안전성, 건강, 부모님, 회복.",155000,113000,163000,4.1,2037.0,0,naver_api,Y,Y,0.431,0.431
female,22,850000.0,취업준비생,미혼,진보적,190000.0,중저가,여행,대한항공,52,3,19,Y,4,0.3970588235294117,1.3970588235294117,0.0,0.0,0.0,0.21578947368421053,0.2925170068027211,0.2,0.64125,1.0,0.09999999999999998,136000,선물,"희소성, 감성",애플,대한항공 여행 1310,"대한항공 여행 ??. ?? ??: 가격, 일정, 숙소, 휴식, 가족, 기념일.",190000,147000,149000,3.53,2223.0,3,crawler,Y,Y,0.785,0.785
female,39,3200000.0,주부,기혼,보수적,30000.0,저가,식품,CJ,4,6,0,N,0,0.0,0.09036144578313253,0.0,0.0,0.0,0.16666666666666666,0.07142857142857142,0.2,0.1875,0.75,0.57,332000,가족,"희소성, 감성",다이소,CJ 식품 1311,"CJ 식품 ??. ?? ??: 가격, 신선도, 배송, 생활, 식사, 가족.",30000,28000,25000,,,2,crawler,N,N,0.649,0.649
female,59,5890000.0,공무원,기혼,보수적,276000.0,중저가,전자기기,레노버,16,4,14,N,0,0.0,0.23370025402201525,0.0,0.0,0.0,0.0,0.05343511450381679,0.2,0.5,1.0,0.37,1181000,소장,"희소성, 감성",삼성,레노버 전자기기 1312,"레노버 전자기기 ??. ?? ??: 성능, 배터리, 휴대성, 업무, 공부, 게임, 콘텐츠.",276000,262000,291000,4.4,,3,crawler,Y,N,0.655,0.655
female,50,3260000.0,사무직,미혼,진보적,217000.0,중저가,패션,ZARA,41,4,15,N,1,0.0,0.33695652173913043,0.0,0.6666666666666666,0.0,0.3317972350230415,0.10714285714285714,0.2,0.65625,1.0,0.09999999999999998,644000,휴식,"디자인, 착용감",3M,ZARA 패션 1313,"ZARA 패션 ??. ?? ??: 디자인, 착용감, 브랜드, 출근, 데이트, 여행.",217000,196000,145000,3.65,2520.0,2,image_estimate,Y,Y,0.574,0.574
female,56,3320000.0,주부,기혼,진보적,3126000.0,초고가,전자기기,애플,50,12,10,Y,10,1.0,3.0,1.0,0.0,0.0,0.060140754958413305,0.042347449149716575,0.2,0.6375,1.0,0.87,235000,공부,"희소성, 감성",레노버,애플 전자기기 1314,"애플 전자기기 ??. ?? ??: 성능, 배터리, 휴대성, 업무, 공부, 게임, 콘텐츠.",3126000,2999000,2938000,,2290.0,3,naver_api,N,Y,0.666,0.666
male,56,6640000.0,대기업직원,기혼,진보적,1718000.0,고가,가구,이케아,48,8,18,Y,5,1.0,3.0,1.0,0.6666666666666666,1.0,0.0,0.25768667642752563,0.2,0.7350000000000001,1.0,0.87,453000,이사,"내구성, 크기",이케아,이케아 가구 1315,"이케아 가구 ??. ?? ??: 내구성, 크기, 디자인, 이사, 인테리어, 생활.",1718000,1366000,1759000,4.28,3968.0,1,crawler,Y,Y,0.454,0.454
male,73,3570000.0,은퇴자,기혼,보수적,4180000.0,초고가,명품,프라다,53,15,15,Y,10,1.0,3.0,0.0,0.6666666666666666,0.0,0.04449760765550239,0.25563232201862424,0.0,0.64,1.0,0.019999999999999976,754000,소장,"브랜드, 희소성",샤넬,프라다 명품 1316,"프라다 명품 ??. ?? ??: 브랜드, 희소성, 디자인, 선물, 보상, 소장.",4180000,3329000,3994000,3.52,2875.0,0,crawler,Y,Y,0.803,0.803
male,41,4690000.0,사무직,기혼,보수적,65000.0,저가,교육,클래스101,10,2,12,N,0,0.0,0.21103896103896103,1.0,0.0,0.0,0.27692307692307694,0.22641509433962265,0.2,0.3825,1.0,1.0,308000,공부,"희소성, 감성",한샘,클래스101 교육 1317,"클래스101 교육 ??. ?? ??: 강의품질, 가격, 커리큘럼, 공부, 취업, 자기계발.",65000,53000,47000,3.46,,4,crawler,Y,N,0.469,0.469
male,58,3010000.0,주부,미혼,보수적,18000.0,초저가,식품,오뚜기,34,4,22,N,1,0.0,0.16071428571428573,1.0,0.9,0.0,0.3333333333333333,0.2,0.2,0.6237582862001008,1.0,1.0,112000,식사,"가격, 신선도",이니스프리,오뚜기 식품 1318,"오뚜기 식품 ??. ?? ??: 가격, 신선도, 배송, 생활, 식사, 가족.",18000,15000,12000,3.63,436.0,1,naver_api,Y,Y,0.339,0.339
male,42,2310000.0,주부,기혼,진보적,676000.0,고가,가구,이케아,6,5,19,Y,2,0.4759825327510918,1.4759825327510918,0.0,0.0,0.0,0.11686390532544379,0.09385113268608414,0.2,0.38375000000000004,1.0,0.37,458000,생활,"희소성, 감성",대한항공,이케아 가구 1319,"이케아 가구 ??. ?? ??: 내구성, 크기, 디자인, 이사, 인테리어, 생활.",676000,618000,597000,3.47,,4,naver_api,Y,N,0.765,0.765
male,30,4020000.0,공무원,기혼,진보적,1153000.0,고가,건강관리,센트룸,35,8,10,Y,2,1.0,3.0,1.0,0.0,1.0,0.14830875975715524,0.2853957636566332,0.0,0.6048495534378726,1.0,0.95,279000,건강,"희소성, 감성",센트룸,센트룸 건강관리 1320,"센트룸 건강관리 ??. ?? ??: 성분, 후기, 안전성, 건강, 부모님, 회복.",1153000,897000,982000,3.25,962.0,0,manual,Y,Y,0.599,0.599
female,41,4500000.0,자영업,미혼,진보적,569000.0,고가,교육,메가스터디,7,4,9,Y,2,0.8006329113924051,1.8006329113924051,0.0,0.0,1.0,0.1704745166959578,0.06954887218045112,0.2,0.41375,1.0,0.57,316000,선물,"희소성, 감성",메가스터디,메가스터디 교육 1321,"메가스터디 교육 ??. ?? ??: 강의품질, 가격, 커리큘럼, 공부, 취업, 자기계발.",569000,532000,472000,3.71,,2,crawler,Y,N,0.747,0.747
female,46,10320000.0,전문직,기혼,보수적,739000.0,고가,교육,클래스101,27,5,14,Y,2,0.0,0.3437209302325581,1.0,0.0,1.0,0.2895805142083897,0.10463378176382661,0.2,0.5662512349555103,1.0,1.0,2150000,공부,"희소성, 감성",클래스101,클래스101 교육 1322,"클래스101 교육 ??. ?? ??: 강의품질, 가격, 커리큘럼, 공부, 취업, 자기계발.",739000,669000,525000,3.47,154.0,3,naver_api,Y,Y,0.385,0.385
male,41,6450000.0,대기업직원,기혼,보수적,113000.0,중저가,교육,메가스터디,9,2,12,N,3,0.0,0.10044444444444445,0.0,0.9,1.0,0.0,0.16494845360824742,0.2,0.5425,1.0,0.57,1125000,자기계발,"강의품질, 가격",메가스터디,메가스터디 교육 1323,"메가스터디 교육 ??. ?? ??: 강의품질, 가격, 커리큘럼, 공부, 취업, 자기계발.",113000,97000,119000,4.74,,4,user_input,Y,N,0.418,0.418
female,33,3010000.0,주부,기혼,보수적,94000.0,저가,생활용품,유한킴벌리,8,0,15,N,4,0.0,0.3533834586466165,0.0,0.9,0.0,0.0,0.323943661971831,0.0,0.36375,1.0,0.57,266000,소장,"가격, 내구성",하나투어,유한킴벌리 생활용품 1324,"유한킴벌리 생활용품 ??. ?? ??: 가격, 내구성, 용량, 생활, 청소, 가정.",94000,71000,101000,3.31,,0,naver_api,Y,N,0.501,0.501
female,75,2240000.0,은퇴자,미혼,진보적,609000.0,고가,명품,샤넬,52,7,19,Y,3,1.0,3.0,0.0,0.6666666666666666,0.0,0.3251231527093596,0.27672955974842767,0.2,0.6375,1.0,0.019999999999999976,146000,휴식,"브랜드, 희소성",CJ,샤넬 명품 1325,"샤넬 명품 ??. ?? ??: 브랜드, 희소성, 디자인, 선물, 보상, 소장.",609000,477000,411000,,2654.0,2,manual,N,Y,0.83,0.83
male,40,4520000.0,사무직,기혼,보수적,1282000.0,고가,가구,이케아,45,4,2,Y,5,1.0,2.9070294784580497,0.0,0.6666666666666666,1.0,0.0,0.2071563088512241,0.2,0.64,1.0,0.37,441000,생활,"내구성, 크기",이케아,이케아 가구 1326,"이케아 가구 ??. ?? ??: 내구성, 크기, 디자인, 이사, 인테리어, 생활.",1282000,1062000,1311000,3.52,1023.0,2,crawler,Y,Y,0.684,0.684
male,58,2870000.0,은퇴자,미혼,보수적,1771000.0,고가,전자기기,LG,36,9,17,Y,8,1.0,3.0,1.0,0.0,1.0,0.3585544889892716,0.10826032540675845,0.2,0.71625,1.0,0.87,246000,업무,"희소성, 감성",LG,LG 전자기기 1327,"LG 전자기기 ??. ?? ??: 성능, 배터리, 휴대성, 업무, 공부, 게임, 콘텐츠.",1771000,1598000,1136000,4.13,1069.0,3,user_input,Y,Y,0.626,0.626
female,32,960000.0,취업준비생,기혼,보수적,1702000.0,고가,명품,루이비통,50,21,0,Y,19,1.0,3.0,1.0,0.6666666666666666,0.0,0.0,0.19943622269203665,0.2,0.6375,1.0,0.52,38000,보상,"브랜드, 희소성",이니스프리,루이비통 명품 1328,"루이비통 명품 ??. ?? ??: 브랜드, 희소성, 디자인, 선물, 보상, 소장.",1702000,1419000,1733000,,2407.0,4,naver_api,N,Y,0.622,0.622
female,19,540000.0,학생,기혼,진보적,827000.0,고가,건강관리,종근당,44,18,20,Y,15,1.0,3.0,0.0,0.6666666666666666,0.0,0.12333736396614269,0.13598901098901098,0.2,0.67875,1.0,0.44999999999999996,73000,회복,"성분, 후기",오뚜기,종근당 건강관리 1329,"종근당 건강관리 ??. ?? ??: 성분, 후기, 안전성, 건강, 부모님, 회복.",827000,728000,725000,3.83,2831.0,3,crawler,Y,Y,0.744,0.744
female,49,4680000.0,공무원,기혼,진보적,103000.0,중저가,화장품,설화수,9,5,18,N,0,0.0,0.1996124031007752,0.0,0.9,1.0,0.3300970873786408,0.04040404040404041,0.2,0.5275000000000001,1.0,0.019999999999999976,516000,휴식,"성분, 가격",설화수,설화수 화장품 1330,"설화수 화장품 ??. ?? ??: 성분, 가격, 후기, 피부관리, 선물, 데일리.",103000,99000,69000,4.62,,2,crawler,Y,N,0.464,0.464
male,54,2010000.0,주부,기혼,보수적,1445000.0,고가,건강관리,종근당,2,10,10,Y,6,1.0,3.0,0.0,0.0,0.0,0.0657439446366782,0.27088830255057167,0.2,0.39375,1.0,0.44999999999999996,405000,회복,"희소성, 감성",이니스프리,종근당 건강관리 1331,"종근당 건강관리 ??. ?? ??: 성분, 후기, 안전성, 건강, 부모님, 회복.",1445000,1137000,1350000,3.55,,2,naver_api,Y,N,0.881,0.881
female,47,5350000.0,공무원,기혼,진보적,44000.0,저가,식품,CJ,41,4,18,N,3,0.0,0.07857142857142857,0.0,0.9,0.0,0.20454545454545456,0.023255813953488372,0.2,0.6637500000000001,1.0,0.57,560000,휴식,"가격, 신선도",마이리얼트립,CJ 식품 1332,"CJ 식품 ??. ?? ??: 가격, 신선도, 배송, 생활, 식사, 가족.",44000,43000,35000,3.71,1949.0,2,image_estimate,Y,Y,0.471,0.471
female,75,2120000.0,은퇴자,기혼,진보적,91000.0,저가,패션,나이키,43,6,20,N,1,0.0,0.20919540229885059,1.0,0.0,0.0,0.27472527472527475,0.12345679012345678,0.2,0.6125,1.0,0.6,435000,출근,"희소성, 감성",라네즈,나이키 패션 1333,"나이키 패션 ??. ?? ??: 디자인, 착용감, 브랜드, 출근, 데이트, 여행.",91000,81000,66000,3.3,3127.0,2,manual,Y,Y,0.477,0.477
male,42,6430000.0,전문직,미혼,진보적,115000.0,중저가,가구,리바트,52,0,9,N,4,0.0,0.1962457337883959,0.0,0.6666666666666666,0.0,0.02608695652173913,0.10576923076923077,0.0,0.6375,1.0,0.37,586000,선물,"내구성, 크기",대한항공,리바트 가구 1334,"리바트 가구 ??. ?? ??: 내구성, 크기, 디자인, 이사, 인테리어, 생활.",115000,104000,112000,,3049.0,0,naver_api,N,Y,0.493,0.493
male,32,3130000.0,주부,기혼,보수적,2905000.0,초고가,명품,프라다,41,11,13,Y,12,1.0,3.0,0.0,0.6666666666666666,0.0,0.08881239242685025,0.37743006164058795,0.0,0.65125,1.0,0.019999999999999976,130000,소장,"브랜드, 희소성",동원,프라다 명품 1335,"프라다 명품 ??. ?? ??: 브랜드, 희소성, 디자인, 선물, 보상, 소장.",2905000,2109000,2647000,3.61,2312.0,0,user_input,Y,Y,0.804,0.804
male,47,4070000.0,자영업,기혼,보수적,7000.0,초저가,식품,동원,38,5,13,N,0,0.0,0.018617021276595744,0.0,0.0,0.0,0.2857142857142857,0.4,0.2,0.5902181091175944,1.0,0.57,376000,선물,"희소성, 감성",유한킴벌리,동원 식품 1336,"동원 식품 ??. ?? ??: 가격, 신선도, 배송, 생활, 식사, 가족.",7000,5000,5000,,270.0,4,manual,N,Y,0.688,0.688
male,40,5450000.0,프리랜서,기혼,보수적,24000.0,초저가,생활용품,유한킴벌리,52,1,13,N,4,0.0,0.023121387283236993,1.0,0.0,0.0,0.20833333333333334,0.2631578947368421,0.2,0.67125,1.0,1.0,1038000,청소,"희소성, 감성",동원,유한킴벌리 생활용품 1337,"유한킴벌리 생활용품 ??. ?? ??: 가격, 내구성, 용량, 생활, 청소, 가정.",24000,19000,19000,3.77,3106.0,1,naver_api,Y,Y,0.466,0.466
female,47,8210000.0,대기업직원,미혼,보수적,2082000.0,초고가,건강관리,센트룸,52,5,17,Y,5,0.6885644768856447,1.6885644768856447,0.0,0.6666666666666666,1.0,0.0,0.11396468699839486,0.0,0.64,1.0,0.44999999999999996,1233000,회복,"성분, 후기",센트룸,센트룸 건강관리 1338,"센트룸 건강관리 ??. ?? ??: 성분, 후기, 안전성, 건강, 부모님, 회복.",2082000,1869000,2155000,3.52,1644.0,0,manual,Y,Y,0.555,0.555
female,25,3720000.0,사무직,기혼,보수적,118000.0,중저가,패션,COS,3,1,18,N,3,0.0,0.7421383647798742,0.0,0.0,1.0,0.19491525423728814,0.37209302325581395,0.2,0.52875,1.0,0.09999999999999998,159000,여행,"희소성, 감성",COS,COS 패션 1339,"COS 패션 ??. ?? ??: 디자인, 착용감, 브랜드, 출근, 데이트, 여행.",118000,86000,95000,4.63,,3,image_estimate,Y,N,0.606,0.606
female,51,9620000.0,대기업직원,미혼,진보적,214000.0,중저가,패션,ZARA,17,0,16,N,1,0.0,0.10118203309692671,1.0,0.6666666666666666,0.0,0.32242990654205606,0.38064516129032255,0.2,0.51,1.0,0.6,2115000,출근,"디자인, 착용감",한샘,ZARA 패션 1340,"ZARA 패션 ??. ?? ??: 디자인, 착용감, 브랜드, 출근, 데이트, 여행.",214000,155000,145000,4.48,,4,manual,Y,N,0.438,0.438
female,44,5450000.0,사무직,미혼,보수적,1816000.0,고가,여행,대한항공,3,5,3,Y,3,1.0,2.313375796178344,1.0,0.0,0.0,0.3491189427312775,0.20344599072233266,0.2,0.41250000000000003,1.0,0.6,785000,휴식,"희소성, 감성",ZARA,대한항공 여행 1341,"대한항공 여행 ??. ?? ??: 가격, 일정, 숙소, 휴식, 가족, 기념일.",1816000,1509000,1182000,3.7,,3,manual,Y,N,0.747,0.747
female,30,1220000.0,취업준비생,미혼,보수적,47000.0,저가,식품,동원,49,5,9,N,0,0.0,0.3092105263157895,1.0,0.9,1.0,0.0851063829787234,0.175,0.2,0.75125,1.0,1.0,152000,생활,"가격, 신선도",동원,동원 식품 1342,"동원 식품 ??. ?? ??: 가격, 신선도, 배송, 생활, 식사, 가족.",47000,40000,43000,4.41,1051.0,3,crawler,Y,Y,0.211,0.211
female,56,8850000.0,전문직,미혼,보수적,59000.0,저가,패션,나이키,48,0,1,N,2,0.0,0.035202863961813845,1.0,0.6666666666666666,0.0,0.3050847457627119,0.05357142857142857,0.0,0.6375,1.0,0.6,1676000,출근,"디자인, 착용감",하나투어,나이키 패션 1343,"나이키 패션 ??. ?? ??: 디자인, 착용감, 브랜드, 출근, 데이트, 여행.",59000,56000,41000,,2849.0,0,crawler,N,Y,0.348,0.348
male,38,10080000.0,전문직,미혼,보수적,344000.0,중저가,전자기기,애플,16,3,16,N,3,0.0,0.5204236006051437,0.0,0.9375,0.0,0.10465116279069768,0.25547445255474455,0.2,0.39,1.0,0.37,661000,소장,"성능, 배터리",프라다,애플 전자기기 1344,"애플 전자기기 ??. ?? ??: 성능, 배터리, 휴대성, 업무, 공부, 게임, 콘텐츠.",344000,274000,308000,3.52,,4,image_estimate,Y,N,0.524,0.524
female,25,830000.0,취업준비생,기혼,진보적,783000.0,고가,가구,한샘,38,13,13,Y,11,1.0,3.0,0.0,0.0,1.0,0.19284802043422733,0.1074964639321075,0.2,0.6112500000000001,1.0,0.37,142000,생활,"희소성, 감성",한샘,한샘 가구 1345,"한샘 가구 ??. ?? ??: 내구성, 크기, 디자인, 이사, 인테리어, 생활.",783000,707000,632000,3.29,1825.0,3,image_estimate,Y,Y,0.804,0.804
female,23,1230000.0,취업준비생,미혼,진보적,123000.0,중저가,교육,클래스101,54,1,20,N,4,0.0,0.634020618556701,0.0,0.9,1.0,0.36585365853658536,0.33695652173913043,0.2,0.625,1.0,0.57,194000,유행,"강의품질, 가격",클래스101,클래스101 교육 1346,"클래스101 교육 ??. ?? ??: 강의품질, 가격, 커리큘럼, 공부, 취업, 자기계발.",123000,92000,78000,3.4,3699.0,2,manual,Y,Y,0.483,0.483
male,41,5620000.0,자영업,기혼,보수적,622000.0,고가,교육,패스트캠퍼스,56,6,10,Y,2,0.0,0.6746203904555315,1.0,0.9,0.0,0.2942122186495177,0.06143344709897611,0.0,0.7725,1.0,1.0,922000,공부,"강의품질, 가격",프라다,패스트캠퍼스 교육 1347,"패스트캠퍼스 교육 ??. ?? ??: 강의품질, 가격, 커리큘럼, 공부, 취업, 자기계발.",622000,586000,439000,4.58,3735.0,0,image_estimate,Y,Y,0.272,0.272
female,50,6440000.0,자영업,미혼,진보적,44000.0,저가,식품,오뚜기,46,5,19,N,3,0.0,0.09691629955947137,0.0,0.9,0.0,0.09090909090909091,0.375,0.2,0.7475,1.0,0.57,454000,가족,"가격, 신선도",소니,오뚜기 식품 1348,"오뚜기 식품 ??. ?? ??: 가격, 신선도, 배송, 생활, 식사, 가족.",44000,32000,40000,4.38,2247.0,3,user_input,Y,Y,0.481,0.481
male,35,7300000.0,대기업직원,기혼,진보적,3809000.0,초고가,명품,루이비통,38,6,15,Y,8,1.0,3.0,0.0,0.6666666666666666,0.0,0.32265686531898136,0.20347551342812006,0.2,0.7347942162127894,1.0,0.019999999999999976,474000,소장,"브랜드, 희소성",구찌,루이비통 명품 1349,"루이비통 명품 ??. ?? ??: 브랜드, 희소성, 디자인, 선물, 보상, 소장.",3809000,3165000,2580000,4.36,754.0,3,naver_api,Y,Y,0.843,0.843
male,43,3450000.0,프리랜서,기혼,보수적,32000.0,저가,화장품,설화수,46,2,12,N,1,0.0,0.05714285714285714,1.0,0.9,1.0,0.125,0.18518518518518517,0.0,0.6675,1.0,0.52,560000,선물,"성분, 가격",설화수,설화수 화장품 1350,"설화수 화장품 ??. ?? ??: 성분, 가격, 후기, 피부관리, 선물, 데일리.",32000,27000,28000,3.74,1694.0,0,manual,Y,Y,0.222,0.222
female,63,5140000.0,자영업,미혼,진보적,41000.0,저가,교육,패스트캠퍼스,52,2,14,N,0,0.0,0.06634304207119741,1.0,0.0,1.0,0.2682926829268293,0.10810810810810811,0.0,0.6375,1.0,1.0,618000,취업,"희소성, 감성",패스트캠퍼스,패스트캠퍼스 교육 1351,"패스트캠퍼스 교육 ??. ?? ??: 강의품질, 가격, 커리큘럼, 공부, 취업, 자기계발.",41000,37000,30000,,1866.0,0,manual,N,Y,0.39,0.39
male,41,5380000.0,사무직,기혼,진보적,539000.0,고가,전자기기,삼성,46,1,3,Y,1,0.0,0.6022346368715084,1.0,0.9375,0.0,0.287569573283859,0.14925373134328357,0.0,0.6375,1.0,0.87,895000,게임,"성능, 배터리",루이비통,삼성 전자기기 1352,"삼성 전자기기 ??. ?? ??: 성능, 배터리, 휴대성, 업무, 공부, 게임, 콘텐츠.",539000,469000,384000,,2863.0,0,crawler,N,Y,0.321,0.321
male,58,2870000.0,은퇴자,기혼,진보적,901000.0,고가,여행,하나투어,8,9,13,Y,2,1.0,3.0,1.0,0.0,0.0,0.2985571587125416,0.27080394922425954,0.2,0.45249999999999996,1.0,0.6,107000,휴식,"희소성, 감성",오뚜기,하나투어 여행 1353,"하나투어 여행 ??. ?? ??: 가격, 일정, 숙소, 휴식, 가족, 기념일.",901000,709000,632000,4.02,,4,naver_api,Y,N,0.741,0.741
female,23,870000.0,취업준비생,기혼,진보적,2023000.0,초고가,전자기기,LG,53,30,0,Y,20,1.0,3.0,1.0,0.0,0.0,0.2491349480968858,0.08588298443370908,0.2,0.61625,1.0,0.87,165000,게임,"희소성, 감성",COS,LG 전자기기 1354,"LG 전자기기 ??. ?? ??: 성능, 배터리, 휴대성, 업무, 공부, 게임, 콘텐츠.",2023000,1863000,1519000,3.33,2260.0,1,image_estimate,Y,Y,0.69,0.69
male,73,3660000.0,은퇴자,기혼,보수적,3172000.0,초고가,명품,구찌,45,13,19,Y,10,1.0,3.0,0.0,0.3333333333333333,0.0,0.00819672131147541,0.13326187924258664,0.2,0.8049999999999999,1.0,0.019999999999999976,756000,휴식,"희소성, 감성",이케아,구찌 명품 1355,"구찌 명품 ??. ?? ??: 브랜드, 희소성, 디자인, 선물, 보상, 소장.",3172000,2799000,3146000,4.84,3516.0,1,crawler,Y,Y,0.809,0.809
female,28,560000.0,학생,미혼,보수적,3423000.0,초고가,여행,하나투어,56,60,11,Y,50,1.0,3.0,1.0,0.9,0.0,0.20216184633362547,0.3455188679245283,0.0,0.69125,1.0,0.6,24000,가족,"가격, 일정",동원,하나투어 여행 1356,"하나투어 여행 ??. ?? ??: 가격, 일정, 숙소, 휴식, 가족, 기념일.",3423000,2544000,2731000,3.93,3748.0,0,crawler,Y,Y,0.566,0.566
female,28,610000.0,학생,미혼,보수적,115000.0,중저가,생활용품,유한킴벌리,44,5,15,Y,1,1.0,2.2549019607843137,1.0,0.9,0.0,0.06086956521739131,0.3218390804597701,0.2,0.7725,1.0,1.0,51000,생활,"가격, 내구성",3M,유한킴벌리 생활용품 1357,"유한킴벌리 생활용품 ??. ?? ??: 가격, 내구성, 용량, 생활, 청소, 가정.",115000,87000,108000,4.58,1825.0,1,image_estimate,Y,Y,0.533,0.533
male,25,650000.0,학생,미혼,보수적,201000.0,중저가,건강관리,종근당,42,3,21,Y,2,0.9514563106796117,1.9514563106796117,0.0,0.0,1.0,0.13432835820895522,0.06914893617021277,0.2,0.6192794111468563,1.0,0.44999999999999996,103000,회복,"희소성, 감성",종근당,종근당 건강관리 1358,"종근당 건강관리 ??. ?? ??: 성분, 후기, 안전성, 건강, 부모님, 회복.",201000,188000,174000,,604.0,2,naver_api,N,Y,0.763,0.763
female,31,6790000.0,전문직,기혼,진보적,991000.0,고가,패션,나이키,4,5,20,Y,3,0.31781914893617014,1.3178191489361701,0.0,0.6666666666666666,1.0,0.33198789101917253,0.1727810650887574,0.2,0.36375,1.0,0.09999999999999998,752000,휴식,"디자인, 착용감",나이키,나이키 패션 1359,"나이키 패션 ??. ?? ??: 디자인, 착용감, 브랜드, 출근, 데이트, 여행.",991000,845000,662000,3.31,,1,user_input,Y,N,0.574,0.574
male,38,6240000.0,자영업,미혼,진보적,107000.0,중저가,가구,리바트,44,3,18,N,3,0.0,0.15994020926756353,0.0,0.6666666666666666,0.0,0.0,0.13829787234042554,0.2,0.7337499999999999,1.0,0.37,669000,생활,"내구성, 크기",센트룸,리바트 가구 1360,"리바트 가구 ??. ?? ??: 내구성, 크기, 디자인, 이사, 인테리어, 생활.",107000,94000,111000,4.27,3988.0,1,user_input,Y,Y,0.51,0.51
male,32,6260000.0,자영업,기혼,진보적,1620000.0,고가,전자기기,애플,4,3,20,Y,5,0.2898089171974523,1.2898089171974523,0.0,0.9375,0.0,0.08703703703703704,0.20715350223546944,0.0,0.42375,1.0,0.37,1256000,콘텐츠,"성능, 배터리",라네즈,애플 전자기기 1361,"애플 전자기기 ??. ?? ??: 성능, 배터리, 휴대성, 업무, 공부, 게임, 콘텐츠.",1620000,1342000,1479000,3.79,,0,image_estimate,Y,N,0.593,0.593
male,57,2480000.0,주부,기혼,보수적,609000.0,고가,가구,이케아,56,8,14,Y,6,0.5417721518987342,1.5417721518987342,1.0,0.6666666666666666,1.0,0.016420361247947456,0.35634743875278396,0.2,0.68875,1.0,0.87,395000,이사,"내구성, 크기",이케아,이케아 가구 1362,"이케아 가구 ??. ?? ??: 내구성, 크기, 디자인, 이사, 인테리어, 생활.",609000,449000,599000,3.91,3570.0,4,manual,Y,Y,0.379,0.379
male,35,5400000.0,프리랜서,기혼,진보적,859000.0,고가,패션,아디다스,40,4,10,Y,2,0.0,0.7476066144473456,0.0,0.0,1.0,0.025611175785797437,0.09566326530612244,0.0,0.69,1.0,0.09999999999999998,1149000,여행,"희소성, 감성",아디다스,아디다스 패션 1363,"아디다스 패션 ??. ?? ??: 디자인, 착용감, 브랜드, 출근, 데이트, 여행.",859000,784000,837000,3.92,1962.0,0,manual,Y,Y,0.555,0.555
male,26,690000.0,학생,미혼,보수적,104000.0,중저가,건강관리,종근당,47,2,0,N,2,1.0,2.311111111111111,1.0,0.0,0.0,0.0,0.0297029702970297,0.2,0.6775,1.0,0.95,45000,건강,"희소성, 감성",오뚜기,종근당 건강관리 1364,"종근당 건강관리 ??. ?? ??: 성분, 후기, 안전성, 건강, 부모님, 회복.",104000,101000,107000,3.82,1887.0,2,crawler,Y,Y,0.648,0.648
female,55,10180000.0,전문직,미혼,진보적,50000.0,저가,화장품,라네즈,49,1,14,N,0,0.0,0.027824151363383415,1.0,0.9,1.0,0.04,0.02040816326530612,0.2,0.73125,1.0,0.52,1797000,피부관리,"성분, 가격",라네즈,라네즈 화장품 1365,"라네즈 화장품 ??. ?? ??: 성분, 가격, 후기, 피부관리, 선물, 데일리.",50000,49000,48000,4.25,2308.0,2,crawler,Y,Y,0.241,0.241
male,47,11100000.0,전문직,기혼,보수적,3999000.0,초고가,여행,하나투어,48,4,17,Y,7,1.0,2.1804798255179936,0.0,0.0,1.0,0.0,0.17999409855414578,0.0,0.6375,1.0,0.09999999999999998,1834000,기념일,"희소성, 감성",하나투어,하나투어 여행 1366,"하나투어 여행 ??. ?? ??: 가격, 일정, 숙소, 휴식, 가족, 기념일.",3999000,3389000,4232000,,2630.0,0,naver_api,N,Y,0.783,0.783
male,45,4580000.0,프리랜서,기혼,진보적,827000.0,고가,교육,클래스101,41,5,19,Y,6,1.0,2.3901734104046244,0.0,0.9,1.0,0.20193470374848851,0.14701803051317613,0.2,0.6125,1.0,0.57,346000,선물,"강의품질, 가격",클래스101,클래스101 교육 1367,"클래스101 교육 ??. ?? ??: 강의품질, 가격, 커리큘럼, 공부, 취업, 자기계발.",827000,721000,660000,3.3,2067.0,1,manual,Y,Y,0.658,0.658
male,28,840000.0,취업준비생,미혼,진보적,9000.0,초저가,생활용품,유한킴벌리,51,0,0,N,2,0.0,0.08333333333333333,1.0,0.9,0.0,0.2222222222222222,0.2857142857142857,0.2,0.6799999999999999,1.0,1.0,108000,생활,"가격, 내구성",ZARA,유한킴벌리 생활용품 1368,"유한킴벌리 생활용품 ??. ?? ??: 가격, 내구성, 용량, 생활, 청소, 가정.",9000,7000,7000,3.84,1161.0,2,image_estimate,Y,Y,0.342,0.342
male,32,9640000.0,전문직,미혼,보수적,90000.0,저가,패션,아디다스,46,5,2,N,3,0.0,0.05016722408026756,0.0,0.6666666666666666,1.0,0.28888888888888886,0.2857142857142857,0.0,0.6174999999999999,1.0,0.09999999999999998,1794000,선물,"디자인, 착용감",아디다스,아디다스 패션 1369,"아디다스 패션 ??. ?? ??: 디자인, 착용감, 브랜드, 출근, 데이트, 여행.",90000,70000,64000,3.34,2233.0,0,user_input,Y,Y,0.513,0.513
female,61,2330000.0,은퇴자,기혼,보수적,59000.0,저가,식품,오뚜기,12,6,17,N,4,0.0,0.36645962732919257,1.0,0.0,0.0,0.0,0.37209302325581395,0.2,0.39125,1.0,1.0,161000,생활,"희소성, 감성",라네즈,오뚜기 식품 1370,"오뚜기 식품 ??. ?? ??: 가격, 신선도, 배송, 생활, 식사, 가족.",59000,43000,60000,3.53,,1,naver_api,Y,N,0.466,0.466
male,50,5800000.0,프리랜서,기혼,보수적,1836000.0,고가,명품,프라다,13,9,11,Y,2,1.0,3.0,0.0,0.6666666666666666,1.0,0.25326797385620914,0.33819241982507287,0.2,0.42125,1.0,0.019999999999999976,348000,소장,"브랜드, 희소성",프라다,프라다 명품 1371,"프라다 명품 ??. ?? ??: 브랜드, 희소성, 디자인, 선물, 보상, 소장.",1836000,1372000,1371000,3.77,,2,image_estimate,Y,N,0.755,0.755
female,44,5370000.0,사무직,미혼,진보적,43000.0,저가,생활용품,다이소,38,0,1,N,1,0.0,0.17408906882591094,1.0,0.9,0.0,0.27906976744186046,0.34375,0.2,0.5414153712306259,1.0,1.0,247000,청소,"가격, 내구성",COS,다이소 생활용품 1372,"다이소 생활용품 ??. ?? ??: 가격, 내구성, 용량, 생활, 청소, 가정.",43000,32000,31000,3.41,95.0,3,user_input,Y,Y,0.341,0.341
male,66,3440000.0,은퇴자,미혼,보수적,31000.0,저가,식품,오뚜기,10,1,14,N,2,0.0,0.04353932584269663,1.0,0.9,0.0,0.12903225806451613,0.03333333333333333,0.0,0.41750000000000004,1.0,1.0,712000,식사,"가격, 신선도",한샘,오뚜기 식품 1373,"오뚜기 식품 ??. ?? ??: 가격, 신선도, 배송, 생활, 식사, 가족.",31000,30000,27000,3.74,,0,crawler,Y,N,0.259,0.259
male,35,4750000.0,공무원,기혼,진보적,260000.0,중저가,가구,리바트,12,1,20,N,3,0.0,0.8783783783783784,1.0,0.6666666666666666,1.0,0.16538461538461538,0.056910569105691054,0.2,0.5549999999999999,1.0,0.87,296000,인테리어,"내구성, 크기",리바트,리바트 가구 1374,"리바트 가구 ??. ?? ??: 내구성, 크기, 디자인, 이사, 인테리어, 생활.",260000,246000,217000,4.84,,4,user_input,Y,N,0.262,0.262
male,53,2310000.0,주부,기혼,보수적,566000.0,고가,교육,메가스터디,10,3,18,Y,3,0.30414746543778803,1.304147465437788,0.0,0.9,1.0,0.09717314487632508,0.10331384015594541,0.2,0.49125,1.0,0.57,434000,소장,"강의품질, 가격",메가스터디,메가스터디 교육 1375,"메가스터디 교육 ??. ?? ??: 강의품질, 가격, 커리큘럼, 공부, 취업, 자기계발.",566000,513000,511000,4.33,,1,crawler,Y,N,0.483,0.483
male,26,5790000.0,대기업직원,미혼,진보적,16000.0,초저가,화장품,이니스프리,53,2,17,N,4,0.0,0.04507042253521127,1.0,0.9,0.0,0.3125,0.23076923076923078,0.2,0.62375,1.0,0.52,355000,선물,"성분, 가격",동원,이니스프리 화장품 1376,"이니스프리 화장품 ??. ?? ??: 성분, 가격, 후기, 피부관리, 선물, 데일리.",16000,13000,11000,3.39,3397.0,2,image_estimate,Y,Y,0.357,0.357
male,24,1240000.0,취업준비생,미혼,진보적,2361000.0,초고가,건강관리,종근당,38,22,9,Y,18,1.0,3.0,0.0,0.6666666666666666,1.0,0.23803473104616688,0.05826983415508741,0.2,0.7418198204143642,1.0,0.44999999999999996,222000,선물,"성분, 후기",종근당,종근당 건강관리 1377,"종근당 건강관리 ??. ?? ??: 성분, 후기, 안전성, 건강, 부모님, 회복.",2361000,2231000,1799000,4.46,648.0,4,crawler,Y,Y,0.691,0.691
male,47,9690000.0,전문직,기혼,진보적,31000.0,저가,건강관리,정관장,17,5,10,N,1,0.0,0.02910798122065728,1.0,0.6666666666666666,1.0,0.0,0.34782608695652173,0.2,0.41750000000000004,1.0,0.95,1065000,부모님,"성분, 후기",정관장,정관장 건강관리 1378,"정관장 건강관리 ??. ?? ??: 성분, 후기, 안전성, 건강, 부모님, 회복.",31000,23000,31000,3.74,,1,manual,Y,N,0.265,0.265
female,58,4330000.0,공무원,기혼,보수적,136000.0,중저가,패션,나이키,17,4,11,N,4,0.0,0.3930635838150289,0.0,0.0,0.0,0.029411764705882353,0.32038834951456313,0.2,0.3575,1.0,0.09999999999999998,346000,유행,"희소성, 감성",CJ,나이키 패션 1379,"나이키 패션 ??. ?? ??: 디자인, 착용감, 브랜드, 출근, 데이트, 여행.",136000,103000,132000,3.26,,3,image_estimate,Y,N,0.692,0.692
male,50,2000000.0,주부,기혼,보수적,1577000.0,고가,가구,이케아,45,14,22,Y,7,1.0,3.0,1.0,0.6666666666666666,0.0,0.3316423589093215,0.2636217948717949,0.2,0.7737499999999999,1.0,0.87,380000,이사,"내구성, 크기",하나투어,이케아 가구 1380,"이케아 가구 ??. ?? ??: 내구성, 크기, 디자인, 이사, 인테리어, 생활.",1577000,1248000,1054000,4.59,1973.0,1,user_input,Y,Y,0.619,0.619
female,47,4730000.0,프리랜서,미혼,보수적,321000.0,중저가,여행,하나투어,54,0,11,N,2,0.0,0.9250720461095101,1.0,0.9,1.0,0.22118380062305296,0.18450184501845018,0.2,0.69625,1.0,0.6,347000,휴식,"가격, 일정",하나투어,하나투어 여행 1381,"하나투어 여행 ??. ?? ??: 가격, 일정, 숙소, 휴식, 가족, 기념일.",321000,271000,250000,3.97,3873.0,4,crawler,Y,Y,0.28,0.28
female,20,620000.0,학생,미혼,진보적,37000.0,저가,교육,패스트캠퍼스,43,6,13,N,1,0.0,0.8222222222222222,1.0,0.9,0.0,0.0,0.08823529411764706,0.0,0.62375,1.0,1.0,45000,취업,"강의품질, 가격",CJ,패스트캠퍼스 교육 1382,"패스트캠퍼스 교육 ??. ?? ??: 강의품질, 가격, 커리큘럼, 공부, 취업, 자기계발.",37000,34000,39000,3.39,1240.0,0,naver_api,Y,Y,0.28,0.28
female,26,1070000.0,취업준비생,미혼,보수적,33000.0,저가,패션,나이키,36,2,11,N,1,0.0,0.7674418604651163,0.0,0.0,0.0,0.030303030303030304,0.375,0.2,0.5930518112998716,1.0,0.09999999999999998,43000,여행,"희소성, 감성",CJ,나이키 패션 1383,"나이키 패션 ??. ?? ??: 디자인, 착용감, 브랜드, 출근, 데이트, 여행.",33000,24000,32000,3.4,413.0,1,naver_api,Y,Y,0.651,0.651
female,60,10270000.0,전문직,기혼,보수적,28000.0,초저가,식품,CJ,48,1,22,N,2,0.0,0.03398058252427184,0.0,0.9,1.0,0.10714285714285714,0.07692307692307693,0.2,0.6525000000000001,1.0,0.57,824000,소장,"가격, 신선도",CJ,CJ 식품 1384,"CJ 식품 ??. ?? ??: 가격, 신선도, 배송, 생활, 식사, 가족.",28000,26000,25000,3.62,2883.0,4,manual,Y,Y,0.399,0.399
female,47,3990000.0,사무직,기혼,보수적,583000.0,고가,패션,나이키,47,7,18,Y,2,0.9114754098360656,1.9114754098360656,0.0,0.0,0.0,0.2864493996569468,0.2404255319148936,0.2,0.66875,1.0,0.09999999999999998,305000,여행,"희소성, 감성",LG,나이키 패션 1385,"나이키 패션 ??. ?? ??: 디자인, 착용감, 브랜드, 출근, 데이트, 여행.",583000,470000,416000,3.75,1808.0,1,manual,Y,Y,0.893,0.893
female,57,3360000.0,주부,기혼,보수적,8000.0,초저가,생활용품,다이소,43,3,18,N,2,0.0,0.019656019656019656,0.0,0.9,0.0,0.25,0.05,0.2,0.6388104030153934,1.0,0.57,407000,가정,"가격, 내구성",설화수,다이소 생활용품 1386,"다이소 생활용품 ??. ?? ??: 가격, 내구성, 용량, 생활, 청소, 가정.",8000,8000,6000,3.93,234.0,2,user_input,Y,Y,0.491,0.491
female,27,770000.0,취업준비생,미혼,진보적,163000.0,중저가,화장품,이니스프리,12,3,1,Y,3,1.0,2.4696969696969697,0.0,0.9,0.0,0.03680981595092025,0.1897810218978102,0.2,0.1875,0.75,0.019999999999999976,66000,유행,"성분, 가격",아디다스,이니스프리 화장품 1387,"이니스프리 화장품 ??. ?? ??: 성분, 가격, 후기, 피부관리, 선물, 데일리.",163000,137000,157000,,,4,manual,N,N,0.733,0.733
female,32,7140000.0,전문직,미혼,진보적,358000.0,중저가,가구,리바트,50,5,9,N,1,0.0,0.4531645569620253,1.0,0.0,1.0,0.15083798882681565,0.28776978417266186,0.2,0.6375,1.0,0.87,790000,인테리어,"희소성, 감성",리바트,리바트 가구 1388,"리바트 가구 ??. ?? ??: 내구성, 크기, 디자인, 이사, 인테리어, 생활.",358000,278000,304000,,1908.0,2,user_input,N,Y,0.41,0.41
male,27,3790000.0,공무원,미혼,진보적,53000.0,저가,생활용품,유한킴벌리,40,5,11,N,1,0.0,0.09265734265734266,1.0,0.0,1.0,0.0,0.2619047619047619,0.2,0.6375,1.0,1.0,572000,청소,"희소성, 감성",유한킴벌리,유한킴벌리 생활용품 1389,"유한킴벌리 생활용품 ??. ?? ??: 가격, 내구성, 용량, 생활, 청소, 가정.",53000,42000,55000,,2264.0,4,manual,N,Y,0.37,0.37
male,21,730000.0,학생,미혼,진보적,891000.0,고가,여행,하나투어,17,18,11,Y,14,1.0,3.0,1.0,0.9,0.0,0.07407407407407407,0.3219584569732938,0.2,0.5549999999999999,1.0,0.6,43000,가족,"가격, 일정",라네즈,하나투어 여행 1390,"하나투어 여행 ??. ?? ??: 가격, 일정, 숙소, 휴식, 가족, 기념일.",891000,674000,825000,4.84,,2,user_input,Y,N,0.583,0.583
male,24,840000.0,학생,미혼,보수적,33000.0,저가,건강관리,정관장,35,1,18,N,3,0.0,0.2357142857142857,0.0,0.6666666666666666,0.0,0.09090909090909091,0.2222222222222222,0.2,0.7988788591751776,1.0,0.44999999999999996,140000,회복,"성분, 후기",삼성,정관장 건강관리 1391,"정관장 건강관리 ??. ?? ??: 성분, 후기, 안전성, 건강, 부모님, 회복.",33000,27000,30000,4.9,686.0,4,manual,Y,Y,0.513,0.513
female,32,4680000.0,프리랜서,기혼,진보적,1278000.0,고가,여행,하나투어,52,9,17,Y,4,1.0,3.0,0.0,0.9,1.0,0.3591549295774648,0.037337662337662336,0.2,0.61,1.0,0.09999999999999998,406000,선물,"가격, 일정",하나투어,하나투어 여행 1392,"하나투어 여행 ??. ?? ??: 가격, 일정, 숙소, 휴식, 가족, 기념일.",1278000,1232000,819000,3.28,2617.0,2,manual,Y,Y,0.696,0.696
male,25,680000.0,학생,미혼,진보적,4623000.0,초고가,명품,샤넬,40,60,22,Y,55,1.0,3.0,0.0,0.6666666666666666,0.0,0.1507678996322734,0.11397590361445784,0.2,0.6375,1.0,0.019999999999999976,92000,소장,"브랜드, 희소성",리바트,샤넬 명품 1393,"샤넬 명품 ??. ?? ??: 브랜드, 희소성, 디자인, 선물, 보상, 소장.",4623000,4150000,3926000,,1781.0,2,manual,N,Y,0.811,0.811
male,55,5540000.0,프리랜서,기혼,진보적,54000.0,저가,교육,클래스101,7,2,13,N,1,0.0,0.07022106631989597,0.0,0.0,1.0,0.05555555555555555,0.018867924528301886,0.2,0.4375,1.0,0.57,769000,소장,"희소성, 감성",클래스101,클래스101 교육 1394,"클래스101 교육 ??. ?? ??: 강의품질, 가격, 커리큘럼, 공부, 취업, 자기계발.",54000,53000,51000,3.9,,2,naver_api,Y,N,0.568,0.568
male,60,3410000.0,은퇴자,미혼,보수적,16000.0,초저가,식품,CJ,15,1,19,N,2,0.0,0.021476510067114093,1.0,0.9,1.0,0.0625,0.3333333333333333,0.2,0.5375000000000001,1.0,1.0,745000,식사,"가격, 신선도",CJ,CJ 식품 1395,"CJ 식품 ??. ?? ??: 가격, 신선도, 배송, 생활, 식사, 가족.",16000,12000,15000,4.7,,3,naver_api,Y,N,0.238,0.238
male,64,5620000.0,자영업,미혼,진보적,7000.0,초저가,식품,CJ,4,5,15,N,2,0.0,0.00603448275862069,1.0,0.9,1.0,0.0,0.4,0.0,0.1875,0.75,1.0,1160000,식사,"가격, 신선도",CJ,CJ 식품 1396,"CJ 식품 ??. ?? ??: 가격, 신선도, 배송, 생활, 식사, 가족.",7000,5000,7000,,,0,user_input,N,N,0.238,0.238
male,23,690000.0,학생,미혼,보수적,667000.0,고가,전자기기,애플,54,17,12,Y,9,1.0,3.0,1.0,0.9375,1.0,0.15592203898050974,0.2926356589147287,0.0,0.79,1.0,0.87,131000,공부,"성능, 배터리",애플,애플 전자기기 1397,"애플 전자기기 ??. ?? ??: 성능, 배터리, 휴대성, 업무, 공부, 게임, 콘텐츠.",667000,516000,563000,4.72,3371.0,0,image_estimate,Y,Y,0.451,0.451
female,35,4530000.0,사무직,기혼,진보적,1336000.0,고가,여행,하나투어,5,6,3,Y,5,1.0,3.0,1.0,0.9,1.0,0.0,0.11333333333333333,0.2,0.49500000000000005,1.0,0.6,234000,휴식,"가격, 일정",하나투어,하나투어 여행 1398,"하나투어 여행 ??. ?? ??: 가격, 일정, 숙소, 휴식, 가족, 기념일.",1336000,1200000,1429000,4.36,,1,image_estimate,Y,N,0.479,0.479
male,54,6180000.0,전문직,기혼,진보적,153000.0,중저가,패션,ZARA,33,5,18,N,2,0.0,0.13846153846153847,1.0,0.6666666666666666,0.0,0.27450980392156865,0.05517241379310345,0.2,0.7318803660640107,1.0,0.6,1105000,출근,"디자인, 착용감",마이리얼트립,ZARA 패션 1399,"ZARA 패션 ??. ?? ??: 디자인, 착용감, 브랜드, 출근, 데이트, 여행.",153000,145000,111000,4.77,168.0,2,crawler,Y,Y,0.388,0.388
male,48,7520000.0,전문직,미혼,보수적,2462000.0,초고가,전자기기,레노버,44,4,20,Y,4,1.0,3.0,0.0,0.9375,1.0,0.3696181965881397,0.11301989150090416,0.2,0.6375,1.0,0.37,277000,선물,"성능, 배터리",레노버,레노버 전자기기 1400,"레노버 전자기기 ??. ?? ??: 성능, 배터리, 휴대성, 업무, 공부, 게임, 콘텐츠.",2462000,2212000,1552000,,3250.0,3,image_estimate,N,Y,0.676,0.676
female,33,760000.0,취업준비생,미혼,진보적,19000.0,초저가,화장품,설화수,40,1,10,N,3,0.0,0.18811881188118812,0.0,0.9,0.0,0.0,0.05555555555555555,0.2,0.6737500000000001,1.0,0.019999999999999976,101000,소장,"성분, 가격",유한킴벌리,설화수 화장품 1401,"설화수 화장품 ??. ?? ??: 성분, 가격, 후기, 피부관리, 선물, 데일리.",19000,18000,21000,3.79,1574.0,4,image_estimate,Y,Y,0.517,0.517
female,47,5140000.0,프리랜서,미혼,진보적,1895000.0,고가,건강관리,종근당,46,7,16,Y,6,0.8523949169110459,1.8523949169110459,1.0,0.0,0.0,0.19630606860158312,0.24018324607329844,0.2,0.6000000000000001,1.0,0.95,1023000,건강,"희소성, 감성",COS,종근당 건강관리 1402,"종근당 건강관리 ??. ?? ??: 성분, 후기, 안전성, 건강, 부모님, 회복.",1895000,1528000,1523000,3.2,1340.0,3,manual,Y,Y,0.634,0.634
male,58,3360000.0,은퇴자,기혼,진보적,17000.0,초저가,식품,동원,50,0,14,N,1,0.0,0.038901601830663615,0.0,0.0,0.0,0.17647058823529413,0.3076923076923077,0.2,0.6025,1.0,0.57,437000,가족,"희소성, 감성",하나투어,동원 식품 1403,"동원 식품 ??. ?? ??: 가격, 신선도, 배송, 생활, 식사, 가족.",17000,13000,14000,3.22,3237.0,2,crawler,Y,Y,0.653,0.653
male,35,4210000.0,프리랜서,미혼,진보적,9000.0,초저가,생활용품,3M,50,1,17,N,3,0.0,0.014040561622464899,1.0,0.0,0.0,0.0,0.2857142857142857,0.2,0.625,1.0,1.0,641000,청소,"희소성, 감성",루이비통,3M 생활용품 1404,"3M 생활용품 ??. ?? ??: 가격, 내구성, 용량, 생활, 청소, 가정.",9000,7000,9000,3.4,2173.0,4,naver_api,Y,Y,0.439,0.439
female,35,3460000.0,프리랜서,기혼,진보적,318000.0,중저가,화장품,설화수,43,4,20,N,2,0.0,0.49455676516329705,1.0,0.0,1.0,0.18553459119496854,0.325,0.0,0.7037500000000001,1.0,0.52,643000,피부관리,"희소성, 감성",설화수,설화수 화장품 1405,"설화수 화장품 ??. ?? ??: 성분, 가격, 후기, 피부관리, 선물, 데일리.",318000,240000,259000,4.03,2900.0,0,crawler,Y,Y,0.358,0.358
female,69,2560000.0,은퇴자,기혼,진보적,76000.0,저가,식품,동원,44,1,18,N,1,0.0,0.1953727506426735,1.0,0.0,1.0,0.21052631578947367,0.3333333333333333,0.2,0.68625,1.0,1.0,389000,생활,"희소성, 감성",동원,동원 식품 1406,"동원 식품 ??. ?? ??: 가격, 신선도, 배송, 생활, 식사, 가족.",76000,57000,60000,3.89,3919.0,2,crawler,Y,Y,0.399,0.399
male,33,8040000.0,전문직,기혼,보수적,3297000.0,초고가,명품,샤넬,45,5,10,Y,7,1.0,3.0,0.0,0.3333333333333333,0.0,0.17804064300879588,0.11914460285132383,0.0,0.7575000000000001,1.0,0.019999999999999976,673000,유행,"희소성, 감성",CJ,샤넬 명품 1407,"샤넬 명품 ??. ?? ??: 브랜드, 희소성, 디자인, 선물, 보상, 소장.",3297000,2946000,2710000,4.46,3688.0,0,image_estimate,Y,Y,0.842,0.842
male,38,3090000.0,주부,기혼,진보적,107000.0,중저가,교육,메가스터디,9,5,11,N,1,0.0,0.2565947242206235,1.0,0.0,0.0,0.102803738317757,0.11458333333333333,0.2,0.5175000000000001,1.0,1.0,417000,공부,"희소성, 감성",유한킴벌리,메가스터디 교육 1408,"메가스터디 교육 ??. ?? ??: 강의품질, 가격, 커리큘럼, 공부, 취업, 자기계발.",107000,96000,96000,4.54,,1,image_estimate,Y,N,0.443,0.443
female,31,1200000.0,취업준비생,기혼,진보적,6000.0,초저가,생활용품,3M,36,5,10,N,3,0.0,0.03821656050955414,0.0,0.9,1.0,0.0,0.2,0.2,0.665,1.0,0.57,157000,휴식,"가격, 내구성",3M,3M 생활용품 1409,"3M 생활용품 ??. ?? ??: 가격, 내구성, 용량, 생활, 청소, 가정.",6000,5000,6000,3.72,1046.0,1,image_estimate,Y,Y,0.4,0.4
male,22,1230000.0,취업준비생,미혼,진보적,54000.0,저가,식품,오뚜기,52,5,20,N,0,0.0,0.35526315789473684,0.0,0.0,0.0,0.037037037037037035,0.2,0.2,0.79125,1.0,0.57,152000,선물,"희소성, 감성",정관장,오뚜기 식품 1410,"오뚜기 식품 ??. ?? ??: 가격, 신선도, 배송, 생활, 식사, 가족.",54000,45000,52000,4.73,1509.0,1,user_input,Y,Y,0.622,0.622
female,56,4060000.0,공무원,미혼,진보적,900000.0,고가,전자기기,애플,17,4,15,Y,4,0.6129032258064515,1.6129032258064515,1.0,0.0,1.0,0.20666666666666667,0.08695652173913043,0.2,0.5262500000000001,1.0,0.87,558000,게임,"희소성, 감성",애플,애플 전자기기 1411,"애플 전자기기 ??. ?? ??: 성능, 배터리, 휴대성, 업무, 공부, 게임, 콘텐츠.",900000,828000,714000,4.61,,4,user_input,Y,N,0.532,0.532
female,48,5760000.0,공무원,미혼,보수적,315000.0,중저가,패션,COS,53,5,17,N,3,0.0,0.29466791393826003,0.0,0.0,1.0,0.0,0.04304635761589404,0.2,0.77125,1.0,0.09999999999999998,1069000,휴식,"희소성, 감성",COS,COS 패션 1412,"COS 패션 ??. ?? ??: 디자인, 착용감, 브랜드, 출근, 데이트, 여행.",315000,302000,338000,4.57,2771.0,4,naver_api,Y,Y,0.568,0.568
female,55,7890000.0,전문직,기혼,보수적,86000.0,저가,화장품,라네즈,47,2,17,N,3,0.0,0.09168443496801706,1.0,0.9,1.0,0.27906976744186046,0.16216216216216217,0.2,0.70875,1.0,0.52,938000,선물,"성분, 가격",라네즈,라네즈 화장품 1413,"라네즈 화장품 ??. ?? ??: 성분, 가격, 후기, 피부관리, 선물, 데일리.",86000,74000,62000,4.07,2966.0,1,user_input,Y,Y,0.238,0.238
male,74,3590000.0,은퇴자,기혼,진보적,14000.0,초저가,식품,동원,43,4,10,N,4,0.0,0.020202020202020204,1.0,0.9,0.0,0.14285714285714285,0.2727272727272727,0.2,0.7124999999999999,1.0,1.0,693000,생활,"가격, 신선도",이니스프리,동원 식품 1414,"동원 식품 ??. ?? ??: 가격, 신선도, 배송, 생활, 식사, 가족.",14000,11000,12000,4.1,3495.0,4,image_estimate,Y,Y,0.274,0.274
male,46,5450000.0,대기업직원,기혼,보수적,6236000.0,초고가,전자기기,레노버,14,14,9,Y,13,1.0,3.0,1.0,0.0,0.0,0.013309813983322642,0.13546977421704298,0.2,0.4225,1.0,0.87,1037000,공부,"희소성, 감성",다이소,레노버 전자기기 1415,"레노버 전자기기 ??. ?? ??: 성능, 배터리, 휴대성, 업무, 공부, 게임, 콘텐츠.",6236000,5492000,6153000,3.78,,1,naver_api,Y,N,0.683,0.683
male,73,3320000.0,은퇴자,미혼,진보적,450000.0,중저가,전자기기,레노버,7,5,20,N,2,0.0,0.6474820143884892,1.0,0.0,0.0,0.2311111111111111,0.21951219512195122,0.2,0.1875,0.75,0.87,695000,업무,"희소성, 감성",다이소,레노버 전자기기 1416,"레노버 전자기기 ??. ?? ??: 성능, 배터리, 휴대성, 업무, 공부, 게임, 콘텐츠.",450000,369000,346000,,,4,manual,N,N,0.499,0.499
female,34,2670000.0,주부,기혼,진보적,807000.0,고가,명품,샤넬,47,7,12,Y,3,1.0,3.0,0.0,0.3333333333333333,0.0,0.024783147459727387,0.34053156146179403,0.0,0.6375,1.0,0.019999999999999976,229000,소장,"희소성, 감성",리바트,샤넬 명품 1417,"샤넬 명품 ??. ?? ??: 브랜드, 희소성, 디자인, 선물, 보상, 소장.",807000,602000,787000,,1006.0,0,image_estimate,N,Y,0.865,0.865
male,37,6550000.0,대기업직원,기혼,진보적,34000.0,저가,패션,나이키,17,5,11,N,4,0.0,0.031221303948576674,0.0,0.6666666666666666,0.0,0.0,0.25925925925925924,0.2,0.4775,1.0,0.09999999999999998,1089000,선물,"디자인, 착용감",루이비통,나이키 패션 1418,"나이키 패션 ??. ?? ??: 디자인, 착용감, 브랜드, 출근, 데이트, 여행.",34000,27000,35000,4.22,,4,naver_api,Y,N,0.578,0.578
female,26,730000.0,학생,미혼,진보적,1050000.0,고가,명품,루이비통,54,19,21,Y,16,1.0,3.0,1.0,0.6666666666666666,0.0,0.0,0.07802874743326489,0.2,0.7562500000000001,1.0,0.52,30000,보상,"브랜드, 희소성",구찌,루이비통 명품 1419,"루이비통 명품 ??. ?? ??: 브랜드, 희소성, 디자인, 선물, 보상, 소장.",1050000,974000,1088000,4.45,3923.0,1,manual,Y,Y,0.557,0.557
female,56,10840000.0,전문직,미혼,보수적,405000.0,중저가,명품,루이비통,48,3,15,N,1,0.0,0.26785714285714285,1.0,0.6666666666666666,0.0,0.32592592592592595,0.37755102040816324,0.2,0.6737500000000001,1.0,0.52,1512000,보상,"브랜드, 희소성",동원,루이비통 명품 1420,"루이비통 명품 ??. ?? ??: 브랜드, 희소성, 디자인, 선물, 보상, 소장.",405000,294000,273000,3.79,3841.0,4,crawler,Y,Y,0.428,0.428
male,50,10700000.0,전문직,기혼,보수적,948000.0,고가,패션,나이키,54,5,22,Y,1,0.0,0.47234678624813153,1.0,0.6666666666666666,1.0,0.052742616033755275,0.2490118577075099,0.2,0.6312500000000001,1.0,0.6,2007000,데이트,"디자인, 착용감",나이키,나이키 패션 1421,"나이키 패션 ??. ?? ??: 디자인, 착용감, 브랜드, 출근, 데이트, 여행.",948000,759000,898000,3.45,2733.0,1,crawler,Y,Y,0.278,0.278
male,36,10090000.0,전문직,기혼,보수적,45000.0,저가,화장품,라네즈,44,0,19,N,1,0.0,0.03279883381924198,0.0,0.0,1.0,0.13333333333333333,0.15384615384615385,0.2,0.6375,1.0,0.019999999999999976,1372000,휴식,"희소성, 감성",라네즈,라네즈 화장품 1422,"라네즈 화장품 ??. ?? ??: 성분, 가격, 후기, 피부관리, 선물, 데일리.",45000,39000,39000,,3328.0,3,manual,N,Y,0.575,0.575
female,26,4860000.0,프리랜서,미혼,진보적,192000.0,중저가,화장품,설화수,29,3,22,N,3,0.0,0.75,1.0,0.9,0.0,0.234375,0.21518987341772153,0.2,0.6222554241623879,1.0,0.52,256000,피부관리,"성분, 가격",동원,설화수 화장품 1423,"설화수 화장품 ??. ?? ??: 성분, 가격, 후기, 피부관리, 선물, 데일리.",192000,158000,147000,3.71,317.0,3,crawler,Y,Y,0.366,0.366
male,22,990000.0,취업준비생,미혼,보수적,765000.0,고가,패션,나이키,53,14,11,Y,6,1.0,3.0,1.0,0.0,1.0,0.19215686274509805,0.35638297872340424,0.0,0.67625,1.0,0.6,93000,데이트,"희소성, 감성",나이키,나이키 패션 1424,"나이키 패션 ??. ?? ??: 디자인, 착용감, 브랜드, 출근, 데이트, 여행.",765000,564000,618000,3.81,3923.0,0,crawler,Y,Y,0.594,0.594
female,54,2350000.0,주부,기혼,진보적,1512000.0,고가,전자기기,애플,28,10,18,Y,5,1.0,3.0,0.0,0.0,1.0,0.16732804232804233,0.15950920245398773,0.2,0.578308609040195,1.0,0.37,202000,선물,"희소성, 감성",애플,애플 전자기기 1425,"애플 전자기기 ??. ?? ??: 성능, 배터리, 휴대성, 업무, 공부, 게임, 콘텐츠.",1512000,1304000,1259000,,194.0,3,manual,N,Y,0.788,0.788
female,32,1330000.0,취업준비생,미혼,진보적,135000.0,중저가,패션,아디다스,12,5,10,N,5,0.0,0.6,0.0,0.0,0.0,0.1925925925925926,0.36363636363636365,0.0,0.39875,1.0,0.09999999999999998,225000,휴식,"희소성, 감성",리바트,아디다스 패션 1426,"아디다스 패션 ??. ?? ??: 디자인, 착용감, 브랜드, 출근, 데이트, 여행.",135000,99000,109000,3.59,,0,image_estimate,Y,N,0.679,0.679
female,27,890000.0,취업준비생,미혼,진보적,417000.0,중저가,화장품,설화수,44,10,13,Y,6,1.0,3.0,0.0,0.9,0.0,0.03357314148681055,0.08877284595300261,0.2,0.5997227027044045,1.0,0.019999999999999976,125000,소장,"성분, 가격",샤넬,설화수 화장품 1427,"설화수 화장품 ??. ?? ??: 성분, 가격, 후기, 피부관리, 선물, 데일리.",417000,383000,403000,3.61,240.0,1,crawler,Y,Y,0.699,0.699
female,58,6400000.0,자영업,기혼,진보적,1303000.0,고가,전자기기,LG,48,4,17,Y,3,0.8938953488372092,1.8938953488372092,0.0,0.9375,1.0,0.0,0.15719360568383658,0.2,0.6525000000000001,1.0,0.37,688000,소장,"성능, 배터리",LG,LG 전자기기 1428,"LG 전자기기 ??. ?? ??: 성능, 배터리, 휴대성, 업무, 공부, 게임, 콘텐츠.",1303000,1126000,1395000,3.62,1941.0,4,naver_api,Y,Y,0.59,0.59
female,58,5340000.0,공무원,미혼,보수적,345000.0,중저가,패션,COS,13,1,1,N,2,0.0,0.5051244509516838,0.0,0.0,1.0,0.30144927536231886,0.06811145510835913,0.2,0.385,1.0,0.09999999999999998,683000,유행,"희소성, 감성",COS,COS 패션 1429,"COS 패션 ??. ?? ??: 디자인, 착용감, 브랜드, 출근, 데이트, 여행.",345000,323000,241000,3.48,,3,manual,Y,N,0.609,0.609
male,45,3370000.0,프리랜서,기혼,진보적,132000.0,중저가,교육,패스트캠퍼스,4,3,18,N,1,0.0,0.4024390243902439,0.0,0.9,0.0,0.0,0.3333333333333333,0.2,0.1875,0.75,0.57,328000,자기계발,"강의품질, 가격",샤넬,패스트캠퍼스 교육 1430,"패스트캠퍼스 교육 ??. ?? ??: 강의품질, 가격, 커리큘럼, 공부, 취업, 자기계발.",132000,99000,139000,,,3,user_input,N,N,0.494,0.494
male,58,9590000.0,전문직,기혼,보수적,175000.0,중저가,가구,이케아,43,4,22,N,1,0.0,0.11408083441981746,1.0,0.6666666666666666,0.0,0.16,0.2773722627737226,0.2,0.6539681091175944,1.0,0.87,1534000,이사,"내구성, 크기",이니스프리,이케아 가구 1431,"이케아 가구 ??. ?? ??: 내구성, 크기, 디자인, 이사, 인테리어, 생활.",175000,137000,147000,4.01,270.0,2,manual,Y,Y,0.383,0.383
male,33,3480000.0,사무직,기혼,진보적,571000.0,고가,가구,한샘,50,3,10,Y,6,0.0,0.7695417789757413,0.0,0.0,1.0,0.14185639229422067,0.0633147113594041,0.0,0.7150000000000001,1.0,0.37,742000,생활,"희소성, 감성",한샘,한샘 가구 1432,"한샘 가구 ??. ?? ??: 내구성, 크기, 디자인, 이사, 인테리어, 생활.",571000,537000,490000,4.12,2942.0,0,crawler,Y,Y,0.562,0.562
female,36,3470000.0,주부,기혼,보수적,53000.0,저가,식품,동원,13,2,18,N,4,0.0,0.15963855421686746,0.0,0.9,0.0,0.05660377358490566,0.1276595744680851,0.2,0.46875000000000006,1.0,0.57,332000,선물,"가격, 신선도",프라다,동원 식품 1433,"동원 식품 ??. ?? ??: 가격, 신선도, 배송, 생활, 식사, 가족.",53000,47000,50000,4.15,,1,user_input,Y,N,0.487,0.487
female,24,570000.0,학생,미혼,보수적,1219000.0,고가,명품,루이비통,46,29,22,Y,21,1.0,3.0,1.0,0.6666666666666666,1.0,0.0,0.036564625850340135,0.2,0.6375,1.0,0.52,123000,보상,"브랜드, 희소성",루이비통,루이비통 명품 1434,"루이비통 명품 ??. ?? ??: 브랜드, 희소성, 디자인, 선물, 보상, 소장.",1219000,1176000,1287000,,1783.0,3,user_input,N,Y,0.529,0.529
female,56,9320000.0,대기업직원,미혼,진보적,134000.0,중저가,전자기기,애플,46,0,0,N,1,0.0,0.29777777777777775,0.0,0.0,1.0,0.23880597014925373,0.24074074074074073,0.0,0.81125,1.0,0.37,450000,유행,"희소성, 감성",애플,애플 전자기기 1435,"애플 전자기기 ??. ?? ??: 성능, 배터리, 휴대성, 업무, 공부, 게임, 콘텐츠.",134000,108000,102000,4.89,3826.0,0,image_estimate,Y,Y,0.612,0.612
female,28,760000.0,학생,미혼,진보적,82000.0,저가,건강관리,센트룸,42,4,20,N,1,1.0,2.1025641025641026,1.0,0.0,1.0,0.06097560975609756,0.15492957746478872,0.0,0.7811675536346682,1.0,0.95,39000,건강,"희소성, 감성",센트룸,센트룸 건강관리 1436,"센트룸 건강관리 ??. ?? ??: 성분, 후기, 안전성, 건강, 부모님, 회복.",82000,71000,77000,4.76,682.0,0,user_input,Y,Y,0.535,0.535
male,59,6380000.0,전문직,미혼,보수적,1489000.0,고가,가구,이케아,4,6,1,Y,3,0.10214655810510731,1.1021465581051073,0.0,0.6666666666666666,0.0,0.0631296171927468,0.26079593564775616,0.2,0.4775,1.0,0.37,1351000,소장,"내구성, 크기",나이키,이케아 가구 1437,"이케아 가구 ??. ?? ??: 내구성, 크기, 디자인, 이사, 인테리어, 생활.",1489000,1181000,1395000,4.22,,1,image_estimate,Y,N,0.582,0.582
female,30,6830000.0,자영업,기혼,보수적,2336000.0,초고가,가구,이케아,3,4,20,Y,6,1.0,2.5254054054054054,0.0,0.6666666666666666,1.0,0.3608732876712329,0.054627539503386,0.2,0.35125,1.0,0.37,925000,생활,"내구성, 크기",이케아,이케아 가구 1438,"이케아 가구 ??. ?? ??: 내구성, 크기, 디자인, 이사, 인테리어, 생활.",2336000,2215000,1493000,3.21,,1,naver_api,Y,N,0.731,0.731
male,60,11450000.0,전문직,미혼,보수적,1177000.0,고가,건강관리,종근당,39,2,2,Y,1,0.0,0.49433011339773203,0.0,0.6666666666666666,0.0,0.20220900594732372,0.14271844660194175,0.2,0.605200488433556,1.0,0.44999999999999996,2381000,회복,"성분, 후기",아디다스,종근당 건강관리 1439,"종근당 건강관리 ??. ?? ??: 성분, 후기, 안전성, 건강, 부모님, 회복.",1177000,1030000,939000,,409.0,1,user_input,N,Y,0.565,0.565
male,59,4130000.0,공무원,미혼,보수적,65000.0,저가,식품,오뚜기,43,2,15,N,4,0.0,0.11092150170648464,0.0,0.9,1.0,0.06153846153846154,0.3541666666666667,0.2,0.6375,1.0,0.57,586000,휴식,"가격, 신선도",오뚜기,오뚜기 식품 1440,"오뚜기 식품 ??. ?? ??: 가격, 신선도, 배송, 생활, 식사, 가족.",65000,48000,61000,,1979.0,1,manual,N,Y,0.387,0.387
female,51,10240000.0,전문직,미혼,보수적,744000.0,고가,건강관리,종근당,9,1,10,Y,3,0.0,0.7140115163147792,0.0,0.6666666666666666,0.0,0.28360215053763443,0.3527272727272727,0.2,0.39875,1.0,0.44999999999999996,1042000,선물,"성분, 후기",한샘,종근당 건강관리 1441,"종근당 건강관리 ??. ?? ??: 성분, 후기, 안전성, 건강, 부모님, 회복.",744000,550000,533000,3.59,,1,user_input,Y,N,0.606,0.606
female,29,780000.0,학생,기혼,진보적,3930000.0,초고가,명품,구찌,9,60,9,Y,44,1.0,3.0,0.0,0.3333333333333333,0.0,0.0455470737913486,0.07818930041152264,0.2,0.38625000000000004,1.0,0.019999999999999976,108000,소장,"희소성, 감성",대한항공,구찌 명품 1442,"구찌 명품 ??. ?? ??: 브랜드, 희소성, 디자인, 선물, 보상, 소장.",3930000,3645000,3751000,3.49,,3,user_input,Y,N,0.837,0.837
female,31,3760000.0,프리랜서,기혼,진보적,4172000.0,초고가,명품,루이비통,39,15,18,Y,12,1.0,3.0,0.0,0.6666666666666666,1.0,0.0026366251198465963,0.17454954954954954,0.2,0.6375,1.0,0.019999999999999976,137000,휴식,"브랜드, 희소성",루이비통,루이비통 명품 1443,"루이비통 명품 ??. ?? ??: 브랜드, 희소성, 디자인, 선물, 보상, 소장.",4172000,3552000,4161000,,1981.0,2,image_estimate,N,Y,0.704,0.704
female,53,4710000.0,자영업,기혼,보수적,11000.0,초저가,식품,오뚜기,36,1,21,N,0,0.0,0.0421455938697318,0.0,0.9,0.0,0.2727272727272727,0.1,0.2,0.7358222410698017,1.0,0.57,261000,휴식,"가격, 신선도",구찌,오뚜기 식품 1444,"오뚜기 식품 ??. ?? ??: 가격, 신선도, 배송, 생활, 식사, 가족.",11000,10000,8000,4.7,239.0,2,crawler,Y,Y,0.498,0.498
male,48,4080000.0,사무직,기혼,진보적,190000.0,중저가,가구,한샘,44,5,13,N,3,0.0,0.24675324675324675,0.0,0.6666666666666666,0.0,0.0,0.15853658536585366,0.2,0.685,1.0,0.37,770000,생활,"내구성, 크기",애플,한샘 가구 1445,"한샘 가구 ??. ?? ??: 내구성, 크기, 디자인, 이사, 인테리어, 생활.",190000,164000,202000,3.88,1000.0,1,naver_api,Y,Y,0.529,0.529
male,54,5270000.0,프리랜서,기혼,진보적,5000.0,초저가,식품,CJ,35,2,15,N,3,0.0,0.004608294930875576,1.0,0.9,0.0,0.0,0.25,0.2,0.7972939853468848,1.0,1.0,1085000,식사,"가격, 신선도",한샘,CJ 식품 1446,"CJ 식품 ??. ?? ??: 가격, 신선도, 배송, 생활, 식사, 가족.",5000,4000,5000,4.84,808.0,1,manual,Y,Y,0.267,0.267
female,29,880000.0,학생,미혼,진보적,89000.0,저가,화장품,설화수,42,4,18,N,0,0.0,0.5894039735099338,0.0,0.0,1.0,0.2808988764044944,0.2191780821917808,0.2,0.79375,1.0,0.019999999999999976,151000,휴식,"희소성, 감성",설화수,설화수 화장품 1447,"설화수 화장품 ??. ?? ??: 성분, 가격, 후기, 피부관리, 선물, 데일리.",89000,73000,64000,4.75,2075.0,4,user_input,Y,Y,0.577,0.577
female,55,9470000.0,전문직,미혼,보수적,114000.0,중저가,건강관리,센트룸,45,2,21,N,2,0.0,0.13013698630136986,0.0,0.0,0.0,0.0,0.11764705882352941,0.0,0.6553011085988432,1.0,0.44999999999999996,876000,소장,"희소성, 감성",이케아,센트룸 건강관리 1448,"센트룸 건강관리 ??. ?? ??: 성분, 후기, 안전성, 건강, 부모님, 회복.",114000,102000,119000,3.67,909.0,0,manual,Y,Y,0.593,0.593
female,72,3260000.0,은퇴자,미혼,보수적,200000.0,중저가,가구,이케아,11,4,19,N,1,0.0,0.7575757575757576,0.0,0.0,0.0,0.0,0.3793103448275862,0.2,0.50875,1.0,0.37,264000,선물,"희소성, 감성",COS,이케아 가구 1449,"이케아 가구 ??. ?? ??: 내구성, 크기, 디자인, 이사, 인테리어, 생활.",200000,145000,209000,4.47,,2,user_input,Y,N,0.642,0.642
female,35,7170000.0,대기업직원,기혼,보수적,868000.0,고가,여행,대한항공,40,2,21,Y,3,0.0,0.8427184466019417,1.0,0.9,0.0,0.14400921658986174,0.0890840652446675,0.2,0.81125,1.0,0.6,1030000,휴식,"가격, 일정",마이리얼트립,대한항공 여행 1450,"대한항공 여행 ??. ?? ??: 가격, 일정, 숙소, 휴식, 가족, 기념일.",868000,797000,743000,4.89,3052.0,4,crawler,Y,Y,0.304,0.304
female,32,5800000.0,프리랜서,기혼,보수적,431000.0,중저가,교육,메가스터디,17,6,18,N,1,0.0,0.3606694560669456,0.0,0.0,0.0,0.0,0.23142857142857143,0.2,0.1875,0.75,0.57,1195000,선물,"희소성, 감성",다이소,메가스터디 교육 1451,"메가스터디 교육 ??. ?? ??: 강의품질, 가격, 커리큘럼, 공부, 취업, 자기계발.",431000,350000,443000,,,2,manual,N,N,0.638,0.638
male,63,5890000.0,자영업,미혼,진보적,1047000.0,고가,여행,대한항공,6,4,14,Y,4,0.0,0.8783557046979866,0.0,0.0,1.0,0.27793696275071633,0.2660217654171705,0.2,0.4875,1.0,0.09999999999999998,1192000,유행,"희소성, 감성",대한항공,대한항공 여행 1452,"대한항공 여행 ??. ?? ??: 가격, 일정, 숙소, 휴식, 가족, 기념일.",1047000,827000,756000,4.3,,1,user_input,Y,N,0.649,0.649
male,59,3290000.0,주부,기혼,보수적,693000.0,고가,교육,패스트캠퍼스,41,3,13,Y,2,1.0,2.0028901734104045,0.0,0.9,0.0,0.01875901875901876,0.11057692307692307,0.2,0.8025,1.0,0.57,346000,선물,"강의품질, 가격",애플,패스트캠퍼스 교육 1453,"패스트캠퍼스 교육 ??. ?? ??: 강의품질, 가격, 커리큘럼, 공부, 취업, 자기계발.",693000,624000,680000,4.82,1900.0,1,manual,Y,Y,0.699,0.699
male,29,3370000.0,사무직,기혼,진보적,35000.0,저가,화장품,라네즈,12,2,19,N,4,0.0,0.20348837209302326,1.0,0.0,1.0,0.17142857142857143,0.06060606060606061,0.0,0.41750000000000004,1.0,0.52,172000,선물,"희소성, 감성",라네즈,라네즈 화장품 1454,"라네즈 화장품 ??. ?? ??: 성분, 가격, 후기, 피부관리, 선물, 데일리.",35000,33000,29000,3.74,,0,naver_api,Y,N,0.398,0.398
female,63,3560000.0,은퇴자,기혼,보수적,1162000.0,고가,건강관리,종근당,43,4,16,Y,6,1.0,2.116575591985428,0.0,0.0,1.0,0.20567986230636834,0.3574766355140187,0.2,0.7324999999999999,1.0,0.44999999999999996,549000,회복,"희소성, 감성",종근당,종근당 건강관리 1455,"종근당 건강관리 ??. ?? ??: 성분, 후기, 안전성, 건강, 부모님, 회복.",1162000,856000,923000,4.26,2280.0,3,naver_api,Y,Y,0.782,0.782
male,50,9560000.0,전문직,미혼,보수적,87000.0,저가,패션,ZARA,41,3,17,N,0,0.0,0.05327617881200245,1.0,0.6666666666666666,1.0,0.0,0.10126582278481013,0.2,0.61375,1.0,0.6,1633000,출근,"디자인, 착용감",ZARA,ZARA 패션 1456,"ZARA 패션 ??. ?? ??: 디자인, 착용감, 브랜드, 출근, 데이트, 여행.",87000,79000,87000,3.31,3631.0,2,crawler,Y,Y,0.249,0.249
female,48,5200000.0,대기업직원,미혼,진보적,37000.0,저가,교육,패스트캠퍼스,41,0,1,N,2,0.0,0.2356687898089172,0.0,0.9,1.0,0.1891891891891892,0.27586206896551724,0.2,0.72,1.0,0.57,157000,선물,"강의품질, 가격",패스트캠퍼스,패스트캠퍼스 교육 1457,"패스트캠퍼스 교육 ??. ?? ??: 강의품질, 가격, 커리큘럼, 공부, 취업, 자기계발.",37000,29000,30000,4.16,3016.0,4,user_input,Y,Y,0.441,0.441
male,37,4750000.0,프리랜서,미혼,진보적,66000.0,저가,식품,동원,47,4,10,N,4,0.0,0.07173913043478261,1.0,0.9,0.0,0.36363636363636365,0.08196721311475409,0.2,0.6737500000000001,1.0,1.0,920000,식사,"가격, 신선도",삼성,동원 식품 1458,"동원 식품 ??. ?? ??: 가격, 신선도, 배송, 생활, 식사, 가족.",66000,61000,42000,3.79,2586.0,2,image_estimate,Y,Y,0.304,0.304
male,61,2870000.0,은퇴자,기혼,진보적,7030000.0,초고가,전자기기,LG,14,35,19,Y,22,1.0,3.0,1.0,0.9375,0.0,0.30483641536273115,0.16835632374937676,0.2,0.47875000000000006,1.0,0.87,207000,게임,"성능, 배터리",프라다,LG 전자기기 1459,"LG 전자기기 ??. ?? ??: 성능, 배터리, 휴대성, 업무, 공부, 게임, 콘텐츠.",7030000,6017000,4887000,4.23,,3,image_estimate,Y,N,0.587,0.587
male,30,8860000.0,전문직,기혼,보수적,664000.0,고가,전자기기,LG,10,2,16,Y,3,0.0,0.6125461254612546,0.0,0.9375,0.0,0.29518072289156627,0.21611721611721613,0.0,0.5549999999999999,1.0,0.37,1084000,소장,"성능, 배터리",다이소,LG 전자기기 1460,"LG 전자기기 ??. ?? ??: 성능, 배터리, 휴대성, 업무, 공부, 게임, 콘텐츠.",664000,546000,468000,4.84,,0,image_estimate,Y,N,0.499,0.499
male,23,1340000.0,취업준비생,미혼,진보적,33000.0,저가,패션,아디다스,52,0,14,N,4,0.0,0.36666666666666664,0.0,0.6666666666666666,0.0,0.15151515151515152,0.13793103448275862,0.2,0.7012499999999999,1.0,0.09999999999999998,90000,유행,"디자인, 착용감",레노버,아디다스 패션 1461,"아디다스 패션 ??. ?? ??: 디자인, 착용감, 브랜드, 출근, 데이트, 여행.",33000,29000,28000,4.01,1286.0,2,image_estimate,Y,Y,0.568,0.568
male,25,830000.0,취업준비생,미혼,진보적,586000.0,고가,가구,한샘,10,12,9,Y,5,1.0,3.0,0.0,0.6666666666666666,0.0,0.2935153583617747,0.1183206106870229,0.2,0.5,1.0,0.37,133000,휴식,"내구성, 크기",하나투어,한샘 가구 1462,"한샘 가구 ??. ?? ??: 내구성, 크기, 디자인, 이사, 인테리어, 생활.",586000,524000,414000,4.4,,3,manual,Y,N,0.806,0.806
male,21,670000.0,학생,기혼,진보적,87000.0,저가,생활용품,다이소,48,3,13,N,1,1.0,2.230769230769231,0.0,0.9,1.0,0.0,0.04819277108433735,0.2,0.6375,1.0,0.57,39000,유행,"가격, 내구성",다이소,다이소 생활용품 1463,"다이소 생활용품 ??. ?? ??: 가격, 내구성, 용량, 생활, 청소, 가정.",87000,83000,93000,,1367.0,4,image_estimate,N,Y,0.585,0.585
male,43,11420000.0,전문직,미혼,진보적,119000.0,중저가,교육,클래스101,47,4,19,N,0,0.0,0.06492089470812876,0.0,0.9,1.0,0.08403361344537816,0.034782608695652174,0.2,0.6375,1.0,0.57,1833000,휴식,"강의품질, 가격",클래스101,클래스101 교육 1464,"클래스101 교육 ??. ?? ??: 강의품질, 가격, 커리큘럼, 공부, 취업, 자기계발.",119000,115000,109000,,2288.0,3,manual,N,Y,0.419,0.419
female,69,2490000.0,은퇴자,미혼,보수적,540000.0,고가,화장품,이니스프리,42,7,21,Y,3,0.7940199335548173,1.7940199335548173,1.0,0.9,0.0,0.13148148148148148,0.06719367588932806,0.2,0.6375,1.0,0.52,301000,선물,"성분, 가격",패스트캠퍼스,이니스프리 화장품 1465,"이니스프리 화장품 ??. ?? ??: 성분, 가격, 후기, 피부관리, 선물, 데일리.",540000,506000,469000,,1397.0,3,crawler,N,Y,0.514,0.514
male,58,5310000.0,공무원,미혼,진보적,281000.0,중저가,화장품,설화수,12,1,21,N,3,0.0,0.8192419825072886,0.0,0.9,1.0,0.16370106761565836,0.30092592592592593,0.0,0.1875,0.75,0.019999999999999976,343000,데일리,"성분, 가격",설화수,설화수 화장품 1466,"설화수 화장품 ??. ?? ??: 성분, 가격, 후기, 피부관리, 선물, 데일리.",281000,216000,235000,,,0,manual,N,N,0.476,0.476
female,23,1190000.0,취업준비생,미혼,보수적,2751000.0,초고가,여행,대한항공,38,30,10,Y,20,1.0,3.0,1.0,0.9,0.0,0.0,0.34195121951219515,0.2,0.6375,1.0,0.6,155000,휴식,"가격, 일정",프라다,대한항공 여행 1467,"대한항공 여행 ??. ?? ??: 가격, 일정, 숙소, 휴식, 가족, 기념일.",2751000,2050000,2850000,,1532.0,3,image_estimate,N,Y,0.534,0.534
female,27,590000.0,학생,미혼,보수적,6000.0,초저가,식품,CJ,42,4,11,N,3,0.0,0.0625,0.0,0.0,1.0,0.0,0.5,0.0,0.6084885530322575,1.0,0.57,96000,가족,"희소성, 감성",CJ,CJ 식품 1468,"CJ 식품 ??. ?? ??: 가격, 신선도, 배송, 생활, 식사, 가족.",6000,4000,6000,,448.0,0,image_estimate,N,Y,0.54,0.54
male,36,2270000.0,주부,미혼,진보적,61000.0,저가,패션,나이키,39,5,20,N,2,0.0,0.14558472553699284,1.0,0.0,0.0,0.13114754098360656,0.35555555555555557,0.0,0.6375,1.0,0.6,419000,출근,"희소성, 감성",구찌,나이키 패션 1469,"나이키 패션 ??. ?? ??: 디자인, 착용감, 브랜드, 출근, 데이트, 여행.",61000,45000,53000,,1654.0,0,naver_api,N,Y,0.487,0.487
female,43,5030000.0,프리랜서,미혼,보수적,1290000.0,고가,명품,구찌,47,8,21,Y,4,0.24637681159420288,1.2463768115942029,0.0,0.3333333333333333,0.0,0.20930232558139536,0.07231920199501247,0.2,0.7175,1.0,0.019999999999999976,1035000,소장,"희소성, 감성",CJ,구찌 명품 1470,"구찌 명품 ??. ?? ??: 브랜드, 희소성, 디자인, 선물, 보상, 소장.",1290000,1203000,1020000,4.14,1515.0,2,user_input,Y,Y,0.683,0.683
female,25,960000.0,취업준비생,기혼,진보적,4000.0,초저가,식품,오뚜기,44,5,10,N,1,0.0,0.030303030303030304,1.0,0.0,1.0,0.0,0.05,0.0,0.7137500000000001,1.0,1.0,132000,생활,"희소성, 감성",오뚜기,오뚜기 식품 1471,"오뚜기 식품 ??. ?? ??: 가격, 신선도, 배송, 생활, 식사, 가족.",4000,4000,4000,4.11,3887.0,0,user_input,Y,Y,0.311,0.311
male,35,9030000.0,대기업직원,기혼,보수적,53000.0,저가,식품,동원,3,0,22,N,2,0.0,0.06751592356687898,0.0,0.9,0.0,0.2641509433962264,0.0392156862745098,0.2,0.38125000000000003,1.0,0.57,785000,선물,"가격, 신선도",하나투어,동원 식품 1472,"동원 식품 ??. ?? ??: 가격, 신선도, 배송, 생활, 식사, 가족.",53000,51000,39000,3.45,,3,manual,Y,N,0.511,0.511
male,46,5410000.0,프리랜서,미혼,진보적,3100000.0,초고가,명품,샤넬,6,9,17,Y,5,1.0,3.0,1.0,0.3333333333333333,0.0,0.14096774193548386,0.32309005548442166,0.0,0.48374999999999996,1.0,0.52,565000,보상,"희소성, 감성",패스트캠퍼스,샤넬 명품 1473,"샤넬 명품 ??. ?? ??: 브랜드, 희소성, 디자인, 선물, 보상, 소장.",3100000,2343000,2663000,4.27,,0,crawler,Y,N,0.682,0.682
male,27,1160000.0,취업준비생,미혼,보수적,189000.0,중저가,패션,아디다스,41,3,3,N,1,0.75,1.75,0.0,0.6666666666666666,1.0,0.026455026455026454,0.3597122302158273,0.0,0.6876214180254243,1.0,0.09999999999999998,108000,여행,"디자인, 착용감",아디다스,아디다스 패션 1474,"아디다스 패션 ??. ?? ??: 디자인, 착용감, 브랜드, 출근, 데이트, 여행.",189000,139000,184000,4.0,710.0,0,manual,Y,Y,0.635,0.635
female,22,910000.0,학생,미혼,보수적,1270000.0,고가,여행,하나투어,8,20,13,Y,15,1.0,3.0,1.0,0.9,0.0,0.0,0.030008110300081103,0.2,0.41375,1.0,0.6,118000,가족,"가격, 일정",아디다스,하나투어 여행 1475,"하나투어 여행 ??. ?? ??: 가격, 일정, 숙소, 휴식, 가족, 기념일.",1270000,1233000,1315000,3.71,,2,manual,Y,N,0.548,0.548
female,42,5220000.0,사무직,미혼,진보적,27000.0,초저가,화장품,이니스프리,53,2,20,N,4,0.0,0.04251968503937008,0.0,0.0,0.0,0.1111111111111111,0.17391304347826086,0.0,0.7875000000000001,1.0,0.019999999999999976,635000,데일리,"희소성, 감성",구찌,이니스프리 화장품 1476,"이니스프리 화장품 ??. ?? ??: 성분, 가격, 후기, 피부관리, 선물, 데일리.",27000,23000,24000,4.7,3899.0,0,user_input,Y,Y,0.621,0.621
male,49,4250000.0,공무원,기혼,보수적,3110000.0,초고가,여행,마이리얼트립,17,12,19,Y,10,1.0,3.0,0.0,0.9,0.0,0.09614147909967846,0.2678353037097432,0.2,0.1875,0.75,0.09999999999999998,743000,유행,"가격, 일정",COS,마이리얼트립 여행 1477,"마이리얼트립 여행 ??. ?? ??: 가격, 일정, 숙소, 휴식, 가족, 기념일.",3110000,2453000,2811000,,,3,naver_api,N,N,0.798,0.798
male,35,3630000.0,사무직,기혼,진보적,1975000.0,고가,전자기기,레노버,47,10,12,Y,7,1.0,3.0,0.0,0.9375,1.0,0.17974683544303796,0.06354334948842219,0.2,0.7250000000000001,1.0,0.37,259000,콘텐츠,"성능, 배터리",레노버,레노버 전자기기 1478,"레노버 전자기기 ??. ?? ??: 성능, 배터리, 휴대성, 업무, 공부, 게임, 콘텐츠.",1975000,1857000,1620000,4.2,3686.0,3,crawler,Y,Y,0.627,0.627
male,38,6480000.0,대기업직원,기혼,보수적,9000.0,초저가,생활용품,유한킴벌리,27,0,19,N,4,0.0,0.015025041736227046,1.0,0.9,0.0,0.0,0.2857142857142857,0.0,0.733691335802171,1.0,1.0,599000,생활,"가격, 내구성",소니,유한킴벌리 생활용품 1479,"유한킴벌리 생활용품 ??. ?? ??: 가격, 내구성, 용량, 생활, 청소, 가정.",9000,7000,9000,4.73,203.0,0,naver_api,Y,Y,0.284,0.284
female,74,3140000.0,은퇴자,기혼,진보적,143000.0,중저가,건강관리,종근당,9,2,0,N,5,0.0,0.35049019607843135,0.0,0.6666666666666666,1.0,0.0,0.375,0.2,0.5325,1.0,0.44999999999999996,408000,회복,"성분, 후기",종근당,종근당 건강관리 1480,"종근당 건강관리 ??. ?? ??: 성분, 후기, 안전성, 건강, 부모님, 회복.",143000,104000,143000,4.66,,1,manual,Y,N,0.446,0.446
female,32,1330000.0,취업준비생,미혼,보수적,893000.0,고가,교육,패스트캠퍼스,32,13,10,Y,7,1.0,3.0,1.0,0.0,0.0,0.0,0.07202881152460984,0.2,0.5735560882800753,1.0,1.0,215000,공부,"희소성, 감성",센트룸,패스트캠퍼스 교육 1481,"패스트캠퍼스 교육 ??. ?? ??: 강의품질, 가격, 커리큘럼, 공부, 취업, 자기계발.",893000,833000,932000,,170.0,3,image_estimate,N,Y,0.66,0.66
female,25,1090000.0,취업준비생,기혼,보수적,865000.0,고가,교육,패스트캠퍼스,35,13,11,Y,11,1.0,3.0,0.0,0.9,1.0,0.07976878612716763,0.34316770186335405,0.0,0.6970474588962609,1.0,0.57,82000,선물,"강의품질, 가격",패스트캠퍼스,패스트캠퍼스 교육 1482,"패스트캠퍼스 교육 ??. ?? ??: 강의품질, 가격, 커리큘럼, 공부, 취업, 자기계발.",865000,644000,796000,4.55,137.0,0,crawler,Y,Y,0.61,0.61
male,38,5200000.0,프리랜서,미혼,진보적,227000.0,중저가,건강관리,정관장,38,6,17,N,3,0.0,0.7854671280276817,1.0,0.0,1.0,0.28634361233480177,0.22043010752688172,0.2,0.7550000000000001,1.0,0.95,289000,부모님,"희소성, 감성",정관장,정관장 건강관리 1483,"정관장 건강관리 ??. ?? ??: 성분, 후기, 안전성, 건강, 부모님, 회복.",227000,186000,162000,4.44,1783.0,3,naver_api,Y,Y,0.391,0.391
male,73,3680000.0,은퇴자,기혼,진보적,6000.0,초저가,생활용품,3M,44,2,14,N,2,0.0,0.011627906976744186,0.0,0.9,0.0,0.3333333333333333,0.05,0.2,0.665,1.0,0.57,516000,가정,"가격, 내구성",유한킴벌리,3M 생활용품 1484,"3M 생활용품 ??. ?? ??: 가격, 내구성, 용량, 생활, 청소, 가정.",6000,6000,4000,3.72,2001.0,4,crawler,Y,Y,0.521,0.521
male,29,990000.0,취업준비생,미혼,진보적,558000.0,고가,화장품,이니스프리,46,7,15,Y,6,1.0,2.735294117647059,1.0,0.0,0.0,0.1111111111111111,0.14344262295081966,0.2,0.76,1.0,0.52,204000,피부관리,"희소성, 감성",이케아,이니스프리 화장품 1485,"이니스프리 화장품 ??. ?? ??: 성분, 가격, 후기, 피부관리, 선물, 데일리.",558000,488000,496000,4.48,3851.0,1,naver_api,Y,Y,0.695,0.695
male,63,5580000.0,자영업,기혼,보수적,734000.0,고가,가구,이케아,17,3,18,Y,3,1.0,2.139941690962099,1.0,0.0,1.0,0.37193460490463215,0.15772870662460567,0.0,0.5162500000000001,1.0,0.87,343000,이사,"희소성, 감성",이케아,이케아 가구 1486,"이케아 가구 ??. ?? ??: 내구성, 크기, 디자인, 이사, 인테리어, 생활.",734000,634000,461000,4.53,,0,manual,Y,N,0.629,0.629
female,46,4610000.0,자영업,미혼,보수적,94000.0,저가,패션,ZARA,46,5,15,N,2,0.0,0.12287581699346405,1.0,0.0,0.0,0.0,0.34285714285714286,0.2,0.6643840150652747,1.0,0.6,765000,데이트,"희소성, 감성",하나투어,ZARA 패션 1487,"ZARA 패션 ??. ?? ??: 디자인, 착용감, 브랜드, 출근, 데이트, 여행.",94000,70000,97000,3.77,827.0,4,user_input,Y,Y,0.482,0.482
male,38,6410000.0,대기업직원,기혼,보수적,4000.0,초저가,식품,오뚜기,16,0,11,N,4,0.0,0.0029133284777858705,1.0,0.0,1.0,0.0,0.3333333333333333,0.2,0.5845712773699819,1.0,1.0,1373000,식사,"희소성, 감성",오뚜기,오뚜기 식품 1488,"오뚜기 식품 ??. ?? ??: 가격, 신선도, 배송, 생활, 식사, 가족.",4000,3000,4000,4.41,9.0,4,image_estimate,Y,Y,0.378,0.378
female,31,7020000.0,자영업,기혼,진보적,129000.0,중저가,가구,리바트,52,0,11,N,1,0.0,0.10353130016051364,1.0,0.0,1.0,0.32558139534883723,0.09322033898305085,0.2,0.61875,1.0,0.87,1246000,인테리어,"희소성, 감성",리바트,리바트 가구 1489,"리바트 가구 ??. ?? ??: 내구성, 크기, 디자인, 이사, 인테리어, 생활.",129000,118000,87000,3.35,1352.0,3,crawler,Y,Y,0.414,0.414
male,39,5370000.0,대기업직원,기혼,진보적,130000.0,중저가,가구,이케아,7,5,20,N,2,0.0,0.19969278033794163,0.0,0.0,1.0,0.0,0.04,0.0,0.4825,1.0,0.37,651000,소장,"희소성, 감성",이케아,이케아 가구 1490,"이케아 가구 ??. ?? ??: 내구성, 크기, 디자인, 이사, 인테리어, 생활.",130000,125000,134000,4.26,,0,image_estimate,Y,N,0.526,0.526
female,20,860000.0,학생,미혼,보수적,116000.0,중저가,가구,이케아,38,2,10,N,5,1.0,2.9743589743589745,0.0,0.6666666666666666,1.0,0.1810344827586207,0.1262135922330097,0.2,0.6164825368630469,1.0,0.37,39000,생활,"내구성, 크기",이케아,이케아 가구 1491,"이케아 가구 ??. ?? ??: 내구성, 크기, 디자인, 이사, 인테리어, 생활.",116000,103000,95000,,559.0,2,manual,N,Y,0.688,0.688
female,22,830000.0,학생,기혼,보수적,51000.0,저가,교육,클래스101,40,5,21,N,4,0.0,0.7285714285714285,1.0,0.0,1.0,0.35294117647058826,0.13333333333333333,0.0,0.71,1.0,1.0,70000,취업,"희소성, 감성",클래스101,클래스101 교육 1492,"클래스101 교육 ??. ?? ??: 강의품질, 가격, 커리큘럼, 공부, 취업, 자기계발.",51000,45000,33000,4.08,2110.0,0,image_estimate,Y,Y,0.354,0.354
female,45,4010000.0,사무직,기혼,보수적,163000.0,중저가,건강관리,종근당,7,0,21,N,2,0.0,0.18997668997668998,0.0,0.6666666666666666,0.0,0.12269938650306748,0.16428571428571428,0.2,0.1875,0.75,0.44999999999999996,858000,회복,"성분, 후기",COS,종근당 건강관리 1493,"종근당 건강관리 ??. ?? ??: 성분, 후기, 안전성, 건강, 부모님, 회복.",163000,140000,143000,,,3,manual,N,N,0.571,0.571
female,26,640000.0,학생,미혼,보수적,2493000.0,초고가,가구,이케아,45,50,10,Y,31,1.0,3.0,0.0,0.6666666666666666,1.0,0.19655034095467308,0.08674803836094158,0.0,0.6375,1.0,0.37,102000,생활,"내구성, 크기",이케아,이케아 가구 1494,"이케아 가구 ??. ?? ??: 내구성, 크기, 디자인, 이사, 인테리어, 생활.",2493000,2294000,2003000,,1553.0,0,manual,N,Y,0.69,0.69
female,40,4090000.0,사무직,기혼,보수적,60000.0,저가,화장품,이니스프리,40,0,21,N,4,0.0,0.11428571428571428,0.0,0.9,1.0,0.26666666666666666,0.09090909090909091,0.0,0.6935656823604042,1.0,0.019999999999999976,525000,휴식,"성분, 가격",이니스프리,이니스프리 화장품 1495,"이니스프리 화장품 ??. ?? ??: 성분, 가격, 후기, 피부관리, 선물, 데일리.",60000,55000,44000,4.02,781.0,0,crawler,Y,Y,0.427,0.427
female,41,2690000.0,주부,기혼,보수적,1001000.0,고가,명품,샤넬,11,4,18,Y,5,1.0,3.0,0.0,0.3333333333333333,0.0,0.0,0.1902497027348395,0.2,0.3825,1.0,0.019999999999999976,323000,소장,"희소성, 감성",동원,샤넬 명품 1496,"샤넬 명품 ??. ?? ??: 브랜드, 희소성, 디자인, 선물, 보상, 소장.",1001000,841000,1022000,3.46,,1,crawler,Y,N,0.868,0.868
female,47,6210000.0,전문직,미혼,진보적,219000.0,중저가,여행,마이리얼트립,47,4,9,N,4,0.0,0.8295454545454546,1.0,0.0,0.0,0.045662100456621,0.28823529411764703,0.2,0.8008518722614661,1.0,0.6,264000,휴식,"희소성, 감성",아디다스,마이리얼트립 여행 1497,"마이리얼트립 여행 ??. ?? ??: 가격, 일정, 숙소, 휴식, 가족, 기념일.",219000,170000,209000,4.86,832.0,3,manual,Y,Y,0.466,0.466
male,47,11470000.0,전문직,기혼,진보적,1060000.0,고가,여행,마이리얼트립,39,6,3,Y,5,0.0,0.5458290422245108,0.0,0.9,0.0,0.09245283018867924,0.3167701863354037,0.2,0.6400012349555102,1.0,0.09999999999999998,1942000,유행,"가격, 일정",나이키,마이리얼트립 여행 1498,"마이리얼트립 여행 ??. ?? ??: 가격, 일정, 숙소, 휴식, 가족, 기념일.",1060000,805000,962000,4.06,154.0,2,user_input,Y,Y,0.519,0.519
female,30,1220000.0,취업준비생,미혼,진보적,66000.0,저가,생활용품,3M,40,3,19,N,1,0.6097560975609757,1.6097560975609757,0.0,0.9,0.0,0.0,0.03125,0.2,0.7124999999999999,1.0,0.57,41000,휴식,"가격, 내구성",동원,3M 생활용품 1499,"3M 생활용품 ??. ?? ??: 가격, 내구성, 용량, 생활, 청소, 가정.",66000,64000,69000,4.1,1517.0,4,crawler,Y,Y,0.599,0.599
male,32,2570000.0,주부,기혼,진보적,524000.0,고가,여행,대한항공,54,2,18,Y,1,0.6273291925465838,1.6273291925465838,1.0,0.0,1.0,0.05725190839694656,0.08488612836438923,0.2,0.6975,1.0,0.6,322000,가족,"희소성, 감성",대한항공,대한항공 여행 1500,"대한항공 여행 ??. ?? ??: 가격, 일정, 숙소, 휴식, 가족, 기념일.",524000,483000,494000,3.98,3134.0,1,user_input,Y,Y,0.517,0.517
male,55,9400000.0,대기업직원,미혼,진보적,21000.0,초저가,생활용품,3M,39,4,21,N,4,0.0,0.02648171500630517,0.0,0.9,0.0,0.19047619047619047,0.3125,0.2,0.6375,1.0,0.57,793000,휴식,"가격, 내구성",센트룸,3M 생활용품 1501,"3M 생활용품 ??. ?? ??: 가격, 내구성, 용량, 생활, 청소, 가정.",21000,16000,17000,,2067.0,1,naver_api,N,Y,0.477,0.477
female,45,2850000.0,주부,미혼,보수적,804000.0,고가,명품,루이비통,48,4,19,Y,6,1.0,2.2458100558659218,0.0,0.6666666666666666,1.0,0.24004975124378108,0.31158238172920066,0.2,0.6375,1.0,0.019999999999999976,358000,소장,"브랜드, 희소성",루이비통,루이비통 명품 1502,"루이비통 명품 ??. ?? ??: 브랜드, 희소성, 디자인, 선물, 보상, 소장.",804000,613000,611000,,1374.0,2,naver_api,N,Y,0.739,0.739
male,24,810000.0,취업준비생,미혼,보수적,4116000.0,초고가,전자기기,애플,36,60,11,Y,42,1.0,3.0,1.0,0.0,1.0,0.008746355685131196,0.03677581863979849,0.2,0.6197437039245179,1.0,0.87,46000,업무,"희소성, 감성",애플,애플 전자기기 1503,"애플 전자기기 ??. ?? ??: 성능, 배터리, 휴대성, 업무, 공부, 게임, 콘텐츠.",4116000,3970000,4080000,3.83,195.0,4,image_estimate,Y,Y,0.566,0.566
female,28,9140000.0,대기업직원,미혼,진보적,60000.0,저가,교육,패스트캠퍼스,40,1,16,N,1,0.0,0.030927835051546393,0.0,0.9,0.0,0.3,0.1320754716981132,0.2,0.6637500000000001,1.0,0.57,1940000,자기계발,"강의품질, 가격",3M,패스트캠퍼스 교육 1504,"패스트캠퍼스 교육 ??. ?? ??: 강의품질, 가격, 커리큘럼, 공부, 취업, 자기계발.",60000,53000,42000,3.71,1046.0,4,image_estimate,Y,Y,0.536,0.536
male,30,720000.0,취업준비생,기혼,보수적,371000.0,중저가,명품,프라다,47,10,22,Y,5,1.0,3.0,1.0,0.3333333333333333,1.0,0.0,0.11746987951807229,0.2,0.6375,1.0,0.52,99000,선물,"희소성, 감성",프라다,프라다 명품 1505,"프라다 명품 ??. ?? ??: 브랜드, 희소성, 디자인, 선물, 보상, 소장.",371000,332000,380000,,3279.0,1,image_estimate,N,Y,0.547,0.547
male,26,530000.0,학생,미혼,보수적,1347000.0,고가,건강관리,센트룸,13,34,12,Y,23,1.0,3.0,0.0,0.6666666666666666,0.0,0.12472160356347439,0.13959390862944163,0.2,0.52875,1.0,0.44999999999999996,71000,휴식,"성분, 후기",프라다,센트룸 건강관리 1506,"센트룸 건강관리 ??. ?? ??: 성분, 후기, 안전성, 건강, 부모님, 회복.",1347000,1182000,1179000,4.63,,2,naver_api,Y,N,0.762,0.762
female,37,4380000.0,공무원,기혼,보수적,779000.0,고가,패션,COS,9,6,14,Y,3,1.0,3.0,1.0,0.0,1.0,0.3427471116816431,0.08344923504867872,0.0,0.46625,1.0,0.6,229000,데이트,"희소성, 감성",COS,COS 패션 1507,"COS 패션 ??. ?? ??: 디자인, 착용감, 브랜드, 출근, 데이트, 여행.",779000,719000,512000,4.13,,0,manual,Y,N,0.646,0.646
female,66,3680000.0,은퇴자,기혼,진보적,20000.0,초저가,식품,오뚜기,7,1,11,N,3,0.0,0.029985007496251874,0.0,0.9,0.0,0.25,0.1111111111111111,0.2,0.5237499999999999,1.0,0.57,667000,소장,"가격, 신선도",대한항공,오뚜기 식품 1508,"오뚜기 식품 ??. ?? ??: 가격, 신선도, 배송, 생활, 식사, 가족.",20000,18000,15000,4.59,,1,user_input,Y,N,0.487,0.487
female,39,10730000.0,전문직,미혼,진보적,44000.0,저가,교육,클래스101,51,0,12,N,0,0.0,0.07272727272727272,1.0,0.0,1.0,0.09090909090909091,0.3333333333333333,0.0,0.7437499999999999,1.0,1.0,605000,취업,"희소성, 감성",클래스101,클래스101 교육 1509,"클래스101 교육 ??. ?? ??: 강의품질, 가격, 커리큘럼, 공부, 취업, 자기계발.",44000,33000,40000,4.35,3212.0,0,crawler,Y,Y,0.364,0.364
male,59,3230000.0,은퇴자,미혼,보수적,359000.0,중저가,여행,하나투어,5,3,11,N,4,0.0,0.6387900355871886,1.0,0.9,0.0,0.0,0.05278592375366569,0.0,0.51,1.0,0.6,562000,가족,"가격, 일정",루이비통,하나투어 여행 1510,"하나투어 여행 ??. ?? ??: 가격, 일정, 숙소, 휴식, 가족, 기념일.",359000,341000,384000,4.48,,0,naver_api,Y,N,0.306,0.306
female,55,4980000.0,사무직,미혼,보수적,190000.0,중저가,전자기기,소니,50,5,19,N,3,0.016042780748663166,1.0160427807486632,1.0,0.0,1.0,0.30526315789473685,0.09826589595375723,0.2,0.605,1.0,0.87,187000,공부,"희소성, 감성",소니,소니 전자기기 1511,"소니 전자기기 ??. ?? ??: 성능, 배터리, 휴대성, 업무, 공부, 게임, 콘텐츠.",190000,173000,132000,3.24,3902.0,4,user_input,Y,Y,0.391,0.391
male,53,7740000.0,전문직,기혼,보수적,98000.0,저가,건강관리,정관장,53,1,22,N,0,0.0,0.15705128205128205,0.0,0.6666666666666666,0.0,0.05102040816326531,0.20987654320987653,0.2,0.6837500000000001,1.0,0.44999999999999996,624000,회복,"성분, 후기",하나투어,정관장 건강관리 1512,"정관장 건강관리 ??. ?? ??: 성분, 후기, 안전성, 건강, 부모님, 회복.",98000,81000,93000,3.87,3033.0,1,manual,Y,Y,0.516,0.516
female,30,2970000.0,주부,기혼,진보적,386000.0,중저가,가구,한샘,48,3,17,N,3,0.2411575562700965,1.2411575562700965,1.0,0.6666666666666666,0.0,0.08549222797927461,0.2866666666666667,0.2,0.6375,1.0,0.87,311000,인테리어,"내구성, 크기",이케아,한샘 가구 1513,"한샘 가구 ??. ?? ??: 내구성, 크기, 디자인, 이사, 인테리어, 생활.",386000,300000,353000,,3492.0,2,crawler,N,Y,0.396,0.396
male,47,3780000.0,프리랜서,기혼,보수적,696000.0,고가,가구,이케아,15,7,14,Y,5,1.0,2.6564885496183206,1.0,0.0,0.0,0.0,0.14662273476112025,0.2,0.48625,1.0,0.87,262000,이사,"희소성, 감성",LG,이케아 가구 1514,"이케아 가구 ??. ?? ??: 내구성, 크기, 디자인, 이사, 인테리어, 생활.",696000,607000,712000,4.29,,4,crawler,Y,N,0.679,0.679
female,57,9240000.0,대기업직원,기혼,진보적,1858000.0,고가,여행,하나투어,38,6,14,Y,2,0.9334027055150884,1.9334027055150884,0.0,0.9,1.0,0.20828848223896662,0.23537234042553193,0.2,0.6847362219310307,1.0,0.09999999999999998,961000,선물,"가격, 일정",하나투어,하나투어 여행 1515,"하나투어 여행 ??. ?? ??: 가격, 일정, 숙소, 휴식, 가족, 기념일.",1858000,1504000,1471000,4.13,418.0,1,image_estimate,Y,Y,0.689,0.689
male,37,3630000.0,공무원,기혼,진보적,7131000.0,초고가,전자기기,삼성,18,23,11,Y,19,1.0,3.0,0.0,0.0,1.0,0.26503996634413124,0.11508991399530884,0.2,0.5576690006004668,1.0,0.37,627000,소장,"희소성, 감성",삼성,삼성 전자기기 1516,"삼성 전자기기 ??. ?? ??: 성능, 배터리, 휴대성, 업무, 공부, 게임, 콘텐츠.",7131000,6395000,5241000,3.98,20.0,4,image_estimate,Y,Y,0.838,0.838
male,50,8420000.0,전문직,기혼,보수적,365000.0,중저가,명품,샤넬,15,4,1,N,4,0.0,0.3709349593495935,1.0,0.6666666666666666,1.0,0.26575342465753427,0.09939759036144578,0.2,0.48500000000000004,1.0,0.52,984000,보상,"브랜드, 희소성",샤넬,샤넬 명품 1517,"샤넬 명품 ??. ?? ??: 브랜드, 희소성, 디자인, 선물, 보상, 소장.",365000,332000,268000,4.28,,3,naver_api,Y,N,0.344,0.344
female,40,2840000.0,주부,기혼,보수적,202000.0,중저가,화장품,라네즈,11,6,3,N,2,0.0,0.45495495495495497,1.0,0.0,0.0,0.29207920792079206,0.16091954022988506,0.2,0.38625000000000004,1.0,0.52,444000,선물,"희소성, 감성",소니,라네즈 화장품 1518,"라네즈 화장품 ??. ?? ??: 성분, 가격, 후기, 피부관리, 선물, 데일리.",202000,174000,143000,3.49,,2,crawler,Y,N,0.509,0.509
female,20,790000.0,학생,미혼,보수적,293000.0,중저가,전자기기,소니,48,5,20,Y,7,1.0,3.0,1.0,0.9375,0.0,0.36177474402730375,0.1814516129032258,0.0,0.8087500000000001,1.0,0.87,74000,업무,"성능, 배터리",ZARA,소니 전자기기 1519,"소니 전자기기 ??. ?? ??: 성능, 배터리, 휴대성, 업무, 공부, 게임, 콘텐츠.",293000,248000,187000,4.87,3665.0,0,manual,Y,Y,0.518,0.518
male,27,1340000.0,취업준비생,기혼,보수적,530000.0,고가,화장품,이니스프리,15,5,2,Y,4,1.0,2.199170124481328,0.0,0.0,0.0,0.0660377358490566,0.025145067698259187,0.2,0.37375,1.0,0.019999999999999976,241000,소장,"희소성, 감성",아디다스,이니스프리 화장품 1520,"이니스프리 화장품 ??. ?? ??: 성분, 가격, 후기, 피부관리, 선물, 데일리.",530000,517000,495000,3.39,,4,manual,Y,N,0.87,0.87
male,55,4470000.0,자영업,기혼,보수적,475000.0,중저가,패션,COS,57,4,13,N,4,0.0,0.8482142857142857,1.0,0.0,1.0,0.07789473684210527,0.22739018087855298,0.2,0.7237500000000001,1.0,0.6,560000,데이트,"희소성, 감성",COS,COS 패션 1521,"COS 패션 ??. ?? ??: 디자인, 착용감, 브랜드, 출근, 데이트, 여행.",475000,387000,438000,4.19,3990.0,4,crawler,Y,Y,0.375,0.375
female,37,3730000.0,프리랜서,기혼,보수적,16000.0,초저가,식품,오뚜기,43,0,22,N,4,0.0,0.022253129346314324,0.0,0.0,0.0,0.0,0.14285714285714285,0.2,0.81125,1.0,0.57,719000,선물,"희소성, 감성",나이키,오뚜기 식품 1522,"오뚜기 식품 ??. ?? ??: 가격, 신선도, 배송, 생활, 식사, 가족.",16000,14000,16000,4.89,1077.0,4,user_input,Y,Y,0.633,0.633
female,25,1040000.0,취업준비생,미혼,진보적,204000.0,중저가,전자기기,LG,9,7,19,Y,5,1.0,3.0,0.0,0.0,0.0,0.12745098039215685,0.07936507936507936,0.2,0.5262500000000001,1.0,0.37,47000,소장,"희소성, 감성",오뚜기,LG 전자기기 1523,"LG 전자기기 ??. ?? ??: 성능, 배터리, 휴대성, 업무, 공부, 게임, 콘텐츠.",204000,189000,178000,4.61,,3,naver_api,Y,N,0.884,0.884
male,65,3620000.0,은퇴자,기혼,진보적,66000.0,저가,가구,이케아,41,2,15,N,1,0.0,0.2088607594936709,1.0,0.0,1.0,0.36363636363636365,0.3469387755102041,0.2,0.6725,1.0,0.87,316000,이사,"희소성, 감성",이케아,이케아 가구 1524,"이케아 가구 ??. ?? ??: 내구성, 크기, 디자인, 이사, 인테리어, 생활.",66000,49000,42000,3.78,2279.0,4,crawler,Y,Y,0.412,0.412
female,21,700000.0,학생,미혼,진보적,5625000.0,초고가,전자기기,소니,34,60,22,Y,60,1.0,3.0,1.0,0.9375,1.0,0.14293333333333333,0.37732615083251714,0.2,0.6087382839616955,1.0,0.87,67000,게임,"성능, 배터리",소니,소니 전자기기 1525,"소니 전자기기 ??. ?? ??: 성능, 배터리, 휴대성, 업무, 공부, 게임, 콘텐츠.",5625000,4084000,4821000,3.57,354.0,2,crawler,Y,Y,0.46,0.46
female,60,10180000.0,전문직,미혼,진보적,28000.0,초저가,화장품,설화수,42,3,17,N,2,0.0,0.055666003976143144,0.0,0.0,1.0,0.0,0.12,0.2,0.64375,1.0,0.019999999999999976,503000,소장,"희소성, 감성",설화수,설화수 화장품 1526,"설화수 화장품 ??. ?? ??: 성분, 가격, 후기, 피부관리, 선물, 데일리.",28000,25000,30000,3.55,2496.0,4,manual,Y,Y,0.582,0.582
female,29,820000.0,학생,미혼,진보적,27000.0,초저가,식품,CJ,44,5,14,N,1,0.0,0.28421052631578947,1.0,0.9,0.0,0.14814814814814814,0.22727272727272727,0.2,0.6375,1.0,1.0,95000,식사,"가격, 신선도",루이비통,CJ 식품 1527,"CJ 식품 ??. ?? ??: 가격, 신선도, 배송, 생활, 식사, 가족.",27000,22000,23000,,2384.0,3,image_estimate,N,Y,0.311,0.311
male,73,3020000.0,은퇴자,미혼,진보적,322000.0,중저가,전자기기,레노버,53,4,3,N,5,1.0,2.9272727272727272,0.0,0.0,1.0,0.034161490683229816,0.3472803347280335,0.2,0.70625,1.0,0.37,110000,유행,"희소성, 감성",레노버,레노버 전자기기 1528,"레노버 전자기기 ??. ?? ??: 성능, 배터리, 휴대성, 업무, 공부, 게임, 콘텐츠.",322000,239000,311000,4.05,3838.0,3,naver_api,Y,Y,0.788,0.788
male,25,820000.0,취업준비생,미혼,보수적,57000.0,저가,건강관리,센트룸,55,6,19,N,1,1.0,2.1923076923076925,1.0,0.0,0.0,0.2807017543859649,0.03636363636363636,0.2,0.7637499999999999,1.0,0.95,26000,건강,"희소성, 감성",소니,센트룸 건강관리 1529,"센트룸 건강관리 ??. ?? ??: 성분, 후기, 안전성, 건강, 부모님, 회복.",57000,55000,41000,4.51,2906.0,1,manual,Y,Y,0.664,0.664
female,47,3340000.0,사무직,기혼,보수적,199000.0,중저가,패션,COS,41,2,14,N,3,0.0,0.5422343324250681,0.0,0.0,1.0,0.35175879396984927,0.3724137931034483,0.0,0.6825,1.0,0.09999999999999998,367000,휴식,"희소성, 감성",COS,COS 패션 1530,"COS 패션 ??. ?? ??: 디자인, 착용감, 브랜드, 출근, 데이트, 여행.",199000,145000,129000,3.86,3509.0,0,crawler,Y,Y,0.59,0.59
female,53,5050000.0,프리랜서,미혼,보수적,403000.0,중저가,화장품,설화수,38,1,9,N,1,0.0,0.8502109704641351,1.0,0.9,1.0,0.23821339950372208,0.20658682634730538,0.2,0.6375,1.0,0.52,474000,피부관리,"성분, 가격",설화수,설화수 화장품 1531,"설화수 화장품 ??. ?? ??: 성분, 가격, 후기, 피부관리, 선물, 데일리.",403000,334000,307000,,1465.0,1,user_input,N,Y,0.268,0.268
male,29,4820000.0,프리랜서,기혼,보수적,911000.0,고가,전자기기,레노버,46,4,10,Y,5,0.0,0.8602455146364495,1.0,0.0,1.0,0.3380900109769484,0.37613293051359514,0.2,0.6275,1.0,0.87,1059000,공부,"희소성, 감성",레노버,레노버 전자기기 1532,"레노버 전자기기 ??. ?? ??: 성능, 배터리, 휴대성, 업무, 공부, 게임, 콘텐츠.",911000,662000,603000,3.42,1893.0,1,image_estimate,Y,Y,0.425,0.425
female,41,6730000.0,자영업,기혼,보수적,28000.0,초저가,화장품,설화수,50,3,11,N,4,0.0,0.051001821493624776,0.0,0.9,0.0,0.21428571428571427,0.12,0.2,0.7675000000000001,1.0,0.019999999999999976,549000,휴식,"성분, 가격",ZARA,설화수 화장품 1533,"설화수 화장품 ??. ?? ??: 성분, 가격, 후기, 피부관리, 선물, 데일리.",28000,25000,22000,4.54,1000.0,3,naver_api,Y,Y,0.495,0.495
male,32,6620000.0,자영업,미혼,진보적,236000.0,중저가,가구,리바트,47,5,3,N,1,0.0,0.8973384030418251,0.0,0.0,0.0,0.17372881355932204,0.22279792746113988,0.2,0.6375,1.0,0.37,263000,생활,"희소성, 감성",소니,리바트 가구 1534,"리바트 가구 ??. ?? ??: 내구성, 크기, 디자인, 이사, 인테리어, 생활.",236000,193000,195000,,1915.0,2,naver_api,N,Y,0.654,0.654
male,65,5810000.0,자영업,미혼,진보적,1894000.0,고가,건강관리,정관장,16,7,19,Y,5,1.0,3.0,0.0,0.0,1.0,0.0,0.06704225352112676,0.2,0.49874999999999997,1.0,0.44999999999999996,236000,선물,"희소성, 감성",정관장,정관장 건강관리 1535,"정관장 건강관리 ??. ?? ??: 성분, 후기, 안전성, 건강, 부모님, 회복.",1894000,1775000,1896000,4.39,,1,crawler,Y,N,0.769,0.769
male,36,4060000.0,자영업,미혼,보수적,1112000.0,고가,가구,이케아,46,7,17,Y,5,1.0,3.0,1.0,0.6666666666666666,0.0,0.12320143884892086,0.21264994547437296,0.0,0.62375,1.0,0.87,175000,이사,"내구성, 크기",동원,이케아 가구 1536,"이케아 가구 ??. ?? ??: 내구성, 크기, 디자인, 이사, 인테리어, 생활.",1112000,917000,975000,3.39,2819.0,0,image_estimate,Y,Y,0.537,0.537
female,30,7360000.0,자영업,기혼,진보적,1048000.0,고가,명품,루이비통,41,2,3,Y,2,0.4907539118065434,1.4907539118065434,1.0,0.6666666666666666,1.0,0.2729007633587786,0.37894736842105264,0.2,0.6375,1.0,0.52,703000,보상,"브랜드, 희소성",루이비통,루이비통 명품 1537,"루이비통 명품 ??. ?? ??: 브랜드, 희소성, 디자인, 선물, 보상, 소장.",1048000,760000,762000,,1263.0,3,user_input,N,Y,0.44,0.44
male,43,5570000.0,프리랜서,기혼,진보적,591000.0,고가,패션,ZARA,2,5,3,Y,5,0.0,0.558601134215501,0.0,0.6666666666666666,1.0,0.0829103214890017,0.27370689655172414,0.2,0.5387500000000001,1.0,0.09999999999999998,1058000,휴식,"디자인, 착용감",ZARA,ZARA 패션 1538,"ZARA 패션 ??. ?? ??: 디자인, 착용감, 브랜드, 출근, 데이트, 여행.",591000,464000,542000,4.71,,3,image_estimate,Y,N,0.511,0.511
female,44,10130000.0,전문직,미혼,보수적,8000.0,초저가,식품,동원,57,2,15,N,0,0.0,0.006578947368421052,1.0,0.0,1.0,0.0,0.3333333333333333,0.2,0.74875,1.0,1.0,1216000,식사,"희소성, 감성",동원,동원 식품 1539,"동원 식품 ??. ?? ??: 가격, 신선도, 배송, 생활, 식사, 가족.",8000,6000,8000,4.39,3661.0,4,manual,Y,Y,0.336,0.336
male,54,4640000.0,자영업,기혼,보수적,1301000.0,고가,건강관리,센트룸,48,8,20,Y,2,0.8019390581717452,1.8019390581717452,0.0,0.6666666666666666,0.0,0.21368178324365872,0.06030969845150774,0.2,0.72875,1.0,0.44999999999999996,722000,소장,"성분, 후기",동원,센트룸 건강관리 1540,"센트룸 건강관리 ??. ?? ??: 성분, 후기, 안전성, 건강, 부모님, 회복.",1301000,1227000,1023000,4.23,1924.0,2,crawler,Y,Y,0.714,0.714
male,23,780000.0,취업준비생,미혼,보수적,116000.0,중저가,교육,패스트캠퍼스,14,7,22,N,2,1.0,2.2745098039215685,1.0,0.9,1.0,0.05172413793103448,0.04504504504504504,0.0,0.52,1.0,1.0,51000,공부,"강의품질, 가격",패스트캠퍼스,패스트캠퍼스 교육 1541,"패스트캠퍼스 교육 ??. ?? ??: 강의품질, 가격, 커리큘럼, 공부, 취업, 자기계발.",116000,111000,110000,4.56,,0,naver_api,Y,N,0.42,0.42
male,57,6480000.0,자영업,미혼,진보적,24000.0,초저가,화장품,라네즈,8,3,12,N,1,0.0,0.03498542274052478,1.0,0.0,1.0,0.20833333333333334,0.043478260869565216,0.2,0.1875,0.75,0.52,686000,피부관리,"희소성, 감성",라네즈,라네즈 화장품 1542,"라네즈 화장품 ??. ?? ??: 성분, 가격, 후기, 피부관리, 선물, 데일리.",24000,23000,19000,,,3,manual,N,N,0.402,0.402
male,22,760000.0,취업준비생,미혼,보수적,164000.0,중저가,건강관리,정관장,49,2,20,Y,3,0.18840579710144922,1.1884057971014492,0.0,0.6666666666666666,0.0,0.3048780487804878,0.30158730158730157,0.0,0.68875,1.0,0.44999999999999996,138000,회복,"성분, 후기",대한항공,정관장 건강관리 1543,"정관장 건강관리 ??. ?? ??: 성분, 후기, 안전성, 건강, 부모님, 회복.",164000,126000,114000,3.91,3574.0,0,image_estimate,Y,Y,0.601,0.601
female,33,7310000.0,전문직,기혼,진보적,212000.0,중저가,교육,패스트캠퍼스,41,5,13,N,1,0.0,0.6253687315634219,0.0,0.9,1.0,0.02358490566037736,0.1712707182320442,0.0,0.68875,1.0,0.57,339000,자기계발,"강의품질, 가격",패스트캠퍼스,패스트캠퍼스 교육 1544,"패스트캠퍼스 교육 ??. ?? ??: 강의품질, 가격, 커리큘럼, 공부, 취업, 자기계발.",212000,181000,207000,3.91,1725.0,0,crawler,Y,Y,0.399,0.399
male,34,4700000.0,공무원,기혼,진보적,53000.0,저가,생활용품,유한킴벌리,2,5,16,N,2,0.0,0.17041800643086816,0.0,0.0,0.0,0.0,0.23255813953488372,0.2,0.4325,1.0,0.57,311000,소장,"희소성, 감성",애플,유한킴벌리 생활용품 1545,"유한킴벌리 생활용품 ??. ?? ??: 가격, 내구성, 용량, 생활, 청소, 가정.",53000,43000,55000,3.86,,4,image_estimate,Y,N,0.618,0.618
female,20,530000.0,학생,미혼,보수적,5000.0,초저가,식품,CJ,38,4,19,N,2,0.0,0.05263157894736842,0.0,0.9,0.0,0.4,0.25,0.0,0.7862500000000001,1.0,0.57,95000,유행,"가격, 신선도",한샘,CJ 식품 1546,"CJ 식품 ??. ?? ??: 가격, 신선도, 배송, 생활, 식사, 가족.",5000,4000,3000,4.69,1153.0,0,naver_api,Y,Y,0.516,0.516
female,39,4090000.0,사무직,기혼,보수적,71000.0,저가,건강관리,센트룸,47,5,1,N,4,0.0,0.0997191011235955,0.0,0.6666666666666666,1.0,0.352112676056338,0.22413793103448276,0.0,0.8125,1.0,0.44999999999999996,712000,회복,"성분, 후기",센트룸,센트룸 건강관리 1547,"센트룸 건강관리 ??. ?? ??: 성분, 후기, 안전성, 건강, 부모님, 회복.",71000,58000,46000,4.9,3829.0,0,manual,Y,Y,0.477,0.477
female,44,3250000.0,사무직,미혼,진보적,355000.0,중저가,건강관리,종근당,12,4,20,N,4,0.0,0.7700650759219089,1.0,0.6666666666666666,1.0,0.16901408450704225,0.023054755043227664,0.2,0.51125,1.0,0.95,461000,부모님,"성분, 후기",종근당,종근당 건강관리 1548,"종근당 건강관리 ??. ?? ??: 성분, 후기, 안전성, 건강, 부모님, 회복.",355000,347000,295000,4.49,,3,user_input,Y,N,0.268,0.268
male,27,4950000.0,사무직,미혼,보수적,545000.0,고가,건강관리,정관장,38,2,10,Y,3,0.0,0.5332681017612525,0.0,0.0,1.0,0.20917431192660552,0.25287356321839083,0.2,0.7305294111468562,1.0,0.44999999999999996,1022000,소장,"희소성, 감성",정관장,정관장 건강관리 1549,"정관장 건강관리 ??. ?? ??: 성분, 후기, 안전성, 건강, 부모님, 회복.",545000,435000,431000,4.39,604.0,1,image_estimate,Y,Y,0.559,0.559
male,59,8140000.0,전문직,미혼,진보적,436000.0,중저가,명품,루이비통,48,2,17,N,2,0.0,0.7870036101083032,0.0,0.3333333333333333,0.0,0.1651376146788991,0.11508951406649616,0.2,0.61375,1.0,0.019999999999999976,554000,소장,"희소성, 감성",COS,루이비통 명품 1550,"루이비통 명품 ??. ?? ??: 브랜드, 희소성, 디자인, 선물, 보상, 소장.",436000,391000,364000,3.31,2357.0,1,naver_api,Y,Y,0.626,0.626
male,20,510000.0,학생,미혼,진보적,290000.0,중저가,여행,마이리얼트립,14,8,12,Y,7,1.0,2.9292929292929295,0.0,0.9,0.0,0.3793103448275862,0.03942652329749104,0.2,0.5249999999999999,1.0,0.09999999999999998,99000,소장,"가격, 일정",소니,마이리얼트립 여행 1551,"마이리얼트립 여행 ??. ?? ??: 가격, 일정, 숙소, 휴식, 가족, 기념일.",290000,279000,180000,4.6,,1,naver_api,Y,N,0.795,0.795
male,46,4580000.0,공무원,기혼,보수적,37000.0,저가,생활용품,3M,9,1,14,N,2,0.0,0.17209302325581396,0.0,0.0,1.0,0.0,0.27586206896551724,0.0,0.5325,1.0,0.57,215000,소장,"희소성, 감성",3M,3M 생활용품 1552,"3M 생활용품 ??. ?? ??: 가격, 내구성, 용량, 생활, 청소, 가정.",37000,29000,37000,4.66,,0,crawler,Y,N,0.545,0.545
female,69,2300000.0,은퇴자,기혼,보수적,71000.0,저가,화장품,이니스프리,48,3,10,N,3,0.0,0.3317757009345794,0.0,0.9,0.0,0.0,0.26785714285714285,0.0,0.8125,1.0,0.019999999999999976,214000,데일리,"성분, 가격",프라다,이니스프리 화장품 1553,"이니스프리 화장품 ??. ?? ??: 성분, 가격, 후기, 피부관리, 선물, 데일리.",71000,56000,71000,4.9,3988.0,0,crawler,Y,Y,0.464,0.464
female,32,7270000.0,대기업직원,기혼,보수적,18000.0,초저가,생활용품,3M,7,4,22,N,4,0.0,0.03035413153456998,0.0,0.0,1.0,0.0,0.38461538461538464,0.2,0.5349999999999999,1.0,0.57,593000,가정,"희소성, 감성",3M,3M 생활용품 1554,"3M 생활용품 ??. ?? ??: 가격, 내구성, 용량, 생활, 청소, 가정.",18000,13000,18000,4.68,,2,naver_api,Y,N,0.553,0.553
male,42,8770000.0,전문직,기혼,보수적,53000.0,저가,패션,ZARA,54,4,18,N,3,0.0,0.05856353591160221,1.0,0.6666666666666666,0.0,0.33962264150943394,0.20454545454545456,0.2,0.78375,1.0,0.6,905000,출근,"디자인, 착용감",클래스101,ZARA 패션 1555,"ZARA 패션 ??. ?? ??: 디자인, 착용감, 브랜드, 출근, 데이트, 여행.",53000,44000,35000,4.67,2122.0,2,user_input,Y,Y,0.404,0.404
male,46,5400000.0,프리랜서,기혼,진보적,36000.0,저가,건강관리,종근당,54,3,10,N,0,0.0,0.04186046511627907,0.0,0.6666666666666666,1.0,0.16666666666666666,0.2857142857142857,0.2,0.78,1.0,0.44999999999999996,860000,유행,"성분, 후기",종근당,종근당 건강관리 1556,"종근당 건강관리 ??. ?? ??: 성분, 후기, 안전성, 건강, 부모님, 회복.",36000,28000,30000,4.64,1954.0,4,naver_api,Y,Y,0.466,0.466
female,65,2300000.0,은퇴자,미혼,보수적,889000.0,고가,여행,하나투어,26,10,20,Y,6,1.0,3.0,0.0,0.9,0.0,0.33183352080989875,0.08812729498164015,0.0,0.5683289783538759,1.0,0.09999999999999998,181000,유행,"가격, 일정",LG,하나투어 여행 1557,"하나투어 여행 ??. ?? ??: 가격, 일정, 숙소, 휴식, 가족, 기념일.",889000,817000,594000,,147.0,0,manual,N,Y,0.766,0.766
female,32,1270000.0,취업준비생,기혼,보수적,62000.0,저가,교육,패스트캠퍼스,14,6,20,N,4,0.0,0.43661971830985913,1.0,0.9,1.0,0.0967741935483871,0.24,0.0,0.1875,0.75,1.0,142000,취업,"강의품질, 가격",패스트캠퍼스,패스트캠퍼스 교육 1558,"패스트캠퍼스 교육 ??. ?? ??: 강의품질, 가격, 커리큘럼, 공부, 취업, 자기계발.",62000,50000,56000,,,0,naver_api,N,N,0.229,0.229
female,27,3830000.0,프리랜서,미혼,보수적,69000.0,저가,건강관리,정관장,3,3,1,N,3,0.0,0.15681818181818183,0.0,0.6666666666666666,0.0,0.2608695652173913,0.21052631578947367,0.2,0.5587500000000001,1.0,0.44999999999999996,440000,선물,"성분, 후기",하나투어,정관장 건강관리 1559,"정관장 건강관리 ??. ?? ??: 성분, 후기, 안전성, 건강, 부모님, 회복.",69000,57000,51000,4.87,,3,manual,Y,N,0.586,0.586
male,26,5230000.0,대기업직원,기혼,보수적,964000.0,고가,여행,하나투어,43,2,16,Y,3,0.6228956228956228,1.6228956228956228,0.0,0.9,0.0,0.0,0.2991913746630728,0.2,0.72125,1.0,0.09999999999999998,594000,유행,"가격, 일정",정관장,하나투어 여행 1560,"하나투어 여행 ??. ?? ??: 가격, 일정, 숙소, 휴식, 가족, 기념일.",964000,742000,1018000,4.17,3675.0,2,user_input,Y,Y,0.636,0.636
female,33,1130000.0,취업준비생,기혼,진보적,12000.0,초저가,식품,오뚜기,13,2,14,N,2,0.0,0.07947019867549669,0.0,0.9,1.0,0.16666666666666666,0.09090909090909091,0.2,0.46875000000000006,1.0,0.57,151000,선물,"가격, 신선도",오뚜기,오뚜기 식품 1561,"오뚜기 식품 ??. ?? ??: 가격, 신선도, 배송, 생활, 식사, 가족.",12000,11000,10000,4.15,,4,manual,Y,N,0.423,0.423
male,28,920000.0,학생,기혼,진보적,20000.0,초저가,식품,동원,51,1,16,N,2,0.0,0.11299435028248588,0.0,0.0,0.0,0.15,0.17647058823529413,0.2,0.6737500000000001,1.0,0.57,177000,가족,"희소성, 감성",하나투어,동원 식품 1562,"동원 식품 ??. ?? ??: 가격, 신선도, 배송, 생활, 식사, 가족.",20000,17000,17000,3.79,2636.0,2,crawler,Y,Y,0.617,0.617
female,30,4430000.0,프리랜서,미혼,진보적,65000.0,저가,생활용품,다이소,35,0,0,N,0,0.0,0.30952380952380953,1.0,0.9,0.0,0.3076923076923077,0.1206896551724138,0.2,0.6322598880352601,1.0,1.0,210000,청소,"가격, 내구성",애플,다이소 생활용품 1563,"다이소 생활용품 ??. ?? ??: 가격, 내구성, 용량, 생활, 청소, 가정.",65000,58000,45000,3.48,927.0,2,manual,Y,Y,0.312,0.312
male,43,4970000.0,자영업,기혼,진보적,19000.0,초저가,생활용품,유한킴벌리,42,5,10,N,2,0.0,0.028744326777609682,1.0,0.0,0.0,0.05263157894736842,0.35714285714285715,0.2,0.71625,1.0,1.0,661000,생활,"희소성, 감성",라네즈,유한킴벌리 생활용품 1564,"유한킴벌리 생활용품 ??. ?? ??: 가격, 내구성, 용량, 생활, 청소, 가정.",19000,14000,18000,4.13,2829.0,4,naver_api,Y,Y,0.411,0.411
female,34,3720000.0,사무직,기혼,보수적,23000.0,초저가,화장품,설화수,52,1,15,N,1,0.0,0.06233062330623306,0.0,0.9,1.0,0.13043478260869565,0.21052631578947367,0.2,0.7649999999999999,1.0,0.019999999999999976,369000,소장,"성분, 가격",설화수,설화수 화장품 1565,"설화수 화장품 ??. ?? ??: 성분, 가격, 후기, 피부관리, 선물, 데일리.",23000,19000,20000,4.52,2835.0,1,crawler,Y,Y,0.445,0.445
male,28,1200000.0,취업준비생,미혼,진보적,13000.0,초저가,화장품,라네즈,42,0,12,N,2,0.0,0.055793991416309016,1.0,0.0,1.0,0.3076923076923077,0.3,0.2,0.7124999999999999,1.0,0.52,233000,피부관리,"희소성, 감성",라네즈,라네즈 화장품 1566,"라네즈 화장품 ??. ?? ??: 성분, 가격, 후기, 피부관리, 선물, 데일리.",13000,10000,9000,4.1,2072.0,3,crawler,Y,Y,0.426,0.426
male,30,8710000.0,전문직,기혼,진보적,547000.0,고가,전자기기,소니,16,5,21,Y,1,0.0,0.5581632653061225,0.0,0.0,0.0,0.03290676416819013,0.17381974248927037,0.2,0.1875,0.75,0.37,980000,콘텐츠,"희소성, 감성",애플,소니 전자기기 1567,"소니 전자기기 ??. ?? ??: 성능, 배터리, 휴대성, 업무, 공부, 게임, 콘텐츠.",547000,466000,529000,,,2,crawler,N,N,0.695,0.695
male,35,5620000.0,사무직,기혼,진보적,237000.0,중저가,가구,한샘,15,1,17,N,4,0.0,0.5910224438902744,0.0,0.6666666666666666,0.0,0.0,0.09722222222222222,0.2,0.46875000000000006,1.0,0.37,401000,휴식,"내구성, 크기",CJ,한샘 가구 1568,"한샘 가구 ??. ?? ??: 내구성, 크기, 디자인, 이사, 인테리어, 생활.",237000,216000,245000,4.15,,3,crawler,Y,N,0.555,0.555
male,34,7420000.0,전문직,미혼,진보적,945000.0,고가,명품,루이비통,50,1,10,Y,2,1.0,3.0,1.0,0.3333333333333333,1.0,0.06772486772486773,0.3876651982378855,0.0,0.6375,1.0,0.52,264000,보상,"희소성, 감성",루이비통,루이비통 명품 1569,"루이비통 명품 ??. ?? ??: 브랜드, 희소성, 디자인, 선물, 보상, 소장.",945000,681000,881000,,2018.0,0,manual,N,Y,0.568,0.568
female,35,5420000.0,사무직,기혼,보수적,40000.0,저가,화장품,설화수,40,0,9,N,1,0.0,0.03813155386081983,1.0,0.0,0.0,0.275,0.1111111111111111,0.2,0.748451242304863,1.0,0.52,1049000,피부관리,"희소성, 감성",소니,설화수 화장품 1570,"설화수 화장품 ??. ?? ??: 성분, 가격, 후기, 피부관리, 선물, 데일리.",40000,36000,29000,4.58,514.0,3,naver_api,Y,Y,0.484,0.484
female,42,2870000.0,주부,기혼,진보적,229000.0,중저가,화장품,라네즈,49,6,12,N,5,0.0,0.7363344051446945,0.0,0.9,0.0,0.0,0.13366336633663367,0.2,0.6375,1.0,0.019999999999999976,311000,데일리,"성분, 가격",메가스터디,라네즈 화장품 1571,"라네즈 화장품 ??. ?? ??: 성분, 가격, 후기, 피부관리, 선물, 데일리.",229000,202000,233000,,1230.0,4,manual,N,Y,0.502,0.502
male,22,1250000.0,취업준비생,미혼,보수적,491000.0,중저가,명품,프라다,4,5,12,Y,3,1.0,3.0,0.0,0.3333333333333333,0.0,0.34012219959266804,0.12100456621004566,0.0,0.44875000000000004,1.0,0.019999999999999976,41000,소장,"희소성, 감성",설화수,프라다 명품 1572,"프라다 명품 ??. ?? ??: 브랜드, 희소성, 디자인, 선물, 보상, 소장.",491000,438000,324000,3.99,,0,crawler,Y,N,0.89,0.89
female,28,1210000.0,취업준비생,미혼,진보적,370000.0,중저가,여행,하나투어,44,3,20,Y,3,1.0,2.5517241379310347,0.0,0.0,0.0,0.34594594594594597,0.22112211221122113,0.2,0.7749999999999999,1.0,0.09999999999999998,145000,기념일,"희소성, 감성",이니스프리,하나투어 여행 1573,"하나투어 여행 ??. ?? ??: 가격, 일정, 숙소, 휴식, 가족, 기념일.",370000,303000,242000,4.6,3960.0,1,crawler,Y,Y,0.899,0.899
female,39,4160000.0,공무원,미혼,진보적,371000.0,중저가,여행,마이리얼트립,15,6,18,N,5,0.0,0.8548387096774194,0.0,0.9,1.0,0.0,0.24496644295302014,0.2,0.4325,1.0,0.09999999999999998,434000,기념일,"가격, 일정",마이리얼트립,마이리얼트립 여행 1574,"마이리얼트립 여행 ??. ?? ??: 가격, 일정, 숙소, 휴식, 가족, 기념일.",371000,298000,389000,3.86,,2,user_input,Y,N,0.426,0.426
female,30,4670000.0,공무원,미혼,보수적,457000.0,중저가,교육,메가스터디,54,2,14,N,1,0.0,0.8622641509433963,0.0,0.9,1.0,0.24726477024070023,0.10120481927710843,0.2,0.7475,1.0,0.57,530000,휴식,"강의품질, 가격",메가스터디,메가스터디 교육 1575,"메가스터디 교육 ??. ?? ??: 강의품질, 가격, 커리큘럼, 공부, 취업, 자기계발.",457000,415000,344000,4.38,2426.0,1,manual,Y,Y,0.422,0.422
male,25,4640000.0,공무원,미혼,진보적,455000.0,중저가,건강관리,정관장,16,6,9,N,0,0.3265306122448979,1.3265306122448979,0.0,0.0,0.0,0.0,0.315028901734104,0.2,0.5625,1.0,0.44999999999999996,343000,선물,"희소성, 감성",마이리얼트립,정관장 건강관리 1576,"정관장 건강관리 ??. ?? ??: 성분, 후기, 안전성, 건강, 부모님, 회복.",455000,346000,487000,4.9,,2,user_input,Y,N,0.699,0.699
male,41,7520000.0,전문직,기혼,보수적,411000.0,중저가,패션,COS,42,3,0,N,1,0.0,0.9256756756756757,1.0,0.6666666666666666,0.0,0.12895377128953772,0.10483870967741936,0.2,0.6237830683736418,1.0,0.6,444000,출근,"디자인, 착용감",이케아,COS 패션 1577,"COS 패션 ??. ?? ??: 디자인, 착용감, 브랜드, 출근, 데이트, 여행.",411000,372000,358000,3.47,759.0,3,manual,Y,Y,0.347,0.347
male,23,790000.0,취업준비생,미혼,보수적,936000.0,고가,전자기기,소니,36,16,17,Y,11,1.0,3.0,1.0,0.9375,1.0,0.2831196581196581,0.19540229885057472,0.0,0.6446516746208264,1.0,0.87,52000,공부,"성능, 배터리",소니,소니 전자기기 1578,"소니 전자기기 ??. ?? ??: 성능, 배터리, 휴대성, 업무, 공부, 게임, 콘텐츠.",936000,783000,671000,3.67,677.0,0,image_estimate,Y,Y,0.44,0.44
male,46,7570000.0,전문직,미혼,진보적,128000.0,중저가,패션,ZARA,38,1,19,N,4,0.0,0.15861214374225527,0.0,0.6666666666666666,1.0,0.0,0.14285714285714285,0.2,0.7141578855798283,1.0,0.09999999999999998,807000,선물,"디자인, 착용감",ZARA,ZARA 패션 1579,"ZARA 패션 ??. ?? ??: 디자인, 착용감, 브랜드, 출근, 데이트, 여행.",128000,112000,138000,4.48,281.0,1,user_input,Y,Y,0.444,0.444
male,21,670000.0,학생,미혼,진보적,12000.0,초저가,생활용품,다이소,7,1,13,N,3,0.0,0.34285714285714286,0.0,0.9,1.0,0.08333333333333333,0.3333333333333333,0.2,0.1875,0.75,0.57,35000,유행,"가격, 내구성",다이소,다이소 생활용품 1580,"다이소 생활용품 ??. ?? ??: 가격, 내구성, 용량, 생활, 청소, 가정.",12000,9000,11000,,,4,user_input,N,N,0.434,0.434
male,75,3320000.0,은퇴자,기혼,보수적,1165000.0,고가,교육,패스트캠퍼스,54,6,1,Y,3,0.9416666666666667,1.9416666666666667,0.0,0.0,0.0,0.19742489270386265,0.16151545363908276,0.2,0.60375,1.0,0.57,600000,자기계발,"희소성, 감성",메가스터디,패스트캠퍼스 교육 1581,"패스트캠퍼스 교육 ??. ?? ??: 강의품질, 가격, 커리큘럼, 공부, 취업, 자기계발.",1165000,1003000,935000,3.23,3886.0,1,crawler,Y,Y,0.87,0.87
male,47,6650000.0,자영업,기혼,보수적,538000.0,고가,가구,한샘,39,2,21,Y,3,0.31540342298288504,1.315403422982885,1.0,0.0,1.0,0.3736059479553903,0.1772428884026258,0.2,0.685,1.0,0.87,409000,이사,"희소성, 감성",한샘,한샘 가구 1582,"한샘 가구 ??. ?? ??: 내구성, 크기, 디자인, 이사, 인테리어, 생활.",538000,457000,337000,3.88,2153.0,2,crawler,Y,Y,0.47,0.47
male,51,4710000.0,사무직,기혼,진보적,108000.0,중저가,생활용품,3M,42,3,14,N,1,0.0,0.47577092511013214,1.0,0.9,0.0,0.1388888888888889,0.21348314606741572,0.0,0.63375,1.0,1.0,227000,생활,"가격, 내구성",종근당,3M 생활용품 1583,"3M 생활용품 ??. ?? ??: 가격, 내구성, 용량, 생활, 청소, 가정.",108000,89000,93000,3.47,3965.0,0,manual,Y,Y,0.298,0.298
male,27,720000.0,학생,미혼,진보적,48000.0,저가,교육,패스트캠퍼스,9,6,15,N,3,0.4545454545454546,1.4545454545454546,0.0,0.0,0.0,0.0,0.11627906976744186,0.2,0.54,1.0,0.57,33000,휴식,"희소성, 감성",라네즈,패스트캠퍼스 교육 1584,"패스트캠퍼스 교육 ??. ?? ??: 강의품질, 가격, 커리큘럼, 공부, 취업, 자기계발.",48000,43000,48000,4.72,,2,naver_api,Y,N,0.701,0.701
male,34,4790000.0,공무원,미혼,보수적,26000.0,초저가,화장품,라네즈,2,0,11,N,0,0.0,0.07262569832402235,0.0,0.9,1.0,0.0,0.13043478260869565,0.2,0.1875,0.75,0.019999999999999976,358000,유행,"성분, 가격",라네즈,라네즈 화장품 1585,"라네즈 화장품 ??. ?? ??: 성분, 가격, 후기, 피부관리, 선물, 데일리.",26000,23000,27000,,,2,image_estimate,N,N,0.44,0.44
male,42,6480000.0,전문직,기혼,보수적,343000.0,중저가,패션,나이키,47,1,19,N,5,0.0,0.3356164383561644,1.0,0.6666666666666666,0.0,0.09329446064139942,0.03003003003003003,0.2,0.6375,1.0,0.6,1022000,데이트,"디자인, 착용감",센트룸,나이키 패션 1586,"나이키 패션 ??. ?? ??: 디자인, 착용감, 브랜드, 출근, 데이트, 여행.",343000,333000,311000,,1494.0,3,naver_api,N,Y,0.326,0.326
male,56,8720000.0,전문직,기혼,진보적,402000.0,중저가,전자기기,삼성,10,2,18,N,0,0.0,0.6156202143950995,0.0,0.9375,0.0,0.2835820895522388,0.17543859649122806,0.0,0.1875,0.75,0.37,653000,휴식,"성능, 배터리",레노버,삼성 전자기기 1587,"삼성 전자기기 ??. ?? ??: 성능, 배터리, 휴대성, 업무, 공부, 게임, 콘텐츠.",402000,342000,288000,,,0,crawler,N,N,0.527,0.527
female,59,3280000.0,은퇴자,기혼,보수적,1245000.0,고가,명품,샤넬,49,7,19,Y,7,1.0,3.0,1.0,0.6666666666666666,0.0,0.236144578313253,0.13284804367606914,0.0,0.70625,1.0,0.52,171000,선물,"브랜드, 희소성",프라다,샤넬 명품 1588,"샤넬 명품 ??. ?? ??: 브랜드, 희소성, 디자인, 선물, 보상, 소장.",1245000,1099000,951000,4.05,1730.0,0,naver_api,Y,Y,0.591,0.591
male,30,6000000.0,대기업직원,미혼,보수적,113000.0,중저가,가구,이케아,44,3,12,N,2,0.0,0.11783107403545359,0.0,0.6666666666666666,1.0,0.18584070796460178,0.18947368421052632,0.0,0.7086672653203827,1.0,0.37,959000,선물,"내구성, 크기",이케아,이케아 가구 1589,"이케아 가구 ??. ?? ??: 내구성, 크기, 디자인, 이사, 인테리어, 생활.",113000,95000,92000,4.17,706.0,0,image_estimate,Y,Y,0.464,0.464
male,31,5350000.0,프리랜서,기혼,보수적,47000.0,저가,화장품,라네즈,52,0,14,N,1,0.0,0.16845878136200718,1.0,0.9,0.0,0.1276595744680851,0.14634146341463414,0.2,0.615,1.0,0.52,279000,선물,"성분, 가격",리바트,라네즈 화장품 1590,"라네즈 화장품 ??. ?? ??: 성분, 가격, 후기, 피부관리, 선물, 데일리.",47000,41000,41000,3.32,2975.0,2,crawler,Y,Y,0.33,0.33
male,49,4450000.0,자영업,미혼,보수적,781000.0,고가,전자기기,소니,50,7,11,Y,2,1.0,2.96958174904943,0.0,0.9375,0.0,0.2586427656850192,0.03580901856763926,0.2,0.71,1.0,0.37,263000,콘텐츠,"성능, 배터리",LG,소니 전자기기 1591,"소니 전자기기 ??. ?? ??: 성능, 배터리, 휴대성, 업무, 공부, 게임, 콘텐츠.",781000,754000,579000,4.08,1739.0,1,user_input,Y,Y,0.742,0.742
male,71,2230000.0,은퇴자,미혼,보수적,2003000.0,초고가,명품,프라다,51,12,16,Y,11,1.0,3.0,1.0,0.6666666666666666,1.0,0.13879181228157764,0.31516743269862113,0.0,0.6375,1.0,0.52,350000,보상,"브랜드, 희소성",프라다,프라다 명품 1592,"프라다 명품 ??. ?? ??: 브랜드, 희소성, 디자인, 선물, 보상, 소장.",2003000,1523000,1725000,,3139.0,0,crawler,N,Y,0.513,0.513
male,28,3560000.0,프리랜서,기혼,보수적,38000.0,저가,패션,아디다스,4,5,21,N,3,0.0,0.20430107526881722,1.0,0.0,1.0,0.0,0.08571428571428572,0.0,0.445,1.0,0.6,186000,데이트,"희소성, 감성",아디다스,아디다스 패션 1593,"아디다스 패션 ??. ?? ??: 디자인, 착용감, 브랜드, 출근, 데이트, 여행.",38000,35000,40000,3.96,,0,crawler,Y,N,0.343,0.343
male,43,5820000.0,대기업직원,미혼,진보적,173000.0,중저가,교육,클래스101,11,2,1,N,3,0.0,0.14133986928104575,0.0,0.0,0.0,0.15606936416184972,0.2357142857142857,0.2,0.1875,0.75,0.57,1224000,자기계발,"희소성, 감성",샤넬,클래스101 교육 1594,"클래스101 교육 ??. ?? ??: 강의품질, 가격, 커리큘럼, 공부, 취업, 자기계발.",173000,140000,146000,,,1,image_estimate,N,N,0.689,0.689
male,42,6840000.0,전문직,기혼,보수적,1251000.0,고가,건강관리,정관장,52,5,18,Y,3,1.0,2.316666666666667,0.0,0.6666666666666666,0.0,0.15267785771382894,0.19942473633748803,0.2,0.61,1.0,0.44999999999999996,540000,선물,"성분, 후기",패스트캠퍼스,정관장 건강관리 1595,"정관장 건강관리 ??. ?? ??: 성분, 후기, 안전성, 건강, 부모님, 회복.",1251000,1043000,1060000,3.28,3054.0,2,user_input,Y,Y,0.786,0.786
male,53,3170000.0,주부,기혼,진보적,7000.0,초저가,식품,동원,16,2,13,N,4,0.0,0.019021739130434784,0.0,0.9,0.0,0.2857142857142857,0.05,0.2,0.4025,1.0,0.57,368000,가족,"가격, 신선도",CJ,동원 식품 1596,"동원 식품 ??. ?? ??: 가격, 신선도, 배송, 생활, 식사, 가족.",7000,7000,5000,3.62,,2,crawler,Y,N,0.489,0.489
female,27,780000.0,학생,미혼,보수적,32000.0,저가,식품,CJ,13,0,20,N,2,0.0,0.3855421686746988,0.0,0.9,0.0,0.25,0.28,0.2,0.5225,1.0,0.57,83000,소장,"가격, 신선도",삼성,CJ 식품 1597,"CJ 식품 ??. ?? ??: 가격, 신선도, 배송, 생활, 식사, 가족.",32000,25000,24000,4.58,,1,image_estimate,Y,N,0.519,0.519
female,36,4950000.0,사무직,미혼,보수적,664000.0,고가,가구,한샘,2,4,16,Y,5,1.0,3.0,0.0,0.6666666666666666,0.0,0.15512048192771086,0.06581059390048154,0.2,0.44875000000000004,1.0,0.37,189000,휴식,"내구성, 크기",종근당,한샘 가구 1598,"한샘 가구 ??. ?? ??: 내구성, 크기, 디자인, 이사, 인테리어, 생활.",664000,623000,561000,3.99,,1,manual,Y,N,0.765,0.765
female,42,4070000.0,사무직,기혼,보수적,662000.0,고가,명품,구찌,36,3,19,Y,5,1.0,3.0,1.0,0.3333333333333333,0.0,0.22054380664652568,0.15331010452961671,0.0,0.5338147033781715,1.0,0.52,143000,보상,"희소성, 감성",삼성,구찌 명품 1599,"구찌 명품 ??. ?? ??: 브랜드, 희소성, 디자인, 선물, 보상, 소장.",662000,574000,516000,3.22,149.0,0,image_estimate,Y,Y,0.663,0.663
female,44,6290000.0,대기업직원,기혼,보수적,4000.0,초저가,식품,CJ,2,1,15,N,1,0.0,0.003032600454890068,0.0,0.9,1.0,0.0,0.3333333333333333,0.0,0.47125,1.0,0.57,1319000,가족,"가격, 신선도",CJ,CJ 식품 1600,"CJ 식품 ??. ?? ??: 가격, 신선도, 배송, 생활, 식사, 가족.",4000,3000,4000,4.17,,0,naver_api,Y,N,0.398,0.398
female,22,900000.0,학생,미혼,보수적,33000.0,저가,식품,CJ,47,4,15,N,3,0.0,0.28448275862068967,0.0,0.9,1.0,0.030303030303030304,0.2692307692307692,0.0,0.68875,1.0,0.57,116000,소장,"가격, 신선도",CJ,CJ 식품 1601,"CJ 식품 ??. ?? ??: 가격, 신선도, 배송, 생활, 식사, 가족.",33000,26000,32000,3.91,2766.0,0,manual,Y,Y,0.394,0.394
female,54,6480000.0,자영업,기혼,진보적,1193000.0,고가,전자기기,애플,44,4,17,Y,4,0.6569444444444446,1.6569444444444446,0.0,0.9375,1.0,0.0,0.17305801376597837,0.2,0.6825,1.0,0.37,720000,콘텐츠,"성능, 배터리",애플,애플 전자기기 1602,"애플 전자기기 ??. ?? ??: 성능, 배터리, 휴대성, 업무, 공부, 게임, 콘텐츠.",1193000,1017000,1210000,3.86,1575.0,1,image_estimate,Y,Y,0.564,0.564
male,50,3320000.0,프리랜서,미혼,보수적,31000.0,저가,화장품,설화수,49,5,22,N,4,0.0,0.06724511930585683,1.0,0.0,1.0,0.06451612903225806,0.19230769230769232,0.2,0.81125,1.0,0.52,461000,선물,"희소성, 감성",설화수,설화수 화장품 1603,"설화수 화장품 ??. ?? ??: 성분, 가격, 후기, 피부관리, 선물, 데일리.",31000,26000,29000,4.89,2715.0,2,user_input,Y,Y,0.351,0.351
male,51,3920000.0,사무직,기혼,진보적,416000.0,중저가,명품,구찌,41,1,19,N,1,0.337620578778135,1.337620578778135,0.0,0.3333333333333333,1.0,0.0,0.04785894206549118,0.2,0.6375,1.0,0.019999999999999976,311000,유행,"희소성, 감성",구찌,구찌 명품 1604,"구찌 명품 ??. ?? ??: 브랜드, 희소성, 디자인, 선물, 보상, 소장.",416000,397000,428000,,1487.0,4,naver_api,N,Y,0.609,0.609
male,47,3600000.0,사무직,기혼,진보적,536000.0,고가,패션,나이키,41,2,13,Y,1,0.032755298651252485,1.0327552986512525,0.0,0.6666666666666666,0.0,0.014925373134328358,0.13559322033898305,0.0,0.720080650196391,1.0,0.09999999999999998,519000,여행,"디자인, 착용감",삼성,나이키 패션 1605,"나이키 패션 ??. ?? ??: 디자인, 착용감, 브랜드, 출근, 데이트, 여행.",536000,472000,528000,4.24,760.0,0,crawler,Y,Y,0.546,0.546
male,56,8000000.0,전문직,기혼,진보적,2557000.0,초고가,전자기기,레노버,52,6,14,Y,3,1.0,3.0,0.0,0.9375,1.0,0.016425498631208447,0.34934036939313984,0.0,0.615,1.0,0.37,330000,선물,"성능, 배터리",레노버,레노버 전자기기 1606,"레노버 전자기기 ??. ?? ??: 성능, 배터리, 휴대성, 업무, 공부, 게임, 콘텐츠.",2557000,1895000,2515000,3.32,1376.0,0,image_estimate,Y,Y,0.645,0.645
female,54,9060000.0,대기업직원,미혼,진보적,288000.0,중저가,건강관리,정관장,40,2,22,N,3,0.0,0.2065997130559541,0.0,0.6666666666666666,0.0,0.0,0.02491103202846975,0.2,0.73,1.0,0.44999999999999996,1394000,회복,"성분, 후기",애플,정관장 건강관리 1607,"정관장 건강관리 ??. ?? ??: 성분, 후기, 안전성, 건강, 부모님, 회복.",288000,281000,301000,4.24,2361.0,4,manual,Y,Y,0.501,0.501
female,59,4500000.0,자영업,기혼,진보적,7000.0,초저가,생활용품,다이소,33,0,14,N,3,0.0,0.01639344262295082,1.0,0.9,1.0,0.2857142857142857,0.05,0.0,0.6385403375422773,1.0,1.0,427000,생활,"가격, 내구성",다이소,다이소 생활용품 1608,"다이소 생활용품 ??. ?? ??: 가격, 내구성, 용량, 생활, 청소, 가정.",7000,7000,5000,4.12,120.0,0,user_input,Y,Y,0.213,0.213
male,64,2930000.0,은퇴자,기혼,보수적,1202000.0,고가,여행,마이리얼트립,38,5,17,Y,6,1.0,2.165765765765766,1.0,0.0,0.0,0.13061564059900166,0.37058152793614596,0.2,0.6238788591751776,1.0,0.6,555000,가족,"희소성, 감성",정관장,마이리얼트립 여행 1609,"마이리얼트립 여행 ??. ?? ??: 가격, 일정, 숙소, 휴식, 가족, 기념일.",1202000,877000,1045000,,686.0,1,user_input,N,Y,0.719,0.719
male,56,2170000.0,주부,기혼,보수적,1129000.0,고가,여행,하나투어,49,10,20,Y,7,1.0,3.0,1.0,0.9,1.0,0.0,0.11671612265084075,0.0,0.65375,1.0,0.6,253000,가족,"가격, 일정",하나투어,하나투어 여행 1610,"하나투어 여행 ??. ?? ??: 가격, 일정, 숙소, 휴식, 가족, 기념일.",1129000,1011000,1166000,3.63,3546.0,0,user_input,Y,Y,0.435,0.435
male,36,3500000.0,사무직,미혼,진보적,3555000.0,초고가,전자기기,레노버,46,18,10,Y,8,1.0,3.0,0.0,0.9375,0.0,0.0,0.2395397489539749,0.0,0.7430032135744875,1.0,0.37,602000,소장,"성능, 배터리",리바트,레노버 전자기기 1611,"레노버 전자기기 ??. ?? ??: 성능, 배터리, 휴대성, 업무, 공부, 게임, 콘텐츠.",3555000,2868000,3708000,4.41,796.0,0,crawler,Y,Y,0.689,0.689
male,25,4790000.0,공무원,미혼,진보적,236000.0,중저가,교육,메가스터디,35,1,20,N,5,0.0,0.2388663967611336,1.0,0.9,0.0,0.0,0.09767441860465116,0.0,0.6870312806749759,1.0,1.0,988000,취업,"강의품질, 가격",애플,메가스터디 교육 1612,"메가스터디 교육 ??. ?? ??: 강의품질, 가격, 커리큘럼, 공부, 취업, 자기계발.",236000,215000,249000,4.44,152.0,0,user_input,Y,Y,0.263,0.263
male,36,6820000.0,전문직,기혼,보수적,36000.0,저가,건강관리,종근당,9,1,9,N,1,0.0,0.02618181818181818,0.0,0.0,1.0,0.3611111111111111,0.2857142857142857,0.2,0.36125,1.0,0.44999999999999996,1375000,선물,"희소성, 감성",종근당,종근당 건강관리 1613,"종근당 건강관리 ??. ?? ??: 성분, 후기, 안전성, 건강, 부모님, 회복.",36000,28000,23000,3.29,,2,image_estimate,Y,N,0.63,0.63
female,48,3200000.0,프리랜서,기혼,진보적,262000.0,중저가,전자기기,LG,9,3,10,N,4,0.0,0.7915407854984894,0.0,0.9375,0.0,0.08396946564885496,0.2535885167464115,0.2,0.1875,0.75,0.37,331000,유행,"성능, 배터리",대한항공,LG 전자기기 1614,"LG 전자기기 ??. ?? ??: 성능, 배터리, 휴대성, 업무, 공부, 게임, 콘텐츠.",262000,209000,240000,,,4,naver_api,N,N,0.545,0.545
male,55,3710000.0,사무직,미혼,진보적,2564000.0,초고가,전자기기,소니,53,10,20,Y,9,1.0,3.0,1.0,0.9375,0.0,0.13338533541341654,0.13753327417923691,0.2,0.6950000000000001,1.0,0.87,508000,업무,"성능, 배터리",프라다,소니 전자기기 1615,"소니 전자기기 ??. ?? ??: 성능, 배터리, 휴대성, 업무, 공부, 게임, 콘텐츠.",2564000,2254000,2222000,3.96,1740.0,3,naver_api,Y,Y,0.548,0.548
female,47,5140000.0,사무직,미혼,진보적,29000.0,초저가,식품,오뚜기,43,5,13,N,1,0.0,0.04510108864696734,0.0,0.0,1.0,0.06896551724137931,0.16,0.2,0.6375,1.0,0.57,643000,유행,"희소성, 감성",오뚜기,오뚜기 식품 1616,"오뚜기 식품 ??. ?? ??: 가격, 신선도, 배송, 생활, 식사, 가족.",29000,25000,27000,,2681.0,1,image_estimate,N,Y,0.55,0.55
male,44,7590000.0,대기업직원,기혼,보수적,19000.0,초저가,생활용품,다이소,44,3,3,N,0,0.0,0.027818448023426062,1.0,0.0,0.0,0.3157894736842105,0.35714285714285715,0.0,0.7037500000000001,1.0,1.0,683000,청소,"희소성, 감성",라네즈,다이소 생활용품 1617,"다이소 생활용품 ??. ?? ??: 가격, 내구성, 용량, 생활, 청소, 가정.",19000,14000,13000,4.03,3567.0,0,user_input,Y,Y,0.439,0.439
female,39,5620000.0,공무원,기혼,진보적,426000.0,중저가,전자기기,LG,28,2,18,N,1,0.0,0.6406015037593985,1.0,0.0,0.0,0.051643192488262914,0.11518324607329843,0.2,0.5606711512010825,1.0,0.87,665000,업무,"희소성, 감성",샤넬,LG 전자기기 1618,"LG 전자기기 ??. ?? ??: 성능, 배터리, 휴대성, 업무, 공부, 게임, 콘텐츠.",426000,382000,404000,3.3,238.0,4,manual,Y,Y,0.436,0.436
female,30,2600000.0,주부,기혼,보수적,118000.0,중저가,교육,메가스터디,46,6,22,N,2,0.0,0.7712418300653595,1.0,0.0,1.0,0.3305084745762712,0.2553191489361702,0.2,0.605,1.0,1.0,153000,취업,"희소성, 감성",메가스터디,메가스터디 교육 1619,"메가스터디 교육 ??. ?? ??: 강의품질, 가격, 커리큘럼, 공부, 취업, 자기계발.",118000,94000,79000,3.24,3242.0,2,crawler,Y,Y,0.378,0.378
female,42,5780000.0,공무원,기혼,진보적,14000.0,초저가,식품,동원,14,5,20,N,0,0.0,0.012400354295837024,0.0,0.9,1.0,0.35714285714285715,0.4,0.2,0.5025,1.0,0.57,1129000,유행,"가격, 신선도",동원,동원 식품 1620,"동원 식품 ??. ?? ??: 가격, 신선도, 배송, 생활, 식사, 가족.",14000,10000,9000,4.42,,3,image_estimate,Y,N,0.471,0.471
female,39,7130000.0,대기업직원,기혼,보수적,30000.0,저가,화장품,라네즈,10,1,14,N,2,0.0,0.09740259740259741,0.0,0.9,0.0,0.3333333333333333,0.1111111111111111,0.2,0.5062500000000001,1.0,0.019999999999999976,308000,휴식,"성분, 가격",설화수,라네즈 화장품 1621,"라네즈 화장품 ??. ?? ??: 성분, 가격, 후기, 피부관리, 선물, 데일리.",30000,27000,20000,4.45,,4,manual,Y,N,0.537,0.537
male,52,6370000.0,자영업,미혼,보수적,161000.0,중저가,교육,메가스터디,52,5,18,N,3,0.0,0.1479779411764706,0.0,0.0,1.0,0.18012422360248448,0.319672131147541,0.2,0.6699999999999999,1.0,0.57,1088000,자기계발,"희소성, 감성",메가스터디,메가스터디 교육 1622,"메가스터디 교육 ??. ?? ??: 강의품질, 가격, 커리큘럼, 공부, 취업, 자기계발.",161000,122000,132000,3.76,1447.0,2,crawler,Y,Y,0.592,0.592
male,54,5080000.0,프리랜서,기혼,진보적,623000.0,고가,건강관리,센트룸,46,2,11,Y,3,0.0,0.6072124756335283,1.0,0.0,0.0,0.3611556982343499,0.3572984749455338,0.2,0.6475,1.0,0.95,1026000,부모님,"희소성, 감성",하나투어,센트룸 건강관리 1623,"센트룸 건강관리 ??. ?? ??: 성분, 후기, 안전성, 건강, 부모님, 회복.",623000,459000,398000,3.58,1125.0,4,user_input,Y,Y,0.495,0.495
male,42,6080000.0,대기업직원,기혼,진보적,6000.0,초저가,식품,오뚜기,49,3,9,N,3,0.0,0.029411764705882353,1.0,0.9,0.0,0.3333333333333333,0.2,0.2,0.65375,1.0,1.0,204000,생활,"가격, 신선도",샤넬,오뚜기 식품 1624,"오뚜기 식품 ??. ?? ??: 가격, 신선도, 배송, 생활, 식사, 가족.",6000,5000,4000,3.63,2427.0,1,manual,Y,Y,0.298,0.298
female,23,1070000.0,취업준비생,미혼,진보적,432000.0,중저가,여행,대한항공,9,6,9,Y,4,1.0,2.2268041237113403,1.0,0.0,1.0,0.3773148148148148,0.18032786885245902,0.2,0.45749999999999996,1.0,0.6,194000,휴식,"희소성, 감성",대한항공,대한항공 여행 1625,"대한항공 여행 ??. ?? ??: 가격, 일정, 숙소, 휴식, 가족, 기념일.",432000,366000,269000,4.06,,2,image_estimate,Y,N,0.633,0.633
male,60,2250000.0,은퇴자,미혼,진보적,48000.0,저가,교육,클래스101,43,3,17,N,2,0.0,0.23414634146341465,0.0,0.9,0.0,0.041666666666666664,0.11627906976744186,0.2,0.77125,1.0,0.57,205000,소장,"강의품질, 가격",마이리얼트립,클래스101 교육 1626,"클래스101 교육 ??. ?? ??: 강의품질, 가격, 커리큘럼, 공부, 취업, 자기계발.",48000,43000,46000,4.57,1297.0,3,user_input,Y,Y,0.47,0.47
male,30,6400000.0,자영업,기혼,진보적,203000.0,중저가,전자기기,레노버,46,2,0,N,1,0.0,0.3464163822525597,1.0,0.9375,0.0,0.2660098522167488,0.26875,0.0,0.6312500000000001,1.0,0.87,586000,공부,"성능, 배터리",이케아,레노버 전자기기 1627,"레노버 전자기기 ??. ?? ??: 성능, 배터리, 휴대성, 업무, 공부, 게임, 콘텐츠.",203000,160000,149000,3.45,2373.0,0,manual,Y,Y,0.347,0.347
male,46,8160000.0,전문직,미혼,보수적,203000.0,중저가,여행,마이리얼트립,56,4,19,N,0,0.0,0.5413333333333333,1.0,0.0,1.0,0.07881773399014778,0.0972972972972973,0.2,0.7737499999999999,1.0,0.6,375000,휴식,"희소성, 감성",마이리얼트립,마이리얼트립 여행 1628,"마이리얼트립 여행 ??. ?? ??: 가격, 일정, 숙소, 휴식, 가족, 기념일.",203000,185000,187000,4.59,3706.0,4,manual,Y,Y,0.386,0.386
female,54,5710000.0,프리랜서,미혼,진보적,87000.0,저가,화장품,이니스프리,12,3,9,N,3,0.0,0.090625,1.0,0.0,0.0,0.0,0.12987012987012986,0.2,0.35250000000000004,1.0,0.52,960000,피부관리,"희소성, 감성",애플,이니스프리 화장품 1629,"이니스프리 화장품 ??. ?? ??: 성분, 가격, 후기, 피부관리, 선물, 데일리.",87000,77000,87000,3.22,,1,naver_api,Y,N,0.443,0.443
male,35,2400000.0,주부,기혼,진보적,41000.0,저가,화장품,설화수,53,6,20,N,1,0.0,0.19806763285024154,0.0,0.0,1.0,0.21951219512195122,0.28125,0.2,0.6375,1.0,0.019999999999999976,207000,데일리,"희소성, 감성",설화수,설화수 화장품 1630,"설화수 화장품 ??. ?? ??: 성분, 가격, 후기, 피부관리, 선물, 데일리.",41000,32000,32000,,3769.0,4,crawler,N,Y,0.575,0.575
female,50,5750000.0,대기업직원,기혼,보수적,6000.0,초저가,식품,동원,12,4,9,N,3,0.0,0.031746031746031744,1.0,0.9,1.0,0.16666666666666666,0.2,0.2,0.42625,1.0,1.0,189000,생활,"가격, 신선도",동원,동원 식품 1631,"동원 식품 ??. ?? ??: 가격, 신선도, 배송, 생활, 식사, 가족.",6000,5000,5000,3.81,,4,user_input,Y,N,0.222,0.222
female,49,4230000.0,자영업,기혼,보수적,65000.0,저가,패션,나이키,49,5,17,N,3,0.0,0.09759759759759759,0.0,0.6666666666666666,0.0,0.0,0.22641509433962265,0.2,0.61875,1.0,0.09999999999999998,666000,휴식,"디자인, 착용감",패스트캠퍼스,나이키 패션 1632,"나이키 패션 ??. ?? ??: 디자인, 착용감, 브랜드, 출근, 데이트, 여행.",65000,53000,65000,3.35,3730.0,1,image_estimate,Y,Y,0.562,0.562
female,53,2540000.0,주부,기혼,보수적,326000.0,중저가,교육,클래스101,4,3,11,N,3,0.0,0.6417322834645669,0.0,0.0,1.0,0.03067484662576687,0.26848249027237353,0.0,0.54375,1.0,0.57,508000,휴식,"희소성, 감성",클래스101,클래스101 교육 1633,"클래스101 교육 ??. ?? ??: 강의품질, 가격, 커리큘럼, 공부, 취업, 자기계발.",326000,257000,316000,4.75,,0,naver_api,Y,N,0.556,0.556
female,47,3160000.0,주부,미혼,진보적,138000.0,중저가,가구,리바트,44,1,14,N,1,0.0,0.30734966592427615,0.0,0.6666666666666666,1.0,0.09420289855072464,0.13114754098360656,0.0,0.6415646862263784,1.0,0.37,449000,유행,"내구성, 크기",리바트,리바트 가구 1634,"리바트 가구 ??. ?? ??: 내구성, 크기, 디자인, 이사, 인테리어, 생활.",138000,122000,125000,3.69,580.0,0,crawler,Y,Y,0.447,0.447
female,41,2830000.0,주부,미혼,보수적,5000.0,초저가,식품,오뚜기,12,2,15,N,0,0.0,0.017857142857142856,0.0,0.9,0.0,0.4,0.25,0.2,0.52125,1.0,0.57,280000,가족,"가격, 신선도",유한킴벌리,오뚜기 식품 1635,"오뚜기 식품 ??. ?? ??: 가격, 신선도, 배송, 생활, 식사, 가족.",5000,4000,3000,4.57,,4,naver_api,Y,N,0.527,0.527
female,33,720000.0,취업준비생,미혼,진보적,26000.0,초저가,화장품,설화수,52,3,21,N,4,0.0,0.5909090909090909,0.0,0.9,1.0,0.23076923076923078,0.3,0.2,0.73,1.0,0.019999999999999976,44000,유행,"성분, 가격",설화수,설화수 화장품 1636,"설화수 화장품 ??. ?? ??: 성분, 가격, 후기, 피부관리, 선물, 데일리.",26000,20000,20000,4.24,3939.0,2,crawler,Y,Y,0.44,0.44
male,55,4320000.0,공무원,기혼,보수적,2164000.0,초고가,전자기기,소니,46,11,0,Y,7,1.0,3.0,0.0,0.0,0.0,0.2033271719038817,0.24296381390005745,0.2,0.6375,1.0,0.37,512000,콘텐츠,"희소성, 감성",설화수,소니 전자기기 1637,"소니 전자기기 ??. ?? ??: 성능, 배터리, 휴대성, 업무, 공부, 게임, 콘텐츠.",2164000,1741000,1724000,,2036.0,2,image_estimate,N,Y,0.913,0.913
female,32,4210000.0,프리랜서,기혼,보수적,565000.0,고가,패션,ZARA,41,3,17,Y,2,0.25555555555555554,1.2555555555555555,0.0,0.6666666666666666,1.0,0.1079646017699115,0.17954070981210857,0.0,0.6375,1.0,0.09999999999999998,450000,유행,"디자인, 착용감",ZARA,ZARA 패션 1638,"ZARA 패션 ??. ?? ??: 디자인, 착용감, 브랜드, 출근, 데이트, 여행.",565000,479000,504000,,2959.0,0,crawler,N,Y,0.5,0.5
male,52,6750000.0,자영업,미혼,진보적,16000.0,초저가,생활용품,다이소,46,5,16,N,2,0.0,0.011188811188811189,0.0,0.9,1.0,0.0,0.06666666666666667,0.2,0.6351862943414062,1.0,0.57,1430000,휴식,"가격, 내구성",다이소,다이소 생활용품 1639,"다이소 생활용품 ??. ?? ??: 가격, 내구성, 용량, 생활, 청소, 가정.",16000,15000,16000,,938.0,4,user_input,N,Y,0.364,0.364
female,40,6750000.0,자영업,미혼,진보적,39000.0,저가,교육,패스트캠퍼스,53,3,16,N,2,0.0,0.02943396226415094,0.0,0.9,0.0,0.05128205128205128,0.25806451612903225,0.2,0.6375,1.0,0.57,1325000,선물,"강의품질, 가격",애플,패스트캠퍼스 교육 1640,"패스트캠퍼스 교육 ??. ?? ??: 강의품질, 가격, 커리큘럼, 공부, 취업, 자기계발.",39000,31000,37000,,3762.0,1,image_estimate,N,Y,0.501,0.501
male,37,4140000.0,프리랜서,기혼,진보적,609000.0,고가,패션,아디다스,44,7,13,Y,1,0.0,0.9886363636363636,0.0,0.6666666666666666,1.0,0.0,0.3125,0.0,0.66,1.0,0.09999999999999998,616000,소장,"디자인, 착용감",아디다스,아디다스 패션 1641,"아디다스 패션 ??. ?? ??: 디자인, 착용감, 브랜드, 출근, 데이트, 여행.",609000,464000,609000,3.68,3133.0,0,manual,Y,Y,0.46,0.46
male,33,1120000.0,취업준비생,기혼,진보적,171000.0,중저가,패션,COS,50,5,20,N,4,0.0,0.7184873949579832,1.0,0.0,1.0,0.21637426900584794,0.030120481927710843,0.0,0.6375,1.0,0.6,238000,출근,"희소성, 감성",COS,COS 패션 1642,"COS 패션 ??. ?? ??: 디자인, 착용감, 브랜드, 출근, 데이트, 여행.",171000,166000,134000,,2048.0,0,manual,N,Y,0.391,0.391
female,59,2140000.0,은퇴자,기혼,진보적,213000.0,중저가,교육,클래스101,43,4,12,N,3,0.3148148148148149,1.3148148148148149,0.0,0.9,0.0,0.14084507042253522,0.17679558011049723,0.2,0.6375,1.0,0.57,162000,자기계발,"강의품질, 가격",샤넬,클래스101 교육 1643,"클래스101 교육 ??. ?? ??: 강의품질, 가격, 커리큘럼, 공부, 취업, 자기계발.",213000,181000,183000,,3505.0,3,manual,N,Y,0.577,0.577
female,52,2890000.0,주부,미혼,보수적,1051000.0,고가,가구,리바트,38,9,19,Y,5,0.9943074003795067,1.9943074003795067,0.0,0.6666666666666666,0.0,0.31018078020932444,0.08799171842650104,0.2,0.7802049857391333,1.0,0.37,527000,생활,"내구성, 크기",이케아,리바트 가구 1644,"리바트 가구 ??. ?? ??: 내구성, 크기, 디자인, 이사, 인테리어, 생활.",1051000,966000,725000,4.69,846.0,2,crawler,Y,Y,0.775,0.775
female,25,750000.0,학생,미혼,진보적,524000.0,고가,여행,대한항공,11,12,15,Y,5,1.0,3.0,1.0,0.9,0.0,0.12213740458015267,0.22716627634660422,0.2,0.49000000000000005,1.0,0.6,49000,가족,"가격, 일정",COS,대한항공 여행 1645,"대한항공 여행 ??. ?? ??: 가격, 일정, 숙소, 휴식, 가족, 기념일.",524000,427000,460000,4.32,,4,user_input,Y,N,0.543,0.543
male,46,7400000.0,전문직,미혼,보수적,128000.0,중저가,전자기기,레노버,5,5,19,N,1,0.0,0.0824211204121056,1.0,0.9375,0.0,0.1875,0.04918032786885246,0.2,0.5025,1.0,0.87,1553000,공부,"성능, 배터리",이니스프리,레노버 전자기기 1646,"레노버 전자기기 ??. ?? ??: 성능, 배터리, 휴대성, 업무, 공부, 게임, 콘텐츠.",128000,122000,104000,4.42,,4,image_estimate,Y,N,0.343,0.343
male,57,4200000.0,자영업,기혼,보수적,333000.0,중저가,가구,이케아,8,2,15,N,3,0.0,0.738359201773836,1.0,0.0,1.0,0.37237237237237236,0.37037037037037035,0.2,0.45249999999999996,1.0,0.87,451000,이사,"희소성, 감성",이케아,이케아 가구 1647,"이케아 가구 ??. ?? ??: 내구성, 크기, 디자인, 이사, 인테리어, 생활.",333000,243000,209000,4.02,,3,image_estimate,Y,N,0.42,0.42
female,60,4880000.0,공무원,미혼,진보적,275000.0,중저가,가구,한샘,7,2,14,N,2,0.0,0.2916224814422057,0.0,0.0,1.0,0.33454545454545453,0.03383458646616541,0.2,0.41000000000000003,1.0,0.37,943000,생활,"희소성, 감성",한샘,한샘 가구 1648,"한샘 가구 ??. ?? ??: 내구성, 크기, 디자인, 이사, 인테리어, 생활.",275000,266000,183000,3.68,,2,crawler,Y,N,0.621,0.621
female,57,3020000.0,주부,미혼,보수적,912000.0,고가,여행,마이리얼트립,12,8,1,Y,4,0.5483870967741935,1.5483870967741935,1.0,0.9,0.0,0.0,0.24250681198910082,0.2,0.4325,1.0,0.6,589000,휴식,"가격, 일정",오뚜기,마이리얼트립 여행 1649,"마이리얼트립 여행 ??. ?? ??: 가격, 일정, 숙소, 휴식, 가족, 기념일.",912000,734000,971000,3.86,,2,crawler,Y,N,0.466,0.466
female,25,1190000.0,취업준비생,미혼,보수적,40000.0,저가,패션,COS,32,5,13,N,3,0.0,0.23809523809523808,0.0,0.6666666666666666,1.0,0.025,0.02564102564102564,0.2,0.6017780648899638,1.0,0.09999999999999998,168000,여행,"디자인, 착용감",COS,COS 패션 1650,"COS 패션 ??. ?? ??: 디자인, 착용감, 브랜드, 출근, 데이트, 여행.",40000,39000,39000,,372.0,4,manual,N,Y,0.448,0.448
female,40,4600000.0,공무원,기혼,보수적,625000.0,고가,명품,루이비통,11,5,22,Y,3,0.5508684863523574,1.5508684863523574,1.0,0.6666666666666666,0.0,0.3328,0.09265734265734266,0.2,0.4875,1.0,0.52,403000,보상,"브랜드, 희소성",설화수,루이비통 명품 1651,"루이비통 명품 ??. ?? ??: 브랜드, 희소성, 디자인, 선물, 보상, 소장.",625000,572000,417000,4.3,,1,image_estimate,Y,N,0.56,0.56
male,58,3130000.0,은퇴자,기혼,보수적,17000.0,초저가,화장품,이니스프리,49,4,21,N,0,0.0,0.1559633027522936,0.0,0.9,0.0,0.0,0.0625,0.0,0.68625,1.0,0.019999999999999976,109000,유행,"성분, 가격",레노버,이니스프리 화장품 1652,"이니스프리 화장품 ??. ?? ??: 성분, 가격, 후기, 피부관리, 선물, 데일리.",17000,16000,18000,3.89,2456.0,0,manual,Y,Y,0.469,0.469
female,69,3220000.0,은퇴자,미혼,보수적,175000.0,중저가,전자기기,레노버,46,5,15,N,4,0.0,0.34930139720558884,0.0,0.9375,1.0,0.16,0.023391812865497075,0.0,0.6375,1.0,0.37,501000,콘텐츠,"성능, 배터리",레노버,레노버 전자기기 1653,"레노버 전자기기 ??. ?? ??: 성능, 배터리, 휴대성, 업무, 공부, 게임, 콘텐츠.",175000,171000,147000,,3084.0,0,manual,N,Y,0.397,0.397
female,61,2680000.0,주부,기혼,보수적,4718000.0,초고가,전자기기,애플,43,24,10,Y,16,1.0,3.0,0.0,0.0,0.0,0.2062314540059347,0.32119854382525903,0.2,0.67875,1.0,0.37,373000,소장,"희소성, 감성",루이비통,애플 전자기기 1654,"애플 전자기기 ??. ?? ??: 성능, 배터리, 휴대성, 업무, 공부, 게임, 콘텐츠.",4718000,3571000,3745000,3.83,1558.0,1,manual,Y,Y,0.902,0.902
male,31,7640000.0,대기업직원,기혼,진보적,241000.0,중저가,패션,COS,31,6,11,N,2,0.0,0.4908350305498982,0.0,0.6666666666666666,1.0,0.024896265560165973,0.11059907834101383,0.2,0.7027933748123694,1.0,0.09999999999999998,491000,선물,"디자인, 착용감",COS,COS 패션 1655,"COS 패션 ??. ?? ??: 디자인, 착용감, 브랜드, 출근, 데이트, 여행.",241000,217000,235000,4.49,198.0,1,naver_api,Y,Y,0.433,0.433
male,23,1190000.0,취업준비생,미혼,보수적,202000.0,중저가,건강관리,정관장,47,6,17,N,4,0.3557046979865772,1.3557046979865772,1.0,0.6666666666666666,0.0,0.039603960396039604,0.32894736842105265,0.2,0.70625,1.0,0.95,149000,부모님,"성분, 후기",ZARA,정관장 건강관리 1656,"정관장 건강관리 ??. ?? ??: 성분, 후기, 안전성, 건강, 부모님, 회복.",202000,152000,194000,4.05,1679.0,4,naver_api,Y,Y,0.423,0.423
male,46,9110000.0,전문직,기혼,보수적,93000.0,저가,교육,메가스터디,44,4,20,N,4,0.0,0.04871660555264536,0.0,0.0,1.0,0.07526881720430108,0.09411764705882353,0.2,0.74875,1.0,0.57,1909000,자기계발,"희소성, 감성",메가스터디,메가스터디 교육 1657,"메가스터디 교육 ??. ?? ??: 강의품질, 가격, 커리큘럼, 공부, 취업, 자기계발.",93000,85000,86000,4.39,2181.0,2,user_input,Y,Y,0.525,0.525
female,45,5230000.0,프리랜서,기혼,진보적,260000.0,중저가,가구,한샘,31,2,9,N,1,0.0,0.6074766355140186,0.0,0.6666666666666666,1.0,0.36538461538461536,0.14537444933920704,0.2,0.6919874413031843,1.0,0.37,428000,생활,"내구성, 크기",한샘,한샘 가구 1658,"한샘 가구 ??. ?? ??: 내구성, 크기, 디자인, 이사, 인테리어, 생활.",260000,227000,165000,4.2,401.0,3,user_input,Y,Y,0.47,0.47
male,59,3460000.0,은퇴자,미혼,보수적,39000.0,저가,화장품,이니스프리,35,6,15,N,1,0.0,0.05227882037533512,0.0,0.9,0.0,0.10256410256410256,0.05405405405405406,0.0,0.5967160079084002,1.0,0.019999999999999976,746000,데일리,"성분, 가격",메가스터디,이니스프리 화장품 1659,"이니스프리 화장품 ??. ?? ??: 성분, 가격, 후기, 피부관리, 선물, 데일리.",39000,37000,35000,3.36,525.0,0,image_estimate,Y,Y,0.477,0.477
male,47,2350000.0,주부,미혼,진보적,91000.0,저가,화장품,설화수,3,3,10,N,1,0.0,0.29354838709677417,0.0,0.0,0.0,0.3626373626373626,0.04597701149425287,0.2,0.5325,1.0,0.019999999999999976,310000,휴식,"희소성, 감성",클래스101,설화수 화장품 1660,"설화수 화장품 ??. ?? ??: 성분, 가격, 후기, 피부관리, 선물, 데일리.",91000,87000,58000,4.66,,2,naver_api,Y,N,0.665,0.665
male,30,5570000.0,프리랜서,미혼,진보적,166000.0,중저가,전자기기,애플,14,3,17,N,2,0.0,0.27257799671592775,1.0,0.9375,0.0,0.25301204819277107,0.1292517006802721,0.2,0.35375,1.0,0.87,609000,게임,"성능, 배터리",리바트,애플 전자기기 1661,"애플 전자기기 ??. ?? ??: 성능, 배터리, 휴대성, 업무, 공부, 게임, 콘텐츠.",166000,147000,124000,3.23,,4,manual,Y,N,0.339,0.339
female,58,2920000.0,주부,기혼,보수적,7024000.0,초고가,명품,구찌,36,32,9,Y,21,1.0,3.0,0.0,0.6666666666666666,0.0,0.1648633257403189,0.19700068166325835,0.2,0.5641425547399638,1.0,0.019999999999999976,199000,소장,"브랜드, 희소성",종근당,구찌 명품 1662,"구찌 명품 ??. ?? ??: 브랜드, 희소성, 디자인, 선물, 보상, 소장.",7024000,5868000,5866000,3.58,99.0,3,naver_api,Y,Y,0.828,0.828
male,30,10580000.0,전문직,기혼,보수적,126000.0,중저가,가구,한샘,46,1,22,N,2,0.0,0.0985144644253323,0.0,0.6666666666666666,1.0,0.20634920634920634,0.23529411764705882,0.2,0.6375,1.0,0.37,1279000,소장,"내구성, 크기",한샘,한샘 가구 1663,"한샘 가구 ??. ?? ??: 내구성, 크기, 디자인, 이사, 인테리어, 생활.",126000,102000,100000,,1579.0,1,crawler,N,Y,0.503,0.503
female,36,5090000.0,사무직,기혼,진보적,117000.0,중저가,생활용품,유한킴벌리,17,1,17,N,2,0.0,0.35240963855421686,0.0,0.9,1.0,0.1452991452991453,0.2857142857142857,0.2,0.42625,1.0,0.57,332000,휴식,"가격, 내구성",유한킴벌리,유한킴벌리 생활용품 1664,"유한킴벌리 생활용품 ??. ?? ??: 가격, 내구성, 용량, 생활, 청소, 가정.",117000,91000,100000,3.81,,3,image_estimate,Y,N,0.437,0.437
male,39,5570000.0,프리랜서,기혼,진보적,339000.0,중저가,여행,마이리얼트립,49,3,14,N,4,0.36693548387096775,1.3669354838709677,1.0,0.9,0.0,0.3687315634218289,0.21071428571428572,0.2,0.6375,1.0,0.6,248000,휴식,"가격, 일정",나이키,마이리얼트립 여행 1665,"마이리얼트립 여행 ??. ?? ??: 가격, 일정, 숙소, 휴식, 가족, 기념일.",339000,280000,214000,,3896.0,2,manual,N,Y,0.423,0.423
female,29,1190000.0,취업준비생,미혼,진보적,87000.0,저가,패션,아디다스,41,2,2,N,1,0.0,0.4702702702702703,1.0,0.6666666666666666,0.0,0.0,0.359375,0.2,0.64,1.0,0.6,185000,데이트,"디자인, 착용감",클래스101,아디다스 패션 1666,"아디다스 패션 ??. ?? ??: 디자인, 착용감, 브랜드, 출근, 데이트, 여행.",87000,64000,87000,3.52,2296.0,4,naver_api,Y,Y,0.357,0.357
female,41,5980000.0,공무원,미혼,진보적,258000.0,중저가,전자기기,애플,3,5,18,N,3,0.0,0.30105017502917153,1.0,0.0,0.0,0.28294573643410853,0.270935960591133,0.2,0.1875,0.75,0.87,857000,게임,"희소성, 감성",CJ,애플 전자기기 1667,"애플 전자기기 ??. ?? ??: 성능, 배터리, 휴대성, 업무, 공부, 게임, 콘텐츠.",258000,203000,185000,,,4,naver_api,N,N,0.505,0.505
female,42,3450000.0,공무원,기혼,진보적,795000.0,고가,여행,마이리얼트립,8,6,11,Y,6,0.56496062992126,1.56496062992126,0.0,0.9,1.0,0.33459119496855344,0.21189024390243902,0.0,0.1875,0.75,0.09999999999999998,508000,기념일,"가격, 일정",마이리얼트립,마이리얼트립 여행 1668,"마이리얼트립 여행 ??. ?? ??: 가격, 일정, 숙소, 휴식, 가족, 기념일.",795000,656000,529000,,,0,naver_api,N,N,0.598,0.598
female,27,750000.0,학생,미혼,보수적,869000.0,고가,가구,한샘,25,15,14,Y,13,1.0,3.0,0.0,0.0,0.0,0.2945914844649022,0.1711590296495957,0.2,0.6427121687002841,1.0,0.37,34000,생활,"희소성, 감성",종근당,한샘 가구 1669,"한샘 가구 ??. ?? ??: 내구성, 크기, 디자인, 이사, 인테리어, 생활.",869000,742000,613000,4.2,102.0,2,manual,Y,Y,0.902,0.902
male,30,2480000.0,주부,미혼,보수적,5000.0,초저가,식품,동원,2,1,11,N,3,0.0,0.014925373134328358,1.0,0.0,1.0,0.4,0.25,0.2,0.1875,0.75,1.0,335000,생활,"희소성, 감성",동원,동원 식품 1670,"동원 식품 ??. ?? ??: 가격, 신선도, 배송, 생활, 식사, 가족.",5000,4000,3000,,,2,naver_api,N,N,0.394,0.394
male,49,2870000.0,주부,미혼,진보적,2081000.0,초고가,건강관리,종근당,38,12,22,Y,6,1.0,3.0,0.0,0.6666666666666666,0.0,0.3229216722729457,0.24610778443113773,0.0,0.7531587428367441,1.0,0.44999999999999996,295000,회복,"성분, 후기",구찌,종근당 건강관리 1671,"종근당 건강관리 ??. ?? ??: 성분, 후기, 안전성, 건강, 부모님, 회복.",2081000,1670000,1409000,4.51,746.0,0,image_estimate,Y,Y,0.779,0.779
female,75,2040000.0,은퇴자,기혼,보수적,431000.0,중저가,전자기기,LG,53,7,16,Y,4,1.0,2.1127450980392157,0.0,0.0,0.0,0.0,0.04611650485436893,0.2,0.78125,1.0,0.37,204000,소장,"희소성, 감성",루이비통,LG 전자기기 1672,"LG 전자기기 ??. ?? ??: 성능, 배터리, 휴대성, 업무, 공부, 게임, 콘텐츠.",431000,412000,442000,4.65,1784.0,3,user_input,Y,Y,0.826,0.826
female,19,760000.0,학생,미혼,보수적,169000.0,중저가,교육,클래스101,43,7,13,Y,2,0.8777777777777778,1.8777777777777778,1.0,0.9,0.0,0.1242603550295858,0.10457516339869281,0.2,0.6375,1.0,1.0,90000,공부,"강의품질, 가격",정관장,클래스101 교육 1673,"클래스101 교육 ??. ?? ??: 강의품질, 가격, 커리큘럼, 공부, 취업, 자기계발.",169000,153000,148000,,3129.0,4,image_estimate,N,Y,0.468,0.468
female,45,6520000.0,자영업,기혼,진보적,77000.0,저가,건강관리,센트룸,31,3,10,N,3,0.0,0.28,0.0,0.0,0.0,0.2987012987012987,0.2833333333333333,0.2,0.5692939947690628,1.0,0.44999999999999996,275000,휴식,"희소성, 감성",CJ,센트룸 건강관리 1674,"센트룸 건강관리 ??. ?? ??: 성분, 후기, 안전성, 건강, 부모님, 회복.",77000,60000,54000,,151.0,4,naver_api,N,Y,0.653,0.653
male,31,4350000.0,프리랜서,미혼,진보적,304000.0,중저가,화장품,설화수,37,3,16,N,1,0.0,0.41360544217687073,1.0,0.9,1.0,0.3026315789473684,0.3333333333333333,0.0,0.73875,1.0,0.52,735000,선물,"성분, 가격",설화수,설화수 화장품 1675,"설화수 화장품 ??. ?? ??: 성분, 가격, 후기, 피부관리, 선물, 데일리.",304000,228000,212000,4.31,1456.0,0,image_estimate,Y,Y,0.237,0.237
male,30,3510000.0,사무직,기혼,보수적,503000.0,고가,교육,메가스터디,15,6,19,Y,6,0.45797101449275357,1.4579710144927536,0.0,0.9,0.0,0.24453280318091453,0.18632075471698112,0.0,0.49125,1.0,0.57,345000,유행,"강의품질, 가격",루이비통,메가스터디 교육 1676,"메가스터디 교육 ??. ?? ??: 강의품질, 가격, 커리큘럼, 공부, 취업, 자기계발.",503000,424000,380000,4.33,,0,manual,Y,N,0.618,0.618
female,52,3130000.0,주부,미혼,보수적,32000.0,저가,식품,오뚜기,52,1,20,N,0,0.0,0.3404255319148936,1.0,0.0,0.0,0.21875,0.23076923076923078,0.2,0.6375,1.0,1.0,94000,생활,"희소성, 감성",아디다스,오뚜기 식품 1677,"오뚜기 식품 ??. ?? ??: 가격, 신선도, 배송, 생활, 식사, 가족.",32000,26000,25000,,2837.0,2,crawler,N,Y,0.439,0.439
female,60,2130000.0,은퇴자,기혼,보수적,790000.0,고가,패션,ZARA,55,9,10,Y,7,1.0,2.936802973977695,1.0,0.6666666666666666,0.0,0.24936708860759493,0.2824675324675325,0.2,0.7250000000000001,1.0,0.6,269000,출근,"디자인, 착용감",클래스101,ZARA 패션 1678,"ZARA 패션 ??. ?? ??: 디자인, 착용감, 브랜드, 출근, 데이트, 여행.",790000,616000,593000,4.2,3796.0,2,user_input,Y,Y,0.622,0.622
male,53,3400000.0,사무직,미혼,보수적,268000.0,중저가,여행,대한항공,39,1,2,N,3,0.6441717791411044,1.6441717791411044,1.0,0.0,1.0,0.34701492537313433,0.102880658436214,0.2,0.6095696450685872,1.0,0.6,163000,휴식,"희소성, 감성",대한항공,대한항공 여행 1679,"대한항공 여행 ??. ?? ??: 가격, 일정, 숙소, 휴식, 가족, 기념일.",268000,243000,175000,3.34,803.0,2,image_estimate,Y,Y,0.558,0.558
male,69,3000000.0,은퇴자,미혼,보수적,198000.0,중저가,여행,마이리얼트립,14,2,9,N,4,0.596774193548387,1.596774193548387,0.0,0.9,1.0,0.25252525252525254,0.31125827814569534,0.0,0.1875,0.75,0.09999999999999998,124000,기념일,"가격, 일정",마이리얼트립,마이리얼트립 여행 1680,"마이리얼트립 여행 ??. ?? ??: 가격, 일정, 숙소, 휴식, 가족, 기념일.",198000,151000,148000,,,0,user_input,N,N,0.592,0.592
male,49,2560000.0,주부,기혼,진보적,91000.0,저가,교육,클래스101,14,3,16,N,3,0.0,0.5260115606936416,0.0,0.9,0.0,0.0,0.3582089552238806,0.2,0.1875,0.75,0.57,173000,선물,"강의품질, 가격",레노버,클래스101 교육 1681,"클래스101 교육 ??. ?? ??: 강의품질, 가격, 커리큘럼, 공부, 취업, 자기계발.",91000,67000,92000,,,4,crawler,N,N,0.499,0.499
male,63,2620000.0,은퇴자,기혼,보수적,112000.0,중저가,패션,아디다스,36,2,16,N,4,0.0,0.28426395939086296,1.0,0.6666666666666666,1.0,0.0,0.10891089108910891,0.0,0.606569959340608,1.0,0.6,394000,출근,"디자인, 착용감",아디다스,아디다스 패션 1682,"아디다스 패션 ??. ?? ??: 디자인, 착용감, 브랜드, 출근, 데이트, 여행.",112000,101000,117000,3.58,322.0,0,image_estimate,Y,Y,0.263,0.263
male,27,690000.0,학생,미혼,진보적,2178000.0,초고가,가구,리바트,53,38,19,Y,29,1.0,3.0,0.0,0.6666666666666666,0.0,0.2534435261707989,0.21948488241881298,0.0,0.6125,1.0,0.37,51000,휴식,"내구성, 크기",라네즈,리바트 가구 1683,"리바트 가구 ??. ?? ??: 내구성, 크기, 디자인, 이사, 인테리어, 생활.",2178000,1786000,1626000,3.3,3916.0,0,manual,Y,Y,0.761,0.761
male,36,6550000.0,대기업직원,미혼,진보적,144000.0,중저가,패션,나이키,2,0,18,N,1,0.0,0.2993762993762994,1.0,0.0,1.0,0.09027777777777778,0.23076923076923078,0.2,0.1875,0.75,0.6,481000,데이트,"희소성, 감성",나이키,나이키 패션 1684,"나이키 패션 ??. ?? ??: 디자인, 착용감, 브랜드, 출근, 데이트, 여행.",144000,117000,131000,,,3,manual,N,N,0.411,0.411
male,36,7120000.0,자영업,기혼,진보적,154000.0,중저가,화장품,이니스프리,33,1,13,N,3,0.0,0.13676731793960922,0.0,0.9,1.0,0.16233766233766234,0.14925373134328357,0.2,0.7698137502060638,1.0,0.019999999999999976,1126000,휴식,"성분, 가격",이니스프리,이니스프리 화장품 1685,"이니스프리 화장품 ??. ?? ??: 성분, 가격, 후기, 피부관리, 선물, 데일리.",154000,134000,129000,4.7,613.0,1,naver_api,Y,Y,0.444,0.444
female,28,850000.0,학생,미혼,진보적,646000.0,고가,전자기기,애플,42,12,12,Y,8,1.0,3.0,0.0,0.9375,1.0,0.032507739938080496,0.0625,0.2,0.6375,1.0,0.37,117000,유행,"성능, 배터리",애플,애플 전자기기 1686,"애플 전자기기 ??. ?? ??: 성능, 배터리, 휴대성, 업무, 공부, 게임, 콘텐츠.",646000,608000,625000,,2010.0,3,crawler,N,Y,0.645,0.645
male,28,640000.0,학생,미혼,보수적,2622000.0,초고가,가구,리바트,40,55,15,Y,34,1.0,3.0,0.0,0.0,0.0,0.0,0.18588873812754408,0.2,0.6330430776514151,1.0,0.37,78000,생활,"희소성, 감성",한샘,리바트 가구 1687,"리바트 가구 ??. ?? ??: 내구성, 크기, 디자인, 이사, 인테리어, 생활.",2622000,2211000,2649000,,884.0,3,crawler,N,Y,0.859,0.859
male,40,6880000.0,자영업,기혼,보수적,4000.0,초저가,식품,CJ,45,1,19,N,0,0.0,0.0033444816053511705,0.0,0.9,1.0,0.25,0.3333333333333333,0.2,0.7623726370717638,1.0,0.57,1196000,가족,"가격, 신선도",CJ,CJ 식품 1688,"CJ 식품 ??. ?? ??: 가격, 신선도, 배송, 생활, 식사, 가족.",4000,3000,3000,4.64,614.0,3,naver_api,Y,Y,0.442,0.442
female,30,3940000.0,사무직,기혼,보수적,1551000.0,고가,가구,이케아,37,9,10,Y,5,1.0,3.0,1.0,0.0,1.0,0.23533204384268214,0.37014134275618377,0.2,0.6775,1.0,0.87,156000,이사,"희소성, 감성",이케아,이케아 가구 1689,"이케아 가구 ??. ?? ??: 내구성, 크기, 디자인, 이사, 인테리어, 생활.",1551000,1132000,1186000,3.82,1398.0,1,user_input,Y,Y,0.62,0.62
male,58,5300000.0,자영업,기혼,진보적,438000.0,중저가,전자기기,레노버,40,4,12,N,4,0.0,0.5341463414634147,1.0,0.0,0.0,0.05707762557077625,0.32326283987915405,0.2,0.72125,1.0,0.87,820000,업무,"희소성, 감성",클래스101,레노버 전자기기 1690,"레노버 전자기기 ??. ?? ??: 성능, 배터리, 휴대성, 업무, 공부, 게임, 콘텐츠.",438000,331000,413000,4.17,2771.0,1,crawler,Y,Y,0.473,0.473
male,39,6170000.0,대기업직원,미혼,보수적,90000.0,저가,가구,리바트,39,1,22,N,1,0.0,0.22900763358778625,0.0,0.6666666666666666,1.0,0.022222222222222223,0.034482758620689655,0.2,0.72125,1.0,0.37,393000,유행,"내구성, 크기",리바트,리바트 가구 1691,"리바트 가구 ??. ?? ??: 내구성, 크기, 디자인, 이사, 인테리어, 생활.",90000,87000,88000,4.17,1989.0,1,image_estimate,Y,Y,0.454,0.454
female,55,2090000.0,주부,기혼,진보적,299000.0,중저가,교육,패스트캠퍼스,50,6,14,N,6,1.0,3.0,1.0,0.0,1.0,0.06020066889632107,0.17254901960784313,0.2,0.6375,1.0,1.0,74000,취업,"희소성, 감성",패스트캠퍼스,패스트캠퍼스 교육 1692,"패스트캠퍼스 교육 ??. ?? ??: 강의품질, 가격, 커리큘럼, 공부, 취업, 자기계발.",299000,255000,281000,,3116.0,1,user_input,N,Y,0.59,0.59
female,23,1020000.0,취업준비생,미혼,보수적,142000.0,중저가,건강관리,종근당,17,5,11,N,2,0.2792792792792793,1.2792792792792793,1.0,0.6666666666666666,1.0,0.0,0.27927927927927926,0.2,0.48874999999999996,1.0,0.95,111000,부모님,"성분, 후기",종근당,종근당 건강관리 1693,"종근당 건강관리 ??. ?? ??: 성분, 후기, 안전성, 건강, 부모님, 회복.",142000,111000,143000,4.31,,4,manual,Y,N,0.31,0.31
female,24,1100000.0,취업준비생,미혼,진보적,133000.0,중저가,전자기기,소니,42,3,20,N,2,0.0,0.6683417085427136,0.0,0.9375,1.0,0.14285714285714285,0.3711340206185567,0.2,0.74,1.0,0.37,199000,콘텐츠,"성능, 배터리",소니,소니 전자기기 1694,"소니 전자기기 ??. ?? ??: 성능, 배터리, 휴대성, 업무, 공부, 게임, 콘텐츠.",133000,97000,114000,4.32,3036.0,1,naver_api,Y,Y,0.428,0.428
male,73,2760000.0,은퇴자,미혼,진보적,458000.0,중저가,건강관리,종근당,48,7,14,N,4,0.22459893048128343,1.2245989304812834,0.0,0.6666666666666666,1.0,0.3646288209606987,0.3630952380952381,0.2,0.64125,1.0,0.44999999999999996,374000,유행,"성분, 후기",종근당,종근당 건강관리 1695,"종근당 건강관리 ??. ?? ??: 성분, 후기, 안전성, 건강, 부모님, 회복.",458000,336000,291000,3.53,3364.0,2,manual,Y,Y,0.549,0.549
male,29,1050000.0,취업준비생,미혼,보수적,586000.0,고가,화장품,설화수,6,12,20,Y,7,1.0,2.7255813953488373,1.0,0.9,0.0,0.08703071672354949,0.09943714821763602,0.2,0.5549999999999999,1.0,0.52,215000,피부관리,"성분, 가격",COS,설화수 화장품 1696,"설화수 화장품 ??. ?? ??: 성분, 가격, 후기, 피부관리, 선물, 데일리.",586000,533000,535000,4.84,,3,naver_api,Y,N,0.524,0.524
male,51,9050000.0,대기업직원,기혼,진보적,350000.0,중저가,여행,대한항공,44,3,13,N,2,0.0,0.18929150892374255,1.0,0.0,0.0,0.2857142857142857,0.33587786259541985,0.2,0.7175,1.0,0.6,1849000,휴식,"희소성, 감성",LG,대한항공 여행 1697,"대한항공 여행 ??. ?? ??: 가격, 일정, 숙소, 휴식, 가족, 기념일.",350000,262000,250000,4.14,3553.0,2,user_input,Y,Y,0.495,0.495
female,20,740000.0,학생,미혼,진보적,1223000.0,고가,명품,샤넬,16,25,9,Y,14,1.0,3.0,1.0,0.6666666666666666,1.0,0.2739165985282093,0.020868113522537562,0.2,0.4475,1.0,0.52,106000,선물,"브랜드, 희소성",샤넬,샤넬 명품 1698,"샤넬 명품 ??. ?? ??: 브랜드, 희소성, 디자인, 선물, 보상, 소장.",1223000,1198000,888000,3.98,,4,user_input,Y,N,0.528,0.528
female,41,10370000.0,전문직,기혼,진보적,300000.0,중저가,여행,하나투어,42,3,21,N,4,0.0,0.16638935108153077,0.0,0.0,1.0,0.12333333333333334,0.3574660633484163,0.2,0.65125,1.0,0.09999999999999998,1803000,기념일,"희소성, 감성",하나투어,하나투어 여행 1699,"하나투어 여행 ??. ?? ??: 가격, 일정, 숙소, 휴식, 가족, 기념일.",300000,221000,263000,3.61,2252.0,4,image_estimate,Y,Y,0.61,0.61
female,37,3430000.0,프리랜서,기혼,진보적,48000.0,저가,화장품,라네즈,30,0,16,N,1,0.0,0.10786516853932585,1.0,0.0,0.0,0.10416666666666667,0.23076923076923078,0.2,0.6406261985344659,1.0,0.52,445000,선물,"희소성, 감성",한샘,라네즈 화장품 1700,"라네즈 화장품 ??. ?? ??: 성분, 가격, 후기, 피부관리, 선물, 데일리.",48000,39000,43000,3.87,303.0,3,user_input,Y,Y,0.49,0.49
male,55,3390000.0,주부,미혼,진보적,3858000.0,초고가,전자기기,소니,12,14,15,Y,12,1.0,3.0,0.0,0.9375,0.0,0.10860549507516848,0.3171730966200068,0.0,0.1875,0.75,0.37,691000,콘텐츠,"성능, 배터리",루이비통,소니 전자기기 1701,"소니 전자기기 ??. ?? ??: 성능, 배터리, 휴대성, 업무, 공부, 게임, 콘텐츠.",3858000,2929000,3439000,,,0,image_estimate,N,N,0.756,0.756
male,50,2410000.0,주부,기혼,보수적,106000.0,중저가,화장품,설화수,25,4,2,N,2,0.0,0.6708860759493671,1.0,0.9,1.0,0.0,0.30864197530864196,0.0,0.697949976331826,1.0,0.52,158000,선물,"성분, 가격",설화수,설화수 화장품 1702,"설화수 화장품 ??. ?? ??: 성분, 가격, 후기, 피부관리, 선물, 데일리.",106000,81000,112000,4.61,114.0,0,image_estimate,Y,Y,0.235,0.235
male,27,7180000.0,대기업직원,기혼,진보적,802000.0,고가,건강관리,센트룸,46,3,16,Y,2,0.19167904903417532,1.1916790490341753,1.0,0.6666666666666666,1.0,0.19077306733167082,0.12482468443197756,0.2,0.7462500000000001,1.0,0.95,673000,부모님,"성분, 후기",센트룸,센트룸 건강관리 1703,"센트룸 건강관리 ??. ?? ??: 성분, 후기, 안전성, 건강, 부모님, 회복.",802000,713000,649000,4.37,1784.0,1,crawler,Y,Y,0.292,0.292
female,45,6670000.0,자영업,기혼,진보적,3878000.0,초고가,여행,대한항공,35,8,20,Y,6,1.0,3.0,1.0,0.9,0.0,0.10598246518824136,0.0826353992183138,0.2,0.6216755036046933,1.0,0.6,227000,가족,"가격, 일정",LG,대한항공 여행 1704,"대한항공 여행 ??. ?? ??: 가격, 일정, 숙소, 휴식, 가족, 기념일.",3878000,3582000,3467000,3.47,716.0,2,manual,Y,Y,0.543,0.543
female,36,4660000.0,프리랜서,기혼,보수적,8000.0,초저가,식품,동원,34,3,16,N,3,0.0,0.017057569296375266,1.0,0.0,1.0,0.25,0.05,0.2,0.6071755392946587,1.0,1.0,469000,생활,"희소성, 감성",동원,동원 식품 1705,"동원 식품 ??. ?? ??: 가격, 신선도, 배송, 생활, 식사, 가족.",8000,8000,6000,,432.0,4,manual,N,Y,0.337,0.337
male,19,690000.0,학생,미혼,진보적,519000.0,고가,교육,클래스101,28,10,10,Y,7,1.0,3.0,1.0,0.9,1.0,0.17726396917148363,0.384,0.2,0.5844391693716053,1.0,1.0,58000,공부,"강의품질, 가격",클래스101,클래스101 교육 1706,"클래스101 교육 ??. ?? ??: 강의품질, 가격, 커리큘럼, 공부, 취업, 자기계발.",519000,375000,427000,,230.0,1,naver_api,N,Y,0.464,0.464
male,19,640000.0,학생,미혼,보수적,1075000.0,고가,패션,ZARA,57,21,0,Y,15,1.0,3.0,0.0,0.0,1.0,0.0,0.30619684082624543,0.2,0.7749999999999999,1.0,0.09999999999999998,106000,유행,"희소성, 감성",ZARA,ZARA 패션 1707,"ZARA 패션 ??. ?? ??: 디자인, 착용감, 브랜드, 출근, 데이트, 여행.",1075000,823000,1085000,4.6,3560.0,2,image_estimate,Y,Y,0.799,0.799
male,45,4570000.0,자영업,기혼,보수적,1593000.0,고가,명품,루이비통,38,7,15,Y,3,1.0,2.1762295081967213,0.0,0.6666666666666666,0.0,0.0,0.0836734693877551,0.2,0.6375,1.0,0.019999999999999976,732000,휴식,"브랜드, 희소성",이니스프리,루이비통 명품 1708,"루이비통 명품 ??. ?? ??: 브랜드, 희소성, 디자인, 선물, 보상, 소장.",1593000,1470000,1635000,,1623.0,4,crawler,N,Y,0.769,0.769
female,59,2200000.0,주부,기혼,진보적,403000.0,중저가,화장품,설화수,9,2,17,Y,6,0.18529411764705883,1.1852941176470588,1.0,0.9,1.0,0.10669975186104218,0.20658682634730538,0.2,0.37125,1.0,0.52,340000,선물,"성분, 가격",설화수,설화수 화장품 1709,"설화수 화장품 ??. ?? ??: 성분, 가격, 후기, 피부관리, 선물, 데일리.",403000,334000,360000,3.37,,3,crawler,Y,N,0.304,0.304
male,45,6580000.0,자영업,기혼,보수적,106000.0,중저가,패션,ZARA,47,5,12,N,4,0.0,0.0748587570621469,0.0,0.0,1.0,0.03773584905660377,0.02912621359223301,0.2,0.6375,1.0,0.09999999999999998,1416000,유행,"희소성, 감성",ZARA,ZARA 패션 1710,"ZARA 패션 ??. ?? ??: 디자인, 착용감, 브랜드, 출근, 데이트, 여행.",106000,103000,102000,,2939.0,4,user_input,N,Y,0.546,0.546
male,55,6770000.0,자영업,기혼,보수적,54000.0,저가,화장품,설화수,53,1,14,N,4,0.0,0.09183673469387756,0.0,0.9,0.0,0.0,0.35,0.2,0.7137500000000001,1.0,0.019999999999999976,588000,휴식,"성분, 가격",LG,설화수 화장품 1711,"설화수 화장품 ??. ?? ??: 성분, 가격, 후기, 피부관리, 선물, 데일리.",54000,40000,54000,4.11,3075.0,4,crawler,Y,Y,0.51,0.51
female,45,8790000.0,대기업직원,미혼,진보적,829000.0,고가,교육,메가스터디,5,4,19,Y,4,0.0,0.6270801815431165,0.0,0.9,0.0,0.3293124246079614,0.15944055944055943,0.0,0.1875,0.75,0.57,1322000,자기계발,"강의품질, 가격",유한킴벌리,메가스터디 교육 1712,"메가스터디 교육 ??. ?? ??: 강의품질, 가격, 커리큘럼, 공부, 취업, 자기계발.",829000,715000,556000,,,0,naver_api,N,N,0.532,0.532
male,47,2960000.0,주부,기혼,보수적,549000.0,고가,여행,하나투어,10,6,11,Y,3,0.15094339622641506,1.150943396226415,0.0,0.0,1.0,0.17304189435336975,0.12040816326530612,0.2,0.42875,1.0,0.09999999999999998,477000,기념일,"희소성, 감성",하나투어,하나투어 여행 1713,"하나투어 여행 ??. ?? ??: 가격, 일정, 숙소, 휴식, 가족, 기념일.",549000,490000,454000,3.83,,4,manual,Y,N,0.654,0.654
male,33,2490000.0,주부,기혼,진보적,4416000.0,초고가,명품,샤넬,40,23,18,Y,16,1.0,3.0,0.0,0.3333333333333333,1.0,0.006340579710144928,0.19804666304937601,0.2,0.72,1.0,0.019999999999999976,377000,소장,"희소성, 감성",샤넬,샤넬 명품 1714,"샤넬 명품 ??. ?? ??: 브랜드, 희소성, 디자인, 선물, 보상, 소장.",4416000,3686000,4388000,4.16,2018.0,3,image_estimate,Y,Y,0.78,0.78
female,68,2180000.0,은퇴자,기혼,진보적,507000.0,고가,건강관리,정관장,31,4,18,Y,4,0.24264705882352944,1.2426470588235294,1.0,0.6666666666666666,0.0,0.2859960552268245,0.21291866028708134,0.2,0.6879651640150366,1.0,0.95,408000,건강,"성분, 후기",패스트캠퍼스,정관장 건강관리 1715,"정관장 건강관리 ??. ?? ??: 성분, 후기, 안전성, 건강, 부모님, 회복.",507000,418000,362000,4.44,156.0,2,crawler,Y,Y,0.408,0.408
male,58,2470000.0,주부,기혼,보수적,389000.0,중저가,명품,루이비통,16,4,14,N,1,0.0,0.7642436149312377,0.0,0.6666666666666666,1.0,0.2159383033419023,0.14749262536873156,0.2,0.42375,1.0,0.019999999999999976,509000,소장,"브랜드, 희소성",루이비통,루이비통 명품 1716,"루이비통 명품 ??. ?? ??: 브랜드, 희소성, 디자인, 선물, 보상, 소장.",389000,339000,305000,3.79,,4,user_input,Y,N,0.513,0.513
female,51,7140000.0,대기업직원,미혼,진보적,86000.0,저가,가구,리바트,6,5,22,N,1,0.0,0.05858310626702997,1.0,0.6666666666666666,0.0,0.2558139534883721,0.14666666666666667,0.0,0.43625,1.0,0.87,1468000,인테리어,"내구성, 크기",유한킴벌리,리바트 가구 1717,"리바트 가구 ??. ?? ??: 내구성, 크기, 디자인, 이사, 인테리어, 생활.",86000,75000,64000,3.89,,0,image_estimate,Y,N,0.387,0.387
female,49,6580000.0,자영업,기혼,보수적,46000.0,저가,교육,패스트캠퍼스,54,1,13,N,0,0.0,0.08288288288288288,0.0,0.0,0.0,0.17391304347826086,0.21052631578947367,0.2,0.6375,1.0,0.57,555000,선물,"희소성, 감성",프라다,패스트캠퍼스 교육 1718,"패스트캠퍼스 교육 ??. ?? ??: 강의품질, 가격, 커리큘럼, 공부, 취업, 자기계발.",46000,38000,38000,,1991.0,3,naver_api,N,Y,0.636,0.636
female,25,1260000.0,취업준비생,기혼,보수적,386000.0,중저가,패션,ZARA,39,8,9,Y,7,1.0,3.0,1.0,0.6666666666666666,1.0,0.33678756476683935,0.12209302325581395,0.2,0.6312500000000001,1.0,0.6,38000,출근,"디자인, 착용감",ZARA,ZARA 패션 1719,"ZARA 패션 ??. ?? ??: 디자인, 착용감, 브랜드, 출근, 데이트, 여행.",386000,344000,256000,3.45,1783.0,3,user_input,Y,Y,0.505,0.505
female,25,5290000.0,공무원,미혼,보수적,698000.0,고가,건강관리,종근당,51,3,21,Y,1,0.0,0.8692403486924035,0.0,0.6666666666666666,1.0,0.045845272206303724,0.20137693631669534,0.0,0.62375,1.0,0.44999999999999996,803000,유행,"성분, 후기",종근당,종근당 건강관리 1720,"종근당 건강관리 ??. ?? ??: 성분, 후기, 안전성, 건강, 부모님, 회복.",698000,581000,666000,3.39,2240.0,0,manual,Y,Y,0.446,0.446
male,49,5730000.0,프리랜서,기혼,보수적,353000.0,중저가,명품,구찌,4,6,20,N,1,0.0,0.8825,1.0,0.6666666666666666,0.0,0.06232294617563739,0.12779552715654952,0.2,0.4375,1.0,0.52,400000,보상,"브랜드, 희소성",CJ,구찌 명품 1721,"구찌 명품 ??. ?? ??: 브랜드, 희소성, 디자인, 선물, 보상, 소장.",353000,313000,331000,3.9,,3,manual,Y,N,0.381,0.381
male,60,10200000.0,전문직,미혼,진보적,484000.0,중저가,교육,메가스터디,16,5,20,N,3,0.0,0.2768878718535469,0.0,0.0,0.0,0.0,0.1606714628297362,0.2,0.3725,1.0,0.57,1748000,유행,"희소성, 감성",샤넬,메가스터디 교육 1722,"메가스터디 교육 ??. ?? ??: 강의품질, 가격, 커리큘럼, 공부, 취업, 자기계발.",484000,417000,505000,3.38,,2,naver_api,Y,N,0.637,0.637
male,50,9150000.0,대기업직원,기혼,보수적,83000.0,저가,패션,ZARA,39,0,13,N,1,0.0,0.08820403825717323,0.0,0.6666666666666666,1.0,0.03614457831325301,0.22058823529411764,0.2,0.709234183632472,1.0,0.09999999999999998,941000,소장,"디자인, 착용감",ZARA,ZARA 패션 1723,"ZARA 패션 ??. ?? ??: 디자인, 착용감, 브랜드, 출근, 데이트, 여행.",83000,68000,80000,4.45,272.0,1,naver_api,Y,Y,0.456,0.456
male,30,8530000.0,전문직,미혼,진보적,22000.0,초저가,식품,CJ,51,0,2,N,1,0.0,0.028350515463917526,1.0,0.9,1.0,0.09090909090909091,0.375,0.0,0.7137500000000001,1.0,1.0,776000,생활,"가격, 신선도",CJ,CJ 식품 1724,"CJ 식품 ??. ?? ??: 가격, 신선도, 배송, 생활, 식사, 가족.",22000,16000,20000,4.11,3334.0,0,crawler,Y,Y,0.193,0.193
female,51,4640000.0,공무원,미혼,보수적,50000.0,저가,교육,메가스터디,38,3,16,N,2,0.0,0.16025641025641027,0.0,0.0,0.0,0.26,0.35135135135135137,0.0,0.6615447111452485,1.0,0.57,312000,유행,"희소성, 감성",한샘,메가스터디 교육 1725,"메가스터디 교육 ??. ?? ??: 강의품질, 가격, 커리큘럼, 공부, 취업, 자기계발.",50000,37000,37000,4.05,290.0,0,crawler,Y,Y,0.638,0.638
female,55,7820000.0,대기업직원,미혼,진보적,59000.0,저가,패션,아디다스,3,0,9,N,0,0.0,0.0978441127694859,0.0,0.6666666666666666,1.0,0.03389830508474576,0.37209302325581395,0.0,0.43875000000000003,1.0,0.09999999999999998,603000,여행,"디자인, 착용감",아디다스,아디다스 패션 1726,"아디다스 패션 ??. ?? ??: 디자인, 착용감, 브랜드, 출근, 데이트, 여행.",59000,43000,57000,3.91,,0,manual,Y,N,0.501,0.501
male,60,5130000.0,공무원,기혼,보수적,32000.0,저가,식품,동원,51,5,13,N,2,0.0,0.19631901840490798,0.0,0.9,0.0,0.0,0.23076923076923078,0.2,0.6112500000000001,1.0,0.57,163000,선물,"가격, 신선도",이니스프리,동원 식품 1727,"동원 식품 ??. ?? ??: 가격, 신선도, 배송, 생활, 식사, 가족.",32000,26000,34000,3.29,2325.0,1,manual,Y,Y,0.48,0.48
female,55,3690000.0,프리랜서,기혼,진보적,6000.0,초저가,식품,오뚜기,10,4,18,N,4,0.0,0.008823529411764706,0.0,0.9,0.0,0.3333333333333333,0.2,0.2,0.5237499999999999,1.0,0.57,680000,휴식,"가격, 신선도",CJ,오뚜기 식품 1728,"오뚜기 식품 ??. ?? ??: 가격, 신선도, 배송, 생활, 식사, 가족.",6000,5000,4000,4.59,,4,naver_api,Y,N,0.505,0.505
male,70,2490000.0,은퇴자,기혼,진보적,974000.0,고가,건강관리,정관장,46,10,19,Y,3,1.0,2.5430809399477807,1.0,0.6666666666666666,1.0,0.052361396303901436,0.14588235294117646,0.2,0.635,1.0,0.95,383000,부모님,"성분, 후기",정관장,정관장 건강관리 1729,"정관장 건강관리 ??. ?? ??: 성분, 후기, 안전성, 건강, 부모님, 회복.",974000,850000,923000,3.48,1899.0,1,manual,Y,Y,0.489,0.489
male,32,980000.0,취업준비생,미혼,진보적,813000.0,고가,여행,하나투어,42,14,0,Y,10,1.0,3.0,0.0,0.0,0.0,0.0,0.18859649122807018,0.2,0.7424999999999999,1.0,0.09999999999999998,137000,기념일,"희소성, 감성",샤넬,하나투어 여행 1730,"하나투어 여행 ??. ?? ??: 가격, 일정, 숙소, 휴식, 가족, 기념일.",813000,684000,833000,4.34,3906.0,4,crawler,Y,Y,0.861,0.861
female,46,5420000.0,프리랜서,기혼,보수적,1445000.0,고가,여행,하나투어,15,7,20,Y,4,0.27650176678445226,1.2765017667844523,1.0,0.9,1.0,0.032525951557093424,0.1767100977198697,0.0,0.47875000000000006,1.0,0.6,1132000,가족,"가격, 일정",하나투어,하나투어 여행 1731,"하나투어 여행 ??. ?? ??: 가격, 일정, 숙소, 휴식, 가족, 기념일.",1445000,1228000,1398000,4.23,,0,manual,Y,N,0.309,0.309
female,41,2980000.0,주부,기혼,보수적,14000.0,초저가,식품,CJ,40,2,1,N,0,0.0,0.02190923317683881,1.0,0.9,0.0,0.0,0.2727272727272727,0.2,0.7887500000000001,1.0,1.0,639000,식사,"가격, 신선도",이니스프리,CJ 식품 1732,"CJ 식품 ??. ?? ??: 가격, 신선도, 배송, 생활, 식사, 가족.",14000,11000,14000,4.71,1363.0,3,crawler,Y,Y,0.291,0.291
male,46,5630000.0,프리랜서,기혼,진보적,34000.0,저가,패션,ZARA,16,3,22,N,4,0.0,0.07024793388429752,0.0,0.0,1.0,0.3235294117647059,0.1724137931034483,0.2,0.51,1.0,0.09999999999999998,484000,소장,"희소성, 감성",ZARA,ZARA 패션 1733,"ZARA 패션 ??. ?? ??: 디자인, 착용감, 브랜드, 출근, 데이트, 여행.",34000,29000,23000,4.48,,2,crawler,Y,N,0.611,0.611
female,42,7160000.0,전문직,기혼,진보적,123000.0,중저가,생활용품,다이소,52,3,19,N,4,0.0,0.08482758620689655,0.0,0.9,1.0,0.35772357723577236,0.07894736842105263,0.2,0.62,1.0,0.57,1450000,소장,"가격, 내구성",다이소,다이소 생활용품 1734,"다이소 생활용품 ??. ?? ??: 가격, 내구성, 용량, 생활, 청소, 가정.",123000,114000,79000,3.36,2276.0,3,crawler,Y,Y,0.43,0.43
male,59,9090000.0,전문직,기혼,진보적,35000.0,저가,생활용품,유한킴벌리,33,3,12,N,3,0.0,0.019209659714599342,0.0,0.0,1.0,0.0,0.2962962962962963,0.2,0.5595442354351128,1.0,0.57,1822000,유행,"희소성, 감성",유한킴벌리,유한킴벌리 생활용품 1735,"유한킴벌리 생활용품 ??. ?? ??: 가격, 내구성, 용량, 생활, 청소, 가정.",35000,27000,36000,3.26,265.0,4,naver_api,Y,Y,0.528,0.528
male,55,3750000.0,프리랜서,기혼,보수적,1716000.0,고가,건강관리,정관장,36,9,13,Y,8,1.0,3.0,0.0,0.0,1.0,0.20046620046620048,0.07721280602636535,0.0,0.6010306869703501,1.0,0.44999999999999996,133000,휴식,"희소성, 감성",정관장,정관장 건강관리 1736,"정관장 건강관리 ??. ?? ??: 성분, 후기, 안전성, 건강, 부모님, 회복.",1716000,1593000,1372000,3.34,634.0,0,naver_api,Y,Y,0.764,0.764
male,47,4250000.0,공무원,미혼,보수적,745000.0,고가,교육,패스트캠퍼스,13,7,9,Y,1,0.0,0.8124318429661941,1.0,0.0,1.0,0.2563758389261745,0.023351648351648352,0.2,0.5462499999999999,1.0,1.0,917000,취업,"희소성, 감성",패스트캠퍼스,패스트캠퍼스 교육 1737,"패스트캠퍼스 교육 ??. ?? ??: 강의품질, 가격, 커리큘럼, 공부, 취업, 자기계발.",745000,728000,554000,4.77,,3,image_estimate,Y,N,0.399,0.399
male,60,2780000.0,주부,기혼,보수적,172000.0,중저가,화장품,설화수,37,5,11,N,0,0.0,0.5870307167235495,1.0,0.9,0.0,0.2441860465116279,0.06832298136645963,0.2,0.7501477370964295,1.0,0.52,293000,피부관리,"성분, 가격",LG,설화수 화장품 1738,"설화수 화장품 ??. ?? ??: 성분, 가격, 후기, 피부관리, 선물, 데일리.",172000,161000,130000,4.42,937.0,2,user_input,Y,Y,0.326,0.326
male,32,1260000.0,취업준비생,기혼,진보적,506000.0,고가,전자기기,소니,56,7,18,Y,4,1.0,3.0,1.0,0.0,0.0,0.02766798418972332,0.15789473684210525,0.2,0.73125,1.0,0.87,110000,게임,"희소성, 감성",한샘,소니 전자기기 1739,"소니 전자기기 ??. ?? ??: 성능, 배터리, 휴대성, 업무, 공부, 게임, 콘텐츠.",506000,437000,492000,4.25,3931.0,1,user_input,Y,Y,0.683,0.683
female,24,860000.0,취업준비생,미혼,보수적,483000.0,중저가,패션,ZARA,45,8,15,Y,5,1.0,3.0,0.0,0.6666666666666666,0.0,0.0,0.2135678391959799,0.2,0.8087500000000001,1.0,0.09999999999999998,133000,선물,"디자인, 착용감",레노버,ZARA 패션 1740,"ZARA 패션 ??. ?? ??: 디자인, 착용감, 브랜드, 출근, 데이트, 여행.",483000,398000,512000,4.87,3999.0,3,crawler,Y,Y,0.77,0.77
male,26,750000.0,학생,미혼,진보적,636000.0,고가,화장품,설화수,5,13,20,Y,11,1.0,3.0,1.0,0.9,1.0,0.0,0.25691699604743085,0.2,0.41750000000000004,1.0,0.52,95000,피부관리,"성분, 가격",설화수,설화수 화장품 1741,"설화수 화장품 ??. ?? ??: 성분, 가격, 후기, 피부관리, 선물, 데일리.",636000,506000,640000,3.74,,2,user_input,Y,N,0.478,0.478
female,42,5420000.0,공무원,미혼,보수적,49000.0,저가,생활용품,유한킴벌리,6,0,15,N,3,0.0,0.12009803921568628,0.0,0.0,1.0,0.2653061224489796,0.225,0.2,0.5562499999999999,1.0,0.57,408000,가정,"희소성, 감성",유한킴벌리,유한킴벌리 생활용품 1742,"유한킴벌리 생활용품 ??. ?? ??: 가격, 내구성, 용량, 생활, 청소, 가정.",49000,40000,36000,4.85,,1,manual,Y,N,0.57,0.57
female,47,8610000.0,대기업직원,기혼,보수적,20000.0,초저가,화장품,이니스프리,13,4,16,N,2,0.0,0.018115942028985508,1.0,0.9,1.0,0.0,0.17647058823529413,0.0,0.1875,0.75,0.52,1104000,선물,"성분, 가격",이니스프리,이니스프리 화장품 1743,"이니스프리 화장품 ??. ?? ??: 성분, 가격, 후기, 피부관리, 선물, 데일리.",20000,17000,20000,,,0,user_input,N,N,0.246,0.246
female,32,800000.0,취업준비생,기혼,진보적,33000.0,저가,화장품,설화수,5,0,15,N,2,0.0,0.28448275862068967,1.0,0.9,0.0,0.09090909090909091,0.375,0.2,0.4275,1.0,0.52,116000,피부관리,"성분, 가격",COS,설화수 화장품 1744,"설화수 화장품 ??. ?? ??: 성분, 가격, 후기, 피부관리, 선물, 데일리.",33000,24000,30000,3.82,,4,image_estimate,Y,N,0.349,0.349
male,39,3590000.0,사무직,기혼,보수적,490000.0,중저가,여행,대한항공,37,5,9,N,4,0.7253521126760563,1.7253521126760563,0.0,0.9,1.0,0.2510204081632653,0.03375527426160337,0.2,0.6928805509380767,1.0,0.09999999999999998,284000,소장,"가격, 일정",대한항공,대한항공 여행 1745,"대한항공 여행 ??. ?? ??: 가격, 일정, 숙소, 휴식, 가족, 기념일.",490000,474000,367000,3.97,911.0,4,crawler,Y,Y,0.593,0.593
male,27,4480000.0,공무원,미혼,진보적,70000.0,저가,건강관리,정관장,49,4,13,N,2,0.0,0.3825136612021858,1.0,0.6666666666666666,0.0,0.22857142857142856,0.32075471698113206,0.2,0.6475,1.0,0.95,183000,건강,"성분, 후기",대한항공,정관장 건강관리 1746,"정관장 건강관리 ??. ?? ??: 성분, 후기, 안전성, 건강, 부모님, 회복.",70000,53000,54000,3.58,1241.0,3,image_estimate,Y,Y,0.364,0.364
female,20,710000.0,학생,미혼,보수적,86000.0,저가,생활용품,유한킴벌리,37,2,10,N,4,0.0,0.9555555555555556,0.0,0.0,0.0,0.27906976744186046,0.19444444444444445,0.2,0.6375,1.0,0.57,90000,가정,"희소성, 감성",리바트,유한킴벌리 생활용품 1747,"유한킴벌리 생활용품 ??. ?? ??: 가격, 내구성, 용량, 생활, 청소, 가정.",86000,72000,62000,,1528.0,3,manual,N,Y,0.66,0.66
female,28,620000.0,학생,미혼,진보적,37000.0,저가,식품,동원,45,4,20,N,2,0.0,0.3135593220338983,0.0,0.9,1.0,0.13513513513513514,0.23333333333333334,0.2,0.6327557229968329,1.0,0.57,118000,가족,"가격, 신선도",동원,동원 식품 1748,"동원 식품 ??. ?? ??: 가격, 신선도, 배송, 생활, 식사, 가족.",37000,30000,32000,,877.0,3,naver_api,N,Y,0.425,0.425
male,33,890000.0,취업준비생,기혼,진보적,80000.0,저가,교육,패스트캠퍼스,14,1,20,N,2,0.0,0.6611570247933884,1.0,0.0,1.0,0.3125,0.1267605633802817,0.2,0.4,1.0,1.0,121000,공부,"희소성, 감성",패스트캠퍼스,패스트캠퍼스 교육 1749,"패스트캠퍼스 교육 ??. ?? ??: 강의품질, 가격, 커리큘럼, 공부, 취업, 자기계발.",80000,71000,55000,3.6,,1,manual,Y,N,0.395,0.395
female,57,8250000.0,전문직,기혼,보수적,450000.0,중저가,건강관리,종근당,49,6,13,N,2,0.0,0.3472222222222222,0.0,0.6666666666666666,0.0,0.10888888888888888,0.21293800539083557,0.2,0.6212500000000001,1.0,0.44999999999999996,1296000,선물,"성분, 후기",클래스101,종근당 건강관리 1750,"종근당 건강관리 ??. ?? ??: 성분, 후기, 안전성, 건강, 부모님, 회복.",450000,371000,401000,3.37,2204.0,1,crawler,Y,Y,0.525,0.525
male,50,6090000.0,공무원,미혼,진보적,68000.0,저가,생활용품,유한킴벌리,5,2,21,N,2,0.0,0.16113744075829384,1.0,0.0,0.0,0.029411764705882353,0.0625,0.2,0.5025,1.0,1.0,422000,생활,"희소성, 감성",CJ,유한킴벌리 생활용품 1751,"유한킴벌리 생활용품 ??. ?? ??: 가격, 내구성, 용량, 생활, 청소, 가정.",68000,64000,66000,4.42,,1,manual,Y,N,0.446,0.446
female,52,4760000.0,공무원,미혼,보수적,4000.0,초저가,식품,CJ,43,3,16,N,3,0.0,0.006514657980456026,0.0,0.9,1.0,0.25,0.3333333333333333,0.2,0.7381669304506444,1.0,0.57,614000,가족,"가격, 신선도",CJ,CJ 식품 1752,"CJ 식품 ??. ?? ??: 가격, 신선도, 배송, 생활, 식사, 가족.",4000,3000,3000,4.31,984.0,2,crawler,Y,Y,0.445,0.445
female,40,2860000.0,주부,기혼,보수적,62000.0,저가,식품,오뚜기,38,5,17,N,1,0.0,0.30392156862745096,0.0,0.9,0.0,0.04838709677419355,0.2653061224489796,0.2,0.6819169304506445,1.0,0.57,204000,소장,"가격, 신선도",메가스터디,오뚜기 식품 1753,"오뚜기 식품 ??. ?? ??: 가격, 신선도, 배송, 생활, 식사, 가족.",62000,49000,59000,3.86,984.0,2,image_estimate,Y,Y,0.474,0.474
male,24,5530000.0,프리랜서,미혼,진보적,9000.0,초저가,식품,오뚜기,34,4,12,N,3,0.0,0.011873350923482849,1.0,0.0,1.0,0.2222222222222222,0.2857142857142857,0.2,0.5633570306660735,1.0,1.0,758000,식사,"희소성, 감성",오뚜기,오뚜기 식품 1754,"오뚜기 식품 ??. ?? ??: 가격, 신선도, 배송, 생활, 식사, 가족.",9000,7000,7000,,128.0,3,image_estimate,N,Y,0.375,0.375
female,43,8940000.0,대기업직원,기혼,진보적,733000.0,고가,가구,한샘,48,1,16,Y,1,0.0,0.3853838065194532,0.0,0.6666666666666666,1.0,0.054570259208731244,0.17845659163987138,0.2,0.62875,1.0,0.37,1902000,휴식,"내구성, 크기",한샘,한샘 가구 1755,"한샘 가구 ??. ?? ??: 내구성, 크기, 디자인, 이사, 인테리어, 생활.",733000,622000,693000,3.43,2565.0,3,image_estimate,Y,Y,0.467,0.467
female,37,2080000.0,주부,기혼,보수적,40000.0,저가,교육,패스트캠퍼스,17,0,14,N,0,0.0,0.087527352297593,0.0,0.0,1.0,0.35,0.2903225806451613,0.2,0.43375,1.0,0.57,457000,유행,"희소성, 감성",패스트캠퍼스,패스트캠퍼스 교육 1756,"패스트캠퍼스 교육 ??. ?? ??: 강의품질, 가격, 커리큘럼, 공부, 취업, 자기계발.",40000,31000,26000,3.87,,1,naver_api,Y,N,0.599,0.599
female,31,6090000.0,공무원,미혼,보수적,158000.0,중저가,교육,패스트캠퍼스,38,5,3,N,3,0.0,0.18544600938967137,0.0,0.0,0.0,0.3291139240506329,0.264,0.2,0.5610403375422774,1.0,0.57,852000,자기계발,"희소성, 감성",다이소,패스트캠퍼스 교육 1757,"패스트캠퍼스 교육 ??. ?? ??: 강의품질, 가격, 커리큘럼, 공부, 취업, 자기계발.",158000,125000,106000,,120.0,3,crawler,N,Y,0.677,0.677
female,25,560000.0,학생,미혼,진보적,31000.0,저가,생활용품,3M,36,1,10,N,2,0.0,0.4492753623188406,1.0,0.0,0.0,0.2903225806451613,0.2916666666666667,0.0,0.7960077430600618,1.0,1.0,69000,생활,"희소성, 감성",이니스프리,3M 생활용품 1758,"3M 생활용품 ??. ?? ??: 가격, 내구성, 용량, 생활, 청소, 가정.",31000,24000,22000,4.81,865.0,0,manual,Y,Y,0.452,0.452
male,51,3580000.0,공무원,기혼,보수적,492000.0,중저가,건강관리,정관장,8,3,16,N,3,0.7508896797153024,1.7508896797153024,0.0,0.0,0.0,0.0,0.3050397877984085,0.2,0.50125,1.0,0.44999999999999996,281000,회복,"희소성, 감성",이케아,정관장 건강관리 1759,"정관장 건강관리 ??. ?? ??: 성분, 후기, 안전성, 건강, 부모님, 회복.",492000,377000,514000,4.41,,1,naver_api,Y,N,0.803,0.803
male,28,770000.0,학생,미혼,진보적,395000.0,중저가,명품,루이비통,14,10,11,Y,6,1.0,3.0,0.0,0.6666666666666666,0.0,0.2936708860759494,0.04221635883905013,0.2,0.1875,0.75,0.019999999999999976,79000,유행,"브랜드, 희소성",설화수,루이비통 명품 1760,"루이비통 명품 ??. ?? ??: 브랜드, 희소성, 디자인, 선물, 보상, 소장.",395000,379000,279000,,,3,crawler,N,N,0.842,0.842
male,68,3240000.0,은퇴자,기혼,진보적,4000.0,초저가,식품,오뚜기,44,4,22,N,4,0.0,0.005625879043600563,1.0,0.9,0.0,0.0,0.3333333333333333,0.0,0.70875,1.0,1.0,711000,식사,"가격, 신선도",LG,오뚜기 식품 1761,"오뚜기 식품 ??. ?? ??: 가격, 신선도, 배송, 생활, 식사, 가족.",4000,3000,4000,4.07,2553.0,0,image_estimate,Y,Y,0.256,0.256
male,30,6070000.0,자영업,기혼,진보적,121000.0,중저가,패션,나이키,38,3,18,N,3,0.0,0.10395189003436427,0.0,0.6666666666666666,0.0,0.0,0.2604166666666667,0.2,0.65625,1.0,0.09999999999999998,1164000,여행,"디자인, 착용감",한샘,나이키 패션 1762,"나이키 패션 ??. ?? ??: 디자인, 착용감, 브랜드, 출근, 데이트, 여행.",121000,96000,128000,3.65,1107.0,3,crawler,Y,Y,0.558,0.558
male,58,8350000.0,전문직,기혼,보수적,3146000.0,초고가,여행,마이리얼트립,47,8,12,Y,5,1.0,2.2616822429906542,1.0,0.9,1.0,0.23204068658614113,0.17256802087215803,0.2,0.7797547673552102,1.0,0.6,1391000,휴식,"가격, 일정",마이리얼트립,마이리얼트립 여행 1763,"마이리얼트립 여행 ??. ?? ??: 가격, 일정, 숙소, 휴식, 가족, 기념일.",3146000,2683000,2416000,4.78,612.0,4,naver_api,Y,Y,0.474,0.474
male,44,2310000.0,주부,미혼,진보적,3535000.0,초고가,여행,하나투어,44,23,9,Y,14,1.0,3.0,1.0,0.9,0.0,0.25516265912305514,0.19911804613297152,0.2,0.73875,1.0,0.6,472000,가족,"가격, 일정",종근당,하나투어 여행 1764,"하나투어 여행 ??. ?? ??: 가격, 일정, 숙소, 휴식, 가족, 기념일.",3535000,2948000,2633000,4.31,2695.0,4,naver_api,Y,Y,0.587,0.587
male,51,6790000.0,자영업,기혼,보수적,467000.0,중저가,가구,한샘,4,2,21,N,0,0.0,0.3869096934548467,0.0,0.0,0.0,0.33832976445396146,0.33048433048433046,0.2,0.46,1.0,0.37,1207000,선물,"희소성, 감성",COS,한샘 가구 1765,"한샘 가구 ??. ?? ??: 내구성, 크기, 디자인, 이사, 인테리어, 생활.",467000,351000,309000,4.08,,4,crawler,Y,N,0.679,0.679
male,24,3380000.0,사무직,미혼,보수적,547000.0,고가,화장품,이니스프리,42,7,9,Y,4,0.4783783783783784,1.4783783783783784,1.0,0.9,0.0,0.04570383912248629,0.26036866359447003,0.2,0.6925,1.0,0.52,370000,선물,"성분, 가격",LG,이니스프리 화장품 1766,"이니스프리 화장품 ??. ?? ??: 성분, 가격, 후기, 피부관리, 선물, 데일리.",547000,434000,522000,3.94,1734.0,4,crawler,Y,Y,0.396,0.396
male,43,4970000.0,사무직,기혼,보수적,2916000.0,초고가,가구,이케아,39,11,17,Y,5,1.0,3.0,0.0,0.6666666666666666,0.0,0.33127572016460904,0.11128048780487805,0.2,0.7189730214134378,1.0,0.37,498000,선물,"내구성, 크기",구찌,이케아 가구 1767,"이케아 가구 ??. ?? ??: 내구성, 크기, 디자인, 이사, 인테리어, 생활.",2916000,2624000,1950000,4.23,763.0,4,user_input,Y,Y,0.801,0.801
male,53,4210000.0,프리랜서,기혼,보수적,56000.0,저가,식품,오뚜기,44,2,19,N,3,0.0,0.07476635514018691,1.0,0.9,0.0,0.10714285714285714,0.3023255813953488,0.2,0.76875,1.0,1.0,749000,생활,"가격, 신선도",LG,오뚜기 식품 1768,"오뚜기 식품 ??. ?? ??: 가격, 신선도, 배송, 생활, 식사, 가족.",56000,43000,50000,4.55,1413.0,3,naver_api,Y,Y,0.281,0.281
female,25,700000.0,학생,미혼,진보적,130000.0,중저가,생활용품,3M,49,5,11,Y,5,0.07438016528925617,1.0743801652892562,0.0,0.0,1.0,0.3384615384615385,0.18181818181818182,0.0,0.76875,1.0,0.57,121000,가정,"희소성, 감성",3M,3M 생활용품 1769,"3M 생활용품 ??. ?? ??: 가격, 내구성, 용량, 생활, 청소, 가정.",130000,110000,86000,4.55,1721.0,0,user_input,Y,Y,0.563,0.563
female,33,7010000.0,자영업,미혼,진보적,15000.0,초저가,화장품,설화수,10,4,3,N,1,0.0,0.02403846153846154,1.0,0.9,1.0,0.13333333333333333,0.25,0.2,0.49000000000000005,1.0,0.52,624000,피부관리,"성분, 가격",설화수,설화수 화장품 1770,"설화수 화장품 ??. ?? ??: 성분, 가격, 후기, 피부관리, 선물, 데일리.",15000,12000,13000,4.32,,4,manual,Y,N,0.238,0.238
female,35,8880000.0,대기업직원,미혼,진보적,83000.0,저가,건강관리,정관장,48,5,21,N,1,0.0,0.1089238845144357,1.0,0.6666666666666666,0.0,0.3132530120481928,0.0375,0.2,0.6375,1.0,0.95,762000,건강,"성분, 후기",리바트,정관장 건강관리 1771,"정관장 건강관리 ??. ?? ??: 성분, 후기, 안전성, 건강, 부모님, 회복.",83000,80000,57000,3.5,1144.0,1,image_estimate,Y,Y,0.363,0.363
female,47,3480000.0,프리랜서,기혼,보수적,59000.0,저가,교육,클래스101,40,2,11,N,3,0.0,0.14014251781472684,1.0,0.9,0.0,0.22033898305084745,0.37209302325581395,0.2,0.60375,1.0,1.0,421000,취업,"강의품질, 가격",하나투어,클래스101 교육 1772,"클래스101 교육 ??. ?? ??: 강의품질, 가격, 커리큘럼, 공부, 취업, 자기계발.",59000,43000,46000,3.23,1425.0,2,crawler,Y,Y,0.314,0.314
male,30,5500000.0,프리랜서,미혼,진보적,1132000.0,고가,교육,패스트캠퍼스,47,5,18,Y,6,0.4953764861294583,1.4953764861294583,1.0,0.9,0.0,0.18021201413427562,0.20042417815482502,0.2,0.62,1.0,1.0,757000,취업,"강의품질, 가격",샤넬,패스트캠퍼스 교육 1773,"패스트캠퍼스 교육 ??. ?? ??: 강의품질, 가격, 커리큘럼, 공부, 취업, 자기계발.",1132000,943000,928000,3.36,2075.0,1,naver_api,Y,Y,0.424,0.424
female,60,3380000.0,공무원,미혼,보수적,51000.0,저가,패션,ZARA,46,5,17,N,2,0.0,0.09751434034416825,1.0,0.0,0.0,0.0392156862745098,0.04081632653061224,0.2,0.6625000000000001,1.0,0.6,523000,데이트,"희소성, 감성",다이소,ZARA 패션 1774,"ZARA 패션 ??. ?? ??: 디자인, 착용감, 브랜드, 출근, 데이트, 여행.",51000,49000,49000,3.7,2006.0,4,crawler,Y,Y,0.441,0.441
male,54,7270000.0,대기업직원,미혼,진보적,80000.0,저가,가구,리바트,17,0,22,N,2,0.0,0.25477707006369427,0.0,0.0,0.0,0.2125,0.17647058823529413,0.2,0.385,1.0,0.37,314000,선물,"희소성, 감성",3M,리바트 가구 1775,"리바트 가구 ??. ?? ??: 내구성, 크기, 디자인, 이사, 인테리어, 생활.",80000,68000,63000,3.48,,4,crawler,Y,N,0.667,0.667
male,30,860000.0,취업준비생,기혼,진보적,244000.0,중저가,교육,메가스터디,11,6,10,Y,4,0.33333333333333326,1.3333333333333333,1.0,0.9,1.0,0.20901639344262296,0.03829787234042553,0.2,0.48625,1.0,1.0,183000,공부,"강의품질, 가격",메가스터디,메가스터디 교육 1776,"메가스터디 교육 ??. ?? ??: 강의품질, 가격, 커리큘럼, 공부, 취업, 자기계발.",244000,235000,193000,4.29,,2,naver_api,Y,N,0.302,0.302
female,32,1030000.0,취업준비생,기혼,보수적,853000.0,고가,가구,이케아,36,10,12,Y,9,1.0,3.0,0.0,0.0,0.0,0.3141852286049238,0.21164772727272727,0.2,0.7315961042706522,1.0,0.37,148000,소장,"희소성, 감성",설화수,이케아 가구 1777,"이케아 가구 ??. ?? ??: 내구성, 크기, 디자인, 이사, 인테리어, 생활.",853000,704000,585000,4.38,644.0,1,user_input,Y,Y,0.897,0.897
male,53,4740000.0,공무원,기혼,보수적,9000.0,초저가,생활용품,3M,55,4,11,N,4,0.0,0.02284263959390863,1.0,0.0,0.0,0.0,0.05,0.2,0.66625,1.0,1.0,394000,청소,"희소성, 감성",오뚜기,3M 생활용품 1778,"3M 생활용품 ??. ?? ??: 가격, 내구성, 용량, 생활, 청소, 가정.",9000,9000,9000,3.73,2772.0,2,crawler,Y,Y,0.387,0.387
female,51,4560000.0,사무직,기혼,진보적,20000.0,초저가,생활용품,다이소,35,0,1,N,2,0.0,0.022573363431151242,1.0,0.9,1.0,0.0,0.1111111111111111,0.2,0.738587627927791,1.0,1.0,886000,청소,"가격, 내구성",다이소,다이소 생활용품 1779,"다이소 생활용품 ??. ?? ??: 가격, 내구성, 용량, 생활, 청소, 가정.",20000,18000,21000,4.44,635.0,2,user_input,Y,Y,0.172,0.172
female,47,3560000.0,사무직,미혼,진보적,989000.0,고가,가구,리바트,40,5,12,Y,5,0.2810880829015545,1.2810880829015545,0.0,0.0,1.0,0.14459049544994945,0.2844155844155844,0.2,0.6429179702915335,1.0,0.37,772000,선물,"희소성, 감성",리바트,리바트 가구 1780,"리바트 가구 ??. ?? ??: 내구성, 크기, 디자인, 이사, 인테리어, 생활.",989000,770000,846000,3.59,851.0,3,crawler,Y,Y,0.65,0.65
male,19,830000.0,학생,미혼,보수적,18000.0,초저가,식품,동원,9,3,10,N,1,0.0,0.32142857142857145,1.0,0.9,0.0,0.2222222222222222,0.058823529411764705,0.2,0.1875,0.75,1.0,56000,생활,"가격, 신선도",오뚜기,동원 식품 1781,"동원 식품 ??. ?? ??: 가격, 신선도, 배송, 생활, 식사, 가족.",18000,17000,14000,,,3,naver_api,N,N,0.323,0.323
male,53,3310000.0,사무직,미혼,진보적,2131000.0,초고가,명품,샤넬,41,11,17,Y,7,1.0,3.0,1.0,0.3333333333333333,0.0,0.28484279680900987,0.06178375685102142,0.2,0.81,1.0,0.52,114000,보상,"희소성, 감성",3M,샤넬 명품 1782,"샤넬 명품 ??. ?? ??: 브랜드, 희소성, 디자인, 선물, 보상, 소장.",2131000,2007000,1524000,4.88,3186.0,2,manual,Y,Y,0.64,0.64
female,48,4080000.0,프리랜서,기혼,진보적,984000.0,고가,여행,마이리얼트립,48,7,16,Y,2,0.09944134078212286,1.0994413407821229,1.0,0.0,1.0,0.0,0.07423580786026202,0.2,0.66,1.0,0.6,895000,휴식,"희소성, 감성",마이리얼트립,마이리얼트립 여행 1783,"마이리얼트립 여행 ??. ?? ??: 가격, 일정, 숙소, 휴식, 가족, 기념일.",984000,916000,1011000,3.68,2630.0,4,naver_api,Y,Y,0.38,0.38
male,43,3690000.0,프리랜서,기혼,진보적,656000.0,고가,명품,프라다,37,4,1,Y,5,1.0,2.3768115942028984,1.0,0.3333333333333333,0.0,0.22865853658536586,0.34151329243353784,0.2,0.7025900729767376,1.0,0.52,276000,선물,"희소성, 감성",마이리얼트립,프라다 명품 1784,"프라다 명품 ??. ?? ??: 브랜드, 희소성, 디자인, 선물, 보상, 소장.",656000,489000,506000,4.32,355.0,4,naver_api,Y,Y,0.697,0.697
male,27,6350000.0,대기업직원,미혼,보수적,218000.0,중저가,교육,메가스터디,7,0,0,N,1,0.0,0.19190140845070422,0.0,0.9,0.0,0.0,0.3132530120481928,0.2,0.1875,0.75,0.57,1136000,자기계발,"강의품질, 가격",구찌,메가스터디 교육 1785,"메가스터디 교육 ??. ?? ??: 강의품질, 가격, 커리큘럼, 공부, 취업, 자기계발.",218000,166000,226000,,,3,crawler,N,N,0.544,0.544
male,28,5050000.0,프리랜서,미혼,진보적,930000.0,고가,여행,대한항공,41,4,17,Y,5,1.0,3.0,1.0,0.0,0.0,0.210752688172043,0.20466321243523317,0.2,0.78375,1.0,0.6,201000,휴식,"희소성, 감성",다이소,대한항공 여행 1786,"대한항공 여행 ??. ?? ??: 가격, 일정, 숙소, 휴식, 가족, 기념일.",930000,772000,734000,4.67,1063.0,4,image_estimate,Y,Y,0.69,0.69
female,65,5580000.0,자영업,기혼,보수적,889000.0,고가,건강관리,종근당,43,2,11,Y,3,0.47920133111480867,1.4792013311148087,0.0,0.6666666666666666,0.0,0.3689538807649044,0.13392857142857142,0.2,0.6375,1.0,0.44999999999999996,601000,유행,"성분, 후기",샤넬,종근당 건강관리 1787,"종근당 건강관리 ??. ?? ??: 성분, 후기, 안전성, 건강, 부모님, 회복.",889000,784000,561000,,3092.0,1,crawler,N,Y,0.656,0.656
female,48,4230000.0,자영업,기혼,진보적,1220000.0,고가,건강관리,센트룸,50,8,20,Y,2,0.9488817891373802,1.9488817891373802,1.0,0.6666666666666666,1.0,0.020491803278688523,0.3289760348583878,0.2,0.61625,1.0,0.95,626000,건강,"성분, 후기",센트룸,센트룸 건강관리 1788,"센트룸 건강관리 ??. ?? ??: 성분, 후기, 안전성, 건강, 부모님, 회복.",1220000,918000,1195000,3.33,2828.0,2,user_input,Y,Y,0.476,0.476
male,62,2370000.0,은퇴자,기혼,보수적,2117000.0,초고가,전자기기,LG,49,11,1,Y,7,1.0,3.0,0.0,0.9375,0.0,0.3070382616910723,0.09916926272066459,0.2,0.6012500000000001,1.0,0.37,430000,선물,"성능, 배터리",마이리얼트립,LG 전자기기 1789,"LG 전자기기 ??. ?? ??: 성능, 배터리, 휴대성, 업무, 공부, 게임, 콘텐츠.",2117000,1926000,1467000,3.21,3099.0,4,user_input,Y,Y,0.761,0.761
male,27,1250000.0,취업준비생,기혼,진보적,2349000.0,초고가,건강관리,종근당,8,23,12,Y,16,1.0,3.0,1.0,0.6666666666666666,1.0,0.06726266496381439,0.22152886115444617,0.2,0.35625,1.0,0.95,40000,건강,"성분, 후기",종근당,종근당 건강관리 1790,"종근당 건강관리 ??. ?? ??: 성분, 후기, 안전성, 건강, 부모님, 회복.",2349000,1923000,2191000,3.25,,1,manual,Y,N,0.481,0.481
female,32,7660000.0,전문직,미혼,진보적,117000.0,중저가,전자기기,삼성,43,1,10,N,1,0.0,0.0724907063197026,0.0,0.9375,1.0,0.29914529914529914,0.13592233009708737,0.2,0.6375,1.0,0.37,1614000,소장,"성능, 배터리",삼성,삼성 전자기기 1791,"삼성 전자기기 ??. ?? ??: 성능, 배터리, 휴대성, 업무, 공부, 게임, 콘텐츠.",117000,103000,82000,3.5,1420.0,3,image_estimate,Y,Y,0.473,0.473
female,38,8660000.0,대기업직원,기혼,진보적,284000.0,중저가,여행,대한항공,50,5,11,N,3,0.0,0.3506172839506173,0.0,0.9,1.0,0.0,0.25663716814159293,0.2,0.67875,1.0,0.09999999999999998,810000,기념일,"가격, 일정",대한항공,대한항공 여행 1792,"대한항공 여행 ??. ?? ??: 가격, 일정, 숙소, 휴식, 가족, 기념일.",284000,226000,292000,3.83,2673.0,4,image_estimate,Y,Y,0.441,0.441
female,47,7170000.0,자영업,기혼,보수적,8000.0,초저가,생활용품,3M,50,3,21,N,2,0.0,0.019559902200488997,0.0,0.0,1.0,0.125,0.05,0.0,0.70875,1.0,0.57,409000,가정,"희소성, 감성",3M,3M 생활용품 1793,"3M 생활용품 ??. ?? ??: 가격, 내구성, 용량, 생활, 청소, 가정.",8000,8000,7000,4.07,1199.0,0,naver_api,Y,Y,0.537,0.537
male,39,7060000.0,대기업직원,기혼,보수적,3091000.0,초고가,여행,대한항공,45,8,21,Y,5,1.0,3.0,0.0,0.0,1.0,0.36881268197994177,0.2906054279749478,0.2,0.6375,1.0,0.09999999999999998,445000,유행,"희소성, 감성",대한항공,대한항공 여행 1794,"대한항공 여행 ??. ?? ??: 가격, 일정, 숙소, 휴식, 가족, 기념일.",3091000,2395000,1951000,3.5,1258.0,4,crawler,Y,Y,0.827,0.827
female,40,4550000.0,프리랜서,기혼,보수적,8000.0,초저가,생활용품,3M,42,2,12,N,2,0.0,0.05194805194805195,0.0,0.9,1.0,0.125,0.05,0.0,0.7656636178879228,1.0,0.57,154000,휴식,"가격, 내구성",3M,3M 생활용품 1795,"3M 생활용품 ??. ?? ??: 가격, 내구성, 용량, 생활, 청소, 가정.",8000,8000,7000,4.89,283.0,0,image_estimate,Y,Y,0.351,0.351
male,32,5470000.0,공무원,기혼,보수적,36000.0,저가,생활용품,유한킴벌리,32,2,9,N,0,0.0,0.06217616580310881,1.0,0.9,1.0,0.027777777777777776,0.09090909090909091,0.2,0.7185651184518127,1.0,1.0,579000,청소,"가격, 내구성",유한킴벌리,유한킴벌리 생활용품 1796,"유한킴벌리 생활용품 ??. ?? ??: 가격, 내구성, 용량, 생활, 청소, 가정.",36000,33000,35000,4.78,112.0,2,user_input,Y,Y,0.172,0.172
female,23,600000.0,학생,미혼,보수적,199000.0,중저가,패션,나이키,40,4,21,Y,4,1.0,2.518987341772152,1.0,0.0,1.0,0.1407035175879397,0.33557046979865773,0.2,0.622874999798886,1.0,0.6,79000,출근,"희소성, 감성",나이키,나이키 패션 1797,"나이키 패션 ??. ?? ??: 디자인, 착용감, 브랜드, 출근, 데이트, 여행.",199000,149000,171000,3.48,715.0,4,image_estimate,Y,Y,0.619,0.619
female,20,630000.0,학생,미혼,진보적,382000.0,중저가,명품,구찌,5,9,16,Y,8,1.0,3.0,0.0,0.3333333333333333,1.0,0.18586387434554974,0.1437125748502994,0.2,0.56125,1.0,0.019999999999999976,82000,유행,"희소성, 감성",구찌,구찌 명품 1798,"구찌 명품 ??. ?? ??: 브랜드, 희소성, 디자인, 선물, 보상, 소장.",382000,334000,311000,4.89,,4,naver_api,Y,N,0.786,0.786
female,29,940000.0,취업준비생,미혼,진보적,340000.0,중저가,전자기기,레노버,17,7,17,Y,7,1.0,3.0,0.0,0.9375,1.0,0.09705882352941177,0.2781954887218045,0.2,0.1875,0.75,0.37,91000,휴식,"성능, 배터리",레노버,레노버 전자기기 1799,"레노버 전자기기 ??. ?? ??: 성능, 배터리, 휴대성, 업무, 공부, 게임, 콘텐츠.",340000,266000,307000,,,2,image_estimate,N,N,0.701,0.701
female,49,4520000.0,사무직,기혼,보수적,435000.0,중저가,건강관리,센트룸,43,5,19,N,1,0.4948453608247423,1.4948453608247423,1.0,0.6666666666666666,1.0,0.0367816091954023,0.1096938775510204,0.2,0.7925,1.0,0.95,291000,건강,"성분, 후기",센트룸,센트룸 건강관리 1800,"센트룸 건강관리 ??. ?? ??: 성분, 후기, 안전성, 건강, 부모님, 회복.",435000,392000,419000,4.74,2925.0,3,naver_api,Y,Y,0.323,0.323
male,29,860000.0,학생,미혼,보수적,6553000.0,초고가,전자기기,소니,11,60,17,Y,60,1.0,3.0,1.0,0.9375,1.0,0.13062719365176256,0.3692018386961972,0.2,0.52,1.0,0.87,125000,공부,"성능, 배터리",소니,소니 전자기기 1801,"소니 전자기기 ??. ?? ??: 성능, 배터리, 휴대성, 업무, 공부, 게임, 콘텐츠.",6553000,4786000,5697000,4.56,,4,crawler,Y,N,0.47,0.47
male,47,4100000.0,자영업,미혼,보수적,286000.0,중저가,가구,한샘,47,2,17,N,5,0.0,0.9166666666666666,1.0,0.6666666666666666,0.0,0.24825174825174826,0.05925925925925926,0.2,0.66125,1.0,0.87,312000,이사,"내구성, 크기",아디다스,한샘 가구 1802,"한샘 가구 ??. ?? ??: 내구성, 크기, 디자인, 이사, 인테리어, 생활.",286000,270000,215000,3.69,2751.0,3,image_estimate,Y,Y,0.339,0.339
female,28,610000.0,학생,기혼,진보적,183000.0,중저가,전자기기,소니,44,3,9,Y,5,1.0,2.3461538461538463,0.0,0.0,1.0,0.19672131147540983,0.2620689655172414,0.0,0.7037500000000001,1.0,0.37,78000,유행,"희소성, 감성",소니,소니 전자기기 1803,"소니 전자기기 ??. ?? ??: 성능, 배터리, 휴대성, 업무, 공부, 게임, 콘텐츠.",183000,145000,147000,4.03,2721.0,0,user_input,Y,Y,0.776,0.776
male,67,2890000.0,은퇴자,미혼,보수적,348000.0,중저가,명품,루이비통,42,2,3,N,1,0.0,0.5928449744463373,1.0,0.6666666666666666,0.0,0.19540229885057472,0.14473684210526316,0.2,0.8,1.0,0.52,587000,선물,"브랜드, 희소성",종근당,루이비통 명품 1804,"루이비통 명품 ??. ?? ??: 브랜드, 희소성, 디자인, 선물, 보상, 소장.",348000,304000,280000,4.8,1022.0,3,manual,Y,Y,0.367,0.367
female,44,6510000.0,대기업직원,미혼,진보적,5496000.0,초고가,전자기기,소니,9,11,16,Y,11,1.0,3.0,0.0,0.9375,1.0,0.25109170305676853,0.05692307692307692,0.2,0.395,1.0,0.37,433000,소장,"성능, 배터리",소니,소니 전자기기 1805,"소니 전자기기 ??. ?? ??: 성능, 배터리, 휴대성, 업무, 공부, 게임, 콘텐츠.",5496000,5200000,4116000,3.56,,2,user_input,Y,N,0.659,0.659
female,71,2230000.0,은퇴자,기혼,보수적,67000.0,저가,생활용품,3M,2,3,22,N,1,0.0,0.21337579617834396,0.0,0.9,0.0,0.26865671641791045,0.28846153846153844,0.2,0.44625000000000004,1.0,0.57,314000,유행,"가격, 내구성",다이소,3M 생활용품 1806,"3M 생활용품 ??. ?? ??: 가격, 내구성, 용량, 생활, 청소, 가정.",67000,52000,49000,3.97,,2,crawler,Y,N,0.526,0.526
male,35,5160000.0,공무원,미혼,보수적,6101000.0,초고가,명품,프라다,45,20,19,Y,9,1.0,3.0,0.0,0.3333333333333333,1.0,0.330273725618751,0.3837604899070084,0.2,0.6000000000000001,1.0,0.019999999999999976,1030000,소장,"희소성, 감성",프라다,프라다 명품 1807,"프라다 명품 ??. ?? ??: 브랜드, 희소성, 디자인, 선물, 보상, 소장.",6101000,4409000,4086000,3.2,2324.0,1,crawler,Y,Y,0.793,0.793
female,42,5140000.0,사무직,기혼,진보적,40000.0,저가,교육,메가스터디,57,3,19,N,3,0.0,0.14084507042253522,0.0,0.9,0.0,0.35,0.3333333333333333,0.2,0.6025,1.0,0.57,284000,자기계발,"강의품질, 가격",이니스프리,메가스터디 교육 1808,"메가스터디 교육 ??. ?? ??: 강의품질, 가격, 커리큘럼, 공부, 취업, 자기계발.",40000,30000,26000,3.22,3704.0,4,user_input,Y,Y,0.544,0.544
male,28,5130000.0,사무직,미혼,보수적,175000.0,중저가,패션,나이키,54,3,21,N,2,0.0,0.43532338308457713,0.0,0.6666666666666666,1.0,0.05142857142857143,0.19047619047619047,0.0,0.6950000000000001,1.0,0.09999999999999998,402000,여행,"디자인, 착용감",나이키,나이키 패션 1809,"나이키 패션 ??. ?? ??: 디자인, 착용감, 브랜드, 출근, 데이트, 여행.",175000,147000,166000,3.96,3484.0,0,crawler,Y,Y,0.452,0.452
female,31,1320000.0,취업준비생,기혼,보수적,208000.0,중저가,여행,하나투어,47,6,14,N,5,1.0,3.0,1.0,0.0,0.0,0.15865384615384615,0.3333333333333333,0.2,0.6575,1.0,0.6,42000,가족,"희소성, 감성",나이키,하나투어 여행 1810,"하나투어 여행 ??. ?? ??: 가격, 일정, 숙소, 휴식, 가족, 기념일.",208000,156000,175000,3.66,3024.0,1,manual,Y,Y,0.696,0.696
male,28,1060000.0,취업준비생,미혼,보수적,894000.0,고가,여행,대한항공,48,12,9,Y,7,1.0,3.0,0.0,0.0,0.0,0.0,0.26628895184135976,0.0,0.62375,1.0,0.09999999999999998,122000,기념일,"희소성, 감성",동원,대한항공 여행 1811,"대한항공 여행 ??. ?? ??: 가격, 일정, 숙소, 휴식, 가족, 기념일.",894000,706000,906000,3.39,1740.0,0,image_estimate,Y,Y,0.848,0.848
female,57,5500000.0,대기업직원,기혼,보수적,27000.0,초저가,식품,오뚜기,38,5,18,N,2,0.0,0.053465346534653464,1.0,0.0,1.0,0.2222222222222222,0.35,0.2,0.8049999999999999,1.0,1.0,505000,식사,"희소성, 감성",오뚜기,오뚜기 식품 1812,"오뚜기 식품 ??. ?? ??: 가격, 신선도, 배송, 생활, 식사, 가족.",27000,20000,21000,4.84,1651.0,3,image_estimate,Y,Y,0.387,0.387
female,52,6820000.0,전문직,미혼,진보적,1388000.0,고가,가구,이케아,44,5,2,Y,3,1.0,3.0,0.0,0.6666666666666666,1.0,0.1239193083573487,0.2641165755919854,0.0,0.68625,1.0,0.37,427000,선물,"내구성, 크기",이케아,이케아 가구 1813,"이케아 가구 ??. ?? ??: 내구성, 크기, 디자인, 이사, 인테리어, 생활.",1388000,1098000,1216000,3.89,2049.0,0,manual,Y,Y,0.706,0.706
male,33,4610000.0,프리랜서,기혼,진보적,93000.0,저가,건강관리,센트룸,3,4,11,N,2,0.0,0.1203104786545925,1.0,0.6666666666666666,0.0,0.1827956989247312,0.08139534883720931,0.2,0.1875,0.75,0.95,773000,부모님,"성분, 후기",종근당,센트룸 건강관리 1814,"센트룸 건강관리 ??. ?? ??: 성분, 후기, 안전성, 건강, 부모님, 회복.",93000,86000,76000,,,4,naver_api,N,N,0.376,0.376
female,56,2960000.0,주부,기혼,보수적,1915000.0,고가,여행,대한항공,41,13,14,Y,6,1.0,3.0,0.0,0.9,1.0,0.2814621409921671,0.3270963270963271,0.2,0.6475,1.0,0.09999999999999998,237000,기념일,"가격, 일정",대한항공,대한항공 여행 1815,"대한항공 여행 ??. ?? ??: 가격, 일정, 숙소, 휴식, 가족, 기념일.",1915000,1443000,1376000,3.58,1275.0,2,image_estimate,Y,Y,0.707,0.707
male,52,3060000.0,사무직,기혼,보수적,2684000.0,초고가,여행,마이리얼트립,50,12,9,Y,8,1.0,3.0,1.0,0.9,1.0,0.26751117734724295,0.14553990610328638,0.0,0.7024999999999999,1.0,0.6,492000,가족,"가격, 일정",마이리얼트립,마이리얼트립 여행 1816,"마이리얼트립 여행 ??. ?? ??: 가격, 일정, 숙소, 휴식, 가족, 기념일.",2684000,2343000,1966000,4.02,2976.0,0,manual,Y,Y,0.452,0.452
female,51,3660000.0,사무직,미혼,진보적,955000.0,고가,여행,대한항공,42,8,10,Y,2,0.44042232277526394,1.440422322775264,0.0,0.9,0.0,0.06596858638743455,0.13555291319857313,0.2,0.6375,1.0,0.09999999999999998,663000,유행,"가격, 일정",센트룸,대한항공 여행 1817,"대한항공 여행 ??. ?? ??: 가격, 일정, 숙소, 휴식, 가족, 기념일.",955000,841000,892000,,3854.0,2,manual,N,Y,0.599,0.599
female,53,6740000.0,자영업,기혼,진보적,537000.0,고가,여행,마이리얼트립,50,3,0,Y,3,0.0,0.44974874371859297,0.0,0.9,0.0,0.1713221601489758,0.11875,0.2,0.61875,1.0,0.09999999999999998,1194000,선물,"가격, 일정",하나투어,마이리얼트립 여행 1818,"마이리얼트립 여행 ??. ?? ??: 가격, 일정, 숙소, 휴식, 가족, 기념일.",537000,480000,445000,3.35,1789.0,3,user_input,Y,Y,0.545,0.545
male,28,790000.0,학생,미혼,진보적,26000.0,초저가,식품,동원,52,6,1,N,0,0.0,0.3291139240506329,1.0,0.0,0.0,0.11538461538461539,0.3,0.2,0.6375,1.0,1.0,79000,식사,"희소성, 감성",ZARA,동원 식품 1819,"동원 식품 ??. ?? ??: 가격, 신선도, 배송, 생활, 식사, 가족.",26000,20000,23000,3.5,2653.0,3,crawler,Y,Y,0.455,0.455
female,53,3900000.0,공무원,기혼,진보적,2859000.0,초고가,전자기기,LG,37,10,21,Y,8,1.0,3.0,0.0,0.9375,0.0,0.24204267226302903,0.20582032897511598,0.2,0.6375,1.0,0.37,771000,선물,"성능, 배터리",한샘,LG 전자기기 1820,"LG 전자기기 ??. ?? ??: 성능, 배터리, 휴대성, 업무, 공부, 게임, 콘텐츠.",2859000,2371000,2167000,,1035.0,1,crawler,N,Y,0.769,0.769
male,40,9530000.0,전문직,기혼,진보적,1251000.0,고가,패션,ZARA,7,4,16,Y,1,0.7820512820512822,1.7820512820512822,1.0,0.6666666666666666,0.0,0.15987210231814547,0.13830755232029118,0.0,0.1875,0.75,0.6,702000,출근,"디자인, 착용감",3M,ZARA 패션 1821,"ZARA 패션 ??. ?? ??: 디자인, 착용감, 브랜드, 출근, 데이트, 여행.",1251000,1099000,1051000,,,0,crawler,N,N,0.571,0.571
male,55,10360000.0,전문직,기혼,보수적,5483000.0,초고가,명품,프라다,49,11,17,Y,9,1.0,3.0,0.0,0.6666666666666666,1.0,0.15101221958781688,0.28047641289117237,0.2,0.6375,1.0,0.019999999999999976,554000,휴식,"브랜드, 희소성",프라다,프라다 명품 1822,"프라다 명품 ??. ?? ??: 브랜드, 희소성, 디자인, 선물, 보상, 소장.",5483000,4282000,4655000,,1469.0,3,naver_api,N,Y,0.73,0.73
female,28,750000.0,학생,미혼,보수적,3519000.0,초고가,전자기기,레노버,9,57,9,Y,39,1.0,3.0,1.0,0.9375,0.0,0.0,0.11537242472266244,0.2,0.1875,0.75,0.87,107000,공부,"성능, 배터리",정관장,레노버 전자기기 1823,"레노버 전자기기 ??. ?? ??: 성능, 배터리, 휴대성, 업무, 공부, 게임, 콘텐츠.",3519000,3155000,3721000,,,4,user_input,N,N,0.558,0.558
female,55,6140000.0,공무원,기혼,보수적,5461000.0,초고가,명품,프라다,15,12,21,Y,7,1.0,3.0,1.0,0.3333333333333333,1.0,0.005493499359091741,0.29101654846335695,0.2,0.4375,1.0,0.52,1011000,선물,"희소성, 감성",프라다,프라다 명품 1824,"프라다 명품 ??. ?? ??: 브랜드, 희소성, 디자인, 선물, 보상, 소장.",5461000,4230000,5431000,3.9,,3,crawler,Y,N,0.567,0.567
female,60,3510000.0,은퇴자,기혼,진보적,286000.0,중저가,가구,리바트,8,5,14,N,2,0.0,0.3803191489361702,1.0,0.0,0.0,0.07692307692307693,0.1,0.2,0.5375000000000001,1.0,0.87,752000,이사,"희소성, 감성",마이리얼트립,리바트 가구 1825,"리바트 가구 ??. ?? ??: 내구성, 크기, 디자인, 이사, 인테리어, 생활.",286000,260000,264000,4.7,,2,crawler,Y,N,0.433,0.433
female,40,5740000.0,대기업직원,미혼,진보적,1633000.0,고가,건강관리,정관장,6,5,22,Y,3,0.9938949938949939,1.993894993894994,0.0,0.6666666666666666,0.0,0.3447642375995101,0.19985304922850844,0.2,0.4825,1.0,0.44999999999999996,819000,유행,"성분, 후기",애플,정관장 건강관리 1826,"정관장 건강관리 ??. ?? ??: 성분, 후기, 안전성, 건강, 부모님, 회복.",1633000,1361000,1070000,4.26,,1,manual,Y,N,0.81,0.81
female,37,4320000.0,공무원,미혼,진보적,132000.0,중저가,건강관리,센트룸,11,3,19,N,0,0.0,0.2796610169491525,0.0,0.6666666666666666,0.0,0.25757575757575757,0.17857142857142858,0.2,0.50125,1.0,0.44999999999999996,472000,회복,"성분, 후기",메가스터디,센트룸 건강관리 1827,"센트룸 건강관리 ??. ?? ??: 성분, 후기, 안전성, 건강, 부모님, 회복.",132000,112000,98000,4.41,,3,image_estimate,Y,N,0.561,0.561
female,60,3450000.0,은퇴자,미혼,진보적,67000.0,저가,교육,클래스101,17,1,11,N,4,0.0,0.09396914446002805,1.0,0.0,1.0,0.0,0.17543859649122806,0.0,0.3725,1.0,1.0,713000,취업,"희소성, 감성",클래스101,클래스101 교육 1828,"클래스101 교육 ??. ?? ??: 강의품질, 가격, 커리큘럼, 공부, 취업, 자기계발.",67000,57000,68000,3.38,,0,image_estimate,Y,N,0.364,0.364
female,31,9370000.0,대기업직원,기혼,진보적,171000.0,중저가,교육,패스트캠퍼스,3,5,20,N,0,0.0,0.19632606199770378,0.0,0.9,0.0,0.21637426900584794,0.26666666666666666,0.2,0.40125,1.0,0.57,871000,휴식,"강의품질, 가격",메가스터디,패스트캠퍼스 교육 1829,"패스트캠퍼스 교육 ??. ?? ??: 강의품질, 가격, 커리큘럼, 공부, 취업, 자기계발.",171000,135000,134000,3.61,,3,user_input,Y,N,0.512,0.512
male,57,6870000.0,전문직,미혼,진보적,116000.0,중저가,화장품,라네즈,46,5,12,N,3,0.0,0.20976491862567812,0.0,0.9,1.0,0.2413793103448276,0.04504504504504504,0.0,0.7375,1.0,0.019999999999999976,553000,데일리,"성분, 가격",라네즈,라네즈 화장품 1830,"라네즈 화장품 ??. ?? ??: 성분, 가격, 후기, 피부관리, 선물, 데일리.",116000,111000,88000,4.3,3123.0,0,user_input,Y,Y,0.398,0.398
female,45,4130000.0,자영업,기혼,진보적,238000.0,중저가,화장품,설화수,46,1,21,N,3,0.16666666666666674,1.1666666666666667,1.0,0.9,1.0,0.09243697478991597,0.16666666666666666,0.0,0.7,1.0,0.52,204000,선물,"성분, 가격",설화수,설화수 화장품 1831,"설화수 화장품 ??. ?? ??: 성분, 가격, 후기, 피부관리, 선물, 데일리.",238000,204000,216000,4.0,3294.0,0,crawler,Y,Y,0.26,0.26
female,53,6380000.0,자영업,기혼,진보적,78000.0,저가,가구,이케아,41,4,22,N,4,0.0,0.12745098039215685,1.0,0.6666666666666666,1.0,0.02564102564102564,0.23809523809523808,0.0,0.7343265934734124,1.0,0.87,612000,인테리어,"내구성, 크기",이케아,이케아 가구 1832,"이케아 가구 ??. ?? ??: 내구성, 크기, 디자인, 이사, 인테리어, 생활.",78000,63000,76000,4.37,719.0,0,naver_api,Y,Y,0.263,0.263
male,49,4060000.0,사무직,기혼,진보적,4000.0,초저가,식품,오뚜기,15,0,18,N,4,0.0,0.007797270955165692,1.0,0.9,0.0,0.25,0.05,0.0,0.48625,1.0,1.0,513000,생활,"가격, 신선도",패스트캠퍼스,오뚜기 식품 1833,"오뚜기 식품 ??. ?? ??: 가격, 신선도, 배송, 생활, 식사, 가족.",4000,4000,3000,4.29,,0,naver_api,Y,N,0.301,0.301
female,33,10310000.0,전문직,기혼,보수적,498000.0,중저가,여행,마이리얼트립,9,3,9,N,0,0.0,0.8097560975609757,0.0,0.9,1.0,0.0783132530120482,0.324468085106383,0.2,0.54,1.0,0.09999999999999998,615000,소장,"가격, 일정",마이리얼트립,마이리얼트립 여행 1834,"마이리얼트립 여행 ??. ?? ??: 가격, 일정, 숙소, 휴식, 가족, 기념일.",498000,376000,459000,4.72,,3,user_input,Y,N,0.454,0.454
male,36,5200000.0,자영업,기혼,보수적,1417000.0,고가,가구,이케아,52,5,9,Y,4,1.0,3.0,0.0,0.6666666666666666,0.0,0.0,0.04885270170244264,0.2,0.6074999999999999,1.0,0.37,210000,소장,"내구성, 크기",애플,이케아 가구 1835,"이케아 가구 ??. ?? ??: 내구성, 크기, 디자인, 이사, 인테리어, 생활.",1417000,1351000,1422000,3.26,3489.0,3,user_input,Y,Y,0.741,0.741
female,21,560000.0,학생,미혼,보수적,485000.0,중저가,여행,하나투어,50,15,14,Y,7,1.0,3.0,1.0,0.9,1.0,0.3154639175257732,0.23096446700507614,0.2,0.6375,1.0,0.6,76000,휴식,"가격, 일정",하나투어,하나투어 여행 1836,"하나투어 여행 ??. ?? ??: 가격, 일정, 숙소, 휴식, 가족, 기념일.",485000,394000,332000,,3143.0,1,user_input,N,Y,0.494,0.494
female,32,4450000.0,사무직,기혼,보수적,493000.0,중저가,패션,COS,56,3,15,N,3,0.0,0.6895104895104895,1.0,0.6666666666666666,0.0,0.1440162271805274,0.042283298097251586,0.2,0.63,1.0,0.6,715000,출근,"디자인, 착용감",3M,COS 패션 1837,"COS 패션 ??. ?? ??: 디자인, 착용감, 브랜드, 출근, 데이트, 여행.",493000,473000,422000,3.44,3890.0,2,user_input,Y,Y,0.332,0.332
female,34,1980000.0,주부,미혼,진보적,3605000.0,초고가,명품,프라다,49,24,1,Y,18,1.0,3.0,1.0,0.6666666666666666,0.0,0.18945908460471567,0.10009154714678059,0.2,0.6375,1.0,0.52,263000,선물,"브랜드, 희소성",ZARA,프라다 명품 1838,"프라다 명품 ??. ?? ??: 브랜드, 희소성, 디자인, 선물, 보상, 소장.",3605000,3277000,2922000,,2963.0,1,manual,N,Y,0.618,0.618
female,51,6180000.0,공무원,기혼,진보적,1033000.0,고가,교육,클래스101,43,2,22,Y,4,0.0,0.8166007905138339,0.0,0.0,0.0,0.03291384317521781,0.043434343434343436,0.2,0.6699999999999999,1.0,0.57,1265000,자기계발,"희소성, 감성",이니스프리,클래스101 교육 1839,"클래스101 교육 ??. ?? ??: 강의품질, 가격, 커리큘럼, 공부, 취업, 자기계발.",1033000,990000,999000,3.76,2910.0,3,crawler,Y,Y,0.627,0.627
male,66,2790000.0,은퇴자,기혼,진보적,335000.0,중저가,교육,메가스터디,48,1,21,N,1,0.0,0.9852941176470589,1.0,0.9,1.0,0.0,0.17543859649122806,0.2,0.7845982635838427,1.0,1.0,340000,취업,"강의품질, 가격",메가스터디,메가스터디 교육 1840,"메가스터디 교육 ??. ?? ??: 강의품질, 가격, 커리큘럼, 공부, 취업, 자기계발.",335000,285000,358000,4.79,676.0,4,manual,Y,Y,0.212,0.212
female,67,2560000.0,은퇴자,기혼,진보적,1849000.0,고가,전자기기,삼성,13,14,15,Y,6,1.0,3.0,1.0,0.9375,1.0,0.16819902650081126,0.2084967320261438,0.2,0.37375,1.0,0.87,382000,게임,"성능, 배터리",삼성,삼성 전자기기 1841,"삼성 전자기기 ??. ?? ??: 성능, 배터리, 휴대성, 업무, 공부, 게임, 콘텐츠.",1849000,1530000,1538000,3.39,,4,naver_api,Y,N,0.496,0.496
female,21,570000.0,학생,미혼,보수적,72000.0,저가,교육,패스트캠퍼스,43,2,21,N,5,0.0,0.6260869565217392,0.0,0.9,0.0,0.19444444444444445,0.058823529411764705,0.2,0.6475,1.0,0.57,115000,자기계발,"강의품질, 가격",CJ,패스트캠퍼스 교육 1842,"패스트캠퍼스 교육 ??. ?? ??: 강의품질, 가격, 커리큘럼, 공부, 취업, 자기계발.",72000,68000,58000,3.58,2977.0,3,crawler,Y,Y,0.476,0.476
male,19,720000.0,학생,미혼,진보적,10000.0,초저가,생활용품,3M,48,5,20,N,0,0.0,0.4166666666666667,0.0,0.9,0.0,0.0,0.05,0.2,0.6375,1.0,0.57,24000,유행,"가격, 내구성",삼성,3M 생활용품 1843,"3M 생활용품 ??. ?? ??: 가격, 내구성, 용량, 생활, 청소, 가정.",10000,10000,11000,,2602.0,1,crawler,N,Y,0.465,0.465
male,20,530000.0,학생,미혼,보수적,69000.0,저가,교육,메가스터디,14,2,21,N,4,0.0,0.6388888888888888,1.0,0.0,1.0,0.2318840579710145,0.2545454545454545,0.2,0.1875,0.75,1.0,108000,공부,"희소성, 감성",메가스터디,메가스터디 교육 1844,"메가스터디 교육 ??. ?? ??: 강의품질, 가격, 커리큘럼, 공부, 취업, 자기계발.",69000,55000,53000,,,1,image_estimate,N,N,0.393,0.393
female,50,3760000.0,프리랜서,미혼,진보적,275000.0,중저가,여행,마이리얼트립,51,3,22,N,5,0.0,0.527831094049904,0.0,0.9,1.0,0.1890909090909091,0.23318385650224216,0.2,0.6675,1.0,0.09999999999999998,521000,선물,"가격, 일정",마이리얼트립,마이리얼트립 여행 1845,"마이리얼트립 여행 ??. ?? ??: 가격, 일정, 숙소, 휴식, 가족, 기념일.",275000,223000,223000,3.74,1554.0,3,manual,Y,Y,0.47,0.47
male,54,4270000.0,프리랜서,미혼,보수적,1326000.0,고가,여행,대한항공,13,7,18,Y,4,1.0,2.4831460674157304,0.0,0.9,0.0,0.33408748114630465,0.3299899699097292,0.0,0.38375000000000004,1.0,0.09999999999999998,534000,유행,"가격, 일정",유한킴벌리,대한항공 여행 1846,"대한항공 여행 ??. ?? ??: 가격, 일정, 숙소, 휴식, 가족, 기념일.",1326000,997000,883000,3.47,,0,naver_api,Y,N,0.768,0.768
female,25,780000.0,취업준비생,미혼,보수적,717000.0,고가,여행,대한항공,50,14,20,Y,9,1.0,3.0,1.0,0.9,1.0,0.37656903765690375,0.036127167630057806,0.2,0.6375,1.0,0.6,140000,휴식,"가격, 일정",대한항공,대한항공 여행 1847,"대한항공 여행 ??. ?? ??: 가격, 일정, 숙소, 휴식, 가족, 기념일.",717000,692000,447000,,2447.0,1,image_estimate,N,Y,0.488,0.488
female,52,8340000.0,전문직,미혼,진보적,24000.0,초저가,식품,오뚜기,55,2,22,N,2,0.0,0.038338658146964855,1.0,0.0,0.0,0.2916666666666667,0.043478260869565216,0.2,0.7237500000000001,1.0,1.0,626000,식사,"희소성, 감성",설화수,오뚜기 식품 1848,"오뚜기 식품 ??. ?? ??: 가격, 신선도, 배송, 생활, 식사, 가족.",24000,23000,17000,4.19,3708.0,3,image_estimate,Y,Y,0.432,0.432
female,47,4120000.0,프리랜서,기혼,보수적,76000.0,저가,생활용품,유한킴벌리,37,0,21,N,3,0.0,0.2620689655172414,0.0,0.9,0.0,0.013157894736842105,0.3333333333333333,0.0,0.6799999999999999,1.0,0.57,290000,유행,"가격, 내구성",종근당,유한킴벌리 생활용품 1849,"유한킴벌리 생활용품 ??. ?? ??: 가격, 내구성, 용량, 생활, 청소, 가정.",76000,57000,75000,3.84,1274.0,0,manual,Y,Y,0.492,0.492
male,33,6630000.0,자영업,기혼,진보적,35000.0,저가,식품,오뚜기,48,0,12,N,2,0.0,0.061511423550087874,0.0,0.9,0.0,0.34285714285714286,0.09375,0.0,0.7150000000000001,1.0,0.57,569000,가족,"가격, 신선도",메가스터디,오뚜기 식품 1850,"오뚜기 식품 ??. ?? ??: 가격, 신선도, 배송, 생활, 식사, 가족.",35000,32000,23000,4.12,2506.0,0,naver_api,Y,Y,0.472,0.472
female,41,8400000.0,전문직,기혼,보수적,31000.0,저가,식품,오뚜기,44,2,19,N,4,0.0,0.06904231625835189,1.0,0.9,0.0,0.0,0.10714285714285714,0.2,0.81,1.0,1.0,449000,식사,"가격, 신선도",소니,오뚜기 식품 1851,"오뚜기 식품 ??. ?? ??: 가격, 신선도, 배송, 생활, 식사, 가족.",31000,28000,32000,4.88,1740.0,3,naver_api,Y,Y,0.271,0.271
male,33,5820000.0,공무원,기혼,보수적,288000.0,중저가,여행,대한항공,44,4,12,N,3,0.0,0.27586206896551724,1.0,0.9,0.0,0.0,0.36492890995260663,0.0,0.60625,1.0,0.6,1044000,휴식,"가격, 일정",클래스101,대한항공 여행 1852,"대한항공 여행 ??. ?? ??: 가격, 일정, 숙소, 휴식, 가족, 기념일.",288000,211000,297000,3.25,2181.0,0,crawler,Y,Y,0.307,0.307
male,58,5470000.0,자영업,기혼,진보적,62000.0,저가,교육,패스트캠퍼스,14,3,21,N,2,0.0,0.17971014492753623,1.0,0.9,1.0,0.3548387096774194,0.21568627450980393,0.2,0.45249999999999996,1.0,1.0,345000,취업,"강의품질, 가격",패스트캠퍼스,패스트캠퍼스 교육 1853,"패스트캠퍼스 교육 ??. ?? ??: 강의품질, 가격, 커리큘럼, 공부, 취업, 자기계발.",62000,51000,40000,4.02,,4,user_input,Y,N,0.253,0.253
male,41,4560000.0,자영업,미혼,진보적,40000.0,저가,화장품,이니스프리,45,4,18,N,0,0.0,0.04509582863585118,1.0,0.0,1.0,0.375,0.2903225806451613,0.2,0.81125,1.0,0.52,887000,선물,"희소성, 감성",이니스프리,이니스프리 화장품 1854,"이니스프리 화장품 ??. ?? ??: 성분, 가격, 후기, 피부관리, 선물, 데일리.",40000,31000,25000,4.89,3466.0,3,user_input,Y,Y,0.44,0.44
male,34,5290000.0,대기업직원,미혼,진보적,3614000.0,초고가,가구,리바트,21,12,22,Y,7,1.0,3.0,1.0,0.0,1.0,0.34781405644714997,0.24277854195323245,0.2,0.5739977784118004,1.0,0.87,806000,인테리어,"희소성, 감성",리바트,리바트 가구 1855,"리바트 가구 ??. ?? ??: 내구성, 크기, 디자인, 이사, 인테리어, 생활.",3614000,2908000,2357000,3.89,44.0,1,manual,Y,Y,0.656,0.656
male,52,4950000.0,공무원,기혼,진보적,2099000.0,초고가,전자기기,레노버,17,7,19,Y,4,1.0,2.074110671936759,0.0,0.0,0.0,0.26774654597427344,0.18386914833615342,0.2,0.1875,0.75,0.37,1012000,소장,"희소성, 감성",이니스프리,레노버 전자기기 1856,"레노버 전자기기 ??. ?? ??: 성능, 배터리, 휴대성, 업무, 공부, 게임, 콘텐츠.",2099000,1773000,1537000,,,2,user_input,N,N,0.925,0.925
male,57,5940000.0,공무원,미혼,진보적,14000.0,초저가,화장품,설화수,5,0,0,N,3,0.0,0.043209876543209874,1.0,0.9,0.0,0.0,0.16666666666666666,0.2,0.38375000000000004,1.0,0.52,324000,피부관리,"성분, 가격",COS,설화수 화장품 1857,"설화수 화장품 ??. ?? ??: 성분, 가격, 후기, 피부관리, 선물, 데일리.",14000,12000,14000,3.47,,2,crawler,Y,N,0.323,0.323
male,23,750000.0,학생,미혼,진보적,210000.0,중저가,교육,메가스터디,48,3,15,Y,6,1.0,2.5301204819277108,0.0,0.0,0.0,0.2,0.2883435582822086,0.2,0.65375,1.0,0.57,83000,유행,"희소성, 감성",다이소,메가스터디 교육 1858,"메가스터디 교육 ??. ?? ??: 강의품질, 가격, 커리큘럼, 공부, 취업, 자기계발.",210000,163000,168000,3.63,1518.0,4,crawler,Y,Y,0.894,0.894
male,73,3040000.0,은퇴자,기혼,진보적,23000.0,초저가,식품,오뚜기,54,0,15,N,1,0.0,0.038397328881469114,0.0,0.9,1.0,0.34782608695652173,0.15,0.2,0.6375,1.0,0.57,599000,휴식,"가격, 신선도",오뚜기,오뚜기 식품 1859,"오뚜기 식품 ??. ?? ??: 가격, 신선도, 배송, 생활, 식사, 가족.",23000,20000,15000,,2314.0,1,manual,N,Y,0.445,0.445
male,23,1120000.0,취업준비생,미혼,진보적,1084000.0,고가,교육,클래스101,48,15,14,Y,10,1.0,3.0,0.0,0.9,0.0,0.0,0.26783625730994154,0.2,0.6375,1.0,0.57,157000,휴식,"강의품질, 가격",아디다스,클래스101 교육 1860,"클래스101 교육 ??. ?? ??: 강의품질, 가격, 커리큘럼, 공부, 취업, 자기계발.",1084000,855000,1167000,,3686.0,1,naver_api,N,Y,0.729,0.729
female,36,3150000.0,주부,기혼,보수적,2184000.0,초고가,가구,이케아,36,10,17,Y,6,1.0,3.0,1.0,0.0,0.0,0.30815018315018317,0.18566775244299674,0.2,0.7862500000000001,1.0,0.87,582000,이사,"희소성, 감성",라네즈,이케아 가구 1861,"이케아 가구 ??. ?? ??: 내구성, 크기, 디자인, 이사, 인테리어, 생활.",2184000,1842000,1511000,4.69,1030.0,3,user_input,Y,Y,0.678,0.678
male,58,3220000.0,은퇴자,미혼,진보적,423000.0,중저가,전자기기,애플,3,1,11,N,4,0.0,0.9276315789473685,1.0,0.9375,1.0,0.29314420803782504,0.10443864229765012,0.0,0.36875,1.0,0.87,456000,업무,"성능, 배터리",애플,애플 전자기기 1862,"애플 전자기기 ??. ?? ??: 성능, 배터리, 휴대성, 업무, 공부, 게임, 콘텐츠.",423000,383000,299000,3.35,,0,image_estimate,Y,N,0.262,0.262
male,45,10260000.0,전문직,미혼,보수적,90000.0,저가,패션,ZARA,11,3,20,N,3,0.0,0.08645533141210375,0.0,0.0,0.0,0.23333333333333334,0.1111111111111111,0.0,0.1875,0.75,0.09999999999999998,1041000,여행,"희소성, 감성",나이키,ZARA 패션 1863,"ZARA 패션 ??. ?? ??: 디자인, 착용감, 브랜드, 출근, 데이트, 여행.",90000,81000,69000,,,0,naver_api,N,N,0.663,0.663
male,34,8900000.0,전문직,기혼,보수적,255000.0,중저가,교육,패스트캠퍼스,17,2,22,N,3,0.0,0.2961672473867596,0.0,0.9,0.0,0.23137254901960785,0.275,0.2,0.44125000000000003,1.0,0.57,861000,유행,"강의품질, 가격",라네즈,패스트캠퍼스 교육 1864,"패스트캠퍼스 교육 ??. ?? ??: 강의품질, 가격, 커리큘럼, 공부, 취업, 자기계발.",255000,200000,196000,3.93,,1,crawler,Y,N,0.538,0.538
female,38,7410000.0,자영업,기혼,보수적,243000.0,중저가,패션,ZARA,10,2,14,N,4,0.0,0.8350515463917526,1.0,0.6666666666666666,0.0,0.13580246913580246,0.31351351351351353,0.2,0.5025,1.0,0.6,291000,출근,"디자인, 착용감",마이리얼트립,ZARA 패션 1865,"ZARA 패션 ??. ?? ??: 디자인, 착용감, 브랜드, 출근, 데이트, 여행.",243000,185000,210000,4.42,,2,image_estimate,Y,N,0.364,0.364
male,43,4210000.0,자영업,기혼,진보적,31000.0,저가,생활용품,유한킴벌리,15,6,9,N,3,0.0,0.06365503080082136,1.0,0.0,0.0,0.3548387096774194,0.06896551724137931,0.2,0.4775,1.0,1.0,487000,생활,"희소성, 감성",아디다스,유한킴벌리 생활용품 1866,"유한킴벌리 생활용품 ??. ?? ??: 가격, 내구성, 용량, 생활, 청소, 가정.",31000,29000,20000,4.22,,2,manual,Y,N,0.455,0.455
female,25,1150000.0,취업준비생,미혼,진보적,56000.0,저가,교육,클래스101,35,1,21,N,3,0.0,0.5333333333333333,1.0,0.9,1.0,0.35714285714285715,0.14285714285714285,0.2,0.6378097719354922,1.0,1.0,105000,공부,"강의품질, 가격",클래스101,클래스101 교육 1867,"클래스101 교육 ??. ?? ??: 강의품질, 가격, 커리큘럼, 공부, 취업, 자기계발.",56000,49000,36000,3.62,666.0,3,user_input,Y,Y,0.251,0.251
female,24,870000.0,학생,미혼,진보적,686000.0,고가,여행,하나투어,54,14,15,Y,9,1.0,3.0,0.0,0.9,0.0,0.15743440233236153,0.0425531914893617,0.2,0.7762500000000001,1.0,0.09999999999999998,64000,유행,"가격, 일정",리바트,하나투어 여행 1868,"하나투어 여행 ??. ?? ??: 가격, 일정, 숙소, 휴식, 가족, 기념일.",686000,658000,578000,4.61,3256.0,4,image_estimate,Y,Y,0.755,0.755
male,46,3350000.0,사무직,미혼,진보적,66000.0,저가,패션,아디다스,14,2,18,N,0,0.0,0.2972972972972973,1.0,0.0,1.0,0.06060606060606061,0.2,0.2,0.5,1.0,0.6,222000,데이트,"희소성, 감성",아디다스,아디다스 패션 1869,"아디다스 패션 ??. ?? ??: 디자인, 착용감, 브랜드, 출근, 데이트, 여행.",66000,55000,62000,4.4,,4,user_input,Y,N,0.391,0.391
male,31,990000.0,취업준비생,기혼,진보적,275000.0,중저가,건강관리,종근당,43,6,3,Y,5,1.0,2.696078431372549,0.0,0.6666666666666666,0.0,0.0,0.15546218487394958,0.2,0.615,1.0,0.44999999999999996,102000,유행,"성분, 후기",클래스101,종근당 건강관리 1870,"종근당 건강관리 ??. ?? ??: 성분, 후기, 안전성, 건강, 부모님, 회복.",275000,238000,285000,3.32,2187.0,2,image_estimate,Y,Y,0.769,0.769
male,55,3440000.0,프리랜서,미혼,진보적,767000.0,고가,명품,구찌,14,5,10,Y,4,1.0,3.0,1.0,0.6666666666666666,0.0,0.34159061277705344,0.09103840682788052,0.0,0.42375,1.0,0.52,171000,선물,"브랜드, 희소성",유한킴벌리,구찌 명품 1871,"구찌 명품 ??. ?? ??: 브랜드, 희소성, 디자인, 선물, 보상, 소장.",767000,703000,505000,3.79,,0,manual,Y,N,0.643,0.643
female,64,3280000.0,은퇴자,기혼,진보적,1552000.0,고가,건강관리,센트룸,50,6,16,Y,4,1.0,3.0,1.0,0.6666666666666666,1.0,0.14368556701030927,0.3698146513680494,0.2,0.6375,1.0,0.95,303000,건강,"성분, 후기",센트룸,센트룸 건강관리 1872,"센트룸 건강관리 ??. ?? ??: 성분, 후기, 안전성, 건강, 부모님, 회복.",1552000,1133000,1329000,,2093.0,4,user_input,N,Y,0.483,0.483
male,33,8650000.0,대기업직원,미혼,보수적,949000.0,고가,명품,구찌,7,2,16,Y,1,0.48049921996879874,1.4804992199687987,1.0,0.6666666666666666,0.0,0.3530031612223393,0.04515418502202643,0.2,0.1875,0.75,0.52,641000,보상,"브랜드, 희소성",하나투어,구찌 명품 1873,"구찌 명품 ??. ?? ??: 브랜드, 희소성, 디자인, 선물, 보상, 소장.",949000,908000,614000,,,4,naver_api,N,N,0.554,0.554
male,59,3510000.0,은퇴자,미혼,보수적,553000.0,고가,여행,하나투어,55,6,22,Y,1,0.31666666666666665,1.3166666666666667,0.0,0.9,0.0,0.0,0.06551059730250482,0.2,0.7450000000000001,1.0,0.09999999999999998,420000,기념일,"가격, 일정",라네즈,하나투어 여행 1874,"하나투어 여행 ??. ?? ??: 가격, 일정, 숙소, 휴식, 가족, 기념일.",553000,519000,554000,4.36,3279.0,4,image_estimate,Y,Y,0.601,0.601
male,54,2820000.0,주부,기혼,보수적,4767000.0,초고가,명품,샤넬,12,24,22,Y,14,1.0,3.0,0.0,0.6666666666666666,0.0,0.0031466331025802393,0.13122923588039867,0.2,0.1875,0.75,0.019999999999999976,465000,유행,"브랜드, 희소성",ZARA,샤넬 명품 1875,"샤넬 명품 ??. ?? ??: 브랜드, 희소성, 디자인, 선물, 보상, 소장.",4767000,4214000,4752000,,,3,naver_api,N,N,0.818,0.818
female,46,4330000.0,공무원,기혼,진보적,362000.0,중저가,패션,나이키,16,3,21,N,1,0.0,0.6642201834862386,1.0,0.6666666666666666,0.0,0.0856353591160221,0.09036144578313253,0.2,0.1875,0.75,0.6,545000,출근,"디자인, 착용감",유한킴벌리,나이키 패션 1876,"나이키 패션 ??. ?? ??: 디자인, 착용감, 브랜드, 출근, 데이트, 여행.",362000,332000,331000,,,1,crawler,N,N,0.373,0.373
male,68,2340000.0,은퇴자,기혼,보수적,467000.0,중저가,가구,리바트,11,5,22,Y,2,1.0,2.039301310043668,0.0,0.6666666666666666,1.0,0.0,0.27595628415300544,0.2,0.48125,1.0,0.37,229000,휴식,"내구성, 크기",리바트,리바트 가구 1877,"리바트 가구 ??. ?? ??: 내구성, 크기, 디자인, 이사, 인테리어, 생활.",467000,366000,500000,4.25,,3,manual,Y,N,0.715,0.715
male,29,5700000.0,프리랜서,미혼,보수적,239000.0,중저가,전자기기,삼성,37,4,12,N,0,0.0,0.4631782945736434,1.0,0.9375,0.0,0.11715481171548117,0.10648148148148148,0.2,0.6975082862001007,1.0,0.87,516000,게임,"성능, 배터리",LG,삼성 전자기기 1878,"삼성 전자기기 ??. ?? ??: 성능, 배터리, 휴대성, 업무, 공부, 게임, 콘텐츠.",239000,216000,211000,4.22,436.0,4,manual,Y,Y,0.29,0.29
female,66,3440000.0,은퇴자,기혼,보수적,506000.0,고가,교육,클래스101,40,3,9,Y,3,1.0,3.0,1.0,0.9,1.0,0.0,0.13707865168539327,0.2,0.8054148383141211,1.0,1.0,141000,취업,"강의품질, 가격",클래스101,클래스101 교육 1879,"클래스101 교육 ??. ?? ??: 강의품질, 가격, 커리큘럼, 공부, 취업, 자기계발.",506000,445000,529000,4.9,822.0,4,naver_api,Y,Y,0.393,0.393
male,36,7420000.0,전문직,기혼,보수적,178000.0,중저가,교육,패스트캠퍼스,42,5,22,N,4,0.0,0.1359816653934301,0.0,0.0,1.0,0.0,0.17105263157894737,0.2,0.655,1.0,0.57,1309000,선물,"희소성, 감성",패스트캠퍼스,패스트캠퍼스 교육 1880,"패스트캠퍼스 교육 ??. ?? ??: 강의품질, 가격, 커리큘럼, 공부, 취업, 자기계발.",178000,152000,181000,3.64,2964.0,3,manual,Y,Y,0.56,0.56
male,57,5890000.0,공무원,기혼,진보적,51000.0,저가,건강관리,종근당,52,3,12,N,3,0.0,0.07434402332361516,0.0,0.6666666666666666,1.0,0.35294117647058826,0.34210526315789475,0.2,0.61625,1.0,0.44999999999999996,686000,유행,"성분, 후기",종근당,종근당 건강관리 1881,"종근당 건강관리 ??. ?? ??: 성분, 후기, 안전성, 건강, 부모님, 회복.",51000,38000,33000,3.33,3515.0,4,manual,Y,Y,0.482,0.482
female,19,610000.0,학생,미혼,진보적,311000.0,중저가,교육,메가스터디,54,9,20,Y,7,1.0,3.0,0.0,0.9,1.0,0.36012861736334406,0.0436241610738255,0.2,0.7737499999999999,1.0,0.57,62000,소장,"강의품질, 가격",메가스터디,메가스터디 교육 1882,"메가스터디 교육 ??. ?? ??: 강의품질, 가격, 커리큘럼, 공부, 취업, 자기계발.",311000,298000,199000,4.59,2064.0,1,manual,Y,Y,0.658,0.658
female,28,990000.0,취업준비생,미혼,보수적,47000.0,저가,생활용품,3M,5,1,12,N,1,0.0,0.6025641025641025,0.0,0.0,1.0,0.23404255319148937,0.2702702702702703,0.2,0.48000000000000004,1.0,0.57,78000,가정,"희소성, 감성",3M,3M 생활용품 1883,"3M 생활용품 ??. ?? ??: 가격, 내구성, 용량, 생활, 청소, 가정.",47000,37000,36000,4.24,,4,crawler,Y,N,0.607,0.607
male,34,2430000.0,주부,기혼,진보적,270000.0,중저가,화장품,이니스프리,17,3,20,N,1,1.0,2.0610687022900764,0.0,0.0,1.0,0.014814814814814815,0.2,0.2,0.1875,0.75,0.019999999999999976,131000,데일리,"희소성, 감성",이니스프리,이니스프리 화장품 1884,"이니스프리 화장품 ??. ?? ??: 성분, 가격, 후기, 피부관리, 선물, 데일리.",270000,225000,266000,,,2,image_estimate,N,N,0.818,0.818
male,50,2810000.0,주부,미혼,진보적,650000.0,고가,건강관리,정관장,16,5,21,Y,4,0.3978494623655915,1.3978494623655915,1.0,0.6666666666666666,0.0,0.10461538461538461,0.1111111111111111,0.0,0.1875,0.75,0.95,465000,부모님,"성분, 후기",유한킴벌리,정관장 건강관리 1885,"정관장 건강관리 ??. ?? ??: 성분, 후기, 안전성, 건강, 부모님, 회복.",650000,585000,582000,,,0,image_estimate,N,N,0.449,0.449
male,49,5180000.0,프리랜서,기혼,보수적,236000.0,중저가,화장품,라네즈,50,2,19,N,4,0.0,0.43866171003717475,1.0,0.9,1.0,0.1652542372881356,0.1346153846153846,0.2,0.7987500000000001,1.0,0.52,538000,선물,"성분, 가격",라네즈,라네즈 화장품 1886,"라네즈 화장품 ??. ?? ??: 성분, 가격, 후기, 피부관리, 선물, 데일리.",236000,208000,197000,4.79,2011.0,1,manual,Y,Y,0.229,0.229
female,62,2890000.0,은퇴자,기혼,진보적,166000.0,중저가,가구,리바트,46,1,9,N,3,0.509090909090909,1.509090909090909,1.0,0.0,1.0,0.3072289156626506,0.2868217054263566,0.0,0.77,1.0,0.87,110000,이사,"희소성, 감성",리바트,리바트 가구 1887,"리바트 가구 ??. ?? ??: 내구성, 크기, 디자인, 이사, 인테리어, 생활.",166000,129000,115000,4.56,2201.0,0,manual,Y,Y,0.502,0.502
female,40,10740000.0,전문직,기혼,진보적,1051000.0,고가,전자기기,소니,39,6,22,Y,1,0.0,0.5721284703320632,1.0,0.9375,0.0,0.1807802093244529,0.29274292742927427,0.2,0.7525,1.0,0.87,1837000,공부,"성능, 배터리",설화수,소니 전자기기 1888,"소니 전자기기 ??. ?? ??: 성능, 배터리, 휴대성, 업무, 공부, 게임, 콘텐츠.",1051000,813000,861000,4.42,1727.0,1,user_input,Y,Y,0.341,0.341
male,41,8160000.0,대기업직원,기혼,진보적,3930000.0,초고가,전자기기,LG,39,5,15,Y,8,1.0,3.0,1.0,0.9375,1.0,0.17837150127226464,0.24209860935524652,0.0,0.61875,1.0,0.87,923000,게임,"성능, 배터리",LG,LG 전자기기 1889,"LG 전자기기 ??. ?? ??: 성능, 배터리, 휴대성, 업무, 공부, 게임, 콘텐츠.",3930000,3164000,3229000,3.35,1791.0,0,user_input,Y,Y,0.468,0.468
female,33,750000.0,취업준비생,기혼,보수적,341000.0,중저가,교육,패스트캠퍼스,39,11,12,Y,8,1.0,3.0,0.0,0.9,1.0,0.25806451612903225,0.23550724637681159,0.2,0.60875,1.0,0.57,89000,소장,"강의품질, 가격",패스트캠퍼스,패스트캠퍼스 교육 1890,"패스트캠퍼스 교육 ??. ?? ??: 강의품질, 가격, 커리큘럼, 공부, 취업, 자기계발.",341000,276000,253000,3.27,1824.0,3,user_input,Y,Y,0.674,0.674
male,65,5300000.0,자영업,미혼,보수적,4765000.0,초고가,명품,프라다,7,13,0,Y,7,1.0,3.0,1.0,0.3333333333333333,1.0,0.13473242392444912,0.09641049240681086,0.2,0.1875,0.75,0.52,324000,보상,"희소성, 감성",프라다,프라다 명품 1891,"프라다 명품 ??. ?? ??: 브랜드, 희소성, 디자인, 선물, 보상, 소장.",4765000,4346000,4123000,,,2,naver_api,N,N,0.611,0.611
male,22,910000.0,학생,미혼,진보적,55000.0,저가,생활용품,유한킴벌리,42,3,2,N,4,0.44736842105263164,1.4473684210526316,0.0,0.9,0.0,0.01818181818181818,0.057692307692307696,0.2,0.6375,1.0,0.57,38000,소장,"가격, 내구성",센트룸,유한킴벌리 생활용품 1892,"유한킴벌리 생활용품 ??. ?? ??: 가격, 내구성, 용량, 생활, 청소, 가정.",55000,52000,54000,,2296.0,3,image_estimate,N,Y,0.56,0.56
male,28,5310000.0,프리랜서,미혼,보수적,4000.0,초저가,식품,CJ,50,1,1,N,0,0.0,0.005291005291005291,0.0,0.0,0.0,0.0,0.3333333333333333,0.2,0.64,1.0,0.57,756000,선물,"희소성, 감성",정관장,CJ 식품 1893,"CJ 식품 ??. ?? ??: 가격, 신선도, 배송, 생활, 식사, 가족.",4000,3000,4000,3.52,3762.0,4,crawler,Y,Y,0.639,0.639
male,32,7770000.0,전문직,기혼,보수적,314000.0,중저가,교육,패스트캠퍼스,45,3,20,N,4,0.0,0.2590759075907591,1.0,0.9,0.0,0.30254777070063693,0.11347517730496454,0.2,0.68125,1.0,1.0,1212000,공부,"강의품질, 가격",라네즈,패스트캠퍼스 교육 1894,"패스트캠퍼스 교육 ??. ?? ??: 강의품질, 가격, 커리큘럼, 공부, 취업, 자기계발.",314000,282000,219000,3.85,3537.0,2,image_estimate,Y,Y,0.324,0.324
female,22,1220000.0,취업준비생,미혼,보수적,3111000.0,초고가,여행,마이리얼트립,44,33,13,Y,22,1.0,3.0,1.0,0.0,0.0,0.0,0.043259557344064385,0.2,0.7024999999999999,1.0,0.6,222000,휴식,"희소성, 감성",나이키,마이리얼트립 여행 1895,"마이리얼트립 여행 ??. ?? ??: 가격, 일정, 숙소, 휴식, 가족, 기념일.",3111000,2982000,3263000,4.02,3976.0,1,user_input,Y,Y,0.667,0.667
male,33,2830000.0,주부,미혼,보수적,929000.0,고가,여행,하나투어,42,8,17,Y,4,1.0,2.0829596412556053,0.0,0.9,1.0,0.22497308934337998,0.03798882681564246,0.2,0.64625,1.0,0.09999999999999998,446000,기념일,"가격, 일정",하나투어,하나투어 여행 1896,"하나투어 여행 ??. ?? ??: 가격, 일정, 숙소, 휴식, 가족, 기념일.",929000,895000,720000,3.57,3073.0,2,manual,Y,Y,0.662,0.662
male,60,10910000.0,전문직,미혼,보수적,198000.0,중저가,건강관리,정관장,16,3,13,N,1,0.0,0.08432708688245315,0.0,0.6666666666666666,1.0,0.0,0.10614525139664804,0.2,0.1875,0.75,0.44999999999999996,2348000,선물,"성분, 후기",정관장,정관장 건강관리 1897,"정관장 건강관리 ??. ?? ??: 성분, 후기, 안전성, 건강, 부모님, 회복.",198000,179000,211000,,,2,manual,N,N,0.478,0.478
male,59,5310000.0,공무원,기혼,보수적,5000.0,초저가,식품,동원,45,2,15,N,2,0.0,0.013812154696132596,0.0,0.9,1.0,0.2,0.25,0.0,0.8062499999999999,1.0,0.57,362000,휴식,"가격, 신선도",동원,동원 식품 1898,"동원 식품 ??. ?? ??: 가격, 신선도, 배송, 생활, 식사, 가족.",5000,4000,4000,4.85,1570.0,0,naver_api,Y,Y,0.412,0.412
male,29,720000.0,학생,미혼,진보적,3476000.0,초고가,가구,이케아,47,60,9,Y,39,1.0,3.0,0.0,0.6666666666666666,0.0,0.13665132336018412,0.19491234101065658,0.2,0.6375,1.0,0.37,139000,선물,"내구성, 크기",레노버,이케아 가구 1899,"이케아 가구 ??. ?? ??: 내구성, 크기, 디자인, 이사, 인테리어, 생활.",3476000,2909000,3001000,3.5,2617.0,1,image_estimate,Y,Y,0.786,0.786
female,52,7270000.0,대기업직원,기혼,보수적,2615000.0,초고가,여행,마이리얼트립,40,9,20,Y,6,1.0,2.0688291139240507,0.0,0.0,1.0,0.16481835564053537,0.04183266932270916,0.2,0.6995756670238711,1.0,0.09999999999999998,1264000,선물,"희소성, 감성",마이리얼트립,마이리얼트립 여행 1900,"마이리얼트립 여행 ??. ?? ??: 가격, 일정, 숙소, 휴식, 가족, 기념일.",2615000,2510000,2184000,4.43,223.0,3,image_estimate,Y,Y,0.811,0.811
male,37,4850000.0,사무직,기혼,보수적,78000.0,저가,교육,패스트캠퍼스,43,3,15,N,4,0.0,0.11729323308270677,0.0,0.0,0.0,0.3076923076923077,0.16417910447761194,0.2,0.6375,1.0,0.57,665000,소장,"희소성, 감성",샤넬,패스트캠퍼스 교육 1901,"패스트캠퍼스 교육 ??. ?? ??: 강의품질, 가격, 커리큘럼, 공부, 취업, 자기계발.",78000,67000,54000,,1989.0,4,naver_api,N,Y,0.675,0.675
female,48,6620000.0,대기업직원,기혼,진보적,2570000.0,초고가,여행,마이리얼트립,38,10,14,Y,4,1.0,3.0,1.0,0.0,1.0,0.2821011673151751,0.2691358024691358,0.2,0.7052310714983858,1.0,0.6,631000,가족,"희소성, 감성",마이리얼트립,마이리얼트립 여행 1902,"마이리얼트립 여행 ??. ?? ??: 가격, 일정, 숙소, 휴식, 가족, 기념일.",2570000,2025000,1845000,4.44,252.0,2,crawler,Y,Y,0.638,0.638
female,40,3870000.0,프리랜서,기혼,진보적,339000.0,중저가,건강관리,센트룸,4,6,20,N,4,1.0,2.079754601226994,0.0,0.6666666666666666,1.0,0.0,0.21505376344086022,0.2,0.39625,1.0,0.44999999999999996,163000,선물,"성분, 후기",센트룸,센트룸 건강관리 1903,"센트룸 건강관리 ??. ?? ??: 성분, 후기, 안전성, 건강, 부모님, 회복.",339000,279000,339000,3.57,,1,naver_api,Y,N,0.652,0.652
male,20,610000.0,학생,미혼,보수적,521000.0,고가,명품,프라다,5,12,21,Y,10,1.0,3.0,1.0,0.6666666666666666,1.0,0.2629558541266795,0.23167848699763594,0.2,0.49374999999999997,1.0,0.52,89000,보상,"브랜드, 희소성",프라다,프라다 명품 1904,"프라다 명품 ??. ?? ??: 브랜드, 희소성, 디자인, 선물, 보상, 소장.",521000,423000,384000,4.35,,1,naver_api,Y,N,0.534,0.534
male,28,10100000.0,전문직,기혼,보수적,664000.0,고가,전자기기,레노버,11,5,12,Y,4,0.0,0.5207843137254902,1.0,0.0,1.0,0.1897590361445783,0.1011608623548922,0.2,0.4,1.0,0.87,1275000,게임,"희소성, 감성",레노버,레노버 전자기기 1905,"레노버 전자기기 ??. ?? ??: 성능, 배터리, 휴대성, 업무, 공부, 게임, 콘텐츠.",664000,603000,538000,3.6,,1,user_input,Y,N,0.41,0.41
male,23,850000.0,취업준비생,미혼,보수적,52000.0,저가,생활용품,3M,3,3,20,N,5,0.0,0.35374149659863946,1.0,0.9,1.0,0.057692307692307696,0.18181818181818182,0.0,0.3675,1.0,1.0,147000,생활,"가격, 내구성",3M,3M 생활용품 1906,"3M 생활용품 ??. ?? ??: 가격, 내구성, 용량, 생활, 청소, 가정.",52000,44000,49000,3.34,,0,crawler,Y,N,0.183,0.183
male,51,6440000.0,전문직,기혼,보수적,28000.0,초저가,식품,동원,42,2,12,N,3,0.0,0.02422145328719723,0.0,0.9,0.0,0.25,0.21739130434782608,0.2,0.66875,1.0,0.57,1156000,가족,"가격, 신선도",오뚜기,동원 식품 1907,"동원 식품 ??. ?? ??: 가격, 신선도, 배송, 생활, 식사, 가족.",28000,23000,21000,3.75,1753.0,3,user_input,Y,Y,0.508,0.508
male,56,5470000.0,공무원,기혼,진보적,12000.0,초저가,생활용품,다이소,49,5,20,N,1,0.0,0.03761755485893417,1.0,0.9,0.0,0.08333333333333333,0.2,0.2,0.6375,1.0,1.0,319000,청소,"가격, 내구성",대한항공,다이소 생활용품 1908,"다이소 생활용품 ??. ?? ??: 가격, 내구성, 용량, 생활, 청소, 가정.",12000,10000,11000,3.5,1427.0,3,manual,Y,Y,0.313,0.313
female,36,5750000.0,공무원,미혼,진보적,751000.0,고가,전자기기,애플,38,7,14,Y,4,0.09156976744186052,1.0915697674418605,0.0,0.9375,0.0,0.21837549933422104,0.35315315315315315,0.0,0.77875,1.0,0.37,688000,선물,"성능, 배터리",클래스101,애플 전자기기 1909,"애플 전자기기 ??. ?? ??: 성능, 배터리, 휴대성, 업무, 공부, 게임, 콘텐츠.",751000,555000,587000,4.63,1011.0,0,crawler,Y,Y,0.519,0.519
male,50,8200000.0,대기업직원,기혼,보수적,1083000.0,고가,가구,리바트,10,3,0,Y,5,0.0,0.8070044709388972,0.0,0.0,0.0,0.10710987996306556,0.17717391304347826,0.2,0.38625000000000004,1.0,0.37,1342000,휴식,"희소성, 감성",설화수,리바트 가구 1910,"리바트 가구 ??. ?? ??: 내구성, 크기, 디자인, 이사, 인테리어, 생활.",1083000,920000,967000,3.49,,4,manual,Y,N,0.697,0.697
male,23,1030000.0,취업준비생,기혼,진보적,1775000.0,고가,가구,이케아,44,26,21,Y,13,1.0,3.0,1.0,0.6666666666666666,1.0,0.2676056338028169,0.37065637065637064,0.2,0.7962499999999999,1.0,0.87,222000,인테리어,"내구성, 크기",이케아,이케아 가구 1911,"이케아 가구 ??. ?? ??: 내구성, 크기, 디자인, 이사, 인테리어, 생활.",1775000,1295000,1300000,4.77,1276.0,1,naver_api,Y,Y,0.528,0.528
male,26,5640000.0,공무원,미혼,보수적,3773000.0,초고가,여행,마이리얼트립,11,10,21,Y,8,1.0,3.0,1.0,0.0,0.0,0.0,0.1513579493439121,0.2,0.1875,0.75,0.6,558000,휴식,"희소성, 감성",이니스프리,마이리얼트립 여행 1912,"마이리얼트립 여행 ??. ?? ??: 가격, 일정, 숙소, 휴식, 가족, 기념일.",3773000,3277000,3877000,,,3,crawler,N,N,0.682,0.682
male,26,750000.0,학생,미혼,보수적,50000.0,저가,패션,ZARA,54,6,17,N,0,0.0,0.5319148936170213,0.0,0.6666666666666666,1.0,0.0,0.25,0.2,0.6375,1.0,0.09999999999999998,94000,유행,"디자인, 착용감",ZARA,ZARA 패션 1913,"ZARA 패션 ??. ?? ??: 디자인, 착용감, 브랜드, 출근, 데이트, 여행.",50000,40000,52000,,3178.0,1,manual,N,Y,0.447,0.447
female,31,2870000.0,주부,미혼,진보적,132000.0,중저가,건강관리,종근당,3,3,17,N,1,0.375,1.375,1.0,0.0,0.0,0.05303030303030303,0.2,0.2,0.41375,1.0,0.95,96000,부모님,"희소성, 감성",마이리얼트립,종근당 건강관리 1914,"종근당 건강관리 ??. ?? ??: 성분, 후기, 안전성, 건강, 부모님, 회복.",132000,110000,125000,3.71,,3,crawler,Y,N,0.545,0.545
male,27,810000.0,학생,미혼,진보적,20000.0,초저가,화장품,라네즈,34,6,14,N,4,0.0,0.18181818181818182,1.0,0.0,0.0,0.3,0.3333333333333333,0.0,0.6587951517355084,1.0,0.52,110000,피부관리,"희소성, 감성",설화수,라네즈 화장품 1915,"라네즈 화장품 ??. ?? ??: 성분, 가격, 후기, 피부관리, 선물, 데일리.",20000,15000,14000,4.03,288.0,0,crawler,Y,Y,0.482,0.482
female,43,4370000.0,공무원,미혼,진보적,257000.0,중저가,가구,리바트,41,3,3,N,1,0.3455497382198953,1.3455497382198953,0.0,0.6666666666666666,0.0,0.33852140077821014,0.06639004149377593,0.2,0.6330032135744874,1.0,0.37,191000,유행,"내구성, 크기",센트룸,리바트 가구 1916,"리바트 가구 ??. ?? ??: 내구성, 크기, 디자인, 이사, 인테리어, 생활.",257000,241000,170000,3.53,796.0,3,user_input,Y,Y,0.627,0.627
female,58,2780000.0,은퇴자,기혼,보수적,2624000.0,초고가,전자기기,애플,45,11,17,Y,10,1.0,3.0,0.0,0.0,0.0,0.3544207317073171,0.35677352637021714,0.0,0.7224999999999999,1.0,0.37,514000,콘텐츠,"희소성, 감성",리바트,애플 전자기기 1917,"애플 전자기기 ??. ?? ??: 성능, 배터리, 휴대성, 업무, 공부, 게임, 콘텐츠.",2624000,1934000,1694000,4.18,2838.0,0,user_input,Y,Y,0.889,0.889
male,25,4980000.0,프리랜서,미혼,보수적,425000.0,중저가,교육,패스트캠퍼스,41,6,21,N,3,1.0,2.514792899408284,0.0,0.0,1.0,0.0,0.20738636363636365,0.2,0.6375,1.0,0.57,169000,소장,"희소성, 감성",패스트캠퍼스,패스트캠퍼스 교육 1918,"패스트캠퍼스 교육 ??. ?? ??: 강의품질, 가격, 커리큘럼, 공부, 취업, 자기계발.",425000,352000,442000,,3406.0,4,crawler,N,Y,0.782,0.782
female,48,5330000.0,사무직,기혼,진보적,374000.0,중저가,교육,클래스101,38,6,14,N,1,0.0,0.6549912434325744,1.0,0.9,0.0,0.15508021390374332,0.047619047619047616,0.2,0.5993714627031084,1.0,1.0,571000,취업,"강의품질, 가격",이니스프리,클래스101 교육 1919,"클래스101 교육 ??. ?? ??: 강의품질, 가격, 커리큘럼, 공부, 취업, 자기계발.",374000,357000,316000,,348.0,4,manual,N,Y,0.285,0.285
female,37,4400000.0,공무원,기혼,진보적,91000.0,저가,생활용품,다이소,4,0,11,N,1,0.0,0.19077568134171907,0.0,0.0,0.0,0.2087912087912088,0.3582089552238806,0.0,0.41375,1.0,0.57,477000,선물,"희소성, 감성",ZARA,다이소 생활용품 1920,"다이소 생활용품 ??. ?? ??: 가격, 내구성, 용량, 생활, 청소, 가정.",91000,67000,72000,3.71,,0,crawler,Y,N,0.639,0.639
male,27,770000.0,학생,미혼,진보적,1301000.0,고가,건강관리,정관장,46,23,18,Y,17,1.0,3.0,0.0,0.0,1.0,0.37509607993850885,0.22504708097928436,0.2,0.7037500000000001,1.0,0.44999999999999996,165000,소장,"희소성, 감성",정관장,정관장 건강관리 1921,"정관장 건강관리 ??. ?? ??: 성분, 후기, 안전성, 건강, 부모님, 회복.",1301000,1062000,813000,4.03,3429.0,4,naver_api,Y,Y,0.829,0.829
female,30,8010000.0,대기업직원,미혼,진보적,1228000.0,고가,교육,메가스터디,13,3,14,Y,1,1.0,2.5852631578947367,1.0,0.0,0.0,0.0,0.0905861456483126,0.2,0.1875,0.75,1.0,475000,공부,"희소성, 감성",종근당,메가스터디 교육 1922,"메가스터디 교육 ??. ?? ??: 강의품질, 가격, 커리큘럼, 공부, 취업, 자기계발.",1228000,1126000,1311000,,,3,naver_api,N,N,0.687,0.687
female,39,3440000.0,주부,미혼,보수적,191000.0,중저가,화장품,이니스프리,43,1,13,N,0,0.0,0.28088235294117647,0.0,0.9,0.0,0.0,0.3082191780821918,0.2,0.7012499999999999,1.0,0.019999999999999976,680000,소장,"성분, 가격",동원,이니스프리 화장품 1923,"이니스프리 화장품 ??. ?? ??: 성분, 가격, 후기, 피부관리, 선물, 데일리.",191000,146000,199000,4.01,3801.0,4,manual,Y,Y,0.537,0.537
male,35,3200000.0,주부,기혼,진보적,24000.0,초저가,식품,오뚜기,36,0,0,N,1,0.0,0.042105263157894736,0.0,0.9,1.0,0.2916666666666667,0.09090909090909091,0.2,0.7871209290132073,1.0,0.57,570000,선물,"가격, 신선도",오뚜기,오뚜기 식품 1924,"오뚜기 식품 ??. ?? ??: 가격, 신선도, 배송, 생활, 식사, 가족.",24000,22000,17000,4.85,589.0,1,naver_api,Y,Y,0.438,0.438
female,47,3700000.0,프리랜서,기혼,진보적,75000.0,저가,화장품,이니스프리,37,5,18,N,0,0.0,0.12864493996569468,0.0,0.9,1.0,0.22666666666666666,0.07142857142857142,0.2,0.73875,1.0,0.019999999999999976,583000,유행,"성분, 가격",이니스프리,이니스프리 화장품 1925,"이니스프리 화장품 ??. ?? ??: 성분, 가격, 후기, 피부관리, 선물, 데일리.",75000,70000,58000,4.31,1061.0,3,image_estimate,Y,Y,0.459,0.459
male,55,5510000.0,자영업,미혼,진보적,12000.0,초저가,식품,CJ,34,5,2,N,2,0.0,0.010704727921498661,0.0,0.9,1.0,0.25,0.3333333333333333,0.2,0.6984300178495424,1.0,0.57,1121000,가족,"가격, 신선도",CJ,CJ 식품 1926,"CJ 식품 ??. ?? ??: 가격, 신선도, 배송, 생활, 식사, 가족.",12000,9000,9000,4.37,266.0,1,image_estimate,Y,Y,0.422,0.422
female,43,5130000.0,프리랜서,미혼,진보적,655000.0,고가,전자기기,LG,46,2,19,Y,3,0.0463258785942493,1.0463258785942493,0.0,0.9375,1.0,0.23969465648854962,0.2428842504743833,0.2,0.74,1.0,0.37,626000,콘텐츠,"성능, 배터리",LG,LG 전자기기 1927,"LG 전자기기 ??. ?? ??: 성능, 배터리, 휴대성, 업무, 공부, 게임, 콘텐츠.",655000,527000,498000,4.32,2728.0,4,user_input,Y,Y,0.471,0.471
female,48,8250000.0,대기업직원,미혼,진보적,480000.0,중저가,여행,마이리얼트립,14,1,12,N,2,0.0,0.597758405977584,1.0,0.0,0.0,0.21458333333333332,0.07142857142857142,0.2,0.45375000000000004,1.0,0.6,803000,휴식,"희소성, 감성",레노버,마이리얼트립 여행 1928,"마이리얼트립 여행 ??. ?? ??: 가격, 일정, 숙소, 휴식, 가족, 기념일.",480000,448000,377000,4.03,,2,manual,Y,N,0.476,0.476
male,47,6800000.0,자영업,기혼,보수적,1248000.0,고가,패션,COS,10,7,2,Y,3,1.0,3.0,0.0,0.0,0.0,0.20512820512820512,0.1988472622478386,0.2,0.4975,1.0,0.09999999999999998,305000,여행,"희소성, 감성",샤넬,COS 패션 1929,"COS 패션 ??. ?? ??: 디자인, 착용감, 브랜드, 출근, 데이트, 여행.",1248000,1041000,992000,4.38,,3,naver_api,Y,N,0.897,0.897
male,34,7740000.0,대기업직원,미혼,보수적,22000.0,초저가,생활용품,유한킴벌리,40,0,21,N,1,0.0,0.018916595012897677,1.0,0.0,1.0,0.13636363636363635,0.047619047619047616,0.2,0.6966228470336013,1.0,1.0,1163000,청소,"희소성, 감성",유한킴벌리,유한킴벌리 생활용품 1930,"유한킴벌리 생활용품 ??. ?? ??: 가격, 내구성, 용량, 생활, 청소, 가정.",22000,21000,19000,4.19,472.0,1,image_estimate,Y,Y,0.375,0.375
male,52,4950000.0,공무원,기혼,보수적,158000.0,중저가,건강관리,센트룸,47,6,22,N,0,0.04635761589403975,1.0463576158940397,1.0,0.6666666666666666,1.0,0.13924050632911392,0.0821917808219178,0.2,0.7849999999999999,1.0,0.95,151000,부모님,"성분, 후기",센트룸,센트룸 건강관리 1931,"센트룸 건강관리 ??. ?? ??: 성분, 후기, 안전성, 건강, 부모님, 회복.",158000,146000,136000,4.68,3920.0,4,image_estimate,Y,Y,0.278,0.278
male,62,4600000.0,자영업,기혼,보수적,581000.0,고가,가구,한샘,46,1,20,Y,5,0.0,0.8206214689265536,0.0,0.6666666666666666,0.0,0.12220309810671257,0.10037878787878787,0.2,0.7887500000000001,1.0,0.37,708000,생활,"내구성, 크기",CJ,한샘 가구 1932,"한샘 가구 ??. ?? ??: 내구성, 크기, 디자인, 이사, 인테리어, 생활.",581000,528000,510000,4.71,3809.0,2,image_estimate,Y,Y,0.529,0.529
male,29,800000.0,학생,미혼,진보적,278000.0,중저가,교육,패스트캠퍼스,40,9,11,Y,6,1.0,3.0,1.0,0.9,0.0,0.22661870503597123,0.17796610169491525,0.2,0.6212500000000001,1.0,1.0,50000,공부,"강의품질, 가격",동원,패스트캠퍼스 교육 1933,"패스트캠퍼스 교육 ??. ?? ??: 강의품질, 가격, 커리큘럼, 공부, 취업, 자기계발.",278000,236000,215000,3.37,2005.0,4,user_input,Y,Y,0.552,0.552
male,30,4540000.0,사무직,기혼,진보적,18000.0,초저가,화장품,설화수,51,5,3,N,1,0.0,0.039735099337748346,0.0,0.9,1.0,0.0,0.2,0.2,0.6775,1.0,0.019999999999999976,453000,데일리,"성분, 가격",설화수,설화수 화장품 1934,"설화수 화장품 ??. ?? ??: 성분, 가격, 후기, 피부관리, 선물, 데일리.",18000,15000,18000,3.82,2642.0,3,manual,Y,Y,0.426,0.426
male,33,1330000.0,취업준비생,기혼,진보적,1247000.0,고가,가구,리바트,52,13,17,Y,9,1.0,3.0,0.0,0.0,0.0,0.1635926222935044,0.1556997219647822,0.0,0.7075,1.0,0.37,222000,휴식,"희소성, 감성",대한항공,리바트 가구 1935,"리바트 가구 ??. ?? ??: 내구성, 크기, 디자인, 이사, 인테리어, 생활.",1247000,1079000,1043000,4.06,2237.0,0,crawler,Y,Y,0.859,0.859
female,32,830000.0,취업준비생,미혼,보수적,375000.0,중저가,화장품,설화수,53,8,0,Y,4,1.0,3.0,1.0,0.9,0.0,0.208,0.06837606837606838,0.2,0.8,1.0,0.52,91000,피부관리,"성분, 가격",ZARA,설화수 화장품 1936,"설화수 화장품 ??. ?? ??: 성분, 가격, 후기, 피부관리, 선물, 데일리.",375000,351000,297000,4.8,3116.0,3,naver_api,Y,Y,0.554,0.554
male,30,3900000.0,프리랜서,미혼,진보적,172000.0,중저가,가구,한샘,39,4,19,N,3,0.4576271186440677,1.4576271186440677,1.0,0.0,1.0,0.313953488372093,0.23741007194244604,0.2,0.8,1.0,0.87,118000,이사,"희소성, 감성",한샘,한샘 가구 1937,"한샘 가구 ??. ?? ??: 내구성, 크기, 디자인, 이사, 인테리어, 생활.",172000,139000,118000,4.8,1429.0,4,manual,Y,Y,0.477,0.477
female,28,7210000.0,전문직,미혼,보수적,54000.0,저가,화장품,이니스프리,6,5,10,N,4,0.0,0.07458563535911603,1.0,0.9,0.0,0.018518518518518517,0.2857142857142857,0.2,0.47500000000000003,1.0,0.52,724000,선물,"성분, 가격",구찌,이니스프리 화장품 1938,"이니스프리 화장품 ??. ?? ??: 성분, 가격, 후기, 피부관리, 선물, 데일리.",54000,42000,53000,4.2,,1,manual,Y,N,0.338,0.338
male,41,5710000.0,자영업,기혼,보수적,35000.0,저가,화장품,이니스프리,54,0,9,N,0,0.0,0.10263929618768329,0.0,0.9,0.0,0.37142857142857144,0.16666666666666666,0.2,0.7737499999999999,1.0,0.019999999999999976,341000,소장,"성분, 가격",유한킴벌리,이니스프리 화장품 1939,"이니스프리 화장품 ??. ?? ??: 성분, 가격, 후기, 피부관리, 선물, 데일리.",35000,30000,22000,4.59,2045.0,3,image_estimate,Y,Y,0.567,0.567
male,36,9570000.0,전문직,기혼,보수적,4215000.0,초고가,여행,마이리얼트립,55,5,16,Y,7,1.0,3.0,0.0,0.0,1.0,0.2844602609727165,0.3110419906687403,0.2,0.7862500000000001,1.0,0.09999999999999998,1125000,선물,"희소성, 감성",마이리얼트립,마이리얼트립 여행 1940,"마이리얼트립 여행 ??. ?? ??: 가격, 일정, 숙소, 휴식, 가족, 기념일.",4215000,3215000,3016000,4.69,3260.0,2,image_estimate,Y,Y,0.858,0.858
female,54,5420000.0,프리랜서,기혼,보수적,74000.0,저가,패션,나이키,38,5,13,N,0,0.0,0.06826568265682657,1.0,0.6666666666666666,0.0,0.0,0.1746031746031746,0.2,0.6892062944183155,1.0,0.6,1084000,출근,"디자인, 착용감",레노버,나이키 패션 1941,"나이키 패션 ??. ?? ??: 디자인, 착용감, 브랜드, 출근, 데이트, 여행.",74000,63000,80000,4.05,624.0,4,image_estimate,Y,Y,0.365,0.365
female,61,4620000.0,자영업,기혼,보수적,1214000.0,고가,패션,ZARA,45,3,15,Y,6,0.9836601307189543,1.9836601307189543,0.0,0.0,1.0,0.3154859967051071,0.06960352422907488,0.2,0.6312500000000001,1.0,0.09999999999999998,612000,여행,"희소성, 감성",ZARA,ZARA 패션 1942,"ZARA 패션 ??. ?? ??: 디자인, 착용감, 브랜드, 출근, 데이트, 여행.",1214000,1135000,831000,3.45,1203.0,1,user_input,Y,Y,0.8,0.8
male,27,880000.0,학생,미혼,진보적,28000.0,초저가,식품,오뚜기,43,3,15,N,3,0.0,0.14814814814814814,0.0,0.0,1.0,0.35714285714285715,0.3333333333333333,0.2,0.8075000000000001,1.0,0.57,189000,휴식,"희소성, 감성",오뚜기,오뚜기 식품 1943,"오뚜기 식품 ??. ?? ??: 가격, 신선도, 배송, 생활, 식사, 가족.",28000,21000,18000,4.86,3165.0,4,manual,Y,Y,0.593,0.593
female,31,3730000.0,사무직,미혼,진보적,38000.0,저가,생활용품,3M,57,5,18,N,2,0.0,0.06563039723661486,1.0,0.0,1.0,0.0,0.05555555555555555,0.2,0.6975,1.0,1.0,579000,생활,"희소성, 감성",3M,3M 생활용품 1944,"3M 생활용품 ??. ?? ??: 가격, 내구성, 용량, 생활, 청소, 가정.",38000,36000,38000,3.98,3495.0,1,image_estimate,Y,Y,0.349,0.349
female,57,9360000.0,전문직,기혼,보수적,417000.0,중저가,교육,클래스101,12,3,17,N,3,0.0,0.896774193548387,1.0,0.9,0.0,0.14388489208633093,0.1813031161473088,0.2,0.41375,1.0,1.0,465000,공부,"강의품질, 가격",이케아,클래스101 교육 1945,"클래스101 교육 ??. ?? ??: 강의품질, 가격, 커리큘럼, 공부, 취업, 자기계발.",417000,353000,357000,3.71,,1,naver_api,Y,N,0.323,0.323
female,52,5340000.0,프리랜서,기혼,보수적,472000.0,중저가,패션,나이키,6,1,17,N,3,0.5031847133757963,1.5031847133757963,0.0,0.0,0.0,0.2669491525423729,0.17121588089330025,0.2,0.5387500000000001,1.0,0.09999999999999998,314000,여행,"희소성, 감성",소니,나이키 패션 1946,"나이키 패션 ??. ?? ??: 디자인, 착용감, 브랜드, 출근, 데이트, 여행.",472000,403000,346000,4.71,,3,user_input,Y,N,0.794,0.794
female,28,4370000.0,사무직,미혼,보수적,101000.0,중저가,화장품,이니스프리,54,3,16,N,2,0.0,0.7481481481481481,1.0,0.9,1.0,0.3069306930693069,0.20238095238095238,0.2,0.7424999999999999,1.0,0.52,135000,선물,"성분, 가격",이니스프리,이니스프리 화장품 1947,"이니스프리 화장품 ??. ?? ??: 성분, 가격, 후기, 피부관리, 선물, 데일리.",101000,84000,70000,4.34,2579.0,2,naver_api,Y,Y,0.276,0.276
female,54,4040000.0,공무원,기혼,진보적,329000.0,중저가,패션,ZARA,17,4,16,N,5,0.0,0.8891891891891892,0.0,0.0,1.0,0.1884498480243161,0.2653846153846154,0.2,0.43625,1.0,0.09999999999999998,370000,선물,"희소성, 감성",ZARA,ZARA 패션 1948,"ZARA 패션 ??. ?? ??: 디자인, 착용감, 브랜드, 출근, 데이트, 여행.",329000,260000,267000,3.89,,2,naver_api,Y,N,0.594,0.594
female,29,8830000.0,대기업직원,미혼,보수적,1120000.0,고가,가구,이케아,43,1,11,Y,3,0.0,0.9172809172809173,0.0,0.6666666666666666,1.0,0.048214285714285716,0.08949416342412451,0.2,0.7962499999999999,1.0,0.37,1221000,선물,"내구성, 크기",이케아,이케아 가구 1949,"이케아 가구 ??. ?? ??: 내구성, 크기, 디자인, 이사, 인테리어, 생활.",1120000,1028000,1066000,4.77,1970.0,2,user_input,Y,Y,0.451,0.451
female,38,8460000.0,대기업직원,기혼,진보적,281000.0,중저가,여행,마이리얼트립,46,2,15,N,2,0.0,0.49646643109540634,0.0,0.9,1.0,0.199288256227758,0.048507462686567165,0.2,0.7237500000000001,1.0,0.09999999999999998,566000,기념일,"가격, 일정",마이리얼트립,마이리얼트립 여행 1950,"마이리얼트립 여행 ??. ?? ??: 가격, 일정, 숙소, 휴식, 가족, 기념일.",281000,268000,225000,4.19,3201.0,1,image_estimate,Y,Y,0.427,0.427
male,41,6030000.0,대기업직원,기혼,진보적,5530000.0,초고가,전자기기,애플,36,15,17,Y,8,1.0,3.0,0.0,0.9375,0.0,0.12188065099457504,0.0712901975978303,0.2,0.5972359776076703,1.0,0.37,669000,선물,"성능, 배터리",이케아,애플 전자기기 1951,"애플 전자기기 ??. ?? ??: 성능, 배터리, 휴대성, 업무, 공부, 게임, 콘텐츠.",5530000,5162000,4856000,,328.0,2,naver_api,N,Y,0.725,0.725
male,36,3520000.0,사무직,미혼,보수적,75000.0,저가,교육,메가스터디,49,2,19,N,0,0.0,0.6578947368421053,1.0,0.0,1.0,0.13333333333333333,0.3888888888888889,0.0,0.7649999999999999,1.0,1.0,114000,공부,"희소성, 감성",메가스터디,메가스터디 교육 1952,"메가스터디 교육 ??. ?? ??: 강의품질, 가격, 커리큘럼, 공부, 취업, 자기계발.",75000,54000,65000,4.52,3370.0,0,crawler,Y,Y,0.363,0.363
female,29,630000.0,학생,미혼,진보적,1786000.0,고가,전자기기,애플,41,37,15,Y,26,1.0,3.0,1.0,0.0,0.0,0.36338185890257557,0.23427781617138907,0.0,0.65125,1.0,0.87,137000,업무,"희소성, 감성",라네즈,애플 전자기기 1953,"애플 전자기기 ??. ?? ??: 성능, 배터리, 휴대성, 업무, 공부, 게임, 콘텐츠.",1786000,1447000,1137000,3.61,1950.0,0,image_estimate,Y,Y,0.708,0.708
female,55,6950000.0,대기업직원,기혼,보수적,413000.0,중저가,화장품,이니스프리,47,6,19,N,4,0.0,0.39864864864864863,1.0,0.9,0.0,0.11864406779661017,0.31528662420382164,0.2,0.7725,1.0,0.52,1036000,피부관리,"성분, 가격",LG,이니스프리 화장품 1954,"이니스프리 화장품 ??. ?? ??: 성분, 가격, 후기, 피부관리, 선물, 데일리.",413000,314000,364000,4.58,1026.0,2,image_estimate,Y,Y,0.342,0.342
female,48,2400000.0,주부,기혼,진보적,458000.0,중저가,전자기기,소니,36,5,21,Y,3,1.0,2.1809523809523808,0.0,0.0,0.0,0.13973799126637554,0.23783783783783785,0.2,0.5668627132182028,1.0,0.37,210000,콘텐츠,"희소성, 감성",ZARA,소니 전자기기 1955,"소니 전자기기 ??. ?? ??: 성능, 배터리, 휴대성, 업무, 공부, 게임, 콘텐츠.",458000,370000,394000,3.67,78.0,4,user_input,Y,Y,0.896,0.896
male,56,8450000.0,대기업직원,기혼,진보적,632000.0,고가,가구,리바트,52,2,16,Y,1,0.0,0.640973630831643,1.0,0.6666666666666666,0.0,0.004746835443037975,0.3084886128364389,0.2,0.77875,1.0,0.87,986000,인테리어,"내구성, 크기",하나투어,리바트 가구 1956,"리바트 가구 ??. ?? ??: 내구성, 크기, 디자인, 이사, 인테리어, 생활.",632000,483000,629000,4.63,2896.0,1,manual,Y,Y,0.364,0.364
male,39,5300000.0,사무직,미혼,보수적,253000.0,중저가,화장품,이니스프리,43,5,9,N,2,0.0,0.790625,0.0,0.9,1.0,0.28063241106719367,0.19339622641509435,0.2,0.748587791124524,1.0,0.019999999999999976,320000,데일리,"성분, 가격",이니스프리,이니스프리 화장품 1957,"이니스프리 화장품 ??. ?? ??: 성분, 가격, 후기, 피부관리, 선물, 데일리.",253000,212000,182000,4.41,929.0,1,image_estimate,Y,Y,0.446,0.446
male,49,6450000.0,대기업직원,미혼,진보적,162000.0,중저가,화장품,이니스프리,47,5,22,N,2,0.0,0.15154349859681945,0.0,0.0,1.0,0.3148148148148148,0.38461538461538464,0.2,0.63375,1.0,0.019999999999999976,1069000,데일리,"희소성, 감성",이니스프리,이니스프리 화장품 1958,"이니스프리 화장품 ??. ?? ??: 성분, 가격, 후기, 피부관리, 선물, 데일리.",162000,117000,111000,3.47,1559.0,4,crawler,Y,Y,0.617,0.617
male,49,5910000.0,공무원,기혼,보수적,123000.0,중저가,화장품,이니스프리,54,1,21,N,4,0.0,0.11061151079136691,1.0,0.9,0.0,0.22764227642276422,0.11818181818181818,0.2,0.74125,1.0,0.52,1112000,선물,"성분, 가격",이케아,이니스프리 화장품 1959,"이니스프리 화장품 ??. ?? ??: 성분, 가격, 후기, 피부관리, 선물, 데일리.",123000,110000,95000,4.33,2512.0,2,crawler,Y,Y,0.345,0.345
female,41,5690000.0,대기업직원,미혼,보수적,2668000.0,초고가,명품,프라다,40,7,0,Y,4,1.0,3.0,1.0,0.3333333333333333,1.0,0.3721889055472264,0.12859560067681894,0.2,0.5645096685070414,1.0,0.52,636000,선물,"희소성, 감성",프라다,프라다 명품 1960,"프라다 명품 ??. ?? ??: 브랜드, 희소성, 디자인, 선물, 보상, 소장.",2668000,2364000,1675000,3.36,215.0,1,manual,Y,Y,0.629,0.629
female,44,8670000.0,대기업직원,기혼,보수적,1252000.0,고가,명품,샤넬,46,4,16,Y,6,0.0,0.7884130982367759,0.0,0.6666666666666666,1.0,0.0,0.36235038084874865,0.2,0.78375,1.0,0.019999999999999976,1588000,유행,"브랜드, 희소성",샤넬,샤넬 명품 1961,"샤넬 명품 ??. ?? ??: 브랜드, 희소성, 디자인, 선물, 보상, 소장.",1252000,919000,1290000,4.67,1776.0,3,image_estimate,Y,Y,0.494,0.494
female,19,680000.0,학생,미혼,보수적,4404000.0,초고가,전자기기,LG,17,60,14,Y,54,1.0,3.0,0.0,0.9375,1.0,0.23047229791099,0.05409286740067018,0.2,0.1875,0.75,0.37,63000,콘텐츠,"성능, 배터리",LG,LG 전자기기 1962,"LG 전자기기 ??. ?? ??: 성능, 배터리, 휴대성, 업무, 공부, 게임, 콘텐츠.",4404000,4178000,3389000,,,1,naver_api,N,N,0.685,0.685
female,51,7080000.0,전문직,기혼,보수적,496000.0,중저가,여행,대한항공,15,2,11,N,2,0.0,0.3583815028901734,1.0,0.0,0.0,0.2661290322580645,0.057569296375266525,0.2,0.5249999999999999,1.0,0.6,1384000,가족,"희소성, 감성",3M,대한항공 여행 1963,"대한항공 여행 ??. ?? ??: 가격, 일정, 숙소, 휴식, 가족, 기념일.",496000,469000,364000,4.6,,4,manual,Y,N,0.475,0.475
female,38,2160000.0,주부,기혼,보수적,905000.0,고가,건강관리,종근당,12,5,20,Y,4,1.0,2.9193548387096775,1.0,0.6666666666666666,0.0,0.0861878453038674,0.2465564738292011,0.2,0.5525,1.0,0.95,310000,건강,"성분, 후기",루이비통,종근당 건강관리 1964,"종근당 건강관리 ??. ?? ??: 성분, 후기, 안전성, 건강, 부모님, 회복.",905000,726000,827000,4.82,,4,crawler,Y,N,0.57,0.57
female,57,5920000.0,자영업,기혼,보수적,65000.0,저가,식품,오뚜기,14,3,20,N,0,0.0,0.09558823529411764,0.0,0.0,0.0,0.3076923076923077,0.1016949152542373,0.0,0.1875,0.75,0.57,680000,휴식,"희소성, 감성",소니,오뚜기 식품 1965,"오뚜기 식품 ??. ?? ??: 가격, 신선도, 배송, 생활, 식사, 가족.",65000,59000,45000,,,0,manual,N,N,0.663,0.663
female,54,4820000.0,사무직,기혼,진보적,219000.0,중저가,여행,하나투어,41,2,16,N,4,0.0,0.23624595469255663,1.0,0.9,0.0,0.0,0.37735849056603776,0.2,0.6080430776514151,1.0,0.6,927000,가족,"가격, 일정",정관장,하나투어 여행 1966,"하나투어 여행 ??. ?? ??: 가격, 일정, 숙소, 휴식, 가족, 기념일.",219000,159000,227000,3.3,884.0,2,crawler,Y,Y,0.308,0.308
female,24,5280000.0,프리랜서,미혼,보수적,23000.0,초저가,화장품,이니스프리,38,2,10,N,0,0.0,0.06149732620320856,0.0,0.9,1.0,0.13043478260869565,0.15,0.2,0.6375,1.0,0.019999999999999976,374000,휴식,"성분, 가격",이니스프리,이니스프리 화장품 1967,"이니스프리 화장품 ??. ?? ??: 성분, 가격, 후기, 피부관리, 선물, 데일리.",23000,20000,20000,,1041.0,1,image_estimate,N,Y,0.417,0.417
male,49,8950000.0,전문직,미혼,보수적,224000.0,중저가,패션,ZARA,46,0,13,N,1,0.0,0.13592233009708737,1.0,0.6666666666666666,1.0,0.32589285714285715,0.36585365853658536,0.2,0.69125,1.0,0.6,1648000,출근,"디자인, 착용감",ZARA,ZARA 패션 1968,"ZARA 패션 ??. ?? ??: 디자인, 착용감, 브랜드, 출근, 데이트, 여행.",224000,164000,151000,3.93,2030.0,1,manual,Y,Y,0.299,0.299
female,31,4970000.0,사무직,미혼,진보적,917000.0,고가,여행,대한항공,7,8,21,Y,5,0.011025358324145529,1.0110253583241455,0.0,0.0,1.0,0.08833151581243184,0.15491183879093198,0.2,0.1875,0.75,0.09999999999999998,907000,선물,"희소성, 감성",대한항공,대한항공 여행 1969,"대한항공 여행 ??. ?? ??: 가격, 일정, 숙소, 휴식, 가족, 기념일.",917000,794000,836000,,,2,manual,N,N,0.619,0.619
male,58,2930000.0,은퇴자,기혼,진보적,269000.0,중저가,건강관리,센트룸,11,1,19,N,3,0.0,0.7685714285714286,1.0,0.0,0.0,0.19330855018587362,0.35175879396984927,0.2,0.35500000000000004,1.0,0.95,350000,부모님,"희소성, 감성",동원,센트룸 건강관리 1970,"센트룸 건강관리 ??. ?? ??: 성분, 후기, 안전성, 건강, 부모님, 회복.",269000,199000,217000,3.24,,3,image_estimate,Y,N,0.477,0.477
male,40,3810000.0,사무직,기혼,진보적,350000.0,중저가,여행,하나투어,55,2,13,N,2,0.0,0.9067357512953368,1.0,0.9,1.0,0.0,0.09717868338557993,0.0,0.78375,1.0,0.6,386000,가족,"가격, 일정",하나투어,하나투어 여행 1971,"하나투어 여행 ??. ?? ??: 가격, 일정, 숙소, 휴식, 가족, 기념일.",350000,319000,357000,4.67,3602.0,0,image_estimate,Y,Y,0.185,0.185
female,28,820000.0,취업준비생,미혼,보수적,25000.0,초저가,화장품,라네즈,46,3,3,N,0,0.0,0.1736111111111111,0.0,0.9,1.0,0.36,0.13636363636363635,0.2,0.76875,1.0,0.019999999999999976,144000,데일리,"성분, 가격",라네즈,라네즈 화장품 1972,"라네즈 화장품 ??. ?? ??: 성분, 가격, 후기, 피부관리, 선물, 데일리.",25000,22000,16000,4.55,3315.0,4,manual,Y,Y,0.476,0.476
male,33,750000.0,취업준비생,미혼,진보적,120000.0,중저가,가구,리바트,14,4,21,N,5,0.0,0.851063829787234,1.0,0.6666666666666666,0.0,0.0,0.061946902654867256,0.2,0.38,1.0,0.87,141000,이사,"내구성, 크기",설화수,리바트 가구 1973,"리바트 가구 ??. ?? ??: 내구성, 크기, 디자인, 이사, 인테리어, 생활.",120000,113000,124000,3.44,,1,naver_api,Y,N,0.328,0.328
female,34,6550000.0,자영업,기혼,진보적,52000.0,저가,패션,나이키,44,2,15,N,4,0.0,0.0418342719227675,1.0,0.6666666666666666,0.0,0.36538461538461536,0.18181818181818182,0.2,0.6223181813730734,1.0,0.6,1243000,데이트,"디자인, 착용감",루이비통,나이키 패션 1974,"나이키 패션 ??. ?? ??: 디자인, 착용감, 브랜드, 출근, 데이트, 여행.",52000,44000,33000,,657.0,1,manual,N,Y,0.378,0.378
female,56,6490000.0,대기업직원,미혼,진보적,2518000.0,초고가,가구,이케아,32,6,3,Y,3,1.0,3.0,1.0,0.0,0.0,0.2192216044479746,0.3155694879832811,0.2,0.6238181293322409,1.0,0.87,447000,이사,"희소성, 감성",종근당,이케아 가구 1975,"이케아 가구 ??. ?? ??: 내구성, 크기, 디자인, 이사, 인테리어, 생활.",2518000,1914000,1966000,3.96,139.0,2,manual,Y,Y,0.713,0.713
male,24,710000.0,학생,미혼,보수적,21000.0,초저가,화장품,설화수,39,2,9,N,0,0.0,0.5526315789473685,0.0,0.9,1.0,0.2857142857142857,0.05,0.2,0.6375,1.0,0.019999999999999976,38000,데일리,"성분, 가격",설화수,설화수 화장품 1976,"설화수 화장품 ??. ?? ??: 성분, 가격, 후기, 피부관리, 선물, 데일리.",21000,20000,15000,,2006.0,4,image_estimate,N,Y,0.465,0.465
male,32,2520000.0,주부,미혼,보수적,86000.0,저가,패션,COS,53,5,9,N,1,0.0,0.45263157894736844,0.0,0.0,1.0,0.023255813953488372,0.11688311688311688,0.0,0.6799999999999999,1.0,0.09999999999999998,190000,여행,"희소성, 감성",COS,COS 패션 1977,"COS 패션 ??. ?? ??: 디자인, 착용감, 브랜드, 출근, 데이트, 여행.",86000,77000,84000,3.84,3557.0,0,naver_api,Y,Y,0.551,0.551
female,49,9490000.0,전문직,기혼,진보적,18000.0,초저가,화장품,설화수,12,1,14,N,2,0.0,0.046511627906976744,0.0,0.9,0.0,0.3888888888888889,0.2857142857142857,0.2,0.48374999999999996,1.0,0.019999999999999976,387000,데일리,"성분, 가격",하나투어,설화수 화장품 1978,"설화수 화장품 ??. ?? ??: 성분, 가격, 후기, 피부관리, 선물, 데일리.",18000,14000,11000,4.27,,2,image_estimate,Y,N,0.574,0.574
female,39,4990000.0,공무원,기혼,진보적,228000.0,중저가,화장품,이니스프리,45,2,9,N,2,0.0,0.40860215053763443,1.0,0.9,1.0,0.25877192982456143,0.1457286432160804,0.0,0.8,1.0,0.52,558000,피부관리,"성분, 가격",이니스프리,이니스프리 화장품 1979,"이니스프리 화장품 ??. ?? ??: 성분, 가격, 후기, 피부관리, 선물, 데일리.",228000,199000,169000,4.8,2518.0,0,naver_api,Y,Y,0.232,0.232
male,27,650000.0,학생,미혼,보수적,39000.0,저가,생활용품,유한킴벌리,5,2,17,N,5,0.0,0.43820224719101125,1.0,0.9,0.0,0.0,0.3,0.2,0.35250000000000004,1.0,1.0,89000,청소,"가격, 내구성",클래스101,유한킴벌리 생활용품 1980,"유한킴벌리 생활용품 ??. ?? ??: 가격, 내구성, 용량, 생활, 청소, 가정.",39000,30000,40000,3.22,,3,naver_api,Y,N,0.305,0.305
female,29,560000.0,학생,기혼,보수적,491000.0,중저가,가구,이케아,27,11,12,Y,8,1.0,3.0,0.0,0.6666666666666666,1.0,0.12016293279022404,0.13921113689095127,0.2,0.577935554488826,1.0,0.37,50000,소장,"내구성, 크기",이케아,이케아 가구 1981,"이케아 가구 ??. ?? ??: 내구성, 크기, 디자인, 이사, 인테리어, 생활.",491000,431000,432000,,192.0,1,naver_api,N,Y,0.669,0.669
female,42,3680000.0,프리랜서,미혼,진보적,65000.0,저가,건강관리,센트룸,2,3,20,N,1,0.0,0.12287334593572778,1.0,0.0,1.0,0.0,0.3541666666666667,0.2,0.36375,1.0,0.95,529000,건강,"희소성, 감성",센트룸,센트룸 건강관리 1982,"센트룸 건강관리 ??. ?? ??: 성분, 후기, 안전성, 건강, 부모님, 회복.",65000,48000,67000,3.31,,2,crawler,Y,N,0.359,0.359
female,34,5910000.0,공무원,미혼,보수적,953000.0,고가,패션,ZARA,47,4,21,Y,5,1.0,2.313106796116505,0.0,0.6666666666666666,0.0,0.3620146904512067,0.13048635824436536,0.2,0.6168681814116816,1.0,0.09999999999999998,412000,여행,"디자인, 착용감",구찌,ZARA 패션 1983,"ZARA 패션 ??. ?? ??: 디자인, 착용감, 브랜드, 출근, 데이트, 여행.",953000,843000,608000,,565.0,4,user_input,N,Y,0.798,0.798
male,45,4460000.0,자영업,미혼,진보적,516000.0,고가,교육,패스트캠퍼스,50,6,12,Y,2,0.0,0.6834437086092715,0.0,0.9,0.0,0.1744186046511628,0.10967741935483871,0.2,0.65375,1.0,0.57,755000,휴식,"강의품질, 가격",대한항공,패스트캠퍼스 교육 1984,"패스트캠퍼스 교육 ??. ?? ??: 강의품질, 가격, 커리큘럼, 공부, 취업, 자기계발.",516000,465000,426000,3.63,2183.0,2,user_input,Y,Y,0.498,0.498
female,33,4130000.0,공무원,기혼,보수적,3386000.0,초고가,명품,프라다,53,15,14,Y,10,1.0,3.0,1.0,0.6666666666666666,0.0,0.0029533372711163615,0.23261740080087367,0.2,0.655,1.0,0.52,571000,선물,"브랜드, 희소성",레노버,프라다 명품 1985,"프라다 명품 ??. ?? ??: 브랜드, 희소성, 디자인, 선물, 보상, 소장.",3386000,2747000,3376000,3.64,3353.0,2,image_estimate,Y,Y,0.574,0.574
male,29,680000.0,학생,미혼,진보적,1597000.0,고가,전자기기,레노버,55,29,19,Y,23,1.0,3.0,1.0,0.9375,1.0,0.13024420788979335,0.24863174354964818,0.2,0.7475,1.0,0.87,131000,게임,"성능, 배터리",레노버,레노버 전자기기 1986,"레노버 전자기기 ??. ?? ??: 성능, 배터리, 휴대성, 업무, 공부, 게임, 콘텐츠.",1597000,1279000,1389000,4.38,3641.0,1,manual,Y,Y,0.476,0.476
female,64,3100000.0,은퇴자,기혼,진보적,861000.0,고가,명품,구찌,39,6,9,Y,3,0.32665639445300454,1.3266563944530045,0.0,0.6666666666666666,0.0,0.21602787456445993,0.06956521739130435,0.0,0.6375,1.0,0.019999999999999976,649000,소장,"브랜드, 희소성",패스트캠퍼스,구찌 명품 1987,"구찌 명품 ??. ?? ??: 브랜드, 희소성, 디자인, 선물, 보상, 소장.",861000,805000,675000,,2188.0,0,naver_api,N,Y,0.636,0.636
female,40,5820000.0,대기업직원,기혼,보수적,42000.0,저가,식품,CJ,44,5,13,N,0,0.0,0.043121149897330596,1.0,0.0,0.0,0.09523809523809523,0.07692307692307693,0.2,0.73125,1.0,1.0,974000,식사,"희소성, 감성",LG,CJ 식품 1988,"CJ 식품 ??. ?? ??: 가격, 신선도, 배송, 생활, 식사, 가족.",42000,39000,38000,4.25,2605.0,2,image_estimate,Y,Y,0.434,0.434
female,23,1040000.0,취업준비생,미혼,진보적,393000.0,중저가,명품,구찌,55,6,18,Y,6,1.0,2.3963414634146343,0.0,0.6666666666666666,0.0,0.183206106870229,0.15588235294117647,0.2,0.61,1.0,0.019999999999999976,164000,소장,"브랜드, 희소성",라네즈,구찌 명품 1989,"구찌 명품 ??. ?? ??: 브랜드, 희소성, 디자인, 선물, 보상, 소장.",393000,340000,321000,3.28,2579.0,3,user_input,Y,Y,0.815,0.815
male,46,9700000.0,전문직,미혼,보수적,14000.0,초저가,생활용품,유한킴벌리,41,5,13,N,2,0.0,0.01263537906137184,1.0,0.9,0.0,0.21428571428571427,0.2727272727272727,0.2,0.69,1.0,1.0,1108000,청소,"가격, 내구성",레노버,유한킴벌리 생활용품 1990,"유한킴벌리 생활용품 ??. ?? ??: 가격, 내구성, 용량, 생활, 청소, 가정.",14000,11000,11000,3.92,1449.0,1,crawler,Y,Y,0.312,0.312
male,70,2320000.0,은퇴자,기혼,진보적,55000.0,저가,교육,패스트캠퍼스,3,0,22,N,3,0.0,0.10978043912175649,0.0,0.9,0.0,0.36363636363636365,0.25,0.0,0.45875000000000005,1.0,0.57,501000,소장,"강의품질, 가격",이케아,패스트캠퍼스 교육 1991,"패스트캠퍼스 교육 ??. ?? ??: 강의품질, 가격, 커리큘럼, 공부, 취업, 자기계발.",55000,44000,35000,4.07,,0,user_input,Y,N,0.556,0.556
female,60,3170000.0,주부,미혼,진보적,99000.0,저가,가구,이케아,50,1,14,N,2,0.0,0.32038834951456313,1.0,0.0,1.0,0.04040404040404041,0.16470588235294117,0.2,0.6625000000000001,1.0,0.87,309000,인테리어,"희소성, 감성",이케아,이케아 가구 1992,"이케아 가구 ??. ?? ??: 내구성, 크기, 디자인, 이사, 인테리어, 생활.",99000,85000,95000,3.7,2857.0,1,image_estimate,Y,Y,0.382,0.382
male,30,9470000.0,대기업직원,미혼,보수적,499000.0,중저가,화장품,이니스프리,50,5,17,N,2,0.0,0.45695970695970695,0.0,0.9,0.0,0.0,0.04831932773109244,0.2,0.8025,1.0,0.019999999999999976,1092000,소장,"성분, 가격",정관장,이니스프리 화장품 1993,"이니스프리 화장품 ??. ?? ??: 성분, 가격, 후기, 피부관리, 선물, 데일리.",499000,476000,512000,4.82,2678.0,2,crawler,Y,Y,0.462,0.462
male,24,770000.0,취업준비생,미혼,진보적,181000.0,중저가,패션,COS,6,6,11,Y,6,0.39230769230769225,1.3923076923076922,0.0,0.6666666666666666,0.0,0.2983425414364641,0.21476510067114093,0.2,0.4,1.0,0.09999999999999998,130000,여행,"디자인, 착용감",루이비통,COS 패션 1994,"COS 패션 ??. ?? ??: 디자인, 착용감, 브랜드, 출근, 데이트, 여행.",181000,149000,127000,3.6,,4,naver_api,Y,N,0.693,0.693
male,25,820000.0,학생,미혼,보수적,50000.0,저가,생활용품,유한킴벌리,33,5,16,N,4,0.0,0.4854368932038835,0.0,0.9,0.0,0.24,0.28205128205128205,0.2,0.6627665137545422,1.0,0.57,103000,유행,"가격, 내구성",대한항공,유한킴벌리 생활용품 1995,"유한킴벌리 생활용품 ??. ?? ??: 가격, 내구성, 용량, 생활, 청소, 가정.",50000,39000,38000,4.39,92.0,3,image_estimate,Y,Y,0.491,0.491
female,47,3990000.0,프리랜서,미혼,보수적,1551000.0,고가,명품,프라다,54,8,14,Y,7,1.0,2.611111111111111,0.0,0.3333333333333333,1.0,0.2617666021921341,0.10864903502501787,0.2,0.6737500000000001,1.0,0.019999999999999976,594000,소장,"희소성, 감성",프라다,프라다 명품 1996,"프라다 명품 ??. ?? ??: 브랜드, 희소성, 디자인, 선물, 보상, 소장.",1551000,1399000,1145000,3.79,3977.0,2,crawler,Y,Y,0.762,0.762
male,29,1030000.0,취업준비생,기혼,보수적,77000.0,저가,화장품,설화수,42,3,20,N,4,0.0,0.6754385964912281,0.0,0.0,1.0,0.19480519480519481,0.26229508196721313,0.0,0.6225,1.0,0.019999999999999976,114000,데일리,"희소성, 감성",설화수,설화수 화장품 1997,"설화수 화장품 ??. ?? ??: 성분, 가격, 후기, 피부관리, 선물, 데일리.",77000,61000,62000,3.38,2037.0,0,manual,Y,Y,0.57,0.57
male,55,3160000.0,주부,미혼,보수적,385000.0,중저가,전자기기,삼성,47,3,11,N,3,0.04904632152588562,1.0490463215258856,0.0,0.9375,0.0,0.0,0.30067567567567566,0.0,0.72,1.0,0.37,367000,콘텐츠,"성능, 배터리",프라다,삼성 전자기기 1998,"삼성 전자기기 ??. ?? ??: 성능, 배터리, 휴대성, 업무, 공부, 게임, 콘텐츠.",385000,296000,390000,4.16,1184.0,0,manual,Y,Y,0.468,0.468
male,55,10970000.0,전문직,미혼,보수적,65000.0,저가,교육,메가스터디,51,1,15,N,4,0.0,0.07728894173602854,1.0,0.0,0.0,0.046153846153846156,0.1016949152542373,0.2,0.615,1.0,1.0,841000,공부,"희소성, 감성",다이소,메가스터디 교육 1999,"메가스터디 교육 ??. ?? ??: 강의품질, 가격, 커리큘럼, 공부, 취업, 자기계발.",65000,59000,62000,3.32,1974.0,1,crawler,Y,Y,0.414,0.414
female,72,3320000.0,은퇴자,기혼,보수적,21000.0,초저가,생활용품,다이소,57,3,17,N,3,0.0,0.03442622950819672,0.0,0.9,0.0,0.3333333333333333,0.23529411764705882,0.2,0.7550000000000001,1.0,0.57,610000,가정,"가격, 내구성",정관장,다이소 생활용품 2000,"다이소 생활용품 ??. ?? ??: 가격, 내구성, 용량, 생활, 청소, 가정.",21000,17000,14000,4.44,3501.0,1,naver_api,Y,Y,0.525,0.525
male,23,890000.0,학생,미혼,진보적,2260000.0,초고가,가구,이케아,17,33,10,Y,22,1.0,3.0,0.0,0.6666666666666666,0.0,0.023451327433628318,0.3780487804878049,0.0,0.3575,1.0,0.37,150000,선물,"내구성, 크기",메가스터디,이케아 가구 2001,"이케아 가구 ??. ?? ??: 내구성, 크기, 디자인, 이사, 인테리어, 생활.",2260000,1640000,2207000,3.26,,0,naver_api,Y,N,0.782,0.782
male,53,3370000.0,사무직,기혼,보수적,273000.0,중저가,패션,아디다스,39,4,1,N,3,0.0,0.5395256916996047,0.0,0.0,1.0,0.13186813186813187,0.3382352941176471,0.2,0.6475,1.0,0.09999999999999998,506000,유행,"희소성, 감성",아디다스,아디다스 패션 2002,"아디다스 패션 ??. ?? ??: 디자인, 착용감, 브랜드, 출근, 데이트, 여행.",273000,204000,237000,3.58,2024.0,1,image_estimate,Y,Y,0.582,0.582
male,35,3790000.0,사무직,기혼,보수적,7388000.0,초고가,전자기기,애플,46,26,12,Y,18,1.0,3.0,1.0,0.0,0.0,0.33324309691391446,0.24042981867024849,0.2,0.6375,1.0,0.87,312000,업무,"희소성, 감성",3M,애플 전자기기 2003,"애플 전자기기 ??. ?? ??: 성능, 배터리, 휴대성, 업무, 공부, 게임, 콘텐츠.",7388000,5956000,4926000,,3364.0,3,naver_api,N,Y,0.691,0.691
female,23,520000.0,학생,미혼,진보적,46000.0,저가,패션,아디다스,47,5,15,N,5,1.0,2.090909090909091,0.0,0.6666666666666666,0.0,0.2391304347826087,0.12195121951219512,0.2,0.6699999999999999,1.0,0.09999999999999998,22000,선물,"디자인, 착용감",CJ,아디다스 패션 2004,"아디다스 패션 ??. ?? ??: 디자인, 착용감, 브랜드, 출근, 데이트, 여행.",46000,41000,35000,3.76,1699.0,2,crawler,Y,Y,0.77,0.77
female,75,2500000.0,은퇴자,미혼,보수적,18000.0,초저가,생활용품,다이소,52,4,20,N,4,0.0,0.07531380753138076,0.0,0.0,1.0,0.0,0.2857142857142857,0.2,0.6375,1.0,0.57,239000,유행,"희소성, 감성",다이소,다이소 생활용품 2005,"다이소 생활용품 ??. ?? ??: 가격, 내구성, 용량, 생활, 청소, 가정.",18000,14000,18000,,3001.0,3,user_input,N,Y,0.54,0.54
female,19,610000.0,학생,미혼,진보적,1691000.0,고가,전자기기,삼성,7,36,19,Y,26,1.0,3.0,0.0,0.0,0.0,0.12418687167356594,0.21654676258992805,0.2,0.40375,1.0,0.37,70000,휴식,"희소성, 감성",애플,삼성 전자기기 2006,"삼성 전자기기 ??. ?? ??: 성능, 배터리, 휴대성, 업무, 공부, 게임, 콘텐츠.",1691000,1390000,1481000,3.63,,3,user_input,Y,N,0.899,0.899
female,35,8180000.0,대기업직원,기혼,진보적,128000.0,중저가,생활용품,유한킴벌리,13,2,9,N,4,0.0,0.1272365805168986,1.0,0.0,0.0,0.1484375,0.13274336283185842,0.2,0.5162500000000001,1.0,1.0,1006000,생활,"희소성, 감성",패스트캠퍼스,유한킴벌리 생활용품 2007,"유한킴벌리 생활용품 ??. ?? ??: 가격, 내구성, 용량, 생활, 청소, 가정.",128000,113000,109000,4.53,,1,naver_api,Y,N,0.435,0.435
female,33,5190000.0,공무원,기혼,보수적,45000.0,저가,건강관리,센트룸,42,1,16,N,3,0.0,0.04988913525498891,1.0,0.6666666666666666,0.0,0.13333333333333333,0.25,0.0,0.67625,1.0,0.95,902000,건강,"성분, 후기",정관장,센트룸 건강관리 2008,"센트룸 건강관리 ??. ?? ??: 성분, 후기, 안전성, 건강, 부모님, 회복.",45000,36000,39000,3.81,2527.0,0,crawler,Y,Y,0.346,0.346
female,56,7550000.0,자영업,기혼,보수적,413000.0,중저가,전자기기,삼성,49,2,19,N,3,0.39057239057239057,1.3905723905723906,0.0,0.0,1.0,0.3026634382566586,0.3069620253164557,0.2,0.69,1.0,0.37,297000,휴식,"희소성, 감성",삼성,삼성 전자기기 2009,"삼성 전자기기 ??. ?? ??: 성능, 배터리, 휴대성, 업무, 공부, 게임, 콘텐츠.",413000,316000,288000,3.92,3878.0,4,user_input,Y,Y,0.688,0.688
female,25,810000.0,취업준비생,미혼,보수적,43000.0,저가,건강관리,정관장,38,4,20,N,3,0.0,0.2471264367816092,0.0,0.6666666666666666,0.0,0.23255813953488372,0.16216216216216217,0.2,0.7124999999999999,1.0,0.44999999999999996,174000,소장,"성분, 후기",메가스터디,정관장 건강관리 2010,"정관장 건강관리 ??. ?? ??: 성분, 후기, 안전성, 건강, 부모님, 회복.",43000,37000,33000,4.1,1996.0,1,user_input,Y,Y,0.532,0.532
male,22,800000.0,취업준비생,미혼,진보적,5742000.0,초고가,전자기기,삼성,49,60,18,Y,60,1.0,3.0,0.0,0.9375,0.0,0.006792058516196447,0.1424592120970951,0.2,0.65875,1.0,0.37,54000,유행,"성능, 배터리",설화수,삼성 전자기기 2011,"삼성 전자기기 ??. ?? ??: 성능, 배터리, 휴대성, 업무, 공부, 게임, 콘텐츠.",5742000,5026000,5703000,3.67,2478.0,4,naver_api,Y,Y,0.691,0.691
female,66,2710000.0,은퇴자,기혼,보수적,15000.0,초저가,식품,동원,43,4,13,N,2,0.0,0.038560411311053984,1.0,0.0,0.0,0.26666666666666666,0.07142857142857142,0.0,0.685,1.0,1.0,389000,식사,"희소성, 감성",아디다스,동원 식품 2012,"동원 식품 ??. ?? ??: 가격, 신선도, 배송, 생활, 식사, 가족.",15000,14000,11000,3.88,3688.0,0,naver_api,Y,Y,0.414,0.414
female,34,5360000.0,사무직,기혼,진보적,646000.0,고가,명품,구찌,45,4,18,Y,3,0.17454545454545456,1.1745454545454546,1.0,0.6666666666666666,1.0,0.0,0.041935483870967745,0.0,0.6375,1.0,0.52,550000,선물,"브랜드, 희소성",구찌,구찌 명품 2013,"구찌 명품 ??. ?? ??: 브랜드, 희소성, 디자인, 선물, 보상, 소장.",646000,620000,667000,,2780.0,0,image_estimate,N,Y,0.285,0.285
female,29,810000.0,학생,미혼,보수적,667000.0,고가,명품,루이비통,53,10,15,Y,9,1.0,3.0,1.0,0.6666666666666666,1.0,0.36281859070464767,0.378099173553719,0.0,0.6375,1.0,0.52,114000,선물,"브랜드, 희소성",루이비통,루이비통 명품 2014,"루이비통 명품 ??. ?? ??: 브랜드, 희소성, 디자인, 선물, 보상, 소장.",667000,484000,425000,,2563.0,0,manual,N,Y,0.558,0.558
male,50,9380000.0,전문직,기혼,진보적,105000.0,중저가,가구,한샘,42,3,9,N,0,0.0,0.1664025356576862,0.0,0.0,0.0,0.21904761904761905,0.2962962962962963,0.2,0.6950000000000001,1.0,0.37,631000,휴식,"희소성, 감성",애플,한샘 가구 2015,"한샘 가구 ??. ?? ??: 내구성, 크기, 디자인, 이사, 인테리어, 생활.",105000,81000,82000,3.96,2315.0,1,manual,Y,Y,0.693,0.693
female,53,9280000.0,대기업직원,기혼,보수적,200000.0,중저가,전자기기,소니,54,3,11,N,4,0.0,0.4784688995215311,0.0,0.9375,0.0,0.325,0.11731843575418995,0.2,0.76,1.0,0.37,418000,휴식,"성능, 배터리",CJ,소니 전자기기 2016,"소니 전자기기 ??. ?? ??: 성능, 배터리, 휴대성, 업무, 공부, 게임, 콘텐츠.",200000,179000,135000,4.48,3095.0,1,naver_api,Y,Y,0.532,0.532
male,41,2020000.0,주부,미혼,보수적,71000.0,저가,가구,이케아,30,4,11,N,1,0.0,0.36787564766839376,0.0,0.6666666666666666,0.0,0.056338028169014086,0.18333333333333332,0.2,0.5687075140234561,1.0,0.37,193000,휴식,"내구성, 크기",한샘,이케아 가구 2017,"이케아 가구 ??. ?? ??: 내구성, 크기, 디자인, 이사, 인테리어, 생활.",71000,60000,67000,3.44,183.0,2,user_input,Y,Y,0.542,0.542
female,40,5790000.0,프리랜서,기혼,진보적,207000.0,중저가,가구,리바트,41,1,12,N,0,0.0,0.6160714285714286,0.0,0.0,0.0,0.21739130434782608,0.045454545454545456,0.2,0.6799999999999999,1.0,0.37,336000,선물,"희소성, 감성",정관장,리바트 가구 2018,"리바트 가구 ??. ?? ??: 내구성, 크기, 디자인, 이사, 인테리어, 생활.",207000,198000,162000,3.84,2453.0,1,image_estimate,Y,Y,0.65,0.65
female,35,3740000.0,프리랜서,기혼,진보적,528000.0,고가,전자기기,소니,39,7,10,Y,3,0.11627906976744184,1.1162790697674418,0.0,0.0,0.0,0.0,0.2,0.2,0.6465517201840503,1.0,0.37,473000,유행,"희소성, 감성",COS,소니 전자기기 2019,"소니 전자기기 ??. ?? ??: 성능, 배터리, 휴대성, 업무, 공부, 게임, 콘텐츠.",528000,440000,531000,3.59,941.0,4,crawler,Y,Y,0.681,0.681
male,30,1220000.0,취업준비생,미혼,보수적,664000.0,고가,교육,클래스101,43,9,12,Y,7,1.0,3.0,0.0,0.0,1.0,0.0,0.07617504051863858,0.2,0.6593801747633941,1.0,0.57,191000,유행,"희소성, 감성",클래스101,클래스101 교육 2020,"클래스101 교육 ??. ?? ??: 강의품질, 가격, 커리큘럼, 공부, 취업, 자기계발.",664000,617000,717000,3.68,983.0,4,crawler,Y,Y,0.74,0.74
male,66,2890000.0,은퇴자,기혼,진보적,69000.0,저가,패션,COS,38,1,18,N,2,0.0,0.215625,0.0,0.0,1.0,0.15942028985507245,0.029850746268656716,0.2,0.7094147390505103,1.0,0.09999999999999998,320000,유행,"희소성, 감성",COS,COS 패션 2021,"COS 패션 ??. ?? ??: 디자인, 착용감, 브랜드, 출근, 데이트, 여행.",69000,67000,58000,4.31,444.0,4,crawler,Y,Y,0.554,0.554
male,32,930000.0,취업준비생,미혼,보수적,5000.0,초저가,식품,오뚜기,46,3,9,N,0,0.0,0.125,0.0,0.9,0.0,0.2,0.25,0.2,0.6375,1.0,0.57,40000,가족,"가격, 신선도",유한킴벌리,오뚜기 식품 2022,"오뚜기 식품 ??. ?? ??: 가격, 신선도, 배송, 생활, 식사, 가족.",5000,4000,4000,,2490.0,2,naver_api,N,Y,0.507,0.507
female,53,3780000.0,공무원,기혼,보수적,184000.0,중저가,여행,대한항공,51,5,20,N,4,0.0,0.27299703264094954,1.0,0.0,1.0,0.3532608695652174,0.05142857142857143,0.2,0.6375,1.0,0.6,674000,가족,"희소성, 감성",대한항공,대한항공 여행 2023,"대한항공 여행 ??. ?? ??: 가격, 일정, 숙소, 휴식, 가족, 기념일.",184000,175000,119000,,3567.0,2,user_input,N,Y,0.42,0.42
male,36,2600000.0,주부,기혼,진보적,2277000.0,초고가,명품,프라다,52,13,21,Y,11,1.0,3.0,1.0,0.6666666666666666,0.0,0.30434782608695654,0.28209459459459457,0.2,0.7462500000000001,1.0,0.52,252000,보상,"브랜드, 희소성",아디다스,프라다 명품 2024,"프라다 명품 ??. ?? ??: 브랜드, 희소성, 디자인, 선물, 보상, 소장.",2277000,1776000,1584000,4.37,2851.0,3,manual,Y,Y,0.609,0.609
male,57,9590000.0,대기업직원,기혼,보수적,359000.0,중저가,여행,마이리얼트립,47,5,16,N,0,0.0,0.5780998389694042,1.0,0.0,0.0,0.22562674094707522,0.1848184818481848,0.2,0.6950000000000001,1.0,0.6,621000,휴식,"희소성, 감성",구찌,마이리얼트립 여행 2025,"마이리얼트립 여행 ??. ?? ??: 가격, 일정, 숙소, 휴식, 가족, 기념일.",359000,303000,278000,3.96,3889.0,1,user_input,Y,Y,0.496,0.496
female,55,4950000.0,사무직,기혼,진보적,779000.0,고가,패션,ZARA,53,4,19,Y,1,0.0,0.8733183856502242,0.0,0.0,0.0,0.0038510911424903724,0.11604584527220631,0.2,0.6375,1.0,0.09999999999999998,892000,여행,"희소성, 감성",프라다,ZARA 패션 2026,"ZARA 패션 ??. ?? ??: 디자인, 착용감, 브랜드, 출근, 데이트, 여행.",779000,698000,776000,,2641.0,4,naver_api,N,Y,0.646,0.646
female,58,4820000.0,공무원,기혼,진보적,1996000.0,고가,여행,마이리얼트립,52,6,16,Y,5,1.0,2.9702380952380953,1.0,0.0,1.0,0.0,0.23362175525339926,0.2,0.68875,1.0,0.6,672000,가족,"희소성, 감성",마이리얼트립,마이리얼트립 여행 2027,"마이리얼트립 여행 ??. ?? ??: 가격, 일정, 숙소, 휴식, 가족, 기념일.",1996000,1618000,2136000,3.91,2611.0,4,user_input,Y,Y,0.606,0.606
male,27,830000.0,학생,기혼,보수적,101000.0,중저가,화장품,라네즈,55,4,19,N,1,0.0,0.8938053097345132,0.0,0.9,0.0,0.0,0.20238095238095238,0.0,0.7124999999999999,1.0,0.019999999999999976,113000,데일리,"성분, 가격",레노버,라네즈 화장품 2028,"라네즈 화장품 ??. ?? ??: 성분, 가격, 후기, 피부관리, 선물, 데일리.",101000,84000,106000,4.1,2782.0,0,user_input,Y,Y,0.503,0.503
female,30,4640000.0,공무원,기혼,보수적,19000.0,초저가,생활용품,다이소,39,0,17,N,2,0.0,0.05337078651685393,1.0,0.9,1.0,0.0,0.1875,0.0,0.6028513909293662,1.0,1.0,356000,생활,"가격, 내구성",다이소,다이소 생활용품 2029,"다이소 생활용품 ??. ?? ??: 가격, 내구성, 용량, 생활, 청소, 가정.",19000,16000,19000,3.6,271.0,0,naver_api,Y,Y,0.195,0.195
male,30,3630000.0,프리랜서,기혼,보수적,174000.0,중저가,패션,ZARA,6,4,9,N,1,0.0,0.32162661737523107,1.0,0.0,0.0,0.3793103448275862,0.023529411764705882,0.0,0.5325,1.0,0.6,541000,데이트,"희소성, 감성",리바트,ZARA 패션 2030,"ZARA 패션 ??. ?? ??: 디자인, 착용감, 브랜드, 출근, 데이트, 여행.",174000,170000,108000,4.66,,0,crawler,Y,N,0.492,0.492
female,48,2090000.0,주부,기혼,보수적,607000.0,고가,건강관리,정관장,51,6,21,Y,4,1.0,2.078767123287671,1.0,0.0,0.0,0.214168039538715,0.15399239543726237,0.0,0.6375,1.0,0.95,292000,건강,"희소성, 감성",유한킴벌리,정관장 건강관리 2031,"정관장 건강관리 ??. ?? ??: 성분, 후기, 안전성, 건강, 부모님, 회복.",607000,526000,477000,,2853.0,0,manual,N,Y,0.672,0.672
female,24,730000.0,학생,미혼,진보적,12000.0,초저가,식품,동원,43,3,12,N,3,0.0,0.11320754716981132,0.0,0.9,0.0,0.25,0.2,0.2,0.6212500000000001,1.0,0.57,106000,유행,"가격, 신선도",하나투어,동원 식품 2032,"동원 식품 ??. ?? ??: 가격, 신선도, 배송, 생활, 식사, 가족.",12000,10000,9000,3.37,1843.0,3,image_estimate,Y,Y,0.511,0.511
male,50,5200000.0,자영업,미혼,보수적,399000.0,중저가,화장품,설화수,41,5,12,N,3,0.0,0.7964071856287425,1.0,0.0,0.0,0.2706766917293233,0.3125,0.2,0.6937500000000001,1.0,0.52,501000,선물,"희소성, 감성",유한킴벌리,설화수 화장품 2033,"설화수 화장품 ??. ?? ??: 성분, 가격, 후기, 피부관리, 선물, 데일리.",399000,304000,291000,3.95,2310.0,2,naver_api,Y,Y,0.507,0.507
male,28,6110000.0,대기업직원,미혼,보수적,33000.0,저가,화장품,설화수,55,0,10,N,1,0.0,0.02546296296296296,0.0,0.9,1.0,0.12121212121212122,0.2692307692307692,0.2,0.7887500000000001,1.0,0.019999999999999976,1296000,유행,"성분, 가격",설화수,설화수 화장품 2034,"설화수 화장품 ??. ?? ??: 성분, 가격, 후기, 피부관리, 선물, 데일리.",33000,26000,29000,4.71,3647.0,3,manual,Y,Y,0.445,0.445
female,35,8140000.0,대기업직원,미혼,진보적,3200000.0,초고가,가구,한샘,45,10,21,Y,7,1.0,3.0,0.0,0.6666666666666666,1.0,0.3271875,0.06453759148369927,0.2,0.64,1.0,0.37,262000,선물,"내구성, 크기",한샘,한샘 가구 2035,"한샘 가구 ??. ?? ??: 내구성, 크기, 디자인, 이사, 인테리어, 생활.",3200000,3006000,2153000,3.52,2757.0,3,image_estimate,Y,Y,0.71,0.71
male,61,3330000.0,은퇴자,미혼,보수적,168000.0,중저가,화장품,이니스프리,14,4,9,N,1,0.0,0.3005366726296959,1.0,0.0,0.0,0.30952380952380953,0.11258278145695365,0.2,0.46749999999999997,1.0,0.52,559000,선물,"희소성, 감성",설화수,이니스프리 화장품 2036,"이니스프리 화장품 ??. ?? ??: 성분, 가격, 후기, 피부관리, 선물, 데일리.",168000,151000,116000,4.14,,2,image_estimate,Y,N,0.494,0.494
female,23,560000.0,학생,미혼,진보적,1258000.0,고가,가구,리바트,34,29,20,Y,20,1.0,3.0,0.0,0.0,1.0,0.21144674085850557,0.21781219748305905,0.2,0.7347264425250704,1.0,0.37,47000,선물,"희소성, 감성",리바트,리바트 가구 2037,"리바트 가구 ??. ?? ??: 내구성, 크기, 디자인, 이사, 인테리어, 생활.",1258000,1033000,992000,4.37,727.0,4,image_estimate,Y,Y,0.793,0.793
female,40,5550000.0,사무직,기혼,보수적,51000.0,저가,생활용품,다이소,49,4,22,N,1,0.0,0.05284974093264249,0.0,0.0,0.0,0.3333333333333333,0.13333333333333333,0.0,0.6375,1.0,0.57,965000,유행,"희소성, 감성",패스트캠퍼스,다이소 생활용품 2038,"다이소 생활용품 ??. ?? ??: 가격, 내구성, 용량, 생활, 청소, 가정.",51000,45000,34000,,1061.0,0,crawler,N,Y,0.67,0.67
female,41,5890000.0,공무원,미혼,보수적,34000.0,저가,식품,동원,45,2,1,N,3,0.0,0.02711323763955343,1.0,0.0,0.0,0.14705882352941177,0.13333333333333333,0.2,0.80375,1.0,1.0,1254000,생활,"희소성, 감성",종근당,동원 식품 2039,"동원 식품 ??. ?? ??: 가격, 신선도, 배송, 생활, 식사, 가족.",34000,30000,29000,4.83,2371.0,1,user_input,Y,Y,0.449,0.449
female,63,3380000.0,은퇴자,기혼,보수적,1816000.0,고가,여행,마이리얼트립,52,9,19,Y,4,1.0,3.0,0.0,0.0,0.0,0.29845814977973567,0.04367816091954023,0.0,0.62625,1.0,0.09999999999999998,188000,유행,"희소성, 감성",ZARA,마이리얼트립 여행 2040,"마이리얼트립 여행 ??. ?? ??: 가격, 일정, 숙소, 휴식, 가족, 기념일.",1816000,1740000,1274000,3.41,1917.0,0,naver_api,Y,Y,0.901,0.901
female,57,1910000.0,주부,기혼,진보적,450000.0,중저가,여행,마이리얼트립,42,8,12,Y,6,0.5734265734265733,1.5734265734265733,0.0,0.9,1.0,0.13555555555555557,0.2711864406779661,0.0,0.6325000000000001,1.0,0.09999999999999998,286000,기념일,"가격, 일정",마이리얼트립,마이리얼트립 여행 2041,"마이리얼트립 여행 ??. ?? ??: 가격, 일정, 숙소, 휴식, 가족, 기념일.",450000,354000,389000,3.46,2773.0,0,manual,Y,Y,0.547,0.547
male,70,2660000.0,은퇴자,기혼,보수적,8000.0,초저가,식품,CJ,6,3,17,N,3,0.0,0.017582417582417582,0.0,0.9,0.0,0.25,0.14285714285714285,0.2,0.48374999999999996,1.0,0.57,455000,유행,"가격, 신선도",애플,CJ 식품 2042,"CJ 식품 ??. ?? ??: 가격, 신선도, 배송, 생활, 식사, 가족.",8000,7000,6000,4.27,,2,user_input,Y,N,0.5,0.5
male,24,650000.0,학생,미혼,진보적,673000.0,고가,여행,하나투어,49,18,1,Y,12,1.0,3.0,0.0,0.9,0.0,0.0,0.3300395256916996,0.2,0.6275,1.0,0.09999999999999998,112000,소장,"가격, 일정",LG,하나투어 여행 2043,"하나투어 여행 ??. ?? ??: 가격, 일정, 숙소, 휴식, 가족, 기념일.",673000,506000,722000,3.42,1001.0,1,user_input,Y,Y,0.776,0.776
male,35,1980000.0,주부,기혼,보수적,2022000.0,초고가,여행,대한항공,50,13,15,Y,9,1.0,3.0,0.0,0.9,0.0,0.008407517309594461,0.3087378640776699,0.2,0.6375,1.0,0.09999999999999998,136000,선물,"가격, 일정",이케아,대한항공 여행 2044,"대한항공 여행 ??. ?? ??: 가격, 일정, 숙소, 휴식, 가족, 기념일.",2022000,1545000,2005000,,1511.0,1,naver_api,N,Y,0.741,0.741
male,55,6150000.0,대기업직원,미혼,보수적,1055000.0,고가,여행,대한항공,9,4,18,Y,5,1.0,3.0,1.0,0.0,1.0,0.0,0.07543323139653414,0.2,0.4225,1.0,0.6,308000,가족,"희소성, 감성",대한항공,대한항공 여행 2045,"대한항공 여행 ??. ?? ??: 가격, 일정, 숙소, 휴식, 가족, 기념일.",1055000,981000,1119000,3.78,,3,user_input,Y,N,0.588,0.588
female,40,5690000.0,프리랜서,기혼,진보적,1574000.0,고가,여행,하나투어,10,8,16,Y,7,1.0,2.805704099821747,0.0,0.0,0.0,0.3513341804320203,0.1381055676066522,0.0,0.5175000000000001,1.0,0.09999999999999998,561000,유행,"희소성, 감성",오뚜기,하나투어 여행 2046,"하나투어 여행 ??. ?? ??: 가격, 일정, 숙소, 휴식, 가족, 기념일.",1574000,1383000,1021000,4.54,,0,crawler,Y,N,0.916,0.916
male,44,5620000.0,자영업,기혼,보수적,384000.0,중저가,패션,아디다스,49,3,10,N,5,0.0,0.758893280632411,0.0,0.0,1.0,0.14583333333333334,0.25901639344262295,0.2,0.76125,1.0,0.09999999999999998,506000,유행,"희소성, 감성",아디다스,아디다스 패션 2047,"아디다스 패션 ??. ?? ??: 디자인, 착용감, 브랜드, 출근, 데이트, 여행.",384000,305000,328000,4.49,3057.0,3,crawler,Y,Y,0.597,0.597
male,37,8280000.0,전문직,기혼,보수적,6534000.0,초고가,명품,샤넬,50,11,21,Y,6,1.0,3.0,0.0,0.3333333333333333,0.0,0.11493725130088767,0.35560165975103736,0.2,0.7637499999999999,1.0,0.019999999999999976,1187000,소장,"희소성, 감성",패스트캠퍼스,샤넬 명품 2048,"샤넬 명품 ??. ?? ??: 브랜드, 희소성, 디자인, 선물, 보상, 소장.",6534000,4820000,5783000,4.51,3584.0,2,user_input,Y,Y,0.838,0.838
male,52,5790000.0,프리랜서,미혼,진보적,460000.0,중저가,여행,하나투어,42,2,9,N,1,0.36498516320474783,1.3649851632047478,1.0,0.0,1.0,0.1826086956521739,0.05504587155963303,0.2,0.7024999999999999,1.0,0.6,337000,휴식,"희소성, 감성",하나투어,하나투어 여행 2049,"하나투어 여행 ??. ?? ??: 가격, 일정, 숙소, 휴식, 가족, 기념일.",460000,436000,376000,4.02,3426.0,4,crawler,Y,Y,0.464,0.464
female,46,4810000.0,사무직,미혼,진보적,3998000.0,초고가,가구,이케아,11,15,18,Y,8,1.0,3.0,1.0,0.0,0.0,0.0,0.18074424099232134,0.2,0.3575,1.0,0.87,714000,이사,"희소성, 감성",종근당,이케아 가구 2050,"이케아 가구 ??. ?? ??: 내구성, 크기, 디자인, 이사, 인테리어, 생활.",3998000,3386000,4222000,3.26,,1,crawler,Y,N,0.669,0.669
female,41,5190000.0,프리랜서,미혼,보수적,60000.0,저가,건강관리,센트룸,2,5,19,N,0,0.0,0.32967032967032966,0.0,0.6666666666666666,0.0,0.0,0.2765957446808511,0.2,0.5137499999999999,1.0,0.44999999999999996,182000,회복,"성분, 후기",3M,센트룸 건강관리 2051,"센트룸 건강관리 ??. ?? ??: 성분, 후기, 안전성, 건강, 부모님, 회복.",60000,47000,62000,4.51,,2,naver_api,Y,N,0.545,0.545
female,42,6140000.0,대기업직원,기혼,진보적,134000.0,중저가,교육,클래스101,46,0,21,N,2,0.0,0.36314363143631434,1.0,0.9,1.0,0.0,0.08064516129032258,0.2,0.6369969428159135,1.0,1.0,369000,공부,"강의품질, 가격",클래스101,클래스101 교육 2052,"클래스101 교육 ??. ?? ??: 강의품질, 가격, 커리큘럼, 공부, 취업, 자기계발.",134000,124000,136000,3.53,889.0,4,naver_api,Y,Y,0.22,0.22
female,43,5450000.0,사무직,미혼,보수적,576000.0,고가,화장품,이니스프리,44,3,10,Y,1,0.0,0.9846153846153847,1.0,0.9,0.0,0.3107638888888889,0.3333333333333333,0.2,0.6375,1.0,0.52,585000,선물,"성분, 가격",아디다스,이니스프리 화장품 2053,"이니스프리 화장품 ??. ?? ??: 성분, 가격, 후기, 피부관리, 선물, 데일리.",576000,432000,397000,,2502.0,2,user_input,N,Y,0.374,0.374
female,42,5170000.0,사무직,미혼,진보적,3124000.0,초고가,가구,리바트,45,9,13,Y,6,1.0,3.0,0.0,0.6666666666666666,1.0,0.0,0.1298372513562387,0.2,0.6375,1.0,0.37,873000,소장,"내구성, 크기",리바트,리바트 가구 2054,"리바트 가구 ??. ?? ??: 내구성, 크기, 디자인, 이사, 인테리어, 생활.",3124000,2765000,3339000,3.5,3711.0,1,naver_api,Y,Y,0.66,0.66
female,26,4350000.0,사무직,미혼,보수적,34000.0,저가,식품,CJ,34,5,0,N,3,0.0,0.136,1.0,0.0,1.0,0.0,0.21428571428571427,0.2,0.5449121831440416,1.0,1.0,250000,식사,"희소성, 감성",CJ,CJ 식품 2055,"CJ 식품 ??. ?? ??: 가격, 신선도, 배송, 생활, 식사, 가족.",34000,28000,35000,3.21,210.0,3,crawler,Y,Y,0.338,0.338
female,19,680000.0,학생,미혼,보수적,38000.0,저가,식품,CJ,7,6,11,N,4,0.0,0.26573426573426573,0.0,0.9,1.0,0.07894736842105263,0.35714285714285715,0.0,0.5262500000000001,1.0,0.57,143000,유행,"가격, 신선도",CJ,CJ 식품 2056,"CJ 식품 ??. ?? ??: 가격, 신선도, 배송, 생활, 식사, 가족.",38000,28000,35000,4.61,,0,naver_api,Y,N,0.399,0.399
female,44,11280000.0,전문직,미혼,보수적,6000.0,초저가,생활용품,3M,44,4,21,N,2,0.0,0.0027881040892193307,0.0,0.0,1.0,0.3333333333333333,0.2,0.2,0.7962499999999999,1.0,0.57,2152000,선물,"희소성, 감성",3M,3M 생활용품 2057,"3M 생활용품 ??. ?? ??: 가격, 내구성, 용량, 생활, 청소, 가정.",6000,5000,4000,4.77,2274.0,3,manual,Y,Y,0.551,0.551
female,55,3410000.0,주부,기혼,보수적,14000.0,초저가,식품,오뚜기,48,1,3,N,0,0.0,0.10852713178294573,1.0,0.9,0.0,0.07142857142857142,0.4,0.2,0.7575000000000001,1.0,1.0,129000,식사,"가격, 신선도",메가스터디,오뚜기 식품 2058,"오뚜기 식품 ??. ?? ??: 가격, 신선도, 배송, 생활, 식사, 가족.",14000,10000,13000,4.46,3705.0,4,naver_api,Y,Y,0.285,0.285
male,49,4560000.0,사무직,기혼,진보적,37000.0,저가,건강관리,정관장,48,2,18,N,4,0.0,0.14859437751004015,1.0,0.6666666666666666,1.0,0.05405405405405406,0.15625,0.2,0.6375,1.0,0.95,249000,부모님,"성분, 후기",정관장,정관장 건강관리 2059,"정관장 건강관리 ??. ?? ??: 성분, 후기, 안전성, 건강, 부모님, 회복.",37000,32000,35000,,2474.0,4,naver_api,N,Y,0.245,0.245
male,45,8120000.0,전문직,기혼,보수적,53000.0,저가,교육,클래스101,50,4,12,N,1,0.0,0.03032036613272311,1.0,0.0,0.0,0.37735849056603776,0.0392156862745098,0.2,0.7737499999999999,1.0,1.0,1748000,취업,"희소성, 감성",메가스터디,클래스101 교육 2060,"클래스101 교육 ??. ?? ??: 강의품질, 가격, 커리큘럼, 공부, 취업, 자기계발.",53000,51000,33000,4.59,2029.0,2,crawler,Y,Y,0.47,0.47
male,43,5730000.0,프리랜서,기혼,진보적,494000.0,중저가,교육,클래스101,54,6,18,N,2,0.0,0.7264705882352941,0.0,0.9,1.0,0.06680161943319839,0.23192019950124687,0.0,0.7675000000000001,1.0,0.57,680000,자기계발,"강의품질, 가격",클래스101,클래스101 교육 2061,"클래스101 교육 ??. ?? ??: 강의품질, 가격, 커리큘럼, 공부, 취업, 자기계발.",494000,401000,461000,4.54,1951.0,0,user_input,Y,Y,0.372,0.372
male,32,1210000.0,취업준비생,미혼,보수적,3528000.0,초고가,명품,샤넬,10,37,12,Y,23,1.0,3.0,0.0,0.6666666666666666,0.0,0.37670068027210885,0.2942039618488628,0.0,0.46375000000000005,1.0,0.019999999999999976,134000,유행,"브랜드, 희소성",루이비통,샤넬 명품 2062,"샤넬 명품 ??. ?? ??: 브랜드, 희소성, 디자인, 선물, 보상, 소장.",3528000,2726000,2199000,4.11,,0,crawler,Y,N,0.856,0.856
female,33,1250000.0,취업준비생,기혼,보수적,1109000.0,고가,전자기기,소니,10,16,21,Y,7,1.0,3.0,0.0,0.9375,0.0,0.34265103697024346,0.336144578313253,0.2,0.47500000000000003,1.0,0.37,242000,콘텐츠,"성능, 배터리",LG,소니 전자기기 2063,"소니 전자기기 ??. ?? ??: 성능, 배터리, 휴대성, 업무, 공부, 게임, 콘텐츠.",1109000,830000,729000,4.2,,2,user_input,Y,N,0.774,0.774
male,27,8300000.0,대기업직원,미혼,보수적,86000.0,저가,가구,리바트,47,2,18,N,4,0.0,0.17165668662674652,0.0,0.0,1.0,0.0,0.2112676056338028,0.2,0.6825,1.0,0.37,501000,생활,"희소성, 감성",리바트,리바트 가구 2064,"리바트 가구 ??. ?? ??: 내구성, 크기, 디자인, 이사, 인테리어, 생활.",86000,71000,91000,3.86,2552.0,4,image_estimate,Y,Y,0.541,0.541
male,46,5360000.0,사무직,기혼,보수적,199000.0,중저가,화장품,이니스프리,40,4,16,N,0,0.0,0.18563432835820895,0.0,0.0,1.0,0.0,0.2922077922077922,0.0,0.66875,1.0,0.019999999999999976,1072000,휴식,"희소성, 감성",이니스프리,이니스프리 화장품 2065,"이니스프리 화장품 ??. ?? ??: 성분, 가격, 후기, 피부관리, 선물, 데일리.",199000,154000,210000,3.75,2472.0,0,manual,Y,Y,0.549,0.549
male,41,5570000.0,대기업직원,미혼,보수적,87000.0,저가,가구,한샘,38,3,15,N,1,0.0,0.07506471095772217,0.0,0.6666666666666666,0.0,0.16091954022988506,0.11538461538461539,0.2,0.655,1.0,0.37,1159000,생활,"내구성, 크기",삼성,한샘 가구 2066,"한샘 가구 ??. ?? ??: 내구성, 크기, 디자인, 이사, 인테리어, 생활.",87000,78000,73000,3.64,1750.0,3,manual,Y,Y,0.554,0.554
female,52,5520000.0,프리랜서,기혼,보수적,82000.0,저가,건강관리,센트룸,15,6,14,N,1,0.0,0.08241206030150754,1.0,0.0,0.0,0.10975609756097561,0.36666666666666664,0.2,0.5325,1.0,0.95,995000,건강,"희소성, 감성",한샘,센트룸 건강관리 2067,"센트룸 건강관리 ??. ?? ??: 성분, 후기, 안전성, 건강, 부모님, 회복.",82000,60000,73000,4.66,,1,user_input,Y,N,0.461,0.461
female,35,3200000.0,주부,기혼,보수적,2661000.0,초고가,전자기기,소니,16,14,0,Y,7,1.0,3.0,0.0,0.9375,1.0,0.2224727546035325,0.2581560283687943,0.2,0.405,1.0,0.37,180000,소장,"성능, 배터리",소니,소니 전자기기 2068,"소니 전자기기 ??. ?? ??: 성능, 배터리, 휴대성, 업무, 공부, 게임, 콘텐츠.",2661000,2115000,2069000,3.64,,3,crawler,Y,N,0.696,0.696
male,65,2730000.0,은퇴자,미혼,진보적,406000.0,중저가,교육,메가스터디,16,7,15,N,6,0.0,0.8319672131147541,0.0,0.9,0.0,0.31773399014778325,0.16666666666666666,0.2,0.36,1.0,0.57,488000,자기계발,"강의품질, 가격",정관장,메가스터디 교육 2069,"메가스터디 교육 ??. ?? ??: 강의품질, 가격, 커리큘럼, 공부, 취업, 자기계발.",406000,348000,277000,3.28,,3,image_estimate,Y,N,0.517,0.517
male,46,2850000.0,주부,기혼,보수적,193000.0,중저가,교육,클래스101,52,5,22,N,2,0.0,0.5830815709969789,1.0,0.0,1.0,0.031088082901554404,0.08426966292134831,0.2,0.8075000000000001,1.0,1.0,331000,공부,"희소성, 감성",클래스101,클래스101 교육 2070,"클래스101 교육 ??. ?? ??: 강의품질, 가격, 커리큘럼, 공부, 취업, 자기계발.",193000,178000,187000,4.86,3177.0,1,user_input,Y,Y,0.353,0.353
female,65,3730000.0,은퇴자,기혼,보수적,31000.0,저가,식품,동원,7,5,17,N,1,0.0,0.10839160839160839,1.0,0.0,1.0,0.1935483870967742,0.14814814814814814,0.0,0.35125,1.0,1.0,286000,생활,"희소성, 감성",동원,동원 식품 2071,"동원 식품 ??. ?? ??: 가격, 신선도, 배송, 생활, 식사, 가족.",31000,27000,25000,3.21,,0,image_estimate,Y,N,0.352,0.352
male,45,3810000.0,사무직,미혼,보수적,603000.0,고가,건강관리,센트룸,4,3,21,Y,4,0.22312373225152138,1.2231237322515214,0.0,0.6666666666666666,1.0,0.2155887230514096,0.28846153846153844,0.2,0.1875,0.75,0.44999999999999996,493000,유행,"성분, 후기",센트룸,센트룸 건강관리 2072,"센트룸 건강관리 ??. ?? ??: 성분, 후기, 안전성, 건강, 부모님, 회복.",603000,468000,473000,,,4,image_estimate,N,N,0.533,0.533
female,49,3690000.0,프리랜서,기혼,진보적,509000.0,고가,여행,대한항공,15,6,13,Y,5,0.2918781725888324,1.2918781725888324,0.0,0.0,0.0,0.2357563850687623,0.028282828282828285,0.2,0.5062500000000001,1.0,0.09999999999999998,394000,유행,"희소성, 감성",구찌,대한항공 여행 2073,"대한항공 여행 ??. ?? ??: 가격, 일정, 숙소, 휴식, 가족, 기념일.",509000,495000,389000,4.45,,1,user_input,Y,N,0.734,0.734
female,48,4330000.0,공무원,미혼,진보적,182000.0,중저가,건강관리,정관장,44,5,22,N,2,0.0,0.5777777777777777,1.0,0.0,1.0,0.3516483516483517,0.3284671532846715,0.2,0.6950000000000001,1.0,0.95,315000,건강,"희소성, 감성",정관장,정관장 건강관리 2074,"정관장 건강관리 ??. ?? ??: 성분, 후기, 안전성, 건강, 부모님, 회복.",182000,137000,118000,3.96,3817.0,3,user_input,Y,Y,0.402,0.402
female,29,4550000.0,프리랜서,미혼,보수적,340000.0,중저가,교육,클래스101,33,2,15,N,3,0.0,0.40816326530612246,0.0,0.0,0.0,0.12058823529411765,0.07255520504731862,0.2,0.5763414461411205,1.0,0.57,833000,소장,"희소성, 감성",ZARA,클래스101 교육 2075,"클래스101 교육 ??. ?? ??: 강의품질, 가격, 커리큘럼, 공부, 취업, 자기계발.",340000,317000,299000,3.65,109.0,1,crawler,Y,Y,0.643,0.643
male,64,2850000.0,은퇴자,미혼,진보적,224000.0,중저가,건강관리,센트룸,40,5,21,N,3,0.0,0.4007155635062612,1.0,0.0,0.0,0.11607142857142858,0.22404371584699453,0.2,0.7666208432071977,1.0,0.95,559000,부모님,"희소성, 감성",샤넬,센트룸 건강관리 2076,"센트룸 건강관리 ??. ?? ??: 성분, 후기, 안전성, 건강, 부모님, 회복.",224000,183000,198000,4.59,821.0,2,naver_api,Y,Y,0.461,0.461
male,31,5800000.0,공무원,미혼,진보적,43000.0,저가,식품,동원,13,1,12,N,3,0.0,0.04908675799086758,1.0,0.0,1.0,0.3023255813953488,0.075,0.2,0.5325,1.0,1.0,876000,식사,"희소성, 감성",동원,동원 식품 2077,"동원 식품 ??. ?? ??: 가격, 신선도, 배송, 생활, 식사, 가족.",43000,40000,30000,4.66,,2,naver_api,Y,N,0.353,0.353
male,49,4730000.0,공무원,기혼,보수적,7389000.0,초고가,명품,루이비통,4,23,3,Y,15,1.0,3.0,0.0,0.3333333333333333,1.0,0.13926106374340236,0.2416400604940346,0.2,0.42125,1.0,0.019999999999999976,430000,소장,"희소성, 감성",루이비통,루이비통 명품 2078,"루이비통 명품 ??. ?? ??: 브랜드, 희소성, 디자인, 선물, 보상, 소장.",7389000,5951000,6360000,3.77,,3,image_estimate,Y,N,0.791,0.791
female,43,5740000.0,공무원,기혼,보수적,401000.0,중저가,여행,마이리얼트립,43,1,19,N,2,1.0,2.144385026737968,0.0,0.9,1.0,0.0,0.36860068259385664,0.2,0.6224280023101343,1.0,0.09999999999999998,187000,선물,"가격, 일정",마이리얼트립,마이리얼트립 여행 2079,"마이리얼트립 여행 ??. ?? ??: 가격, 일정, 숙소, 휴식, 가족, 기념일.",401000,293000,415000,,659.0,2,naver_api,N,Y,0.645,0.645
female,57,6120000.0,공무원,기혼,진보적,218000.0,중저가,가구,이케아,47,3,20,N,4,0.0,0.3935018050541516,0.0,0.0,0.0,0.0,0.1783783783783784,0.2,0.68625,1.0,0.37,554000,선물,"희소성, 감성",센트룸,이케아 가구 2080,"이케아 가구 ??. ?? ??: 내구성, 크기, 디자인, 이사, 인테리어, 생활.",218000,185000,219000,3.89,2913.0,3,user_input,Y,Y,0.624,0.624
female,50,5480000.0,프리랜서,미혼,진보적,176000.0,중저가,가구,리바트,49,6,0,N,3,0.0,0.3876651982378855,0.0,0.0,0.0,0.03977272727272727,0.15789473684210525,0.2,0.6375,1.0,0.37,454000,선물,"희소성, 감성",패스트캠퍼스,리바트 가구 2081,"리바트 가구 ??. ?? ??: 내구성, 크기, 디자인, 이사, 인테리어, 생활.",176000,152000,169000,,3720.0,3,image_estimate,N,Y,0.64,0.64
male,28,7220000.0,대기업직원,미혼,보수적,22000.0,초저가,생활용품,3M,47,5,13,N,3,0.0,0.02178217821782178,0.0,0.0,0.0,0.36363636363636365,0.375,0.2,0.6149812125292122,1.0,0.57,1010000,소장,"희소성, 감성",아디다스,3M 생활용품 2082,"3M 생활용품 ??. ?? ??: 가격, 내구성, 용량, 생활, 청소, 가정.",22000,16000,14000,3.51,518.0,1,user_input,Y,Y,0.653,0.653
male,30,2260000.0,주부,미혼,보수적,51000.0,저가,건강관리,종근당,15,4,18,N,1,0.0,0.1175115207373272,0.0,0.0,0.0,0.17647058823529413,0.10869565217391304,0.2,0.41375,1.0,0.44999999999999996,434000,소장,"희소성, 감성",레노버,종근당 건강관리 2083,"종근당 건강관리 ??. ?? ??: 성분, 후기, 안전성, 건강, 부모님, 회복.",51000,46000,42000,3.71,,2,naver_api,Y,N,0.653,0.653
female,52,2990000.0,주부,미혼,보수적,906000.0,고가,건강관리,종근당,5,5,3,Y,4,1.0,2.0972222222222223,0.0,0.6666666666666666,0.0,0.017660044150110375,0.16153846153846155,0.2,0.41625,1.0,0.44999999999999996,432000,회복,"성분, 후기",3M,종근당 건강관리 2084,"종근당 건강관리 ??. ?? ??: 성분, 후기, 안전성, 건강, 부모님, 회복.",906000,780000,890000,3.73,,1,image_estimate,Y,N,0.782,0.782
female,28,900000.0,취업준비생,기혼,보수적,584000.0,고가,여행,하나투어,2,12,21,Y,5,1.0,3.0,1.0,0.9,0.0,0.14554794520547945,0.10396975425330812,0.2,0.46625,1.0,0.6,111000,가족,"가격, 일정",애플,하나투어 여행 2085,"하나투어 여행 ??. ?? ??: 가격, 일정, 숙소, 휴식, 가족, 기념일.",584000,529000,499000,4.13,,2,user_input,Y,N,0.537,0.537
male,56,7200000.0,전문직,기혼,진보적,809000.0,고가,전자기기,LG,48,5,22,Y,2,0.0,0.8155241935483871,1.0,0.0,0.0,0.20395550061804696,0.1606886657101865,0.0,0.6375,1.0,0.87,992000,공부,"희소성, 감성",이니스프리,LG 전자기기 2086,"LG 전자기기 ??. ?? ??: 성능, 배터리, 휴대성, 업무, 공부, 게임, 콘텐츠.",809000,697000,644000,,2282.0,0,naver_api,N,Y,0.45,0.45
female,45,7780000.0,대기업직원,미혼,보수적,58000.0,저가,생활용품,다이소,7,2,15,N,1,0.0,0.03536585365853658,1.0,0.9,0.0,0.0,0.16,0.2,0.1875,0.75,1.0,1640000,생활,"가격, 내구성",종근당,다이소 생활용품 2087,"다이소 생활용품 ??. ?? ??: 가격, 내구성, 용량, 생활, 청소, 가정.",58000,50000,60000,,,3,user_input,N,N,0.292,0.292
male,30,5960000.0,공무원,기혼,진보적,351000.0,중저가,건강관리,정관장,56,1,20,N,0,0.0,0.3371757925072046,0.0,0.6666666666666666,0.0,0.0,0.125,0.2,0.6375,1.0,0.44999999999999996,1041000,회복,"성분, 후기",샤넬,정관장 건강관리 2088,"정관장 건강관리 ??. ?? ??: 성분, 후기, 안전성, 건강, 부모님, 회복.",351000,312000,358000,,3350.0,2,manual,N,Y,0.521,0.521
male,26,920000.0,취업준비생,미혼,보수적,148000.0,중저가,건강관리,정관장,8,2,15,N,5,0.0,0.8131868131868132,1.0,0.6666666666666666,1.0,0.1891891891891892,0.08029197080291971,0.2,0.36875,1.0,0.95,182000,건강,"성분, 후기",정관장,정관장 건강관리 2089,"정관장 건강관리 ??. ?? ??: 성분, 후기, 안전성, 건강, 부모님, 회복.",148000,137000,120000,3.35,,4,user_input,Y,N,0.247,0.247
male,51,7930000.0,전문직,미혼,보수적,7000.0,초저가,생활용품,다이소,16,2,18,N,2,0.0,0.008009153318077803,1.0,0.0,1.0,0.0,0.16666666666666666,0.2,0.39,1.0,1.0,874000,청소,"희소성, 감성",다이소,다이소 생활용품 2090,"다이소 생활용품 ??. ?? ??: 가격, 내구성, 용량, 생활, 청소, 가정.",7000,6000,7000,3.52,,1,naver_api,Y,N,0.341,0.341
female,37,4940000.0,사무직,미혼,진보적,37000.0,저가,식품,오뚜기,48,5,17,N,2,0.0,0.05013550135501355,1.0,0.9,0.0,0.02702702702702703,0.05714285714285714,0.0,0.76,1.0,1.0,738000,생활,"가격, 신선도",구찌,오뚜기 식품 2091,"오뚜기 식품 ??. ?? ??: 가격, 신선도, 배송, 생활, 식사, 가족.",37000,35000,36000,4.48,1998.0,0,image_estimate,Y,Y,0.255,0.255
female,40,6350000.0,자영업,미혼,보수적,72000.0,저가,건강관리,정관장,47,2,12,N,2,0.0,0.064,0.0,0.0,0.0,0.2638888888888889,0.2,0.0,0.80125,1.0,0.44999999999999996,1125000,선물,"희소성, 감성",설화수,정관장 건강관리 2092,"정관장 건강관리 ??. ?? ??: 성분, 후기, 안전성, 건강, 부모님, 회복.",72000,60000,53000,4.81,1657.0,0,image_estimate,Y,Y,0.64,0.64
male,75,2560000.0,은퇴자,기혼,진보적,11000.0,초저가,식품,동원,44,4,13,N,0,0.0,0.021032504780114723,1.0,0.9,1.0,0.18181818181818182,0.05,0.2,0.79375,1.0,1.0,523000,식사,"가격, 신선도",동원,동원 식품 2093,"동원 식품 ??. ?? ??: 가격, 신선도, 배송, 생활, 식사, 가족.",11000,11000,9000,4.75,3314.0,3,manual,Y,Y,0.185,0.185
male,37,4810000.0,프리랜서,기혼,진보적,2895000.0,초고가,명품,루이비통,41,9,3,Y,7,1.0,3.0,1.0,0.6666666666666666,0.0,0.1844559585492228,0.07024029574861368,0.2,0.7475,1.0,0.52,955000,보상,"브랜드, 희소성",마이리얼트립,루이비통 명품 2094,"루이비통 명품 ??. ?? ??: 브랜드, 희소성, 디자인, 선물, 보상, 소장.",2895000,2705000,2361000,4.38,1991.0,3,image_estimate,Y,Y,0.621,0.621
female,54,3300000.0,사무직,기혼,보수적,494000.0,중저가,여행,대한항공,48,6,20,N,1,0.0,0.8178807947019867,0.0,0.0,0.0,0.36639676113360325,0.06695464362850972,0.2,0.6375,1.0,0.09999999999999998,604000,선물,"희소성, 감성",샤넬,대한항공 여행 2095,"대한항공 여행 ??. ?? ??: 가격, 일정, 숙소, 휴식, 가족, 기념일.",494000,463000,313000,,2548.0,4,naver_api,N,Y,0.677,0.677
male,34,2860000.0,주부,기혼,진보적,4000.0,초저가,식품,오뚜기,44,5,14,N,4,0.0,0.010050251256281407,1.0,0.0,0.0,0.25,0.05,0.2,0.6375,1.0,1.0,398000,식사,"희소성, 감성",나이키,오뚜기 식품 2096,"오뚜기 식품 ??. ?? ??: 가격, 신선도, 배송, 생활, 식사, 가족.",4000,4000,3000,,2134.0,4,user_input,N,Y,0.428,0.428
male,58,6220000.0,자영업,기혼,보수적,43000.0,저가,생활용품,유한킴벌리,9,6,16,N,3,0.0,0.044284243048403706,0.0,0.0,1.0,0.27906976744186046,0.30303030303030304,0.2,0.41000000000000003,1.0,0.57,971000,가정,"희소성, 감성",유한킴벌리,유한킴벌리 생활용품 2097,"유한킴벌리 생활용품 ??. ?? ??: 가격, 내구성, 용량, 생활, 청소, 가정.",43000,33000,31000,3.68,,1,naver_api,Y,N,0.58,0.58
male,42,3250000.0,주부,기혼,보수적,200000.0,중저가,전자기기,레노버,44,2,12,N,2,0.0,0.48661800486618007,1.0,0.0,0.0,0.05,0.2987012987012987,0.2,0.6000000000000001,1.0,0.87,411000,공부,"희소성, 감성",센트룸,레노버 전자기기 2098,"레노버 전자기기 ??. ?? ??: 성능, 배터리, 휴대성, 업무, 공부, 게임, 콘텐츠.",200000,154000,190000,3.2,3445.0,1,naver_api,Y,Y,0.481,0.481
male,74,3660000.0,은퇴자,기혼,보수적,588000.0,고가,교육,패스트캠퍼스,44,2,15,Y,2,1.0,3.0,0.0,0.9,0.0,0.06462585034013606,0.34553775743707094,0.2,0.74125,1.0,0.57,186000,선물,"강의품질, 가격",샤넬,패스트캠퍼스 교육 2099,"패스트캠퍼스 교육 ??. ?? ??: 강의품질, 가격, 커리큘럼, 공부, 취업, 자기계발.",588000,437000,550000,4.33,3467.0,4,image_estimate,Y,Y,0.729,0.729
female,33,5380000.0,대기업직원,미혼,보수적,1575000.0,고가,건강관리,정관장,7,7,21,Y,5,1.0,3.0,0.0,0.0,1.0,0.24825396825396825,0.19047619047619047,0.2,0.1875,0.75,0.44999999999999996,340000,소장,"희소성, 감성",정관장,정관장 건강관리 2100,"정관장 건강관리 ??. ?? ??: 성분, 후기, 안전성, 건강, 부모님, 회복.",1575000,1323000,1184000,,,1,crawler,N,N,0.831,0.831
male,46,5690000.0,공무원,미혼,보수적,24000.0,초저가,식품,동원,49,4,15,N,2,0.0,0.021798365122615803,1.0,0.9,1.0,0.041666666666666664,0.2631578947368421,0.0,0.7362500000000001,1.0,1.0,1101000,식사,"가격, 신선도",동원,동원 식품 2101,"동원 식품 ??. ?? ??: 가격, 신선도, 배송, 생활, 식사, 가족.",24000,19000,23000,4.29,3371.0,0,user_input,Y,Y,0.172,0.172
female,35,3000000.0,주부,기혼,보수적,283000.0,중저가,교육,클래스101,9,5,16,N,4,0.0,0.9464882943143813,1.0,0.9,0.0,0.0,0.23580786026200873,0.0,0.46,1.0,1.0,299000,취업,"강의품질, 가격",이니스프리,클래스101 교육 2102,"클래스101 교육 ??. ?? ??: 강의품질, 가격, 커리큘럼, 공부, 취업, 자기계발.",283000,229000,295000,4.08,,0,manual,Y,N,0.292,0.292
male,36,6400000.0,전문직,미혼,보수적,577000.0,고가,여행,하나투어,51,6,19,Y,4,0.0,0.5521531100478468,1.0,0.0,0.0,0.0,0.0433996383363472,0.2,0.6375,1.0,0.6,1045000,휴식,"희소성, 감성",다이소,하나투어 여행 2103,"하나투어 여행 ??. ?? ??: 가격, 일정, 숙소, 휴식, 가족, 기념일.",577000,553000,589000,,1594.0,1,naver_api,N,Y,0.471,0.471
male,33,7310000.0,전문직,기혼,보수적,43000.0,저가,생활용품,유한킴벌리,40,5,21,N,4,0.0,0.15140845070422534,0.0,0.0,1.0,0.3023255813953488,0.19444444444444445,0.2,0.6410833230946809,1.0,0.57,284000,휴식,"희소성, 감성",유한킴벌리,유한킴벌리 생활용품 2104,"유한킴벌리 생활용품 ??. ?? ??: 가격, 내구성, 용량, 생활, 청소, 가정.",43000,36000,30000,3.75,465.0,4,naver_api,Y,Y,0.593,0.593
female,47,3660000.0,사무직,기혼,보수적,52000.0,저가,화장품,설화수,49,4,11,N,3,0.0,0.30409356725146197,0.0,0.0,1.0,0.0,0.04,0.2,0.6490254848745693,1.0,0.019999999999999976,171000,휴식,"희소성, 감성",설화수,설화수 화장품 2105,"설화수 화장품 ??. ?? ??: 성분, 가격, 후기, 피부관리, 선물, 데일리.",52000,50000,52000,3.66,791.0,2,image_estimate,Y,Y,0.548,0.548
male,27,600000.0,학생,미혼,진보적,48000.0,저가,식품,동원,54,1,15,N,2,0.0,0.7868852459016393,1.0,0.9,0.0,0.020833333333333332,0.06666666666666667,0.2,0.6375,1.0,1.0,61000,생활,"가격, 신선도",리바트,동원 식품 2106,"동원 식품 ??. ?? ??: 가격, 신선도, 배송, 생활, 식사, 가족.",48000,45000,47000,,3764.0,2,user_input,N,Y,0.25,0.25
male,36,5410000.0,사무직,미혼,진보적,385000.0,중저가,여행,하나투어,41,3,10,N,0,0.0,0.9948320413436692,1.0,0.0,1.0,0.24415584415584415,0.11594202898550725,0.2,0.69125,1.0,0.6,387000,가족,"희소성, 감성",하나투어,하나투어 여행 2107,"하나투어 여행 ??. ?? ??: 가격, 일정, 숙소, 휴식, 가족, 기념일.",385000,345000,291000,3.93,2783.0,2,crawler,Y,Y,0.383,0.383
female,51,7900000.0,대기업직원,미혼,진보적,10000.0,초저가,생활용품,유한킴벌리,44,1,17,N,2,0.0,0.02320185614849188,1.0,0.0,0.0,0.4,0.1111111111111111,0.0,0.6180569622707698,1.0,1.0,431000,청소,"희소성, 감성",3M,유한킴벌리 생활용품 2108,"유한킴벌리 생활용품 ??. ?? ??: 가격, 내구성, 용량, 생활, 청소, 가정.",10000,9000,6000,3.61,399.0,0,image_estimate,Y,Y,0.469,0.469
male,28,4870000.0,사무직,미혼,보수적,1216000.0,고가,명품,샤넬,45,3,17,Y,2,1.0,3.0,0.0,0.6666666666666666,1.0,0.37006578947368424,0.3678290213723285,0.2,0.6375,1.0,0.019999999999999976,384000,휴식,"브랜드, 희소성",샤넬,샤넬 명품 2109,"샤넬 명품 ??. ?? ??: 브랜드, 희소성, 디자인, 선물, 보상, 소장.",1216000,889000,766000,,2454.0,1,manual,N,Y,0.757,0.757
male,21,520000.0,학생,미혼,보수적,31000.0,저가,화장품,라네즈,14,6,13,N,2,0.0,0.29245283018867924,1.0,0.9,1.0,0.3225806451612903,0.19230769230769232,0.2,0.35375,1.0,0.52,106000,선물,"성분, 가격",라네즈,라네즈 화장품 2110,"라네즈 화장품 ??. ?? ??: 성분, 가격, 후기, 피부관리, 선물, 데일리.",31000,26000,21000,3.23,,1,naver_api,Y,N,0.259,0.259
male,41,5680000.0,대기업직원,기혼,보수적,65000.0,저가,식품,동원,13,5,12,N,3,0.0,0.28634361233480177,1.0,0.0,0.0,0.35384615384615387,0.18181818181818182,0.2,0.56,1.0,1.0,227000,식사,"희소성, 감성",정관장,동원 식품 2111,"동원 식품 ??. ?? ??: 가격, 신선도, 배송, 생활, 식사, 가족.",65000,55000,42000,4.88,,1,manual,Y,N,0.447,0.447
female,21,670000.0,학생,미혼,진보적,173000.0,중저가,화장품,설화수,17,5,21,Y,4,0.18493150684931514,1.1849315068493151,0.0,0.9,1.0,0.0,0.10897435897435898,0.0,0.46375000000000005,1.0,0.019999999999999976,146000,소장,"성분, 가격",설화수,설화수 화장품 2112,"설화수 화장품 ??. ?? ??: 성분, 가격, 후기, 피부관리, 선물, 데일리.",173000,156000,177000,4.11,,0,image_estimate,Y,N,0.458,0.458
male,41,8850000.0,대기업직원,미혼,진보적,2641000.0,초고가,전자기기,삼성,36,4,18,Y,2,1.0,2.392210144927536,0.0,0.9375,0.0,0.2226429382809542,0.35297131147540983,0.0,0.7649999999999999,1.0,0.37,1104000,소장,"성능, 배터리",ZARA,삼성 전자기기 2113,"삼성 전자기기 ??. ?? ??: 성능, 배터리, 휴대성, 업무, 공부, 게임, 콘텐츠.",2641000,1952000,2053000,4.52,1133.0,0,user_input,Y,Y,0.742,0.742
male,27,920000.0,학생,미혼,진보적,95000.0,저가,교육,메가스터디,52,4,17,N,2,0.0,0.5757575757575758,0.0,0.0,1.0,0.11578947368421053,0.26666666666666666,0.2,0.6375,1.0,0.57,165000,자기계발,"희소성, 감성",메가스터디,메가스터디 교육 2114,"메가스터디 교육 ??. ?? ??: 강의품질, 가격, 커리큘럼, 공부, 취업, 자기계발.",95000,75000,84000,,3628.0,2,naver_api,N,Y,0.544,0.544
male,72,2710000.0,은퇴자,기혼,보수적,189000.0,중저가,여행,대한항공,38,4,14,N,1,0.0,0.39957716701902746,1.0,0.0,0.0,0.0,0.3695652173913043,0.2,0.6176416987772244,1.0,0.6,473000,휴식,"희소성, 감성",센트룸,대한항공 여행 2115,"대한항공 여행 ??. ?? ??: 가격, 일정, 숙소, 휴식, 가족, 기념일.",189000,138000,204000,3.37,905.0,1,image_estimate,Y,Y,0.466,0.466
female,64,3710000.0,은퇴자,미혼,보수적,290000.0,중저가,패션,나이키,42,5,15,N,1,0.0,0.3800786369593709,1.0,0.0,1.0,0.3482758620689655,0.07011070110701106,0.2,0.7737499999999999,1.0,0.6,763000,데이트,"희소성, 감성",나이키,나이키 패션 2116,"나이키 패션 ??. ?? ??: 디자인, 착용감, 브랜드, 출근, 데이트, 여행.",290000,271000,189000,4.59,3316.0,1,user_input,Y,Y,0.408,0.408
female,60,2100000.0,은퇴자,기혼,보수적,1169000.0,고가,명품,샤넬,42,7,13,Y,4,1.0,3.0,1.0,0.3333333333333333,1.0,0.23781009409751924,0.3179255918827508,0.2,0.64,1.0,0.52,278000,보상,"희소성, 감성",샤넬,샤넬 명품 2117,"샤넬 명품 ??. ?? ??: 브랜드, 희소성, 디자인, 선물, 보상, 소장.",1169000,887000,891000,3.52,3734.0,2,naver_api,Y,Y,0.59,0.59
male,43,5150000.0,프리랜서,기혼,보수적,97000.0,저가,생활용품,3M,44,1,20,N,4,0.0,0.10985277463193659,1.0,0.9,0.0,0.18556701030927836,0.1686746987951807,0.2,0.7375,1.0,1.0,883000,생활,"가격, 내구성",소니,3M 생활용품 2118,"3M 생활용품 ??. ?? ??: 가격, 내구성, 용량, 생활, 청소, 가정.",97000,83000,79000,4.3,1471.0,4,naver_api,Y,Y,0.3,0.3
female,27,9560000.0,대기업직원,미혼,보수적,643000.0,고가,패션,나이키,50,5,13,Y,2,0.0,0.5861440291704649,1.0,0.6666666666666666,0.0,0.36391912908242613,0.23653846153846153,0.2,0.6125,1.0,0.6,1097000,출근,"디자인, 착용감",구찌,나이키 패션 2119,"나이키 패션 ??. ?? ??: 디자인, 착용감, 브랜드, 출근, 데이트, 여행.",643000,520000,409000,3.3,2546.0,1,naver_api,Y,Y,0.41,0.41
male,54,6110000.0,공무원,기혼,보수적,209000.0,중저가,교육,패스트캠퍼스,42,1,17,N,4,0.0,0.2391304347826087,1.0,0.0,0.0,0.2727272727272727,0.08290155440414508,0.2,0.8,1.0,1.0,874000,취업,"희소성, 감성",리바트,패스트캠퍼스 교육 2120,"패스트캠퍼스 교육 ??. ?? ??: 강의품질, 가격, 커리큘럼, 공부, 취업, 자기계발.",209000,193000,152000,4.8,1872.0,1,crawler,Y,Y,0.435,0.435
female,28,910000.0,학생,미혼,진보적,11000.0,초저가,식품,오뚜기,11,2,18,N,5,0.0,0.08088235294117647,0.0,0.0,0.0,0.09090909090909091,0.1,0.2,0.35625,1.0,0.57,136000,유행,"희소성, 감성",종근당,오뚜기 식품 2121,"오뚜기 식품 ??. ?? ??: 가격, 신선도, 배송, 생활, 식사, 가족.",11000,10000,10000,3.25,,4,image_estimate,Y,N,0.649,0.649
male,27,810000.0,취업준비생,미혼,보수적,20000.0,초저가,화장품,라네즈,42,2,19,N,1,0.0,0.5405405405405406,1.0,0.9,1.0,0.0,0.1111111111111111,0.2,0.71875,1.0,0.52,37000,선물,"성분, 가격",라네즈,라네즈 화장품 2122,"라네즈 화장품 ??. ?? ??: 성분, 가격, 후기, 피부관리, 선물, 데일리.",20000,18000,21000,4.15,3211.0,3,manual,Y,Y,0.213,0.213
female,27,810000.0,학생,기혼,진보적,29000.0,초저가,생활용품,유한킴벌리,50,4,1,N,1,0.0,0.3118279569892473,1.0,0.0,1.0,0.13793103448275862,0.16,0.2,0.73875,1.0,1.0,93000,청소,"희소성, 감성",유한킴벌리,유한킴벌리 생활용품 2123,"유한킴벌리 생활용품 ??. ?? ??: 가격, 내구성, 용량, 생활, 청소, 가정.",29000,25000,25000,4.31,3811.0,3,crawler,Y,Y,0.384,0.384
female,45,6270000.0,자영업,미혼,보수적,49000.0,저가,교육,메가스터디,14,3,12,N,1,0.0,0.14244186046511628,1.0,0.0,1.0,0.3469387755102041,0.11363636363636363,0.2,0.41625,1.0,1.0,344000,취업,"희소성, 감성",메가스터디,메가스터디 교육 2124,"메가스터디 교육 ??. ?? ??: 강의품질, 가격, 커리큘럼, 공부, 취업, 자기계발.",49000,44000,32000,3.73,,2,manual,Y,N,0.386,0.386
male,42,5800000.0,공무원,미혼,보수적,190000.0,중저가,교육,패스트캠퍼스,44,2,12,N,4,0.0,0.15334947538337368,1.0,0.0,1.0,0.015789473684210527,0.1656441717791411,0.0,0.5752189048334402,1.0,1.0,1239000,공부,"희소성, 감성",패스트캠퍼스,패스트캠퍼스 교육 2125,"패스트캠퍼스 교육 ??. ?? ??: 강의품질, 가격, 커리큘럼, 공부, 취업, 자기계발.",190000,163000,187000,3.23,454.0,0,image_estimate,Y,Y,0.329,0.329
female,55,6160000.0,전문직,기혼,진보적,14000.0,초저가,화장품,라네즈,51,3,10,N,2,0.0,0.010542168674698794,0.0,0.0,1.0,0.2857142857142857,0.2727272727272727,0.2,0.78375,1.0,0.019999999999999976,1328000,데일리,"희소성, 감성",라네즈,라네즈 화장품 2126,"라네즈 화장품 ??. ?? ??: 성분, 가격, 후기, 피부관리, 선물, 데일리.",14000,11000,10000,4.67,3492.0,3,crawler,Y,Y,0.608,0.608
male,57,7230000.0,자영업,기혼,보수적,479000.0,중저가,전자기기,애플,51,5,18,N,1,0.0,0.5430839002267573,0.0,0.0,0.0,0.09394572025052192,0.22193877551020408,0.2,0.7525,1.0,0.37,882000,유행,"희소성, 감성",LG,애플 전자기기 2127,"애플 전자기기 ??. ?? ??: 성능, 배터리, 휴대성, 업무, 공부, 게임, 콘텐츠.",479000,392000,434000,4.42,2436.0,1,naver_api,Y,Y,0.652,0.652
male,30,1340000.0,취업준비생,미혼,보수적,357000.0,중저가,전자기기,레노버,50,8,12,Y,5,0.6604651162790698,1.6604651162790698,0.0,0.0,0.0,0.22969187675070027,0.19798657718120805,0.0,0.73875,1.0,0.37,215000,유행,"희소성, 감성",센트룸,레노버 전자기기 2128,"레노버 전자기기 ??. ?? ??: 성능, 배터리, 휴대성, 업무, 공부, 게임, 콘텐츠.",357000,298000,275000,4.31,3740.0,0,naver_api,Y,Y,0.784,0.784
female,28,1170000.0,취업준비생,미혼,진보적,415000.0,중저가,건강관리,센트룸,3,6,10,Y,7,1.0,3.0,0.0,0.6666666666666666,1.0,0.1614457831325301,0.29283489096573206,0.2,0.1875,0.75,0.44999999999999996,114000,회복,"성분, 후기",센트룸,센트룸 건강관리 2129,"센트룸 건강관리 ??. ?? ??: 성분, 후기, 안전성, 건강, 부모님, 회복.",415000,321000,348000,,,1,crawler,N,N,0.735,0.735
male,37,2360000.0,주부,기혼,진보적,5820000.0,초고가,명품,구찌,40,34,14,Y,23,1.0,3.0,0.0,0.6666666666666666,0.0,0.17989690721649484,0.17909238249594814,0.2,0.6375,1.0,0.019999999999999976,464000,소장,"브랜드, 희소성",메가스터디,구찌 명품 2130,"구찌 명품 ??. ?? ??: 브랜드, 희소성, 디자인, 선물, 보상, 소장.",5820000,4936000,4773000,,1505.0,2,user_input,N,Y,0.784,0.784
male,48,3270000.0,사무직,미혼,진보적,320000.0,중저가,전자기기,LG,3,4,0,N,5,0.2260536398467432,1.2260536398467432,0.0,0.0,1.0,0.0,0.12280701754385964,0.0,0.37125,1.0,0.37,261000,콘텐츠,"희소성, 감성",LG,LG 전자기기 2131,"LG 전자기기 ??. ?? ??: 성능, 배터리, 휴대성, 업무, 공부, 게임, 콘텐츠.",320000,285000,341000,3.37,,0,user_input,Y,N,0.594,0.594
female,31,880000.0,취업준비생,미혼,보수적,22000.0,초저가,생활용품,유한킴벌리,12,6,11,N,4,0.0,0.19130434782608696,0.0,0.0,1.0,0.045454545454545456,0.375,0.2,0.46125,1.0,0.57,115000,유행,"희소성, 감성",유한킴벌리,유한킴벌리 생활용품 2132,"유한킴벌리 생활용품 ??. ?? ??: 가격, 내구성, 용량, 생활, 청소, 가정.",22000,16000,21000,4.09,,2,image_estimate,Y,N,0.582,0.582
female,50,5890000.0,공무원,기혼,진보적,245000.0,중저가,화장품,이니스프리,47,6,16,N,3,0.0,0.8657243816254417,1.0,0.9,1.0,0.044897959183673466,0.029411764705882353,0.2,0.76875,1.0,0.52,283000,선물,"성분, 가격",이니스프리,이니스프리 화장품 2133,"이니스프리 화장품 ??. ?? ??: 성분, 가격, 후기, 피부관리, 선물, 데일리.",245000,238000,234000,4.55,1134.0,1,user_input,Y,Y,0.231,0.231
male,46,5740000.0,프리랜서,기혼,진보적,116000.0,중저가,패션,나이키,46,3,2,N,4,0.0,0.23434343434343435,1.0,0.6666666666666666,1.0,0.31896551724137934,0.30337078651685395,0.2,0.635,1.0,0.6,495000,출근,"디자인, 착용감",나이키,나이키 패션 2134,"나이키 패션 ??. ?? ??: 디자인, 착용감, 브랜드, 출근, 데이트, 여행.",116000,89000,79000,3.48,3142.0,2,naver_api,Y,Y,0.312,0.312
male,55,5220000.0,프리랜서,미혼,보수적,504000.0,고가,패션,ZARA,43,6,18,Y,1,0.3090909090909091,1.309090909090909,0.0,0.6666666666666666,1.0,0.2003968253968254,0.14545454545454545,0.0,0.7925,1.0,0.09999999999999998,385000,선물,"디자인, 착용감",ZARA,ZARA 패션 2135,"ZARA 패션 ??. ?? ??: 디자인, 착용감, 브랜드, 출근, 데이트, 여행.",504000,440000,403000,4.74,1385.0,0,crawler,Y,Y,0.518,0.518
female,31,7100000.0,자영업,기혼,보수적,788000.0,고가,전자기기,레노버,45,1,20,Y,5,0.7356828193832599,1.7356828193832599,0.0,0.9375,0.0,0.16624365482233502,0.09902370990237098,0.2,0.7375,1.0,0.37,454000,콘텐츠,"성능, 배터리",이케아,레노버 전자기기 2136,"레노버 전자기기 ??. ?? ??: 성능, 배터리, 휴대성, 업무, 공부, 게임, 콘텐츠.",788000,717000,657000,4.3,1135.0,2,crawler,Y,Y,0.676,0.676
female,58,11090000.0,전문직,기혼,보수적,854000.0,고가,명품,프라다,4,1,14,Y,3,0.0,0.4330628803245436,1.0,0.6666666666666666,0.0,0.0,0.11197916666666667,0.2,0.54,1.0,0.52,1972000,선물,"브랜드, 희소성",설화수,프라다 명품 2137,"프라다 명품 ??. ?? ??: 브랜드, 희소성, 디자인, 선물, 보상, 소장.",854000,768000,886000,4.72,,3,crawler,Y,N,0.363,0.363
female,52,7180000.0,자영업,기혼,보수적,47000.0,저가,교육,패스트캠퍼스,41,3,21,N,2,0.0,0.032707028531663185,1.0,0.9,0.0,0.0,0.021739130434782608,0.2,0.5895694708554235,1.0,1.0,1437000,취업,"강의품질, 가격",LG,패스트캠퍼스 교육 2138,"패스트캠퍼스 교육 ??. ?? ??: 강의품질, 가격, 커리큘럼, 공부, 취업, 자기계발.",47000,46000,50000,3.43,338.0,3,crawler,Y,Y,0.27,0.27
female,50,9270000.0,전문직,미혼,진보적,2713000.0,초고가,가구,리바트,13,7,20,Y,2,1.0,3.0,0.0,0.6666666666666666,1.0,0.1013638039071139,0.16688172043010752,0.2,0.52125,1.0,0.37,374000,생활,"내구성, 크기",리바트,리바트 가구 2139,"리바트 가구 ??. ?? ??: 내구성, 크기, 디자인, 이사, 인테리어, 생활.",2713000,2325000,2438000,4.57,,4,manual,Y,N,0.707,0.707
female,38,3530000.0,프리랜서,기혼,보수적,29000.0,초저가,생활용품,다이소,6,1,17,N,2,0.0,0.03856382978723404,0.0,0.0,0.0,0.034482758620689655,0.11538461538461539,0.2,0.3775,1.0,0.57,752000,선물,"희소성, 감성",3M,다이소 생활용품 2140,"다이소 생활용품 ??. ?? ??: 가격, 내구성, 용량, 생활, 청소, 가정.",29000,26000,28000,3.42,,4,image_estimate,Y,N,0.637,0.637
female,65,3540000.0,은퇴자,기혼,보수적,58000.0,저가,패션,아디다스,42,0,18,N,1,0.0,0.18238993710691823,0.0,0.6666666666666666,1.0,0.0,0.07407407407407407,0.0,0.7561409343453509,1.0,0.09999999999999998,318000,휴식,"디자인, 착용감",아디다스,아디다스 패션 2141,"아디다스 패션 ??. ?? ??: 디자인, 착용감, 브랜드, 출근, 데이트, 여행.",58000,54000,59000,4.82,277.0,0,manual,Y,Y,0.443,0.443
male,59,6170000.0,공무원,미혼,진보적,914000.0,고가,여행,대한항공,55,6,16,Y,2,0.0,0.9067460317460317,0.0,0.9,1.0,0.005470459518599562,0.21220159151193635,0.2,0.7662500000000001,1.0,0.09999999999999998,1008000,기념일,"가격, 일정",대한항공,대한항공 여행 2142,"대한항공 여행 ??. ?? ??: 가격, 일정, 숙소, 휴식, 가족, 기념일.",914000,754000,909000,4.53,3637.0,1,crawler,Y,Y,0.429,0.429
male,26,6710000.0,대기업직원,미혼,보수적,103000.0,중저가,가구,이케아,53,3,11,N,3,0.0,0.11798396334478808,0.0,0.0,0.0,0.2524271844660194,0.10752688172043011,0.2,0.72875,1.0,0.37,873000,소장,"희소성, 감성",아디다스,이케아 가구 2143,"이케아 가구 ??. ?? ??: 내구성, 크기, 디자인, 이사, 인테리어, 생활.",103000,93000,77000,4.23,3437.0,3,crawler,Y,Y,0.676,0.676
male,60,2040000.0,은퇴자,기혼,보수적,2779000.0,초고가,명품,구찌,36,19,12,Y,13,1.0,3.0,0.0,0.6666666666666666,1.0,0.013314141777617848,0.2626079054975011,0.2,0.7415680519584548,1.0,0.019999999999999976,78000,소장,"브랜드, 희소성",구찌,구찌 명품 2144,"구찌 명품 ??. ?? ??: 브랜드, 희소성, 디자인, 선물, 보상, 소장.",2779000,2201000,2742000,4.42,739.0,3,user_input,Y,Y,0.702,0.702
male,46,3920000.0,프리랜서,미혼,보수적,229000.0,중저가,교육,패스트캠퍼스,3,1,14,N,0,0.0,0.8910505836575876,0.0,0.9,1.0,0.14847161572052403,0.06511627906976744,0.2,0.46249999999999997,1.0,0.57,257000,자기계발,"강의품질, 가격",패스트캠퍼스,패스트캠퍼스 교육 2145,"패스트캠퍼스 교육 ??. ?? ??: 강의품질, 가격, 커리큘럼, 공부, 취업, 자기계발.",229000,215000,195000,4.1,,1,naver_api,Y,N,0.4,0.4
female,41,3050000.0,주부,기혼,진보적,22000.0,초저가,식품,CJ,47,5,3,N,1,0.0,0.07801418439716312,1.0,0.0,1.0,0.22727272727272727,0.1,0.2,0.6341305509380766,1.0,1.0,282000,생활,"희소성, 감성",CJ,CJ 식품 2146,"CJ 식품 ??. ?? ??: 가격, 신선도, 배송, 생활, 식사, 가족.",22000,20000,17000,,911.0,3,user_input,N,Y,0.348,0.348
female,53,5110000.0,프리랜서,기혼,진보적,23000.0,초저가,식품,CJ,44,3,0,N,4,0.0,0.025219298245614034,1.0,0.0,0.0,0.08695652173913043,0.2777777777777778,0.0,0.6065857665261305,1.0,1.0,912000,생활,"희소성, 감성",COS,CJ 식품 2147,"CJ 식품 ??. ?? ??: 가격, 신선도, 배송, 생활, 식사, 가족.",23000,18000,21000,,425.0,0,manual,N,Y,0.406,0.406
male,35,7320000.0,자영업,미혼,보수적,15000.0,초저가,생활용품,다이소,16,2,13,N,1,0.0,0.011372251705837756,0.0,0.9,1.0,0.13333333333333333,0.15384615384615385,0.0,0.54375,1.0,0.57,1319000,가정,"가격, 내구성",다이소,다이소 생활용품 2148,"다이소 생활용품 ??. ?? ??: 가격, 내구성, 용량, 생활, 청소, 가정.",15000,13000,13000,4.75,,0,user_input,Y,N,0.379,0.379
male,59,2550000.0,주부,미혼,보수적,135000.0,중저가,가구,리바트,49,6,17,N,5,0.0,0.5018587360594795,0.0,0.6666666666666666,0.0,0.0962962962962963,0.2616822429906542,0.2,0.80375,1.0,0.37,269000,생활,"내구성, 크기",삼성,리바트 가구 2149,"리바트 가구 ??. ?? ??: 내구성, 크기, 디자인, 이사, 인테리어, 생활.",135000,107000,122000,4.83,3991.0,2,user_input,Y,Y,0.527,0.527
female,54,5420000.0,공무원,기혼,진보적,21000.0,초저가,생활용품,3M,5,1,21,N,3,0.0,0.0860655737704918,1.0,0.0,1.0,0.09523809523809523,0.3125,0.2,0.4925,1.0,1.0,244000,청소,"희소성, 감성",3M,3M 생활용품 2150,"3M 생활용품 ??. ?? ??: 가격, 내구성, 용량, 생활, 청소, 가정.",21000,16000,19000,4.34,,4,naver_api,Y,N,0.363,0.363
male,22,1170000.0,취업준비생,미혼,진보적,2223000.0,초고가,가구,한샘,56,23,17,Y,19,1.0,3.0,0.0,0.0,0.0,0.0,0.18119022316684377,0.2,0.6925,1.0,0.37,41000,소장,"희소성, 감성",애플,한샘 가구 2151,"한샘 가구 ??. ?? ??: 내구성, 크기, 디자인, 이사, 인테리어, 생활.",2223000,1882000,2317000,3.94,3265.0,2,user_input,Y,Y,0.867,0.867
male,45,7220000.0,대기업직원,기혼,진보적,15000.0,초저가,식품,오뚜기,49,5,11,N,1,0.0,0.012028869286287089,1.0,0.9,0.0,0.26666666666666666,0.07142857142857142,0.2,0.65875,1.0,1.0,1247000,생활,"가격, 신선도",메가스터디,오뚜기 식품 2152,"오뚜기 식품 ??. ?? ??: 가격, 신선도, 배송, 생활, 식사, 가족.",15000,14000,11000,3.67,3560.0,2,naver_api,Y,Y,0.318,0.318
female,52,3780000.0,공무원,미혼,진보적,118000.0,중저가,교육,패스트캠퍼스,49,4,11,N,0,0.0,0.9752066115702479,0.0,0.0,1.0,0.0,0.02608695652173913,0.2,0.69875,1.0,0.57,121000,유행,"희소성, 감성",패스트캠퍼스,패스트캠퍼스 교육 2153,"패스트캠퍼스 교육 ??. ?? ??: 강의품질, 가격, 커리큘럼, 공부, 취업, 자기계발.",118000,115000,122000,3.99,3850.0,3,naver_api,Y,Y,0.516,0.516
female,45,5130000.0,공무원,미혼,보수적,6000.0,초저가,식품,오뚜기,15,0,15,N,1,0.0,0.006437768240343348,1.0,0.9,0.0,0.0,0.5,0.2,0.5225,1.0,1.0,932000,생활,"가격, 신선도",종근당,오뚜기 식품 2154,"오뚜기 식품 ??. ?? ??: 가격, 신선도, 배송, 생활, 식사, 가족.",6000,4000,6000,4.58,,3,manual,Y,N,0.324,0.324
male,60,3680000.0,공무원,기혼,진보적,41000.0,저가,생활용품,유한킴벌리,9,3,19,N,4,0.0,0.11647727272727272,0.0,0.0,1.0,0.24390243902439024,0.20588235294117646,0.2,0.54,1.0,0.57,352000,선물,"희소성, 감성",유한킴벌리,유한킴벌리 생활용품 2155,"유한킴벌리 생활용품 ??. ?? ??: 가격, 내구성, 용량, 생활, 청소, 가정.",41000,34000,31000,4.72,,1,crawler,Y,N,0.583,0.583
female,37,5650000.0,사무직,미혼,보수적,87000.0,저가,생활용품,유한킴벌리,53,1,12,N,2,0.0,0.0935483870967742,0.0,0.0,0.0,0.2988505747126437,0.1917808219178082,0.0,0.66875,1.0,0.57,930000,선물,"희소성, 감성",삼성,유한킴벌리 생활용품 2156,"유한킴벌리 생활용품 ??. ?? ??: 가격, 내구성, 용량, 생활, 청소, 가정.",87000,73000,61000,3.75,2538.0,0,user_input,Y,Y,0.655,0.655
male,53,5520000.0,공무원,기혼,보수적,41000.0,저가,교육,메가스터디,43,2,15,N,0,0.0,0.10704960835509138,0.0,0.0,1.0,0.0975609756097561,0.05128205128205128,0.2,0.7250000000000001,1.0,0.57,383000,휴식,"희소성, 감성",메가스터디,메가스터디 교육 2157,"메가스터디 교육 ??. ?? ??: 강의품질, 가격, 커리큘럼, 공부, 취업, 자기계발.",41000,39000,37000,4.2,1956.0,3,crawler,Y,Y,0.529,0.529
female,74,3500000.0,은퇴자,미혼,보수적,262000.0,중저가,여행,마이리얼트립,46,2,11,N,1,0.0,0.40746500777604977,1.0,0.0,0.0,0.1297709923664122,0.17488789237668162,0.2,0.6375,1.0,0.6,643000,가족,"희소성, 감성",나이키,마이리얼트립 여행 2158,"마이리얼트립 여행 ??. ?? ??: 가격, 일정, 숙소, 휴식, 가족, 기념일.",262000,223000,228000,,2197.0,3,crawler,N,Y,0.461,0.461
female,29,1040000.0,취업준비생,미혼,보수적,10000.0,초저가,식품,CJ,16,5,15,N,1,0.0,0.07518796992481203,0.0,0.9,0.0,0.0,0.1111111111111111,0.2,0.5462499999999999,1.0,0.57,133000,유행,"가격, 신선도",이케아,CJ 식품 2159,"CJ 식품 ??. ?? ??: 가격, 신선도, 배송, 생활, 식사, 가족.",10000,9000,10000,4.77,,1,crawler,Y,N,0.45,0.45
female,46,3680000.0,프리랜서,기혼,진보적,206000.0,중저가,여행,대한항공,48,4,16,N,0,0.0,0.3333333333333333,0.0,0.9,0.0,0.3106796116504854,0.24096385542168675,0.2,0.6375,1.0,0.09999999999999998,618000,기념일,"가격, 일정",COS,대한항공 여행 2160,"대한항공 여행 ??. ?? ??: 가격, 일정, 숙소, 휴식, 가족, 기념일.",206000,166000,142000,,2567.0,4,manual,N,Y,0.567,0.567
female,74,2890000.0,은퇴자,미혼,진보적,34000.0,저가,건강관리,정관장,57,4,3,N,4,0.0,0.09115281501340483,0.0,0.6666666666666666,0.0,0.11764705882352941,0.25925925925925924,0.2,0.6375,1.0,0.44999999999999996,373000,회복,"성분, 후기",동원,정관장 건강관리 2161,"정관장 건강관리 ??. ?? ??: 성분, 후기, 안전성, 건강, 부모님, 회복.",34000,27000,30000,,3868.0,1,manual,N,Y,0.556,0.556
male,41,4830000.0,사무직,기혼,보수적,47000.0,저가,건강관리,종근당,35,1,12,N,2,0.0,0.09215686274509804,1.0,0.0,0.0,0.1276595744680851,0.044444444444444446,0.2,0.6345116494723331,1.0,0.95,510000,부모님,"희소성, 감성",ZARA,종근당 건강관리 2162,"종근당 건강관리 ??. ?? ??: 성분, 후기, 안전성, 건강, 부모님, 회복.",47000,45000,41000,4.19,84.0,2,crawler,Y,Y,0.441,0.441
male,39,5500000.0,대기업직원,기혼,보수적,3275000.0,초고가,명품,프라다,8,9,12,Y,6,1.0,3.0,1.0,0.3333333333333333,1.0,0.3465648854961832,0.03639240506329114,0.2,0.39375,1.0,0.52,745000,선물,"희소성, 감성",프라다,프라다 명품 2163,"프라다 명품 ??. ?? ??: 브랜드, 희소성, 디자인, 선물, 보상, 소장.",3275000,3160000,2140000,3.55,,3,user_input,Y,N,0.617,0.617
male,27,1000000.0,취업준비생,미혼,진보적,31000.0,저가,건강관리,정관장,5,2,10,N,4,0.0,0.5,0.0,0.0,0.0,0.22580645161290322,0.24,0.2,0.1875,0.75,0.44999999999999996,62000,회복,"희소성, 감성",레노버,정관장 건강관리 2164,"정관장 건강관리 ??. ?? ??: 성분, 후기, 안전성, 건강, 부모님, 회복.",31000,25000,24000,,,4,naver_api,N,N,0.668,0.668
female,57,10410000.0,전문직,기혼,진보적,675000.0,고가,명품,프라다,35,2,0,Y,0,0.0,0.5184331797235023,1.0,0.3333333333333333,1.0,0.18814814814814815,0.1460101867572156,0.2,0.7745251674004714,1.0,0.52,1302000,보상,"희소성, 감성",프라다,프라다 명품 2165,"프라다 명품 ??. ?? ??: 브랜드, 희소성, 디자인, 선물, 보상, 소장.",675000,589000,548000,4.62,921.0,4,manual,Y,Y,0.358,0.358
female,26,3930000.0,사무직,미혼,보수적,62000.0,저가,생활용품,유한킴벌리,13,0,21,N,1,0.0,0.07234539089848308,0.0,0.9,0.0,0.25806451612903225,0.2916666666666667,0.2,0.1875,0.75,0.57,857000,소장,"가격, 내구성",샤넬,유한킴벌리 생활용품 2166,"유한킴벌리 생활용품 ??. ?? ??: 가격, 내구성, 용량, 생활, 청소, 가정.",62000,48000,46000,,,4,manual,N,N,0.526,0.526
male,42,10360000.0,전문직,미혼,진보적,1511000.0,고가,가구,리바트,47,5,18,Y,3,0.0,0.932716049382716,0.0,0.6666666666666666,1.0,0.2415618795499669,0.05443126308443824,0.2,0.6275,1.0,0.37,1620000,유행,"내구성, 크기",리바트,리바트 가구 2167,"리바트 가구 ??. ?? ??: 내구성, 크기, 디자인, 이사, 인테리어, 생활.",1511000,1433000,1146000,3.42,3967.0,4,user_input,Y,Y,0.489,0.489
female,34,8120000.0,전문직,기혼,보수적,43000.0,저가,패션,아디다스,50,3,19,N,2,0.0,0.06836248012718601,1.0,0.0,0.0,0.0,0.2647058823529412,0.2,0.7637499999999999,1.0,0.6,629000,데이트,"희소성, 감성",3M,아디다스 패션 2168,"아디다스 패션 ??. ?? ??: 디자인, 착용감, 브랜드, 출근, 데이트, 여행.",43000,34000,43000,4.51,2178.0,1,manual,Y,Y,0.461,0.461
male,42,4370000.0,사무직,기혼,진보적,6789000.0,초고가,명품,루이비통,42,22,15,Y,16,1.0,3.0,1.0,0.6666666666666666,0.0,0.15348357637354546,0.26142697881828314,0.2,0.635,1.0,0.52,744000,선물,"브랜드, 희소성",리바트,루이비통 명품 2169,"루이비통 명품 ??. ?? ??: 브랜드, 희소성, 디자인, 선물, 보상, 소장.",6789000,5382000,5747000,3.48,3708.0,3,user_input,Y,Y,0.638,0.638
female,48,3940000.0,공무원,미혼,보수적,1015000.0,고가,패션,아디다스,49,6,16,Y,3,1.0,3.0,0.0,0.6666666666666666,0.0,0.25911330049261083,0.09967497291440953,0.2,0.76875,1.0,0.09999999999999998,266000,선물,"디자인, 착용감",패스트캠퍼스,아디다스 패션 2170,"아디다스 패션 ??. ?? ??: 디자인, 착용감, 브랜드, 출근, 데이트, 여행.",1015000,923000,752000,4.55,3230.0,4,manual,Y,Y,0.793,0.793
female,37,4440000.0,사무직,미혼,진보적,214000.0,중저가,화장품,이니스프리,39,6,2,N,1,0.0,0.2955801104972376,1.0,0.9,0.0,0.08411214953271028,0.2891566265060241,0.2,0.6375,1.0,0.52,724000,선물,"성분, 가격",센트룸,이니스프리 화장품 2171,"이니스프리 화장품 ??. ?? ??: 성분, 가격, 후기, 피부관리, 선물, 데일리.",214000,166000,196000,,1649.0,2,crawler,N,Y,0.329,0.329
female,58,3260000.0,은퇴자,기혼,진보적,347000.0,중저가,패션,아디다스,8,4,14,N,0,0.0,0.5534290271132376,0.0,0.0,1.0,0.11239193083573487,0.19243986254295534,0.2,0.50875,1.0,0.09999999999999998,627000,여행,"희소성, 감성",아디다스,아디다스 패션 2172,"아디다스 패션 ??. ?? ??: 디자인, 착용감, 브랜드, 출근, 데이트, 여행.",347000,291000,308000,4.47,,2,naver_api,Y,N,0.593,0.593
male,38,1900000.0,주부,기혼,진보적,1850000.0,고가,여행,하나투어,49,17,22,Y,11,1.0,3.0,0.0,0.0,1.0,0.23135135135135135,0.18894601542416453,0.2,0.6830032135744875,1.0,0.09999999999999998,326000,유행,"희소성, 감성",하나투어,하나투어 여행 2173,"하나투어 여행 ??. ?? ??: 가격, 일정, 숙소, 휴식, 가족, 기념일.",1850000,1556000,1422000,3.93,796.0,1,crawler,Y,Y,0.807,0.807
male,74,2570000.0,은퇴자,기혼,진보적,824000.0,고가,전자기기,레노버,16,9,10,Y,4,0.8855835240274599,1.8855835240274599,1.0,0.0,1.0,0.044902912621359224,0.3247588424437299,0.2,0.5175000000000001,1.0,0.87,437000,업무,"희소성, 감성",레노버,레노버 전자기기 2174,"레노버 전자기기 ??. ?? ??: 성능, 배터리, 휴대성, 업무, 공부, 게임, 콘텐츠.",824000,622000,787000,4.54,,2,user_input,Y,N,0.588,0.588
male,31,1140000.0,취업준비생,기혼,진보적,734000.0,고가,교육,패스트캠퍼스,40,12,13,Y,7,1.0,3.0,0.0,0.9,1.0,0.06948228882833787,0.2461799660441426,0.2,0.6434095481483397,1.0,0.57,182000,유행,"강의품질, 가격",패스트캠퍼스,패스트캠퍼스 교육 2175,"패스트캠퍼스 교육 ??. ?? ??: 강의품질, 가격, 커리큘럼, 공부, 취업, 자기계발.",734000,589000,683000,3.61,805.0,3,naver_api,Y,Y,0.61,0.61
female,36,3690000.0,프리랜서,기혼,보수적,83000.0,저가,생활용품,유한킴벌리,14,1,0,N,1,0.0,0.15145985401459855,0.0,0.9,0.0,0.26506024096385544,0.10666666666666667,0.2,0.45749999999999996,1.0,0.57,548000,가정,"가격, 내구성",하나투어,유한킴벌리 생활용품 2176,"유한킴벌리 생활용품 ??. ?? ??: 가격, 내구성, 용량, 생활, 청소, 가정.",83000,75000,61000,4.06,,3,manual,Y,N,0.506,0.506
male,29,1220000.0,취업준비생,미혼,보수적,341000.0,중저가,여행,대한항공,40,7,16,Y,5,0.6084905660377358,1.6084905660377358,1.0,0.9,1.0,0.22580645161290322,0.32684824902723736,0.2,0.64125,1.0,0.6,212000,휴식,"가격, 일정",대한항공,대한항공 여행 2177,"대한항공 여행 ??. ?? ??: 가격, 일정, 숙소, 휴식, 가족, 기념일.",341000,257000,264000,3.53,2541.0,4,crawler,Y,Y,0.42,0.42
female,55,4940000.0,사무직,기혼,진보적,78000.0,저가,패션,COS,41,4,11,N,2,0.0,0.08253968253968254,1.0,0.6666666666666666,0.0,0.19230769230769232,0.3684210526315789,0.0,0.6375,1.0,0.6,945000,출근,"디자인, 착용감",유한킴벌리,COS 패션 2178,"COS 패션 ??. ?? ??: 디자인, 착용감, 브랜드, 출근, 데이트, 여행.",78000,57000,63000,,2718.0,0,naver_api,N,Y,0.353,0.353
female,34,2060000.0,주부,미혼,보수적,202000.0,중저가,패션,아디다스,44,5,14,N,5,0.0,0.9619047619047619,0.0,0.0,0.0,0.1485148514851485,0.035897435897435895,0.2,0.6375,1.0,0.09999999999999998,210000,여행,"희소성, 감성",CJ,아디다스 패션 2179,"아디다스 패션 ??. ?? ??: 디자인, 착용감, 브랜드, 출근, 데이트, 여행.",202000,195000,172000,,3482.0,2,crawler,N,Y,0.63,0.63
female,28,11410000.0,전문직,미혼,보수적,33000.0,저가,생활용품,유한킴벌리,42,2,16,N,1,0.0,0.03466386554621849,1.0,0.0,1.0,0.12121212121212122,0.03125,0.0,0.66875,1.0,1.0,952000,생활,"희소성, 감성",유한킴벌리,유한킴벌리 생활용품 2180,"유한킴벌리 생활용품 ??. ?? ??: 가격, 내구성, 용량, 생활, 청소, 가정.",33000,32000,29000,3.75,3498.0,0,naver_api,Y,Y,0.318,0.318
female,50,8370000.0,대기업직원,미혼,보수적,145000.0,중저가,건강관리,종근당,8,3,9,N,2,0.0,0.13098464317976513,0.0,0.0,1.0,0.18620689655172415,0.2831858407079646,0.2,0.48874999999999996,1.0,0.44999999999999996,1107000,선물,"희소성, 감성",종근당,종근당 건강관리 2181,"종근당 건강관리 ??. ?? ??: 성분, 후기, 안전성, 건강, 부모님, 회복.",145000,113000,118000,4.31,,3,manual,Y,N,0.573,0.573
male,21,700000.0,학생,미혼,보수적,214000.0,중저가,패션,ZARA,47,7,18,Y,5,1.0,2.5476190476190474,1.0,0.6666666666666666,0.0,0.3598130841121495,0.07537688442211055,0.2,0.7318801747633941,1.0,0.6,84000,출근,"디자인, 착용감",리바트,ZARA 패션 2182,"ZARA 패션 ??. ?? ??: 디자인, 착용감, 브랜드, 출근, 데이트, 여행.",214000,199000,137000,4.26,983.0,4,naver_api,Y,Y,0.622,0.622
male,57,9300000.0,대기업직원,기혼,보수적,1002000.0,고가,패션,ZARA,15,2,13,Y,3,0.41926345609065163,1.4192634560906516,0.0,0.0,1.0,0.1936127744510978,0.17192982456140352,0.2,0.55125,1.0,0.09999999999999998,706000,유행,"희소성, 감성",ZARA,ZARA 패션 2183,"ZARA 패션 ??. ?? ??: 디자인, 착용감, 브랜드, 출근, 데이트, 여행.",1002000,855000,808000,4.81,,2,user_input,Y,N,0.694,0.694
female,22,1260000.0,취업준비생,미혼,보수적,1658000.0,고가,명품,프라다,40,16,17,Y,15,1.0,3.0,1.0,0.6666666666666666,1.0,0.009047044632086852,0.15379262352122477,0.0,0.63625,1.0,0.52,83000,선물,"브랜드, 희소성",프라다,프라다 명품 2184,"프라다 명품 ??. ?? ??: 브랜드, 희소성, 디자인, 선물, 보상, 소장.",1658000,1437000,1643000,3.49,1905.0,0,user_input,Y,Y,0.504,0.504
female,25,850000.0,취업준비생,미혼,보수적,39000.0,저가,건강관리,센트룸,36,4,22,N,0,0.0,0.22285714285714286,1.0,0.6666666666666666,0.0,0.0,0.11428571428571428,0.2,0.5718222969809779,1.0,0.95,175000,건강,"성분, 후기",다이소,센트룸 건강관리 2185,"센트룸 건강관리 ??. ?? ??: 성분, 후기, 안전성, 건강, 부모님, 회복.",39000,35000,41000,,162.0,4,naver_api,N,Y,0.336,0.336
female,57,3370000.0,주부,미혼,진보적,363000.0,중저가,가구,이케아,49,6,12,N,1,0.0,0.9502617801047121,0.0,0.6666666666666666,1.0,0.3305785123966942,0.38549618320610685,0.2,0.7037500000000001,1.0,0.37,382000,소장,"내구성, 크기",이케아,이케아 가구 2186,"이케아 가구 ??. ?? ??: 내구성, 크기, 디자인, 이사, 인테리어, 생활.",363000,262000,243000,4.03,1495.0,4,crawler,Y,Y,0.515,0.515
male,25,4300000.0,공무원,미혼,진보적,33000.0,저가,식품,CJ,12,0,16,N,0,0.0,0.04441453566621804,1.0,0.9,0.0,0.21212121212121213,0.13793103448275862,0.2,0.45749999999999996,1.0,1.0,743000,식사,"가격, 신선도",종근당,CJ 식품 2187,"CJ 식품 ??. ?? ??: 가격, 신선도, 배송, 생활, 식사, 가족.",33000,29000,26000,4.06,,2,manual,Y,N,0.291,0.291
male,38,4950000.0,사무직,미혼,진보적,20000.0,초저가,생활용품,다이소,42,3,13,N,2,0.0,0.12903225806451613,0.0,0.9,0.0,0.35,0.17647058823529413,0.0,0.74,1.0,0.57,155000,가정,"가격, 내구성",이니스프리,다이소 생활용품 2188,"다이소 생활용품 ??. ?? ??: 가격, 내구성, 용량, 생활, 청소, 가정.",20000,17000,13000,4.32,2477.0,0,manual,Y,Y,0.503,0.503
male,28,7640000.0,전문직,미혼,보수적,36000.0,저가,화장품,이니스프리,44,5,17,N,2,0.0,0.02977667493796526,1.0,0.0,0.0,0.0,0.058823529411764705,0.2,0.665,1.0,0.52,1209000,선물,"희소성, 감성",설화수,이니스프리 화장품 2189,"이니스프리 화장품 ??. ?? ??: 성분, 가격, 후기, 피부관리, 선물, 데일리.",36000,34000,37000,3.72,1666.0,2,naver_api,Y,Y,0.457,0.457
male,25,5100000.0,프리랜서,미혼,진보적,89000.0,저가,패션,ZARA,47,4,12,N,1,0.0,0.1831275720164609,1.0,0.6666666666666666,0.0,0.3258426966292135,0.18666666666666668,0.0,0.6225,1.0,0.6,486000,데이트,"디자인, 착용감",레노버,ZARA 패션 2190,"ZARA 패션 ??. ?? ??: 디자인, 착용감, 브랜드, 출근, 데이트, 여행.",89000,75000,60000,3.38,1964.0,0,crawler,Y,Y,0.358,0.358
male,31,8560000.0,대기업직원,기혼,보수적,141000.0,중저가,패션,ZARA,43,1,1,N,0,0.0,0.21625766871165644,0.0,0.0,0.0,0.3049645390070922,0.044444444444444446,0.2,0.6387499999999999,1.0,0.09999999999999998,652000,소장,"희소성, 감성",하나투어,ZARA 패션 2191,"ZARA 패션 ??. ?? ??: 디자인, 착용감, 브랜드, 출근, 데이트, 여행.",141000,135000,98000,3.51,3620.0,3,image_estimate,Y,Y,0.674,0.674
female,66,2780000.0,은퇴자,미혼,진보적,3133000.0,초고가,명품,구찌,39,18,20,Y,9,1.0,3.0,0.0,0.6666666666666666,0.0,0.11426747526332588,0.2782537739698082,0.0,0.758795965769382,1.0,0.019999999999999976,299000,유행,"브랜드, 희소성",종근당,구찌 명품 2192,"구찌 명품 ??. ?? ??: 브랜드, 희소성, 디자인, 선물, 보상, 소장.",3133000,2451000,2775000,4.75,380.0,0,manual,Y,Y,0.797,0.797
male,24,1270000.0,취업준비생,미혼,진보적,2307000.0,초고가,여행,하나투어,7,23,22,Y,17,1.0,3.0,1.0,0.9,1.0,0.29605548331166015,0.0750232991612302,0.2,0.39875,1.0,0.6,47000,휴식,"가격, 일정",하나투어,하나투어 여행 2193,"하나투어 여행 ??. ?? ??: 가격, 일정, 숙소, 휴식, 가족, 기념일.",2307000,2146000,1624000,3.59,,1,naver_api,Y,N,0.526,0.526
male,26,9510000.0,대기업직원,기혼,진보적,78000.0,저가,패션,나이키,52,3,13,N,2,0.0,0.07722772277227723,1.0,0.0,0.0,0.3333333333333333,0.02631578947368421,0.2,0.6675,1.0,0.6,1010000,출근,"희소성, 감성",레노버,나이키 패션 2194,"나이키 패션 ??. ?? ??: 디자인, 착용감, 브랜드, 출근, 데이트, 여행.",78000,76000,52000,3.74,2257.0,3,user_input,Y,Y,0.465,0.465
female,52,3930000.0,프리랜서,미혼,진보적,1357000.0,고가,여행,하나투어,57,8,1,Y,4,1.0,3.0,1.0,0.9,1.0,0.0,0.2694106641721235,0.2,0.6312500000000001,1.0,0.6,375000,휴식,"가격, 일정",하나투어,하나투어 여행 2195,"하나투어 여행 ??. ?? ??: 가격, 일정, 숙소, 휴식, 가족, 기념일.",1357000,1069000,1437000,3.45,3756.0,3,crawler,Y,Y,0.475,0.475
male,45,5030000.0,사무직,기혼,보수적,2481000.0,초고가,전자기기,애플,15,11,15,Y,5,1.0,3.0,1.0,0.9375,0.0,0.0,0.09054945054945054,0.2,0.37625000000000003,1.0,0.87,335000,공부,"성능, 배터리",센트룸,애플 전자기기 2196,"애플 전자기기 ??. ?? ??: 성능, 배터리, 휴대성, 업무, 공부, 게임, 콘텐츠.",2481000,2275000,2627000,3.41,,3,manual,Y,N,0.548,0.548
male,66,3040000.0,은퇴자,기혼,보수적,2217000.0,초고가,여행,마이리얼트립,54,11,11,Y,6,1.0,3.0,0.0,0.9,1.0,0.0,0.033566433566433566,0.0,0.6375,1.0,0.09999999999999998,613000,기념일,"가격, 일정",마이리얼트립,마이리얼트립 여행 2197,"마이리얼트립 여행 ??. ?? ??: 가격, 일정, 숙소, 휴식, 가족, 기념일.",2217000,2145000,2282000,,2574.0,0,manual,N,Y,0.623,0.623
male,45,4020000.0,사무직,미혼,보수적,118000.0,중저가,교육,패스트캠퍼스,42,1,16,N,3,0.0,0.13439635535307518,1.0,0.9,0.0,0.2711864406779661,0.02608695652173913,0.0,0.8075000000000001,1.0,1.0,878000,취업,"강의품질, 가격",마이리얼트립,패스트캠퍼스 교육 2198,"패스트캠퍼스 교육 ??. ?? ??: 강의품질, 가격, 커리큘럼, 공부, 취업, 자기계발.",118000,115000,86000,4.86,1602.0,0,naver_api,Y,Y,0.307,0.307
female,46,9200000.0,대기업직원,미혼,보수적,738000.0,고가,명품,프라다,48,1,16,Y,4,0.7242990654205608,1.7242990654205608,0.0,0.6666666666666666,0.0,0.24661246612466126,0.14596273291925466,0.2,0.6375,1.0,0.019999999999999976,428000,소장,"브랜드, 희소성",동원,프라다 명품 2199,"프라다 명품 ??. ?? ??: 브랜드, 희소성, 디자인, 선물, 보상, 소장.",738000,644000,556000,,3936.0,4,manual,N,Y,0.734,0.734
female,28,860000.0,취업준비생,미혼,진보적,298000.0,중저가,건강관리,정관장,40,5,22,Y,5,0.7633136094674555,1.7633136094674555,1.0,0.6666666666666666,0.0,0.03355704697986577,0.22633744855967078,0.2,0.71,1.0,0.95,169000,부모님,"성분, 후기",애플,정관장 건강관리 2200,"정관장 건강관리 ??. ?? ??: 성분, 후기, 안전성, 건강, 부모님, 회복.",298000,243000,288000,4.08,2422.0,4,manual,Y,Y,0.527,0.527
female,36,6120000.0,공무원,미혼,보수적,930000.0,고가,교육,메가스터디,27,5,21,Y,2,0.0,0.7560975609756098,0.0,0.0,1.0,0.2752688172043011,0.1581569115815691,0.2,0.6287555567694805,1.0,0.57,1230000,휴식,"희소성, 감성",메가스터디,메가스터디 교육 2201,"메가스터디 교육 ??. ?? ??: 강의품질, 가격, 커리큘럼, 공부, 취업, 자기계발.",930000,803000,674000,4.03,125.0,1,user_input,Y,Y,0.593,0.593
male,55,8650000.0,전문직,미혼,진보적,16000.0,초저가,화장품,라네즈,48,2,13,N,3,0.0,0.020618556701030927,0.0,0.0,1.0,0.25,0.14285714285714285,0.2,0.6375,1.0,0.019999999999999976,776000,데일리,"희소성, 감성",라네즈,라네즈 화장품 2202,"라네즈 화장품 ??. ?? ??: 성분, 가격, 후기, 피부관리, 선물, 데일리.",16000,14000,12000,,1145.0,3,naver_api,N,Y,0.588,0.588
female,26,650000.0,학생,미혼,진보적,33000.0,저가,화장품,이니스프리,52,3,21,N,0,0.0,0.4024390243902439,0.0,0.0,1.0,0.15151515151515152,0.2222222222222222,0.2,0.6375,1.0,0.019999999999999976,82000,유행,"희소성, 감성",이니스프리,이니스프리 화장품 2203,"이니스프리 화장품 ??. ?? ??: 성분, 가격, 후기, 피부관리, 선물, 데일리.",33000,27000,28000,,3356.0,1,naver_api,N,Y,0.57,0.57
female,46,5560000.0,프리랜서,기혼,보수적,437000.0,중저가,패션,아디다스,37,6,22,N,0,0.0,0.9438444924406048,1.0,0.6666666666666666,1.0,0.0,0.3323170731707317,0.2,0.7437499999999999,1.0,0.6,463000,출근,"디자인, 착용감",아디다스,아디다스 패션 2204,"아디다스 패션 ??. ?? ??: 디자인, 착용감, 브랜드, 출근, 데이트, 여행.",437000,328000,465000,4.35,1303.0,2,crawler,Y,Y,0.305,0.305
male,28,4730000.0,프리랜서,미혼,보수적,651000.0,고가,전자기기,소니,10,5,17,Y,2,0.0,0.6774193548387096,0.0,0.9375,0.0,0.20583717357910905,0.12435233160621761,0.2,0.3575,1.0,0.37,961000,휴식,"성능, 배터리",프라다,소니 전자기기 2205,"소니 전자기기 ??. ?? ??: 성능, 배터리, 휴대성, 업무, 공부, 게임, 콘텐츠.",651000,579000,517000,3.26,,4,naver_api,Y,N,0.517,0.517
male,25,920000.0,취업준비생,미혼,진보적,3701000.0,초고가,여행,하나투어,50,50,14,Y,35,1.0,3.0,0.0,0.0,0.0,0.13266684679816265,0.08248025738520035,0.2,0.6375,1.0,0.09999999999999998,176000,선물,"희소성, 감성",루이비통,하나투어 여행 2206,"하나투어 여행 ??. ?? ??: 가격, 일정, 숙소, 휴식, 가족, 기념일.",3701000,3419000,3210000,,3501.0,1,crawler,N,Y,0.888,0.888
female,22,810000.0,학생,미혼,보수적,2895000.0,초고가,전자기기,애플,52,44,17,Y,30,1.0,3.0,1.0,0.9375,0.0,0.261139896373057,0.0328219764537995,0.2,0.72125,1.0,0.87,135000,게임,"성능, 배터리",클래스101,애플 전자기기 2207,"애플 전자기기 ??. ?? ??: 성능, 배터리, 휴대성, 업무, 공부, 게임, 콘텐츠.",2895000,2803000,2139000,4.17,2471.0,1,naver_api,Y,Y,0.558,0.558
female,41,5010000.0,공무원,미혼,진보적,420000.0,중저가,전자기기,삼성,9,2,21,N,1,0.0,0.4789053591790194,1.0,0.9375,0.0,0.0,0.1320754716981132,0.2,0.1875,0.75,0.87,877000,공부,"성능, 배터리",설화수,삼성 전자기기 2208,"삼성 전자기기 ??. ?? ??: 성능, 배터리, 휴대성, 업무, 공부, 게임, 콘텐츠.",420000,371000,450000,,,1,naver_api,N,N,0.313,0.313
male,53,8010000.0,대기업직원,기혼,진보적,78000.0,저가,교육,클래스101,12,4,10,N,0,0.0,0.2635135135135135,0.0,0.0,1.0,0.0641025641025641,0.0684931506849315,0.2,0.43125,1.0,0.57,296000,자기계발,"희소성, 감성",클래스101,클래스101 교육 2209,"클래스101 교육 ??. ?? ??: 강의품질, 가격, 커리큘럼, 공부, 취업, 자기계발.",78000,73000,73000,3.85,,4,image_estimate,Y,N,0.578,0.578
male,36,6170000.0,대기업직원,기혼,보수적,220000.0,중저가,교육,클래스101,35,6,17,N,3,0.0,0.24581005586592178,0.0,0.9,0.0,0.2909090909090909,0.028037383177570093,0.2,0.7765469136341627,1.0,0.57,895000,유행,"강의품질, 가격",루이비통,클래스101 교육 2210,"클래스101 교육 ??. ?? ??: 강의품질, 가격, 커리큘럼, 공부, 취업, 자기계발.",220000,214000,156000,4.65,878.0,3,naver_api,Y,Y,0.484,0.484
female,23,710000.0,학생,미혼,보수적,501000.0,고가,화장품,설화수,50,11,14,Y,9,1.0,3.0,1.0,0.0,1.0,0.0,0.03512396694214876,0.2,0.7237500000000001,1.0,0.52,43000,선물,"희소성, 감성",설화수,설화수 화장품 2211,"설화수 화장품 ??. ?? ??: 성분, 가격, 후기, 피부관리, 선물, 데일리.",501000,484000,502000,4.19,2626.0,4,naver_api,Y,Y,0.556,0.556
male,70,2430000.0,은퇴자,기혼,진보적,178000.0,중저가,여행,마이리얼트립,40,6,14,N,3,0.053254437869822535,1.0532544378698225,1.0,0.9,1.0,0.25280898876404495,0.0658682634730539,0.2,0.61375,1.0,0.6,169000,휴식,"가격, 일정",마이리얼트립,마이리얼트립 여행 2212,"마이리얼트립 여행 ??. ?? ??: 가격, 일정, 숙소, 휴식, 가족, 기념일.",178000,167000,133000,3.31,2667.0,2,naver_api,Y,Y,0.25,0.25
female,46,3650000.0,사무직,미혼,진보적,1303000.0,고가,전자기기,LG,46,7,17,Y,6,1.0,3.0,0.0,0.0,0.0,0.00844205679201842,0.16860986547085202,0.2,0.63,1.0,0.37,235000,소장,"희소성, 감성",종근당,LG 전자기기 2213,"LG 전자기기 ??. ?? ??: 성능, 배터리, 휴대성, 업무, 공부, 게임, 콘텐츠.",1303000,1115000,1292000,3.44,2123.0,3,manual,Y,Y,0.888,0.888
female,55,4350000.0,사무직,미혼,보수적,18000.0,초저가,식품,오뚜기,6,0,15,N,0,0.0,0.023778071334214,0.0,0.9,0.0,0.0,0.058823529411764705,0.2,0.56,1.0,0.57,757000,선물,"가격, 신선도",소니,오뚜기 식품 2214,"오뚜기 식품 ??. ?? ??: 가격, 신선도, 배송, 생활, 식사, 가족.",18000,17000,18000,4.88,,1,user_input,Y,N,0.459,0.459
male,45,10490000.0,전문직,기혼,진보적,25000.0,초저가,식품,오뚜기,13,4,13,N,4,0.0,0.03863987635239567,0.0,0.9,1.0,0.0,0.13636363636363635,0.0,0.39625,1.0,0.57,647000,선물,"가격, 신선도",오뚜기,오뚜기 식품 2215,"오뚜기 식품 ??. ?? ??: 가격, 신선도, 배송, 생활, 식사, 가족.",25000,22000,26000,3.57,,0,image_estimate,Y,N,0.383,0.383
female,24,5430000.0,사무직,미혼,보수적,167000.0,중저가,패션,나이키,45,6,21,N,1,0.0,0.28209459459459457,1.0,0.6666666666666666,1.0,0.17365269461077845,0.2556390977443609,0.2,0.8025,1.0,0.6,592000,데이트,"디자인, 착용감",나이키,나이키 패션 2216,"나이키 패션 ??. ?? ??: 디자인, 착용감, 브랜드, 출근, 데이트, 여행.",167000,133000,138000,4.82,1817.0,4,manual,Y,Y,0.265,0.265
male,50,4970000.0,자영업,미혼,보수적,15000.0,초저가,화장품,이니스프리,43,4,14,N,3,0.0,0.034722222222222224,1.0,0.9,0.0,0.06666666666666667,0.15384615384615385,0.0,0.6044874413031842,1.0,0.52,432000,선물,"성분, 가격",프라다,이니스프리 화장품 2217,"이니스프리 화장품 ??. ?? ??: 성분, 가격, 후기, 피부관리, 선물, 데일리.",15000,13000,14000,,401.0,0,user_input,N,Y,0.294,0.294
male,48,3330000.0,프리랜서,기혼,보수적,6000.0,초저가,식품,CJ,46,3,18,N,1,0.0,0.014388489208633094,1.0,0.9,0.0,0.16666666666666666,0.5,0.2,0.6308335714235367,1.0,1.0,417000,생활,"가격, 신선도",라네즈,CJ 식품 2218,"CJ 식품 ??. ?? ??: 가격, 신선도, 배송, 생활, 식사, 가족.",6000,4000,5000,3.52,776.0,3,naver_api,Y,Y,0.334,0.334
female,32,4200000.0,공무원,기혼,진보적,2742000.0,초고가,명품,루이비통,46,13,1,Y,6,1.0,3.0,1.0,0.3333333333333333,0.0,0.0,0.23457901846015308,0.0,0.67125,1.0,0.52,611000,선물,"희소성, 감성",삼성,루이비통 명품 2219,"루이비통 명품 ??. ?? ??: 브랜드, 희소성, 디자인, 선물, 보상, 소장.",2742000,2221000,2840000,3.77,2662.0,0,user_input,Y,Y,0.652,0.652
male,26,700000.0,학생,미혼,보수적,90000.0,저가,건강관리,종근당,41,3,3,N,3,0.32352941176470584,1.3235294117647058,0.0,0.6666666666666666,1.0,0.15555555555555556,0.21621621621621623,0.2,0.6475,1.0,0.44999999999999996,68000,휴식,"성분, 후기",종근당,종근당 건강관리 2220,"종근당 건강관리 ??. ?? ??: 성분, 후기, 안전성, 건강, 부모님, 회복.",90000,74000,76000,3.58,1546.0,2,manual,Y,Y,0.551,0.551
male,26,510000.0,학생,미혼,보수적,115000.0,중저가,전자기기,소니,17,5,13,Y,6,1.0,2.738095238095238,0.0,0.9375,1.0,0.17391304347826086,0.3372093023255814,0.2,0.1875,0.75,0.37,42000,유행,"성능, 배터리",소니,소니 전자기기 2221,"소니 전자기기 ??. ?? ??: 성능, 배터리, 휴대성, 업무, 공부, 게임, 콘텐츠.",115000,86000,95000,,,2,image_estimate,N,N,0.669,0.669
male,33,1060000.0,취업준비생,기혼,진보적,278000.0,중저가,전자기기,LG,45,6,14,Y,5,1.0,3.0,1.0,0.0,0.0,0.3273381294964029,0.24663677130044842,0.2,0.62,1.0,0.87,74000,업무,"희소성, 감성",종근당,LG 전자기기 2222,"LG 전자기기 ??. ?? ??: 성능, 배터리, 휴대성, 업무, 공부, 게임, 콘텐츠.",278000,223000,187000,3.36,2932.0,2,manual,Y,Y,0.705,0.705
male,67,2230000.0,은퇴자,기혼,진보적,412000.0,중저가,화장품,이니스프리,44,2,9,Y,5,1.0,2.942857142857143,0.0,0.0,1.0,0.3155339805825243,0.3825503355704698,0.2,0.6225,1.0,0.019999999999999976,140000,휴식,"희소성, 감성",이니스프리,이니스프리 화장품 2223,"이니스프리 화장품 ??. ?? ??: 성분, 가격, 후기, 피부관리, 선물, 데일리.",412000,298000,282000,3.38,1804.0,3,image_estimate,Y,Y,0.846,0.846
female,57,4840000.0,공무원,미혼,진보적,1574000.0,고가,명품,루이비통,5,8,15,Y,3,1.0,3.0,1.0,0.3333333333333333,0.0,0.29415501905972047,0.11789772727272728,0.2,0.5375000000000001,1.0,0.52,269000,선물,"희소성, 감성",이니스프리,루이비통 명품 2224,"루이비통 명품 ??. ?? ??: 브랜드, 희소성, 디자인, 선물, 보상, 소장.",1574000,1408000,1111000,4.7,,2,image_estimate,Y,N,0.696,0.696
male,56,2130000.0,주부,미혼,진보적,47000.0,저가,식품,오뚜기,3,4,2,N,3,0.0,0.32413793103448274,1.0,0.9,0.0,0.3191489361702128,0.38235294117647056,0.2,0.49125,1.0,1.0,145000,식사,"가격, 신선도",ZARA,오뚜기 식품 2225,"오뚜기 식품 ??. ?? ??: 가격, 신선도, 배송, 생활, 식사, 가족.",47000,34000,32000,4.33,,2,naver_api,Y,N,0.324,0.324
male,59,3220000.0,은퇴자,기혼,진보적,108000.0,중저가,교육,패스트캠퍼스,16,3,16,N,0,0.0,0.24545454545454545,1.0,0.0,0.0,0.37962962962962965,0.1134020618556701,0.2,0.40625,1.0,1.0,440000,공부,"희소성, 감성",리바트,패스트캠퍼스 교육 2226,"패스트캠퍼스 교육 ??. ?? ??: 강의품질, 가격, 커리큘럼, 공부, 취업, 자기계발.",108000,97000,67000,3.65,,2,manual,Y,N,0.496,0.496
male,23,1200000.0,취업준비생,미혼,보수적,365000.0,중저가,명품,샤넬,46,9,2,Y,5,1.0,3.0,1.0,0.6666666666666666,1.0,0.3643835616438356,0.23310810810810811,0.2,0.6190393706581022,1.0,0.52,79000,보상,"브랜드, 희소성",샤넬,샤넬 명품 2227,"샤넬 명품 ??. ?? ??: 브랜드, 희소성, 디자인, 선물, 보상, 소장.",365000,296000,232000,,600.0,4,user_input,N,Y,0.591,0.591
male,49,7460000.0,전문직,기혼,보수적,683000.0,고가,여행,대한항공,48,1,3,Y,5,0.0,0.4913669064748201,0.0,0.0,1.0,0.2562225475841874,0.155668358714044,0.2,0.6375,1.0,0.09999999999999998,1390000,선물,"희소성, 감성",대한항공,대한항공 여행 2228,"대한항공 여행 ??. ?? ??: 가격, 일정, 숙소, 휴식, 가족, 기념일.",683000,591000,508000,,1738.0,4,image_estimate,N,Y,0.638,0.638
male,48,3940000.0,프리랜서,기혼,보수적,24000.0,초저가,식품,동원,46,0,17,N,4,0.0,0.0729483282674772,0.0,0.9,0.0,0.0,0.09090909090909091,0.2,0.6799999999999999,1.0,0.57,329000,유행,"가격, 신선도",COS,동원 식품 2229,"동원 식품 ??. ?? ??: 가격, 신선도, 배송, 생활, 식사, 가족.",24000,22000,24000,3.84,1102.0,1,image_estimate,Y,Y,0.468,0.468
male,46,3170000.0,프리랜서,기혼,보수적,153000.0,중저가,패션,아디다스,33,1,21,N,0,0.17692307692307696,1.176923076923077,1.0,0.6666666666666666,0.0,0.2222222222222222,0.275,0.2,0.6447119542959237,1.0,0.6,130000,출근,"디자인, 착용감",오뚜기,아디다스 패션 2230,"아디다스 패션 ??. ?? ??: 디자인, 착용감, 브랜드, 출근, 데이트, 여행.",153000,120000,119000,3.66,702.0,1,naver_api,Y,Y,0.422,0.422
male,26,1160000.0,취업준비생,미혼,보수적,35000.0,저가,교육,메가스터디,9,1,14,N,1,0.0,0.1388888888888889,0.0,0.9,0.0,0.02857142857142857,0.34615384615384615,0.0,0.5,1.0,0.57,252000,자기계발,"강의품질, 가격",오뚜기,메가스터디 교육 2231,"메가스터디 교육 ??. ?? ??: 강의품질, 가격, 커리큘럼, 공부, 취업, 자기계발.",35000,26000,34000,4.4,,0,naver_api,Y,N,0.511,0.511
male,23,1000000.0,취업준비생,미혼,진보적,215000.0,중저가,교육,메가스터디,47,4,17,Y,6,0.0,0.9817351598173516,1.0,0.0,1.0,0.2558139534883721,0.29518072289156627,0.2,0.6273899463505974,1.0,1.0,219000,취업,"희소성, 감성",메가스터디,메가스터디 교육 2232,"메가스터디 교육 ??. ?? ??: 강의품질, 가격, 커리큘럼, 공부, 취업, 자기계발.",215000,166000,160000,,756.0,3,manual,N,Y,0.412,0.412
female,42,4560000.0,공무원,기혼,진보적,60000.0,저가,식품,CJ,46,1,19,N,2,0.0,0.2127659574468085,0.0,0.9,0.0,0.31666666666666665,0.2765957446808511,0.2,0.65375,1.0,0.57,282000,휴식,"가격, 신선도",애플,CJ 식품 2233,"CJ 식품 ??. ?? ??: 가격, 신선도, 배송, 생활, 식사, 가족.",60000,47000,41000,3.63,2153.0,3,user_input,Y,Y,0.503,0.503
male,27,5240000.0,사무직,미혼,보수적,169000.0,중저가,건강관리,종근당,5,3,16,N,0,0.0,0.16328502415458937,1.0,0.6666666666666666,0.0,0.33727810650887574,0.26119402985074625,0.2,0.48125,1.0,0.95,1035000,부모님,"성분, 후기",마이리얼트립,종근당 건강관리 2234,"종근당 건강관리 ??. ?? ??: 성분, 후기, 안전성, 건강, 부모님, 회복.",169000,134000,112000,4.25,,3,naver_api,Y,N,0.372,0.372
male,48,3040000.0,사무직,미혼,진보적,56000.0,저가,교육,패스트캠퍼스,11,3,0,N,3,0.0,0.13559322033898305,1.0,0.0,1.0,0.25,0.09803921568627451,0.2,0.48625,1.0,1.0,413000,취업,"희소성, 감성",패스트캠퍼스,패스트캠퍼스 교육 2235,"패스트캠퍼스 교육 ??. ?? ??: 강의품질, 가격, 커리큘럼, 공부, 취업, 자기계발.",56000,51000,42000,4.29,,2,image_estimate,Y,N,0.407,0.407
female,45,3340000.0,주부,기혼,진보적,523000.0,고가,교육,패스트캠퍼스,42,7,20,Y,2,0.49002849002849014,1.4900284900284901,0.0,0.0,0.0,0.20650095602294455,0.23058823529411765,0.2,0.6937500000000001,1.0,0.57,351000,자기계발,"희소성, 감성",CJ,패스트캠퍼스 교육 2236,"패스트캠퍼스 교육 ??. ?? ??: 강의품질, 가격, 커리큘럼, 공부, 취업, 자기계발.",523000,425000,415000,3.95,3629.0,1,naver_api,Y,Y,0.748,0.748
male,26,550000.0,학생,기혼,진보적,21000.0,초저가,화장품,라네즈,49,4,22,N,0,0.0,0.2441860465116279,1.0,0.0,1.0,0.0,0.3125,0.2,0.78375,1.0,0.52,86000,피부관리,"희소성, 감성",라네즈,라네즈 화장품 2237,"라네즈 화장품 ??. ?? ??: 성분, 가격, 후기, 피부관리, 선물, 데일리.",21000,16000,21000,4.67,3689.0,1,naver_api,Y,Y,0.396,0.396
male,43,5310000.0,사무직,미혼,진보적,149000.0,중저가,가구,리바트,46,3,21,N,3,0.0,0.13796296296296295,0.0,0.6666666666666666,0.0,0.11409395973154363,0.1037037037037037,0.2,0.6375,1.0,0.37,1080000,휴식,"내구성, 크기",클래스101,리바트 가구 2238,"리바트 가구 ??. ?? ??: 내구성, 크기, 디자인, 이사, 인테리어, 생활.",149000,135000,132000,,1688.0,2,user_input,N,Y,0.534,0.534
female,24,750000.0,취업준비생,기혼,진보적,439000.0,중저가,교육,클래스101,9,11,9,Y,6,1.0,3.0,1.0,0.9,1.0,0.1275626423690205,0.055288461538461536,0.2,0.46625,1.0,1.0,80000,공부,"강의품질, 가격",클래스101,클래스101 교육 2239,"클래스101 교육 ??. ?? ??: 강의품질, 가격, 커리큘럼, 공부, 취업, 자기계발.",439000,416000,383000,4.13,,3,image_estimate,Y,N,0.423,0.423
female,25,1320000.0,취업준비생,미혼,보수적,149000.0,중저가,가구,한샘,33,4,17,N,2,0.8860759493670887,1.8860759493670887,1.0,0.6666666666666666,1.0,0.006711409395973154,0.21138211382113822,0.2,0.6005947669457076,1.0,0.87,79000,이사,"내구성, 크기",한샘,한샘 가구 2240,"한샘 가구 ??. ?? ??: 내구성, 크기, 디자인, 이사, 인테리어, 생활.",149000,123000,148000,,360.0,3,crawler,N,Y,0.462,0.462
male,50,3860000.0,사무직,미혼,보수적,89000.0,저가,교육,패스트캠퍼스,45,3,12,N,0,0.0,0.10607866507747318,0.0,0.0,0.0,0.15730337078651685,0.12658227848101267,0.0,0.6375,1.0,0.57,839000,유행,"희소성, 감성",메가스터디,패스트캠퍼스 교육 2241,"패스트캠퍼스 교육 ??. ?? ??: 강의품질, 가격, 커리큘럼, 공부, 취업, 자기계발.",89000,79000,75000,,1554.0,0,naver_api,N,Y,0.626,0.626
female,24,760000.0,학생,미혼,보수적,3361000.0,초고가,여행,대한항공,45,54,3,Y,39,1.0,3.0,0.0,0.9,1.0,0.24814043439452543,0.1718967921896792,0.2,0.60625,1.0,0.09999999999999998,61000,소장,"가격, 일정",대한항공,대한항공 여행 2242,"대한항공 여행 ??. ?? ??: 가격, 일정, 숙소, 휴식, 가족, 기념일.",3361000,2868000,2527000,3.25,1779.0,1,image_estimate,Y,Y,0.673,0.673
female,65,3260000.0,은퇴자,미혼,보수적,227000.0,중저가,가구,한샘,43,1,13,N,4,0.0,0.8598484848484849,0.0,0.0,0.0,0.0,0.11274509803921569,0.2,0.6375,1.0,0.37,264000,휴식,"희소성, 감성",리바트,한샘 가구 2243,"한샘 가구 ??. ?? ??: 내구성, 크기, 디자인, 이사, 인테리어, 생활.",227000,204000,245000,,1466.0,3,manual,N,Y,0.634,0.634
male,30,3740000.0,프리랜서,미혼,보수적,3618000.0,초고가,명품,프라다,11,17,13,Y,10,1.0,3.0,0.0,0.3333333333333333,0.0,0.2772249861802101,0.38038916444105303,0.0,0.5162500000000001,1.0,0.019999999999999976,754000,소장,"희소성, 감성",3M,프라다 명품 2244,"프라다 명품 ??. ?? ??: 브랜드, 희소성, 디자인, 선물, 보상, 소장.",3618000,2621000,2615000,4.53,,0,manual,Y,N,0.885,0.885
male,30,4250000.0,사무직,기혼,진보적,2897000.0,초고가,전자기기,소니,12,11,20,Y,9,1.0,3.0,0.0,0.9375,0.0,0.12461166724197445,0.3775558725630052,0.2,0.37625000000000003,1.0,0.37,174000,소장,"성능, 배터리",마이리얼트립,소니 전자기기 2245,"소니 전자기기 ??. ?? ??: 성능, 배터리, 휴대성, 업무, 공부, 게임, 콘텐츠.",2897000,2103000,2536000,3.41,,4,user_input,Y,N,0.763,0.763
female,30,7660000.0,대기업직원,기혼,진보적,36000.0,저가,패션,COS,43,5,15,N,1,0.0,0.023017902813299233,0.0,0.6666666666666666,0.0,0.0,0.2,0.2,0.8062499999999999,1.0,0.09999999999999998,1564000,소장,"디자인, 착용감",삼성,COS 패션 2246,"COS 패션 ??. ?? ??: 디자인, 착용감, 브랜드, 출근, 데이트, 여행.",36000,30000,39000,4.85,1204.0,4,manual,Y,Y,0.546,0.546
male,30,3870000.0,사무직,미혼,진보적,131000.0,중저가,교육,패스트캠퍼스,15,0,12,N,2,0.0,0.2062992125984252,1.0,0.0,0.0,0.20610687022900764,0.031496062992125984,0.2,0.445,1.0,1.0,635000,공부,"희소성, 감성",센트룸,패스트캠퍼스 교육 2247,"패스트캠퍼스 교육 ??. ?? ??: 강의품질, 가격, 커리큘럼, 공부, 취업, 자기계발.",131000,127000,104000,3.96,,2,image_estimate,Y,N,0.477,0.477
male,75,2200000.0,은퇴자,기혼,보수적,4000.0,초저가,식품,오뚜기,2,3,0,N,2,0.0,0.023391812865497075,0.0,0.9,1.0,0.0,0.3333333333333333,0.2,0.42875,1.0,0.57,171000,가족,"가격, 신선도",오뚜기,오뚜기 식품 2248,"오뚜기 식품 ??. ?? ??: 가격, 신선도, 배송, 생활, 식사, 가족.",4000,3000,4000,3.83,,2,manual,Y,N,0.406,0.406
female,27,650000.0,학생,미혼,진보적,1552000.0,고가,전자기기,레노버,10,33,9,Y,23,1.0,3.0,1.0,0.0,0.0,0.08311855670103092,0.1811263318112633,0.2,0.48500000000000004,1.0,0.87,107000,업무,"희소성, 감성",구찌,레노버 전자기기 2249,"레노버 전자기기 ??. ?? ??: 성능, 배터리, 휴대성, 업무, 공부, 게임, 콘텐츠.",1552000,1314000,1423000,4.28,,4,user_input,Y,N,0.712,0.712
male,34,5420000.0,공무원,미혼,진보적,124000.0,중저가,패션,아디다스,50,5,10,N,4,0.0,0.36151603498542273,0.0,0.6666666666666666,1.0,0.25806451612903225,0.08771929824561403,0.2,0.60375,1.0,0.09999999999999998,343000,소장,"디자인, 착용감",아디다스,아디다스 패션 2250,"아디다스 패션 ??. ?? ??: 디자인, 착용감, 브랜드, 출근, 데이트, 여행.",124000,114000,92000,3.23,2262.0,1,naver_api,Y,Y,0.492,0.492
female,31,850000.0,취업준비생,기혼,보수적,47000.0,저가,패션,ZARA,41,2,18,N,1,0.0,0.47,0.0,0.0,0.0,0.02127659574468085,0.20512820512820512,0.2,0.6975,1.0,0.09999999999999998,100000,선물,"희소성, 감성",구찌,ZARA 패션 2251,"ZARA 패션 ??. ?? ??: 디자인, 착용감, 브랜드, 출근, 데이트, 여행.",47000,39000,46000,3.98,1053.0,2,user_input,Y,Y,0.643,0.643
male,65,6670000.0,자영업,기혼,보수적,14000.0,초저가,화장품,이니스프리,54,5,13,N,0,0.0,0.046357615894039736,1.0,0.9,0.0,0.0,0.2727272727272727,0.2,0.605,1.0,0.52,302000,피부관리,"성분, 가격",다이소,이니스프리 화장품 2252,"이니스프리 화장품 ??. ?? ??: 성분, 가격, 후기, 피부관리, 선물, 데일리.",14000,11000,14000,3.24,2048.0,4,manual,Y,Y,0.334,0.334
male,36,3680000.0,프리랜서,기혼,보수적,79000.0,저가,가구,한샘,15,2,17,N,1,0.0,0.5766423357664233,1.0,0.0,0.0,0.379746835443038,0.12857142857142856,0.2,0.365,1.0,0.87,137000,이사,"희소성, 감성",LG,한샘 가구 2253,"한샘 가구 ??. ?? ??: 내구성, 크기, 디자인, 이사, 인테리어, 생활.",79000,70000,49000,3.32,,2,crawler,Y,N,0.507,0.507
male,33,3360000.0,주부,미혼,진보적,464000.0,중저가,전자기기,소니,41,1,10,N,5,0.0,0.9098039215686274,1.0,0.0,1.0,0.21120689655172414,0.1180722891566265,0.0,0.61,1.0,0.87,510000,공부,"희소성, 감성",소니,소니 전자기기 2254,"소니 전자기기 ??. ?? ??: 성능, 배터리, 휴대성, 업무, 공부, 게임, 콘텐츠.",464000,415000,366000,3.28,3166.0,0,naver_api,Y,Y,0.393,0.393
female,32,2870000.0,주부,미혼,보수적,257000.0,중저가,화장품,라네즈,24,6,20,N,4,0.0,0.53099173553719,1.0,0.9,0.0,0.0,0.05327868852459016,0.2,0.46524661129620903,1.0,0.52,484000,피부관리,"성분, 가격",동원,라네즈 화장품 2255,"라네즈 화장품 ??. ?? ??: 성분, 가격, 후기, 피부관리, 선물, 데일리.",257000,244000,257000,3.52,7.0,3,user_input,Y,Y,0.288,0.288
female,49,4440000.0,자영업,미혼,보수적,65000.0,저가,패션,아디다스,5,3,22,N,2,0.0,0.12922465208747516,1.0,0.6666666666666666,0.0,0.2153846153846154,0.18181818181818182,0.2,0.1875,0.75,0.6,503000,데이트,"디자인, 착용감",ZARA,아디다스 패션 2256,"아디다스 패션 ??. ?? ??: 디자인, 착용감, 브랜드, 출근, 데이트, 여행.",65000,55000,51000,,,3,user_input,N,N,0.391,0.391
female,35,3590000.0,프리랜서,미혼,진보적,35000.0,저가,생활용품,유한킴벌리,42,4,16,N,1,0.0,0.28688524590163933,1.0,0.0,0.0,0.2571428571428571,0.06060606060606061,0.2,0.76875,1.0,1.0,122000,생활,"희소성, 감성",설화수,유한킴벌리 생활용품 2257,"유한킴벌리 생활용품 ??. ?? ??: 가격, 내구성, 용량, 생활, 청소, 가정.",35000,33000,26000,4.55,3669.0,4,manual,Y,Y,0.42,0.42
male,38,4720000.0,사무직,미혼,진보적,98000.0,저가,생활용품,다이소,41,0,1,N,4,0.0,0.14182344428364688,0.0,0.9,1.0,0.2857142857142857,0.08888888888888889,0.2,0.6375,1.0,0.57,691000,가정,"가격, 내구성",다이소,다이소 생활용품 2258,"다이소 생활용품 ??. ?? ??: 가격, 내구성, 용량, 생활, 청소, 가정.",98000,90000,70000,,1666.0,2,manual,N,Y,0.432,0.432
male,29,890000.0,학생,미혼,진보적,2095000.0,초고가,여행,마이리얼트립,14,29,13,Y,22,1.0,3.0,1.0,0.0,1.0,0.06062052505966587,0.14106753812636166,0.2,0.4825,1.0,0.6,187000,휴식,"희소성, 감성",마이리얼트립,마이리얼트립 여행 2259,"마이리얼트립 여행 ??. ?? ??: 가격, 일정, 숙소, 휴식, 가족, 기념일.",2095000,1836000,1968000,4.26,,4,user_input,Y,N,0.64,0.64
male,46,3460000.0,주부,기혼,진보적,734000.0,고가,패션,COS,42,3,11,Y,3,0.0,0.9852348993288591,0.0,0.6666666666666666,1.0,0.24250681198910082,0.2968197879858657,0.0,0.6097012423048631,1.0,0.09999999999999998,745000,선물,"디자인, 착용감",COS,COS 패션 2260,"COS 패션 ??. ?? ??: 디자인, 착용감, 브랜드, 출근, 데이트, 여행.",734000,566000,556000,3.47,514.0,0,crawler,Y,Y,0.481,0.481
female,42,6150000.0,공무원,기혼,보수적,307000.0,중저가,가구,이케아,11,4,9,N,2,0.0,0.27533632286995513,0.0,0.6666666666666666,1.0,0.26058631921824105,0.12043795620437957,0.2,0.1875,0.75,0.37,1115000,생활,"내구성, 크기",이케아,이케아 가구 2261,"이케아 가구 ??. ?? ??: 내구성, 크기, 디자인, 이사, 인테리어, 생활.",307000,274000,227000,,,2,naver_api,N,N,0.508,0.508
male,41,7270000.0,대기업직원,미혼,진보적,3275000.0,초고가,명품,루이비통,46,10,15,Y,4,1.0,2.7521008403361344,0.0,0.3333333333333333,0.0,0.22809160305343512,0.14151272220285813,0.2,0.6375,1.0,0.019999999999999976,1190000,소장,"희소성, 감성",라네즈,루이비통 명품 2262,"루이비통 명품 ??. ?? ??: 브랜드, 희소성, 디자인, 선물, 보상, 소장.",3275000,2869000,2528000,,1934.0,4,naver_api,N,Y,0.842,0.842
female,38,5310000.0,프리랜서,미혼,보수적,35000.0,저가,패션,COS,13,4,12,N,2,0.0,0.18421052631578946,1.0,0.0,1.0,0.2571428571428571,0.34615384615384615,0.0,0.48500000000000004,1.0,0.6,190000,데이트,"희소성, 감성",COS,COS 패션 2263,"COS 패션 ??. ?? ??: 디자인, 착용감, 브랜드, 출근, 데이트, 여행.",35000,26000,26000,4.28,,0,crawler,Y,N,0.416,0.416
male,46,11460000.0,전문직,기혼,보수적,278000.0,중저가,화장품,라네즈,50,4,20,N,4,0.0,0.1252816584046868,1.0,0.0,0.0,0.0,0.13008130081300814,0.0,0.7075,1.0,0.52,2219000,선물,"희소성, 감성",마이리얼트립,라네즈 화장품 2264,"라네즈 화장품 ??. ?? ??: 성분, 가격, 후기, 피부관리, 선물, 데일리.",278000,246000,300000,4.06,3977.0,0,crawler,Y,Y,0.418,0.418
female,30,7750000.0,전문직,미혼,보수적,12000.0,초저가,생활용품,유한킴벌리,41,1,2,N,2,0.0,0.00927357032457496,0.0,0.9,1.0,0.16666666666666666,0.3333333333333333,0.2,0.7662500000000001,1.0,0.57,1294000,휴식,"가격, 내구성",유한킴벌리,유한킴벌리 생활용품 2265,"유한킴벌리 생활용품 ??. ?? ??: 가격, 내구성, 용량, 생활, 청소, 가정.",12000,9000,10000,4.53,3494.0,3,manual,Y,Y,0.403,0.403
female,27,4890000.0,프리랜서,미혼,보수적,363000.0,중저가,전자기기,애플,3,5,11,N,0,0.0,0.545045045045045,1.0,0.9375,0.0,0.05785123966942149,0.03418803418803419,0.2,0.1875,0.75,0.87,666000,게임,"성능, 배터리",종근당,애플 전자기기 2266,"애플 전자기기 ??. ?? ??: 성능, 배터리, 휴대성, 업무, 공부, 게임, 콘텐츠.",363000,351000,342000,,,3,user_input,N,N,0.323,0.323
female,19,940000.0,학생,기혼,보수적,15000.0,초저가,생활용품,유한킴벌리,56,2,20,N,0,0.0,0.09433962264150944,1.0,0.9,0.0,0.13333333333333333,0.25,0.2,0.8075000000000001,1.0,1.0,159000,생활,"가격, 내구성",센트룸,유한킴벌리 생활용품 2267,"유한킴벌리 생활용품 ??. ?? ??: 가격, 내구성, 용량, 생활, 청소, 가정.",15000,12000,13000,4.86,3234.0,1,image_estimate,Y,Y,0.284,0.284
male,24,870000.0,학생,미혼,보수적,295000.0,중저가,가구,리바트,6,9,17,Y,5,0.8098159509202454,1.8098159509202454,0.0,0.0,0.0,0.003389830508474576,0.13026819923371646,0.0,0.52125,1.0,0.37,163000,유행,"희소성, 감성",다이소,리바트 가구 2268,"리바트 가구 ??. ?? ??: 내구성, 크기, 디자인, 이사, 인테리어, 생활.",295000,261000,294000,4.57,,0,image_estimate,Y,N,0.82,0.82
male,27,800000.0,학생,기혼,보수적,40000.0,저가,식품,CJ,44,1,22,N,1,0.0,0.2564102564102564,0.0,0.9,1.0,0.3,0.3793103448275862,0.0,0.6825,1.0,0.57,156000,휴식,"가격, 신선도",CJ,CJ 식품 2269,"CJ 식품 ??. ?? ??: 가격, 신선도, 배송, 생활, 식사, 가족.",40000,29000,28000,3.86,3151.0,0,image_estimate,Y,Y,0.442,0.442
male,19,810000.0,학생,미혼,보수적,61000.0,저가,패션,COS,53,4,14,N,2,0.0,0.580952380952381,1.0,0.6666666666666666,0.0,0.11475409836065574,0.10909090909090909,0.2,0.7675000000000001,1.0,0.6,105000,출근,"디자인, 착용감",동원,COS 패션 2270,"COS 패션 ??. ?? ??: 디자인, 착용감, 브랜드, 출근, 데이트, 여행.",61000,55000,54000,4.54,2007.0,2,image_estimate,Y,Y,0.366,0.366
male,65,2490000.0,은퇴자,기혼,보수적,334000.0,중저가,패션,나이키,49,5,16,N,5,0.18861209964412806,1.188612099644128,0.0,0.6666666666666666,1.0,0.10778443113772455,0.22344322344322345,0.2,0.6425000000000001,1.0,0.09999999999999998,281000,소장,"디자인, 착용감",나이키,나이키 패션 2271,"나이키 패션 ??. ?? ??: 디자인, 착용감, 브랜드, 출근, 데이트, 여행.",334000,273000,298000,3.54,3388.0,2,crawler,Y,Y,0.51,0.51
male,43,7410000.0,자영업,기혼,진보적,703000.0,고가,명품,프라다,49,1,22,Y,2,0.0,0.7952488687782805,1.0,0.6666666666666666,1.0,0.25604551920341395,0.11058451816745656,0.2,0.8125,1.0,0.52,884000,보상,"브랜드, 희소성",프라다,프라다 명품 2272,"프라다 명품 ??. ?? ??: 브랜드, 희소성, 디자인, 선물, 보상, 소장.",703000,633000,523000,4.9,2528.0,3,naver_api,Y,Y,0.329,0.329
male,73,2560000.0,은퇴자,기혼,보수적,662000.0,고가,여행,대한항공,47,8,21,Y,5,0.7747989276139411,1.774798927613941,1.0,0.9,0.0,0.31722054380664655,0.054140127388535034,0.2,0.6375,1.0,0.6,373000,가족,"가격, 일정",센트룸,대한항공 여행 2273,"대한항공 여행 ??. ?? ??: 가격, 일정, 숙소, 휴식, 가족, 기념일.",662000,628000,452000,,3867.0,2,crawler,N,Y,0.534,0.534
female,41,5040000.0,프리랜서,기혼,보수적,3315000.0,초고가,여행,하나투어,35,10,19,Y,9,1.0,3.0,1.0,0.0,0.0,0.228657616892911,0.05674211029646159,0.2,0.7483143933891221,1.0,0.6,980000,휴식,"희소성, 감성",ZARA,하나투어 여행 2274,"하나투어 여행 ??. ?? ??: 가격, 일정, 숙소, 휴식, 가족, 기념일.",3315000,3137000,2557000,4.41,922.0,4,image_estimate,Y,Y,0.696,0.696
female,72,3210000.0,은퇴자,미혼,진보적,4584000.0,초고가,명품,루이비통,4,21,22,Y,11,1.0,3.0,1.0,0.3333333333333333,0.0,0.015706806282722512,0.1210564930300807,0.2,0.4325,1.0,0.52,160000,보상,"희소성, 감성",하나투어,루이비통 명품 2275,"루이비통 명품 ??. ?? ??: 브랜드, 희소성, 디자인, 선물, 보상, 소장.",4584000,4089000,4512000,3.86,,2,image_estimate,Y,N,0.683,0.683
female,32,5200000.0,프리랜서,기혼,보수적,3079000.0,초고가,가구,한샘,41,8,3,Y,5,1.0,3.0,0.0,0.6666666666666666,1.0,0.17700552127314062,0.28291666666666665,0.2,0.5778899587387494,1.0,0.37,626000,휴식,"내구성, 크기",한샘,한샘 가구 2276,"한샘 가구 ??. ?? ??: 내구성, 크기, 디자인, 이사, 인테리어, 생활.",3079000,2400000,2534000,3.34,334.0,1,image_estimate,Y,Y,0.718,0.718
female,31,870000.0,취업준비생,기혼,진보적,113000.0,중저가,가구,한샘,45,3,13,N,1,0.7121212121212122,1.7121212121212122,0.0,0.6666666666666666,0.0,0.061946902654867256,0.24175824175824176,0.2,0.77125,1.0,0.37,66000,유행,"내구성, 크기",COS,한샘 가구 2277,"한샘 가구 ??. ?? ??: 내구성, 크기, 디자인, 이사, 인테리어, 생활.",113000,91000,106000,4.57,2832.0,3,user_input,Y,Y,0.714,0.714
female,42,6800000.0,대기업직원,미혼,보수적,142000.0,중저가,패션,COS,15,5,1,N,2,0.0,0.21779141104294478,0.0,0.0,1.0,0.14084507042253522,0.25663716814159293,0.2,0.1875,0.75,0.09999999999999998,652000,여행,"희소성, 감성",COS,COS 패션 2278,"COS 패션 ??. ?? ??: 디자인, 착용감, 브랜드, 출근, 데이트, 여행.",142000,113000,122000,,,3,manual,N,N,0.599,0.599
male,45,4210000.0,사무직,미혼,보수적,1361000.0,고가,가구,한샘,12,8,22,Y,5,1.0,3.0,1.0,0.6666666666666666,0.0,0.15429831006612785,0.02872260015117158,0.2,0.1875,0.75,0.87,445000,이사,"내구성, 크기",구찌,한샘 가구 2279,"한샘 가구 ??. ?? ??: 내구성, 크기, 디자인, 이사, 인테리어, 생활.",1361000,1323000,1151000,,,2,crawler,N,N,0.601,0.601
female,39,4480000.0,자영업,미혼,보수적,196000.0,중저가,가구,이케아,11,5,22,N,5,0.0,0.22923976608187135,1.0,0.6666666666666666,0.0,0.10714285714285714,0.08287292817679558,0.0,0.37125,1.0,0.87,855000,인테리어,"내구성, 크기",마이리얼트립,이케아 가구 2280,"이케아 가구 ??. ?? ??: 내구성, 크기, 디자인, 이사, 인테리어, 생활.",196000,181000,175000,3.37,,0,naver_api,Y,N,0.347,0.347
male,49,7950000.0,전문직,기혼,보수적,144000.0,중저가,패션,나이키,46,2,18,N,1,0.0,0.10034843205574913,0.0,0.6666666666666666,0.0,0.2638888888888889,0.21008403361344538,0.0,0.6521595481483398,1.0,0.09999999999999998,1435000,휴식,"디자인, 착용감",샤넬,나이키 패션 2281,"나이키 패션 ??. ?? ??: 디자인, 착용감, 브랜드, 출근, 데이트, 여행.",144000,119000,106000,3.68,805.0,0,manual,Y,Y,0.575,0.575
female,43,7170000.0,전문직,미혼,진보적,82000.0,저가,생활용품,유한킴벌리,17,1,20,N,3,0.0,0.14882032667876588,1.0,0.9,1.0,0.18292682926829268,0.3225806451612903,0.2,0.4025,1.0,1.0,551000,청소,"가격, 내구성",유한킴벌리,유한킴벌리 생활용품 2282,"유한킴벌리 생활용품 ??. ?? ??: 가격, 내구성, 용량, 생활, 청소, 가정.",82000,62000,67000,3.62,,3,image_estimate,Y,N,0.26,0.26
male,51,6920000.0,전문직,기혼,진보적,103000.0,중저가,가구,이케아,41,5,16,N,1,0.0,0.0753474762253109,0.0,0.0,1.0,0.3300970873786408,0.33766233766233766,0.2,0.6375,1.0,0.37,1367000,휴식,"희소성, 감성",이케아,이케아 가구 2283,"이케아 가구 ??. ?? ??: 내구성, 크기, 디자인, 이사, 인테리어, 생활.",103000,77000,69000,,3344.0,3,naver_api,N,Y,0.594,0.594
female,36,5570000.0,사무직,미혼,진보적,378000.0,중저가,여행,마이리얼트립,41,2,20,N,2,0.0,0.5308988764044944,1.0,0.0,0.0,0.010582010582010581,0.3404255319148936,0.2,0.6375,1.0,0.6,712000,휴식,"희소성, 감성",소니,마이리얼트립 여행 2284,"마이리얼트립 여행 ??. ?? ??: 가격, 일정, 숙소, 휴식, 가족, 기념일.",378000,282000,374000,,3397.0,3,manual,N,Y,0.492,0.492
male,56,8190000.0,대기업직원,미혼,보수적,6282000.0,초고가,전자기기,LG,2,12,9,Y,9,1.0,3.0,0.0,0.9375,1.0,0.050143266475644696,0.3821782178217822,0.2,0.3975,1.0,0.37,1404000,휴식,"성능, 배터리",LG,LG 전자기기 2285,"LG 전자기기 ??. ?? ??: 성능, 배터리, 휴대성, 업무, 공부, 게임, 콘텐츠.",6282000,4545000,5967000,3.58,,2,user_input,Y,N,0.692,0.692
female,52,4190000.0,공무원,기혼,진보적,7392000.0,초고가,명품,샤넬,54,23,15,Y,18,1.0,3.0,1.0,0.6666666666666666,0.0,0.2775974025974026,0.22181818181818183,0.2,0.61875,1.0,0.52,573000,선물,"브랜드, 희소성",소니,샤넬 명품 2286,"샤넬 명품 ??. ?? ??: 브랜드, 희소성, 디자인, 선물, 보상, 소장.",7392000,6050000,5340000,3.35,3100.0,4,manual,Y,Y,0.636,0.636
male,24,830000.0,학생,미혼,진보적,581000.0,고가,여행,마이리얼트립,15,12,0,Y,6,1.0,3.0,1.0,0.0,1.0,0.1944922547332186,0.17849898580121704,0.0,0.1875,0.75,0.6,119000,가족,"희소성, 감성",마이리얼트립,마이리얼트립 여행 2287,"마이리얼트립 여행 ??. ?? ??: 가격, 일정, 숙소, 휴식, 가족, 기념일.",581000,493000,468000,,,0,user_input,N,N,0.629,0.629
female,52,5310000.0,공무원,기혼,보수적,575000.0,고가,전자기기,레노버,45,6,12,Y,5,0.6911764705882353,1.6911764705882353,1.0,0.9375,1.0,0.0034782608695652175,0.18556701030927836,0.2,0.7878180519584548,1.0,0.87,340000,공부,"성능, 배터리",레노버,레노버 전자기기 2288,"레노버 전자기기 ??. ?? ??: 성능, 배터리, 휴대성, 업무, 공부, 게임, 콘텐츠.",575000,485000,573000,4.79,739.0,4,manual,Y,Y,0.374,0.374
female,59,2670000.0,주부,기혼,진보적,52000.0,저가,식품,동원,41,3,21,N,4,0.0,0.09904761904761905,1.0,0.9,0.0,0.0,0.04,0.2,0.60375,1.0,1.0,525000,식사,"가격, 신선도",설화수,동원 식품 2289,"동원 식품 ??. ?? ??: 가격, 신선도, 배송, 생활, 식사, 가족.",52000,50000,55000,3.23,1367.0,4,image_estimate,Y,Y,0.278,0.278
female,38,7230000.0,대기업직원,기혼,진보적,6287000.0,초고가,전자기기,애플,43,11,11,Y,8,1.0,3.0,1.0,0.0,0.0,0.0,0.2997725863138309,0.0,0.6375,1.0,0.87,1496000,공부,"희소성, 감성",이니스프리,애플 전자기기 2290,"애플 전자기기 ??. ?? ??: 성능, 배터리, 휴대성, 업무, 공부, 게임, 콘텐츠.",6287000,4837000,6351000,,2845.0,0,naver_api,N,Y,0.671,0.671
male,48,5470000.0,자영업,미혼,보수적,42000.0,저가,화장품,설화수,54,0,3,N,3,0.0,0.052565707133917394,0.0,0.0,0.0,0.0,0.4,0.2,0.7462500000000001,1.0,0.019999999999999976,799000,데일리,"희소성, 감성",한샘,설화수 화장품 2291,"설화수 화장품 ??. ?? ??: 성분, 가격, 후기, 피부관리, 선물, 데일리.",42000,30000,42000,4.37,3640.0,1,naver_api,Y,Y,0.665,0.665
female,65,2930000.0,은퇴자,기혼,보수적,97000.0,저가,생활용품,다이소,50,1,11,N,0,0.0,0.1515625,0.0,0.9,1.0,0.0,0.10227272727272728,0.0,0.7224999999999999,1.0,0.57,640000,가정,"가격, 내구성",다이소,다이소 생활용품 2292,"다이소 생활용품 ??. ?? ??: 가격, 내구성, 용량, 생활, 청소, 가정.",97000,88000,103000,4.18,1300.0,0,naver_api,Y,Y,0.359,0.359
male,45,7410000.0,자영업,기혼,보수적,460000.0,중저가,가구,리바트,17,4,15,N,2,0.7228464419475655,1.7228464419475655,0.0,0.0,0.0,0.21304347826086956,0.20418848167539266,0.2,0.1875,0.75,0.37,267000,생활,"희소성, 감성",한샘,리바트 가구 2293,"리바트 가구 ??. ?? ??: 내구성, 크기, 디자인, 이사, 인테리어, 생활.",460000,382000,362000,,,3,image_estimate,N,N,0.835,0.835
male,51,4330000.0,사무직,기혼,진보적,3251000.0,초고가,명품,루이비통,42,12,12,Y,9,1.0,3.0,1.0,0.6666666666666666,0.0,0.0,0.2947033054559936,0.2,0.6414339905881847,1.0,0.52,575000,선물,"브랜드, 희소성",소니,루이비통 명품 2294,"루이비통 명품 ??. ?? ??: 브랜드, 희소성, 디자인, 선물, 보상, 소장.",3251000,2511000,3481000,3.6,789.0,3,image_estimate,Y,Y,0.616,0.616
female,28,6000000.0,대기업직원,미혼,보수적,1629000.0,고가,명품,샤넬,43,4,13,Y,3,1.0,2.216326530612245,0.0,0.6666666666666666,0.0,0.22590546347452425,0.11575342465753424,0.2,0.7637499999999999,1.0,0.019999999999999976,735000,소장,"브랜드, 희소성",LG,샤넬 명품 2295,"샤넬 명품 ??. ?? ??: 브랜드, 희소성, 디자인, 선물, 보상, 소장.",1629000,1460000,1261000,4.51,3900.0,3,user_input,Y,Y,0.79,0.79
female,29,4610000.0,프리랜서,기혼,진보적,355000.0,중저가,화장품,설화수,43,1,15,N,1,0.0,0.36940686784599375,1.0,0.9,0.0,0.0,0.17549668874172186,0.2,0.64375,1.0,0.52,961000,선물,"성분, 가격",오뚜기,설화수 화장품 2296,"설화수 화장품 ??. ?? ??: 성분, 가격, 후기, 피부관리, 선물, 데일리.",355000,302000,373000,3.55,1275.0,1,naver_api,Y,Y,0.321,0.321
male,46,8290000.0,전문직,기혼,보수적,193000.0,중저가,패션,아디다스,56,2,14,N,0,0.0,0.10984632896983494,0.0,0.0,1.0,0.09326424870466321,0.026595744680851064,0.2,0.7637499999999999,1.0,0.09999999999999998,1757000,휴식,"희소성, 감성",아디다스,아디다스 패션 2297,"아디다스 패션 ??. ?? ??: 디자인, 착용감, 브랜드, 출근, 데이트, 여행.",193000,188000,175000,4.51,3873.0,2,user_input,Y,Y,0.547,0.547
female,54,3870000.0,프리랜서,미혼,진보적,288000.0,중저가,가구,한샘,15,5,14,N,5,0.0,0.36363636363636365,0.0,0.0,1.0,0.2361111111111111,0.12062256809338522,0.2,0.1875,0.75,0.37,792000,휴식,"희소성, 감성",한샘,한샘 가구 2298,"한샘 가구 ??. ?? ??: 내구성, 크기, 디자인, 이사, 인테리어, 생활.",288000,257000,220000,,,2,naver_api,N,N,0.623,0.623
male,46,3700000.0,사무직,미혼,보수적,77000.0,저가,식품,동원,2,0,19,N,2,0.0,0.11390532544378698,0.0,0.0,0.0,0.2857142857142857,0.203125,0.0,0.47500000000000003,1.0,0.57,676000,가족,"희소성, 감성",정관장,동원 식품 2299,"동원 식품 ??. ?? ??: 가격, 신선도, 배송, 생활, 식사, 가족.",77000,64000,55000,4.2,,0,user_input,Y,N,0.647,0.647
female,68,2360000.0,은퇴자,기혼,보수적,1551000.0,고가,여행,대한항공,5,11,14,Y,9,1.0,3.0,0.0,0.0,0.0,0.0,0.06744666207845836,0.2,0.5549999999999999,1.0,0.09999999999999998,130000,기념일,"희소성, 감성",3M,대한항공 여행 2300,"대한항공 여행 ??. ?? ??: 가격, 일정, 숙소, 휴식, 가족, 기념일.",1551000,1453000,1675000,4.84,,1,crawler,Y,N,0.861,0.861
female,19,840000.0,학생,미혼,보수적,314000.0,중저가,여행,하나투어,53,9,10,Y,6,1.0,3.0,0.0,0.9,0.0,0.006369426751592357,0.026143790849673203,0.0,0.7037500000000001,1.0,0.09999999999999998,65000,유행,"가격, 일정",애플,하나투어 여행 2301,"하나투어 여행 ??. ?? ??: 가격, 일정, 숙소, 휴식, 가족, 기념일.",314000,306000,312000,4.03,2545.0,0,manual,Y,Y,0.729,0.729
male,43,8580000.0,대기업직원,기혼,보수적,353000.0,중저가,전자기기,삼성,12,3,13,N,2,0.0,0.9388297872340425,0.0,0.9375,1.0,0.1359773371104816,0.31226765799256506,0.2,0.38125000000000003,1.0,0.37,376000,소장,"성능, 배터리",삼성,삼성 전자기기 2302,"삼성 전자기기 ??. ?? ??: 성능, 배터리, 휴대성, 업무, 공부, 게임, 콘텐츠.",353000,269000,305000,3.45,,4,manual,Y,N,0.446,0.446
female,50,3590000.0,프리랜서,기혼,보수적,4178000.0,초고가,명품,샤넬,51,17,20,Y,13,1.0,3.0,1.0,0.6666666666666666,0.0,0.0,0.12311827956989248,0.2,0.6375,1.0,0.52,235000,선물,"브랜드, 희소성",메가스터디,샤넬 명품 2303,"샤넬 명품 ??. ?? ??: 브랜드, 희소성, 디자인, 선물, 보상, 소장.",4178000,3720000,4505000,,3864.0,3,user_input,N,Y,0.587,0.587
female,22,1240000.0,취업준비생,미혼,보수적,21000.0,초저가,생활용품,다이소,48,4,15,N,1,0.0,0.08076923076923077,0.0,0.0,0.0,0.3333333333333333,0.3125,0.2,0.7737499999999999,1.0,0.57,260000,휴식,"희소성, 감성",이니스프리,다이소 생활용품 2304,"다이소 생활용품 ??. ?? ??: 가격, 내구성, 용량, 생활, 청소, 가정.",21000,16000,14000,4.59,3241.0,3,manual,Y,Y,0.647,0.647
female,23,740000.0,취업준비생,미혼,진보적,1013000.0,고가,패션,COS,5,22,21,Y,13,1.0,3.0,0.0,0.6666666666666666,1.0,0.0,0.08458244111349036,0.2,0.1875,0.75,0.09999999999999998,56000,여행,"디자인, 착용감",COS,COS 패션 2305,"COS 패션 ??. ?? ??: 디자인, 착용감, 브랜드, 출근, 데이트, 여행.",1013000,934000,1040000,,,1,crawler,N,N,0.706,0.706
female,34,6820000.0,전문직,기혼,진보적,196000.0,중저가,여행,하나투어,48,0,17,N,0,0.0,0.2641509433962264,0.0,0.0,1.0,0.0,0.2894736842105263,0.0,0.80375,1.0,0.09999999999999998,742000,선물,"희소성, 감성",하나투어,하나투어 여행 2306,"하나투어 여행 ??. ?? ??: 가격, 일정, 숙소, 휴식, 가족, 기념일.",196000,152000,208000,4.83,2197.0,0,naver_api,Y,Y,0.556,0.556
female,27,4640000.0,프리랜서,미혼,진보적,630000.0,고가,명품,구찌,13,5,21,Y,1,1.0,2.3076923076923075,1.0,0.6666666666666666,0.0,0.01904761904761905,0.14337568058076225,0.2,0.5475000000000001,1.0,0.52,273000,보상,"브랜드, 희소성",프라다,구찌 명품 2307,"구찌 명품 ??. ?? ??: 브랜드, 희소성, 디자인, 선물, 보상, 소장.",630000,551000,618000,4.78,,2,manual,Y,N,0.606,0.606
female,30,3380000.0,사무직,미혼,진보적,51000.0,저가,생활용품,다이소,10,0,22,N,5,0.0,0.30538922155688625,0.0,0.9,0.0,0.0,0.21428571428571427,0.0,0.53125,1.0,0.57,167000,가정,"가격, 내구성",하나투어,다이소 생활용품 2308,"다이소 생활용품 ??. ?? ??: 가격, 내구성, 용량, 생활, 청소, 가정.",51000,42000,54000,4.65,,0,image_estimate,Y,N,0.463,0.463
female,39,7730000.0,전문직,기혼,보수적,42000.0,저가,건강관리,종근당,53,3,19,N,2,0.0,0.03376205787781351,0.0,0.0,0.0,0.16666666666666666,0.05,0.2,0.64625,1.0,0.44999999999999996,1244000,선물,"희소성, 감성",COS,종근당 건강관리 2309,"종근당 건강관리 ??. ?? ??: 성분, 후기, 안전성, 건강, 부모님, 회복.",42000,40000,35000,3.57,2200.0,4,image_estimate,Y,Y,0.633,0.633
female,21,840000.0,학생,미혼,진보적,34000.0,저가,화장품,이니스프리,3,6,16,N,3,0.0,0.41975308641975306,0.0,0.9,1.0,0.0,0.25925925925925924,0.2,0.4025,1.0,0.019999999999999976,81000,데일리,"성분, 가격",이니스프리,이니스프리 화장품 2310,"이니스프리 화장품 ??. ?? ??: 성분, 가격, 후기, 피부관리, 선물, 데일리.",34000,27000,36000,3.62,,2,crawler,Y,N,0.414,0.414
female,25,1280000.0,취업준비생,미혼,보수적,495000.0,중저가,전자기기,삼성,39,5,3,Y,4,1.0,2.75,1.0,0.9375,0.0,0.11313131313131314,0.3235294117647059,0.2,0.7448333230946809,1.0,0.87,180000,공부,"성능, 배터리",LG,삼성 전자기기 2311,"삼성 전자기기 ??. ?? ??: 성능, 배터리, 휴대성, 업무, 공부, 게임, 콘텐츠.",495000,374000,439000,4.58,465.0,2,manual,Y,Y,0.538,0.538
male,19,890000.0,학생,미혼,보수적,1469000.0,고가,가구,리바트,39,24,18,Y,14,1.0,3.0,0.0,0.0,0.0,0.2355343771272975,0.09057164068299926,0.0,0.6491170151525515,1.0,0.37,174000,소장,"희소성, 감성",라네즈,리바트 가구 2312,"리바트 가구 ??. ?? ??: 내구성, 크기, 디자인, 이사, 인테리어, 생활.",1469000,1347000,1123000,3.77,542.0,0,manual,Y,Y,0.874,0.874
female,69,2430000.0,은퇴자,기혼,보수적,292000.0,중저가,여행,대한항공,52,2,16,N,2,0.140625,1.140625,1.0,0.9,1.0,0.3150684931506849,0.05415162454873646,0.0,0.68625,1.0,0.6,256000,휴식,"가격, 일정",대한항공,대한항공 여행 2313,"대한항공 여행 ??. ?? ??: 가격, 일정, 숙소, 휴식, 가족, 기념일.",292000,277000,200000,3.89,1627.0,0,image_estimate,Y,Y,0.268,0.268
male,35,4160000.0,사무직,기혼,보수적,11000.0,초저가,식품,CJ,38,0,11,N,2,0.0,0.01732283464566929,0.0,0.0,1.0,0.18181818181818182,0.2222222222222222,0.0,0.6375,1.0,0.57,635000,가족,"희소성, 감성",CJ,CJ 식품 2314,"CJ 식품 ??. ?? ??: 가격, 신선도, 배송, 생활, 식사, 가족.",11000,9000,9000,,1292.0,0,user_input,N,Y,0.543,0.543
female,27,630000.0,학생,기혼,보수적,22000.0,초저가,식품,오뚜기,40,0,13,N,2,0.0,0.20952380952380953,1.0,0.0,1.0,0.0,0.29411764705882354,0.2,0.64,1.0,1.0,105000,식사,"희소성, 감성",오뚜기,오뚜기 식품 2315,"오뚜기 식품 ??. ?? ??: 가격, 신선도, 배송, 생활, 식사, 가족.",22000,17000,23000,3.52,1491.0,4,user_input,Y,Y,0.359,0.359
male,29,5230000.0,프리랜서,미혼,보수적,36000.0,저가,화장품,설화수,42,0,13,N,3,0.0,0.1005586592178771,0.0,0.9,0.0,0.3611111111111111,0.3333333333333333,0.2,0.6143339426709891,1.0,0.019999999999999976,358000,휴식,"성분, 가격",애플,설화수 화장품 2316,"설화수 화장품 ??. ?? ??: 성분, 가격, 후기, 피부관리, 선물, 데일리.",36000,27000,23000,3.35,885.0,4,user_input,Y,Y,0.57,0.57
male,45,9490000.0,전문직,기혼,진보적,451000.0,중저가,화장품,설화수,51,6,17,N,4,0.0,0.29059278350515466,1.0,0.9,1.0,0.11751662971175167,0.3225806451612903,0.2,0.6675,1.0,0.52,1552000,피부관리,"성분, 가격",설화수,설화수 화장품 2317,"설화수 화장품 ??. ?? ??: 성분, 가격, 후기, 피부관리, 선물, 데일리.",451000,341000,398000,3.74,1732.0,1,manual,Y,Y,0.229,0.229
female,57,5250000.0,공무원,기혼,보수적,33000.0,저가,식품,CJ,49,5,21,N,3,0.0,0.0744920993227991,0.0,0.0,1.0,0.0,0.32,0.2,0.63,1.0,0.57,443000,휴식,"희소성, 감성",CJ,CJ 식품 2318,"CJ 식품 ??. ?? ??: 가격, 신선도, 배송, 생활, 식사, 가족.",33000,25000,36000,3.44,3016.0,3,naver_api,Y,Y,0.549,0.549
female,66,3280000.0,은퇴자,미혼,진보적,20000.0,초저가,화장품,라네즈,53,2,10,N,0,0.0,0.03773584905660377,1.0,0.9,0.0,0.15,0.3333333333333333,0.2,0.61375,1.0,0.52,530000,선물,"성분, 가격",대한항공,라네즈 화장품 2319,"라네즈 화장품 ??. ?? ??: 성분, 가격, 후기, 피부관리, 선물, 데일리.",20000,15000,17000,3.31,2892.0,1,manual,Y,Y,0.321,0.321
male,27,5240000.0,사무직,미혼,보수적,36000.0,저가,화장품,이니스프리,50,6,3,N,2,0.0,0.03669724770642202,1.0,0.0,0.0,0.2777777777777778,0.2,0.0,0.6375,1.0,0.52,981000,선물,"희소성, 감성",대한항공,이니스프리 화장품 2320,"이니스프리 화장품 ??. ?? ??: 성분, 가격, 후기, 피부관리, 선물, 데일리.",36000,30000,26000,,1376.0,0,user_input,N,Y,0.456,0.456
female,28,5630000.0,프리랜서,미혼,진보적,535000.0,고가,가구,한샘,41,1,11,Y,5,0.0,0.8256172839506173,1.0,0.6666666666666666,0.0,0.0,0.032818532818532815,0.2,0.6112047450730834,1.0,0.87,648000,이사,"내구성, 크기",소니,한샘 가구 2321,"한샘 가구 ??. ?? ??: 내구성, 크기, 디자인, 이사, 인테리어, 생활.",535000,518000,563000,,483.0,4,naver_api,N,Y,0.314,0.314
female,47,7160000.0,자영업,미혼,보수적,451000.0,중저가,교육,클래스101,41,2,15,N,0,0.0,0.299468791500664,1.0,0.0,0.0,0.13082039911308205,0.25277777777777777,0.0,0.6375,1.0,1.0,1506000,취업,"희소성, 감성",패스트캠퍼스,클래스101 교육 2322,"클래스101 교육 ??. ?? ??: 강의품질, 가격, 커리큘럼, 공부, 취업, 자기계발.",451000,360000,392000,,2551.0,0,manual,N,Y,0.455,0.455
female,22,600000.0,학생,미혼,진보적,445000.0,중저가,화장품,라네즈,50,13,16,Y,10,1.0,3.0,1.0,0.9,1.0,0.038202247191011236,0.33633633633633636,0.2,0.7662500000000001,1.0,0.52,114000,피부관리,"성분, 가격",라네즈,라네즈 화장품 2323,"라네즈 화장품 ??. ?? ??: 성분, 가격, 후기, 피부관리, 선물, 데일리.",445000,333000,428000,4.53,3987.0,4,naver_api,Y,Y,0.451,0.451
female,19,940000.0,학생,미혼,보수적,119000.0,중저가,가구,한샘,45,5,17,N,3,0.0,0.85,1.0,0.0,0.0,0.0,0.21428571428571427,0.2,0.615,1.0,0.87,140000,인테리어,"희소성, 감성",설화수,한샘 가구 2324,"한샘 가구 ??. ?? ??: 내구성, 크기, 디자인, 이사, 인테리어, 생활.",119000,98000,121000,3.32,3210.0,4,naver_api,Y,Y,0.441,0.441
female,21,690000.0,학생,미혼,보수적,6000.0,초저가,식품,CJ,45,5,16,N,2,0.0,0.043795620437956206,0.0,0.9,1.0,0.0,0.2,0.2,0.7775000000000001,1.0,0.57,137000,소장,"가격, 신선도",CJ,CJ 식품 2325,"CJ 식품 ??. ?? ??: 가격, 신선도, 배송, 생활, 식사, 가족.",6000,5000,6000,4.62,2851.0,2,user_input,Y,Y,0.394,0.394
male,28,570000.0,학생,미혼,보수적,132000.0,중저가,건강관리,정관장,13,7,18,Y,6,1.0,3.0,0.0,0.6666666666666666,0.0,0.09090909090909091,0.375,0.2,0.5225,1.0,0.44999999999999996,26000,유행,"성분, 후기",나이키,정관장 건강관리 2326,"정관장 건강관리 ??. ?? ??: 성분, 후기, 안전성, 건강, 부모님, 회복.",132000,96000,120000,4.58,,2,manual,Y,N,0.747,0.747
male,67,3360000.0,은퇴자,미혼,보수적,192000.0,중저가,교육,패스트캠퍼스,41,6,16,N,2,0.0,0.40083507306889354,0.0,0.9,1.0,0.11458333333333333,0.2,0.2,0.685,1.0,0.57,479000,휴식,"강의품질, 가격",패스트캠퍼스,패스트캠퍼스 교육 2327,"패스트캠퍼스 교육 ??. ?? ??: 강의품질, 가격, 커리큘럼, 공부, 취업, 자기계발.",192000,160000,170000,3.88,3652.0,1,image_estimate,Y,Y,0.4,0.4
female,42,3150000.0,사무직,기혼,진보적,17000.0,초저가,화장품,이니스프리,39,0,14,N,2,0.0,0.15178571428571427,0.0,0.0,0.0,0.0,0.0625,0.2,0.6443402857898781,1.0,0.019999999999999976,112000,소장,"희소성, 감성",CJ,이니스프리 화장품 2328,"이니스프리 화장품 ??. ?? ??: 성분, 가격, 후기, 피부관리, 선물, 데일리.",17000,16000,17000,3.61,826.0,2,manual,Y,Y,0.634,0.634
male,41,2180000.0,주부,미혼,보수적,186000.0,중저가,여행,대한항공,45,6,16,N,0,0.0,0.8303571428571429,1.0,0.9,1.0,0.0,0.273972602739726,0.2,0.7032746096290632,1.0,0.6,224000,휴식,"가격, 일정",대한항공,대한항공 여행 2329,"대한항공 여행 ??. ?? ??: 가격, 일정, 숙소, 휴식, 가족, 기념일.",186000,146000,201000,4.09,802.0,2,user_input,Y,Y,0.233,0.233
female,58,2350000.0,주부,기혼,진보적,555000.0,고가,패션,COS,41,8,13,Y,5,1.0,2.466666666666667,0.0,0.6666666666666666,1.0,0.036036036036036036,0.15145228215767634,0.0,0.6375,1.0,0.09999999999999998,225000,여행,"디자인, 착용감",COS,COS 패션 2330,"COS 패션 ??. ?? ??: 디자인, 착용감, 브랜드, 출근, 데이트, 여행.",555000,482000,535000,,3148.0,0,user_input,N,Y,0.663,0.663
male,40,2600000.0,주부,기혼,보수적,27000.0,초저가,생활용품,다이소,42,3,21,N,1,0.0,0.15789473684210525,1.0,0.0,0.0,0.37037037037037035,0.08,0.0,0.6098431821212646,1.0,1.0,171000,생활,"희소성, 감성",나이키,다이소 생활용품 2331,"다이소 생활용품 ??. ?? ??: 가격, 내구성, 용량, 생활, 청소, 가정.",27000,25000,17000,3.72,217.0,0,crawler,Y,Y,0.427,0.427
male,49,6060000.0,자영업,기혼,진보적,195000.0,중저가,건강관리,센트룸,45,2,19,N,1,0.0,0.15342250196695514,0.0,0.6666666666666666,1.0,0.36923076923076925,0.21875,0.0,0.7224999999999999,1.0,0.44999999999999996,1271000,선물,"성분, 후기",센트룸,센트룸 건강관리 2332,"센트룸 건강관리 ??. ?? ??: 성분, 후기, 안전성, 건강, 부모님, 회복.",195000,160000,123000,4.18,1955.0,0,naver_api,Y,Y,0.447,0.447
male,31,7420000.0,대기업직원,미혼,진보적,245000.0,중저가,화장품,라네즈,43,1,21,N,4,0.0,0.3689759036144578,0.0,0.9,1.0,0.3142857142857143,0.18357487922705315,0.0,0.7987500000000001,1.0,0.019999999999999976,664000,소장,"성분, 가격",라네즈,라네즈 화장품 2333,"라네즈 화장품 ??. ?? ??: 성분, 가격, 후기, 피부관리, 선물, 데일리.",245000,207000,168000,4.79,3838.0,0,naver_api,Y,Y,0.437,0.437
female,24,1060000.0,취업준비생,미혼,보수적,241000.0,중저가,가구,이케아,14,6,13,Y,3,0.32417582417582413,1.3241758241758241,0.0,0.6666666666666666,0.0,0.3236514522821577,0.16990291262135923,0.2,0.455,1.0,0.37,182000,선물,"내구성, 크기",클래스101,이케아 가구 2334,"이케아 가구 ??. ?? ??: 내구성, 크기, 디자인, 이사, 인테리어, 생활.",241000,206000,163000,4.04,,1,manual,Y,N,0.661,0.661
male,32,2720000.0,주부,미혼,진보적,20000.0,초저가,화장품,이니스프리,5,2,22,N,3,0.0,0.03590664272890485,1.0,0.9,0.0,0.05,0.1111111111111111,0.2,0.5175000000000001,1.0,0.52,557000,선물,"성분, 가격",나이키,이니스프리 화장품 2335,"이니스프리 화장품 ??. ?? ??: 성분, 가격, 후기, 피부관리, 선물, 데일리.",20000,18000,19000,4.54,,2,naver_api,Y,N,0.299,0.299
female,60,4670000.0,공무원,기혼,진보적,265000.0,중저가,화장품,설화수,2,2,14,N,2,0.12765957446808507,1.127659574468085,1.0,0.9,0.0,0.12075471698113208,0.2100456621004566,0.2,0.5362500000000001,1.0,0.52,235000,선물,"성분, 가격",유한킴벌리,설화수 화장품 2336,"설화수 화장품 ??. ?? ??: 성분, 가격, 후기, 피부관리, 선물, 데일리.",265000,219000,233000,4.69,,4,manual,Y,N,0.335,0.335
female,54,5890000.0,자영업,기혼,보수적,161000.0,중저가,가구,리바트,13,4,12,N,3,0.0,0.14323843416370108,0.0,0.6666666666666666,1.0,0.2795031055900621,0.17518248175182483,0.0,0.3925,1.0,0.37,1124000,소장,"내구성, 크기",리바트,리바트 가구 2337,"리바트 가구 ??. ?? ??: 내구성, 크기, 디자인, 이사, 인테리어, 생활.",161000,137000,116000,3.54,,0,naver_api,Y,N,0.469,0.469
female,33,7580000.0,전문직,기혼,진보적,52000.0,저가,교육,클래스101,40,5,14,N,3,0.0,0.04873477038425492,1.0,0.9,1.0,0.21153846153846154,0.0196078431372549,0.2,0.615,1.0,1.0,1067000,공부,"강의품질, 가격",클래스101,클래스101 교육 2338,"클래스101 교육 ??. ?? ??: 강의품질, 가격, 커리큘럼, 공부, 취업, 자기계발.",52000,51000,41000,3.32,2848.0,4,image_estimate,Y,Y,0.219,0.219
female,21,620000.0,학생,미혼,진보적,1852000.0,고가,가구,한샘,43,38,21,Y,23,1.0,3.0,0.0,0.0,0.0,0.0,0.20416124837451236,0.2,0.6854309212853482,1.0,0.37,63000,선물,"희소성, 감성",소니,한샘 가구 2339,"한샘 가구 ??. ?? ??: 내구성, 크기, 디자인, 이사, 인테리어, 생활.",1852000,1538000,1938000,4.17,371.0,2,manual,Y,Y,0.865,0.865
male,53,3570000.0,프리랜서,미혼,보수적,2687000.0,초고가,가구,한샘,47,9,18,Y,8,1.0,3.0,0.0,0.6666666666666666,1.0,0.2984741347227391,0.05207517619420517,0.0,0.68125,1.0,0.37,723000,생활,"내구성, 크기",한샘,한샘 가구 2340,"한샘 가구 ??. ?? ??: 내구성, 크기, 디자인, 이사, 인테리어, 생활.",2687000,2554000,1885000,3.85,3977.0,0,crawler,Y,Y,0.704,0.704
male,38,4440000.0,프리랜서,기혼,진보적,17000.0,초저가,생활용품,유한킴벌리,36,5,0,N,1,0.0,0.020910209102091022,1.0,0.0,1.0,0.11764705882352941,0.3076923076923077,0.2,0.6229181132469239,1.0,1.0,813000,생활,"희소성, 감성",유한킴벌리,유한킴벌리 생활용품 2341,"유한킴벌리 생활용품 ??. ?? ??: 가격, 내구성, 용량, 생활, 청소, 가정.",17000,13000,15000,,668.0,3,user_input,N,Y,0.38,0.38
female,29,750000.0,취업준비생,미혼,진보적,6000.0,초저가,생활용품,유한킴벌리,10,4,17,N,3,0.0,0.13043478260869565,1.0,0.9,1.0,0.16666666666666666,0.05,0.0,0.42625,1.0,1.0,46000,청소,"가격, 내구성",유한킴벌리,유한킴벌리 생활용품 2342,"유한킴벌리 생활용품 ??. ?? ??: 가격, 내구성, 용량, 생활, 청소, 가정.",6000,6000,5000,3.81,,0,user_input,Y,N,0.188,0.188
female,31,5770000.0,프리랜서,미혼,보수적,377000.0,중저가,건강관리,센트룸,16,3,15,N,1,0.0,0.39026915113871635,1.0,0.0,1.0,0.16710875331564987,0.20447284345047922,0.2,0.5050000000000001,1.0,0.95,966000,부모님,"희소성, 감성",센트룸,센트룸 건강관리 2343,"센트룸 건강관리 ??. ?? ??: 성분, 후기, 안전성, 건강, 부모님, 회복.",377000,313000,314000,4.44,,3,naver_api,Y,N,0.379,0.379
female,43,8170000.0,대기업직원,기혼,보수적,1775000.0,고가,건강관리,정관장,2,4,17,Y,3,0.9570011025358325,1.9570011025358325,0.0,0.6666666666666666,0.0,0.15549295774647887,0.028389339513325607,0.2,0.37,1.0,0.44999999999999996,907000,회복,"성분, 후기",애플,정관장 건강관리 2344,"정관장 건강관리 ??. ?? ??: 성분, 후기, 안전성, 건강, 부모님, 회복.",1775000,1726000,1499000,3.36,,2,manual,Y,N,0.761,0.761
female,52,9560000.0,대기업직원,미혼,진보적,2270000.0,초고가,전자기기,소니,48,5,21,Y,5,1.0,3.0,1.0,0.9375,0.0,0.21541850220264316,0.10301263362487852,0.2,0.6375,1.0,0.87,393000,업무,"성능, 배터리",CJ,소니 전자기기 2345,"소니 전자기기 ??. ?? ??: 성능, 배터리, 휴대성, 업무, 공부, 게임, 콘텐츠.",2270000,2058000,1781000,,2773.0,4,manual,N,Y,0.548,0.548
female,25,1120000.0,취업준비생,기혼,보수적,17000.0,초저가,생활용품,다이소,14,1,22,N,2,0.0,0.07172995780590717,0.0,0.9,1.0,0.0,0.3076923076923077,0.2,0.39375,1.0,0.57,237000,가정,"가격, 내구성",다이소,다이소 생활용품 2346,"다이소 생활용품 ??. ?? ??: 가격, 내구성, 용량, 생활, 청소, 가정.",17000,13000,18000,3.55,,2,user_input,Y,N,0.409,0.409
male,34,4080000.0,자영업,기혼,진보적,3997000.0,초고가,명품,샤넬,47,11,20,Y,12,1.0,3.0,1.0,0.6666666666666666,0.0,0.0,0.29562398703403564,0.2,0.73,1.0,0.52,490000,선물,"브랜드, 희소성",센트룸,샤넬 명품 2347,"샤넬 명품 ??. ?? ??: 브랜드, 희소성, 디자인, 선물, 보상, 소장.",3997000,3085000,4001000,4.24,3285.0,4,naver_api,Y,Y,0.615,0.615
female,27,560000.0,학생,미혼,진보적,5700000.0,초고가,명품,샤넬,17,60,18,Y,60,1.0,3.0,1.0,0.3333333333333333,0.0,0.1443859649122807,0.2345679012345679,0.0,0.4975,1.0,0.52,106000,선물,"희소성, 감성",아디다스,샤넬 명품 2348,"샤넬 명품 ??. ?? ??: 브랜드, 희소성, 디자인, 선물, 보상, 소장.",5700000,4617000,4877000,4.38,,0,naver_api,Y,N,0.66,0.66
male,38,5470000.0,사무직,기혼,보수적,22000.0,초저가,화장품,라네즈,53,3,14,N,0,0.0,0.018440905280804692,0.0,0.9,0.0,0.09090909090909091,0.29411764705882354,0.0,0.7250000000000001,1.0,0.019999999999999976,1193000,유행,"성분, 가격",설화수,라네즈 화장품 2349,"라네즈 화장품 ??. ?? ??: 성분, 가격, 후기, 피부관리, 선물, 데일리.",22000,17000,20000,4.2,2663.0,0,naver_api,Y,Y,0.52,0.52
male,33,4590000.0,프리랜서,미혼,보수적,361000.0,중저가,여행,하나투어,46,5,19,N,0,0.0,0.5364041604754829,0.0,0.9,0.0,0.0,0.08408408408408409,0.2,0.665,1.0,0.09999999999999998,673000,유행,"가격, 일정",COS,하나투어 여행 2350,"하나투어 여행 ??. ?? ??: 가격, 일정, 숙소, 휴식, 가족, 기념일.",361000,333000,370000,3.72,3989.0,4,naver_api,Y,Y,0.522,0.522
male,44,5990000.0,자영업,기혼,보수적,95000.0,저가,교육,클래스101,35,1,11,N,3,0.0,0.0776778413736713,0.0,0.9,1.0,0.2631578947368421,0.26666666666666666,0.2,0.5737670857932686,1.0,0.57,1223000,선물,"강의품질, 가격",클래스101,클래스101 교육 2351,"클래스101 교육 ??. ?? ??: 강의품질, 가격, 커리큘럼, 공부, 취업, 자기계발.",95000,75000,70000,,171.0,1,naver_api,N,Y,0.424,0.424
female,28,4800000.0,사무직,미혼,보수적,1638000.0,고가,가구,리바트,12,9,21,Y,4,0.8892733564013842,1.8892733564013842,0.0,0.0,0.0,0.09401709401709402,0.04066073697585769,0.0,0.5525,1.0,0.37,867000,생활,"희소성, 감성",동원,리바트 가구 2352,"리바트 가구 ??. ?? ??: 내구성, 크기, 디자인, 이사, 인테리어, 생활.",1638000,1574000,1484000,4.82,,0,image_estimate,Y,N,0.85,0.85
male,27,5770000.0,대기업직원,미혼,진보적,4263000.0,초고가,여행,하나투어,9,10,10,Y,6,1.0,3.0,1.0,0.9,1.0,0.0,0.23780487804878048,0.2,0.1875,0.75,0.6,293000,가족,"가격, 일정",하나투어,하나투어 여행 2353,"하나투어 여행 ??. ?? ??: 가격, 일정, 숙소, 휴식, 가족, 기념일.",4263000,3444000,4505000,,,1,manual,N,N,0.496,0.496
female,28,1190000.0,취업준비생,미혼,보수적,1258000.0,고가,명품,샤넬,52,18,15,Y,11,1.0,3.0,0.0,0.6666666666666666,1.0,0.3672496025437202,0.12825112107623318,0.2,0.7862500000000001,1.0,0.019999999999999976,124000,휴식,"브랜드, 희소성",샤넬,샤넬 명품 2354,"샤넬 명품 ??. ?? ??: 브랜드, 희소성, 디자인, 선물, 보상, 소장.",1258000,1115000,796000,4.69,3523.0,1,crawler,Y,Y,0.731,0.731
female,19,840000.0,학생,미혼,진보적,4460000.0,초고가,전자기기,애플,14,60,19,Y,47,1.0,3.0,1.0,0.0,0.0,0.35739910313901346,0.11166500498504486,0.2,0.47000000000000003,1.0,0.87,156000,게임,"희소성, 감성",ZARA,애플 전자기기 2355,"애플 전자기기 ??. ?? ??: 성능, 배터리, 휴대성, 업무, 공부, 게임, 콘텐츠.",4460000,4012000,2866000,4.16,,3,user_input,Y,N,0.728,0.728
female,59,3600000.0,은퇴자,기혼,보수적,52000.0,저가,교육,메가스터디,41,4,12,N,0,0.0,0.06779661016949153,0.0,0.9,0.0,0.21153846153846154,0.061224489795918366,0.0,0.71,1.0,0.57,767000,선물,"강의품질, 가격",구찌,메가스터디 교육 2356,"메가스터디 교육 ??. ?? ??: 강의품질, 가격, 커리큘럼, 공부, 취업, 자기계발.",52000,49000,41000,4.08,1876.0,0,image_estimate,Y,Y,0.502,0.502
male,19,760000.0,학생,미혼,보수적,87000.0,저가,교육,클래스101,45,3,16,N,2,0.0,0.5209580838323353,0.0,0.0,1.0,0.022988505747126436,0.16,0.2,0.6387499999999999,1.0,0.57,167000,휴식,"희소성, 감성",클래스101,클래스101 교육 2357,"클래스101 교육 ??. ?? ??: 강의품질, 가격, 커리큘럼, 공부, 취업, 자기계발.",87000,75000,85000,3.51,1980.0,2,image_estimate,Y,Y,0.559,0.559
male,38,5940000.0,자영업,기혼,진보적,2247000.0,초고가,여행,하나투어,38,7,2,Y,7,1.0,3.0,0.0,0.9,0.0,0.30796617712505564,0.21393841166936792,0.2,0.6937324996127685,1.0,0.09999999999999998,509000,기념일,"가격, 일정",오뚜기,하나투어 여행 2358,"하나투어 여행 ??. ?? ??: 가격, 일정, 숙소, 휴식, 가족, 기념일.",2247000,1851000,1555000,4.7,74.0,1,image_estimate,Y,Y,0.759,0.759
female,27,3730000.0,사무직,기혼,보수적,16000.0,초저가,생활용품,다이소,46,3,10,N,1,0.0,0.02671118530884808,0.0,0.9,0.0,0.1875,0.14285714285714285,0.2,0.6375,1.0,0.57,599000,선물,"가격, 내구성",종근당,다이소 생활용품 2359,"다이소 생활용품 ??. ?? ??: 가격, 내구성, 용량, 생활, 청소, 가정.",16000,14000,13000,,3233.0,1,naver_api,N,Y,0.472,0.472
female,66,3610000.0,은퇴자,미혼,보수적,52000.0,저가,교육,클래스101,12,5,20,N,4,0.0,0.08695652173913043,1.0,0.0,0.0,0.34615384615384615,0.061224489795918366,0.2,0.5050000000000001,1.0,1.0,598000,취업,"희소성, 감성",대한항공,클래스101 교육 2360,"클래스101 교육 ??. ?? ??: 강의품질, 가격, 커리큘럼, 공부, 취업, 자기계발.",52000,49000,34000,4.44,,3,manual,Y,N,0.474,0.474
female,49,4580000.0,자영업,기혼,진보적,2042000.0,초고가,여행,마이리얼트립,52,7,14,Y,4,1.0,3.0,1.0,0.0,1.0,0.07933398628795299,0.3165699548678272,0.2,0.7450000000000001,1.0,0.6,214000,휴식,"희소성, 감성",마이리얼트립,마이리얼트립 여행 2361,"마이리얼트립 여행 ??. ?? ??: 가격, 일정, 숙소, 휴식, 가족, 기념일.",2042000,1551000,1880000,4.36,3112.0,4,user_input,Y,Y,0.641,0.641
male,57,3170000.0,주부,기혼,보수적,85000.0,저가,생활용품,다이소,49,5,1,N,4,0.0,0.36796536796536794,0.0,0.9,0.0,0.058823529411764705,0.04938271604938271,0.2,0.61375,1.0,0.57,231000,선물,"가격, 내구성",한샘,다이소 생활용품 2362,"다이소 생활용품 ??. ?? ??: 가격, 내구성, 용량, 생활, 청소, 가정.",85000,81000,80000,3.31,2891.0,2,user_input,Y,Y,0.487,0.487
female,38,4770000.0,프리랜서,기혼,진보적,5000.0,초저가,식품,오뚜기,39,1,21,N,1,0.0,0.005580357142857143,1.0,0.9,1.0,0.2,0.25,0.2,0.605,1.0,1.0,896000,식사,"가격, 신선도",오뚜기,오뚜기 식품 2363,"오뚜기 식품 ??. ?? ??: 가격, 신선도, 배송, 생활, 식사, 가족.",5000,4000,4000,3.24,1175.0,4,naver_api,Y,Y,0.219,0.219
female,47,4650000.0,사무직,기혼,진보적,1266000.0,고가,여행,하나투어,45,8,18,Y,3,1.0,2.1530612244897958,1.0,0.9,0.0,0.0,0.1551094890510949,0.2,0.7887500000000001,1.0,0.6,588000,휴식,"가격, 일정",정관장,하나투어 여행 2364,"하나투어 여행 ??. ?? ??: 가격, 일정, 숙소, 휴식, 가족, 기념일.",1266000,1096000,1327000,4.71,1125.0,4,crawler,Y,Y,0.511,0.511
male,39,2150000.0,주부,기혼,보수적,126000.0,중저가,생활용품,유한킴벌리,9,1,21,N,5,0.0,0.3080684596577017,1.0,0.9,0.0,0.30158730158730157,0.3548387096774194,0.2,0.1875,0.75,1.0,409000,생활,"가격, 내구성",CJ,유한킴벌리 생활용품 2365,"유한킴벌리 생활용품 ??. ?? ??: 가격, 내구성, 용량, 생활, 청소, 가정.",126000,93000,88000,,,3,image_estimate,N,N,0.363,0.363
female,28,770000.0,학생,미혼,진보적,35000.0,저가,교육,패스트캠퍼스,51,3,13,N,4,0.0,0.4069767441860465,0.0,0.9,0.0,0.34285714285714286,0.16666666666666666,0.2,0.7050000000000001,1.0,0.57,86000,자기계발,"강의품질, 가격",다이소,패스트캠퍼스 교육 2366,"패스트캠퍼스 교육 ??. ?? ??: 강의품질, 가격, 커리큘럼, 공부, 취업, 자기계발.",35000,30000,23000,4.04,1451.0,2,naver_api,Y,Y,0.498,0.498
male,26,3240000.0,프리랜서,미혼,보수적,90000.0,저가,생활용품,3M,10,6,12,N,5,0.0,0.3879310344827586,0.0,0.0,1.0,0.2111111111111111,0.2676056338028169,0.2,0.1875,0.75,0.57,232000,유행,"희소성, 감성",3M,3M 생활용품 2367,"3M 생활용품 ??. ?? ??: 가격, 내구성, 용량, 생활, 청소, 가정.",90000,71000,71000,,,1,naver_api,N,N,0.606,0.606
female,34,6560000.0,전문직,미혼,보수적,50000.0,저가,교육,메가스터디,37,5,1,N,1,0.0,0.05543237250554324,0.0,0.0,0.0,0.0,0.21951219512195122,0.2,0.6375,1.0,0.57,902000,유행,"희소성, 감성",COS,메가스터디 교육 2368,"메가스터디 교육 ??. ?? ??: 강의품질, 가격, 커리큘럼, 공부, 취업, 자기계발.",50000,41000,52000,,1055.0,1,crawler,N,Y,0.637,0.637
female,60,2690000.0,은퇴자,미혼,보수적,198000.0,중저가,건강관리,센트룸,55,6,19,N,2,0.5714285714285714,1.5714285714285714,1.0,0.0,0.0,0.18686868686868688,0.3561643835616438,0.2,0.6375,1.0,0.95,126000,부모님,"희소성, 감성",COS,센트룸 건강관리 2369,"센트룸 건강관리 ??. ?? ??: 성분, 후기, 안전성, 건강, 부모님, 회복.",198000,146000,161000,,2659.0,4,image_estimate,N,Y,0.587,0.587
female,23,630000.0,학생,미혼,보수적,1320000.0,고가,명품,프라다,40,27,16,Y,18,1.0,3.0,0.0,0.6666666666666666,0.0,0.1893939393939394,0.1956521739130435,0.2,0.6688409970269382,1.0,0.019999999999999976,29000,휴식,"브랜드, 희소성",설화수,프라다 명품 2370,"프라다 명품 ??. ?? ??: 브랜드, 희소성, 디자인, 선물, 보상, 소장.",1320000,1104000,1070000,3.99,437.0,1,crawler,Y,Y,0.819,0.819
female,25,690000.0,학생,미혼,보수적,224000.0,중저가,교육,클래스101,4,7,9,Y,3,1.0,3.0,0.0,0.0,1.0,0.30357142857142855,0.10891089108910891,0.2,0.5,1.0,0.57,31000,자기계발,"희소성, 감성",클래스101,클래스101 교육 2371,"클래스101 교육 ??. ?? ??: 강의품질, 가격, 커리큘럼, 공부, 취업, 자기계발.",224000,202000,156000,4.4,,2,naver_api,Y,N,0.804,0.804
female,55,4860000.0,공무원,기혼,보수적,2727000.0,초고가,명품,루이비통,41,10,1,Y,8,1.0,3.0,1.0,0.3333333333333333,0.0,0.13824715804913826,0.12268423219431865,0.2,0.6789834874328203,1.0,0.52,804000,선물,"희소성, 감성",애플,루이비통 명품 2372,"루이비통 명품 ??. ?? ??: 브랜드, 희소성, 디자인, 선물, 보상, 소장.",2727000,2429000,2350000,4.01,540.0,3,crawler,Y,Y,0.679,0.679
male,33,5580000.0,프리랜서,미혼,보수적,514000.0,고가,화장품,설화수,16,1,9,Y,5,0.4985422740524781,1.498542274052478,0.0,0.0,0.0,0.05642023346303502,0.3670212765957447,0.2,0.5262500000000001,1.0,0.019999999999999976,343000,데일리,"희소성, 감성",소니,설화수 화장품 2373,"설화수 화장품 ??. ?? ??: 성분, 가격, 후기, 피부관리, 선물, 데일리.",514000,376000,485000,4.61,,1,naver_api,Y,N,0.765,0.765
male,56,10530000.0,전문직,미혼,진보적,7000.0,초저가,식품,동원,53,1,13,N,2,0.0,0.0038230475150191155,1.0,0.9,0.0,0.2857142857142857,0.16666666666666666,0.2,0.7362500000000001,1.0,1.0,1831000,생활,"가격, 신선도",라네즈,동원 식품 2374,"동원 식품 ??. ?? ??: 가격, 신선도, 배송, 생활, 식사, 가족.",7000,6000,5000,4.29,3985.0,3,user_input,Y,Y,0.291,0.291
female,21,680000.0,학생,미혼,보수적,727000.0,고가,패션,COS,53,18,11,Y,10,1.0,3.0,0.0,0.0,1.0,0.24621733149931224,0.09487951807228916,0.2,0.72875,1.0,0.09999999999999998,58000,유행,"희소성, 감성",COS,COS 패션 2375,"COS 패션 ??. ?? ??: 디자인, 착용감, 브랜드, 출근, 데이트, 여행.",727000,664000,548000,4.23,3224.0,3,image_estimate,Y,Y,0.811,0.811
male,31,1020000.0,취업준비생,미혼,보수적,691000.0,고가,여행,마이리얼트립,5,10,3,Y,6,1.0,3.0,1.0,0.0,1.0,0.011577424023154847,0.27255985267034993,0.2,0.45249999999999996,1.0,0.6,45000,휴식,"희소성, 감성",마이리얼트립,마이리얼트립 여행 2376,"마이리얼트립 여행 ??. ?? ??: 가격, 일정, 숙소, 휴식, 가족, 기념일.",691000,543000,683000,4.02,,1,naver_api,Y,N,0.649,0.649
male,67,3180000.0,은퇴자,기혼,진보적,4009000.0,초고가,여행,대한항공,49,16,13,Y,10,1.0,3.0,0.0,0.0,1.0,0.256672486904465,0.260295504558315,0.2,0.6375,1.0,0.09999999999999998,141000,소장,"희소성, 감성",대한항공,대한항공 여행 2377,"대한항공 여행 ??. ?? ??: 가격, 일정, 숙소, 휴식, 가족, 기념일.",4009000,3181000,2980000,,1222.0,1,image_estimate,N,Y,0.82,0.82
female,25,530000.0,학생,미혼,보수적,2968000.0,초고가,명품,구찌,51,60,20,Y,48,1.0,3.0,0.0,0.3333333333333333,0.0,0.1526280323450135,0.2727272727272727,0.0,0.72125,1.0,0.019999999999999976,52000,소장,"희소성, 감성",마이리얼트립,구찌 명품 2378,"구찌 명품 ??. ?? ??: 브랜드, 희소성, 디자인, 선물, 보상, 소장.",2968000,2332000,2515000,4.17,3840.0,0,image_estimate,Y,Y,0.83,0.83
male,63,2910000.0,은퇴자,기혼,보수적,6000.0,초저가,생활용품,유한킴벌리,54,1,10,N,4,0.0,0.045454545454545456,0.0,0.0,1.0,0.16666666666666666,0.2,0.2,0.78125,1.0,0.57,132000,소장,"희소성, 감성",유한킴벌리,유한킴벌리 생활용품 2379,"유한킴벌리 생활용품 ??. ?? ??: 가격, 내구성, 용량, 생활, 청소, 가정.",6000,5000,5000,4.65,3220.0,3,crawler,Y,Y,0.534,0.534
female,51,6210000.0,자영업,미혼,보수적,80000.0,저가,교육,메가스터디,48,2,10,N,2,0.0,0.09029345372460497,0.0,0.9,1.0,0.275,0.0958904109589041,0.2,0.65125,1.0,0.57,886000,자기계발,"강의품질, 가격",메가스터디,메가스터디 교육 2380,"메가스터디 교육 ??. ?? ??: 강의품질, 가격, 커리큘럼, 공부, 취업, 자기계발.",80000,73000,58000,3.61,3146.0,2,naver_api,Y,Y,0.425,0.425
female,60,6490000.0,자영업,기혼,진보적,3234000.0,초고가,여행,대한항공,8,11,0,Y,5,1.0,3.0,0.0,0.9,1.0,0.12213976499690786,0.04389928986442866,0.0,0.50125,1.0,0.09999999999999998,597000,기념일,"가격, 일정",대한항공,대한항공 여행 2381,"대한항공 여행 ??. ?? ??: 가격, 일정, 숙소, 휴식, 가족, 기념일.",3234000,3098000,2839000,4.41,,0,naver_api,Y,N,0.647,0.647
male,41,6760000.0,자영업,기혼,보수적,35000.0,저가,화장품,설화수,47,1,13,N,3,0.0,0.030541012216404886,1.0,0.0,0.0,0.14285714285714285,0.25,0.2,0.6375,1.0,0.52,1146000,피부관리,"희소성, 감성",나이키,설화수 화장품 2382,"설화수 화장품 ??. ?? ??: 성분, 가격, 후기, 피부관리, 선물, 데일리.",35000,28000,30000,,1697.0,4,image_estimate,N,Y,0.488,0.488
female,31,840000.0,취업준비생,기혼,진보적,56000.0,저가,패션,아디다스,17,2,22,N,5,0.0,0.6153846153846154,0.0,0.6666666666666666,0.0,0.05357142857142857,0.07692307692307693,0.0,0.3925,1.0,0.09999999999999998,91000,여행,"디자인, 착용감",ZARA,아디다스 패션 2383,"아디다스 패션 ??. ?? ??: 디자인, 착용감, 브랜드, 출근, 데이트, 여행.",56000,52000,53000,3.54,,0,image_estimate,Y,N,0.549,0.549
male,43,7820000.0,대기업직원,기혼,보수적,13000.0,초저가,화장품,라네즈,54,5,20,N,1,0.0,0.010851419031719533,0.0,0.0,1.0,0.15384615384615385,0.18181818181818182,0.2,0.7450000000000001,1.0,0.019999999999999976,1198000,소장,"희소성, 감성",라네즈,라네즈 화장품 2384,"라네즈 화장품 ??. ?? ??: 성분, 가격, 후기, 피부관리, 선물, 데일리.",13000,11000,11000,4.36,3418.0,4,naver_api,Y,Y,0.586,0.586
male,25,1260000.0,취업준비생,미혼,보수적,46000.0,저가,패션,아디다스,8,3,17,N,3,0.0,0.44660194174757284,0.0,0.6666666666666666,0.0,0.3695652173913043,0.35294117647058826,0.2,0.54375,1.0,0.09999999999999998,103000,여행,"디자인, 착용감",나이키,아디다스 패션 2385,"아디다스 패션 ??. ?? ??: 디자인, 착용감, 브랜드, 출근, 데이트, 여행.",46000,34000,29000,4.75,,1,crawler,Y,N,0.623,0.623
female,36,9950000.0,전문직,미혼,보수적,515000.0,고가,여행,대한항공,42,6,17,Y,1,0.0,0.35225718194254446,1.0,0.9,1.0,0.0,0.19767441860465115,0.2,0.6375,1.0,0.6,1462000,휴식,"가격, 일정",대한항공,대한항공 여행 2386,"대한항공 여행 ??. ?? ??: 가격, 일정, 숙소, 휴식, 가족, 기념일.",515000,430000,529000,,1896.0,1,naver_api,N,Y,0.234,0.234
male,53,8990000.0,전문직,기혼,진보적,883000.0,고가,여행,마이리얼트립,49,1,11,Y,3,0.0,0.47498655190962885,0.0,0.0,0.0,0.22083805209513024,0.384012539184953,0.0,0.73875,1.0,0.09999999999999998,1859000,선물,"희소성, 감성",하나투어,마이리얼트립 여행 2387,"마이리얼트립 여행 ??. ?? ??: 가격, 일정, 숙소, 휴식, 가족, 기념일.",883000,638000,688000,4.31,2640.0,0,crawler,Y,Y,0.673,0.673
female,44,9880000.0,전문직,미혼,진보적,1489000.0,고가,여행,대한항공,42,6,15,Y,2,0.0,0.6938490214352283,1.0,0.0,1.0,0.34922766957689727,0.30728709394205445,0.2,0.6375,1.0,0.6,2146000,휴식,"희소성, 감성",대한항공,대한항공 여행 2388,"대한항공 여행 ??. ?? ??: 가격, 일정, 숙소, 휴식, 가족, 기념일.",1489000,1139000,969000,,1728.0,3,user_input,N,Y,0.443,0.443
female,32,3110000.0,주부,기혼,보수적,9000.0,초저가,식품,오뚜기,51,1,19,N,0,0.0,0.03333333333333333,0.0,0.0,1.0,0.3333333333333333,0.2857142857142857,0.2,0.8087500000000001,1.0,0.57,270000,휴식,"희소성, 감성",오뚜기,오뚜기 식품 2389,"오뚜기 식품 ??. ?? ??: 가격, 신선도, 배송, 생활, 식사, 가족.",9000,7000,6000,4.87,2287.0,1,crawler,Y,Y,0.595,0.595
male,43,7220000.0,대기업직원,기혼,보수적,28000.0,초저가,생활용품,3M,35,2,17,N,1,0.0,0.04487179487179487,0.0,0.9,1.0,0.07142857142857142,0.21739130434782608,0.2,0.768677924935907,1.0,0.57,624000,가정,"가격, 내구성",3M,3M 생활용품 2390,"3M 생활용품 ??. ?? ??: 가격, 내구성, 용량, 생활, 청소, 가정.",28000,23000,26000,4.61,811.0,3,manual,Y,Y,0.401,0.401
female,45,6690000.0,자영업,미혼,진보적,616000.0,고가,패션,아디다스,49,4,18,Y,1,0.0,0.8615384615384616,1.0,0.6666666666666666,0.0,0.24025974025974026,0.17782026768642448,0.2,0.66625,1.0,0.6,715000,데이트,"디자인, 착용감",샤넬,아디다스 패션 2391,"아디다스 패션 ??. ?? ??: 디자인, 착용감, 브랜드, 출근, 데이트, 여행.",616000,523000,468000,3.73,1210.0,2,image_estimate,Y,Y,0.388,0.388
female,24,560000.0,학생,기혼,보수적,75000.0,저가,식품,오뚜기,41,4,14,N,4,0.0,0.9615384615384616,1.0,0.9,1.0,0.16,0.056338028169014086,0.2,0.7748828819893414,1.0,1.0,78000,생활,"가격, 신선도",오뚜기,오뚜기 식품 2392,"오뚜기 식품 ??. ?? ??: 가격, 신선도, 배송, 생활, 식사, 가족.",75000,71000,63000,4.64,868.0,1,crawler,Y,Y,0.204,0.204
male,31,880000.0,취업준비생,미혼,진보적,307000.0,중저가,교육,패스트캠퍼스,36,7,19,Y,6,1.0,3.0,0.0,0.9,1.0,0.0,0.08480565371024736,0.0,0.6925594950118213,1.0,0.57,83000,휴식,"강의품질, 가격",패스트캠퍼스,패스트캠퍼스 교육 2393,"패스트캠퍼스 교육 ??. ?? ??: 강의품질, 가격, 커리큘럼, 공부, 취업, 자기계발.",307000,283000,320000,4.17,452.0,0,manual,Y,Y,0.608,0.608
male,41,2540000.0,주부,미혼,진보적,1249000.0,고가,여행,대한항공,17,7,13,Y,4,1.0,2.4346978557504872,0.0,0.0,1.0,0.0,0.05847457627118644,0.2,0.1875,0.75,0.09999999999999998,513000,소장,"희소성, 감성",대한항공,대한항공 여행 2394,"대한항공 여행 ??. ?? ??: 가격, 일정, 숙소, 휴식, 가족, 기념일.",1249000,1180000,1265000,,,3,manual,N,N,0.797,0.797
female,27,1250000.0,취업준비생,미혼,보수적,73000.0,저가,패션,아디다스,41,0,10,N,0,0.0,0.3686868686868687,1.0,0.0,0.0,0.3561643835616438,0.21666666666666667,0.2,0.7649999999999999,1.0,0.6,198000,출근,"희소성, 감성",이니스프리,아디다스 패션 2395,"아디다스 패션 ??. ?? ??: 디자인, 착용감, 브랜드, 출근, 데이트, 여행.",73000,60000,47000,4.52,2179.0,3,user_input,Y,Y,0.517,0.517
male,73,3620000.0,은퇴자,미혼,보수적,460000.0,중저가,교육,클래스101,2,4,18,N,4,1.0,2.0444444444444443,0.0,0.0,1.0,0.2326086956521739,0.18251928020565553,0.2,0.5525,1.0,0.57,225000,자기계발,"희소성, 감성",클래스101,클래스101 교육 2396,"클래스101 교육 ??. ?? ??: 강의품질, 가격, 커리큘럼, 공부, 취업, 자기계발.",460000,389000,353000,4.82,,1,manual,Y,N,0.783,0.783
female,53,3200000.0,프리랜서,미혼,진보적,30000.0,저가,생활용품,다이소,51,0,0,N,5,0.0,0.06,1.0,0.0,0.0,0.36666666666666664,0.1111111111111111,0.2,0.78,1.0,1.0,500000,생활,"희소성, 감성",ZARA,다이소 생활용품 2397,"다이소 생활용품 ??. ?? ??: 가격, 내구성, 용량, 생활, 청소, 가정.",30000,27000,19000,4.64,1263.0,4,image_estimate,Y,Y,0.478,0.478
male,29,4900000.0,프리랜서,미혼,보수적,3398000.0,초고가,여행,하나투어,45,9,1,Y,8,1.0,3.0,1.0,0.9,0.0,0.27751618599175987,0.23026792179580013,0.0,0.6375,1.0,0.6,758000,가족,"가격, 일정",3M,하나투어 여행 2398,"하나투어 여행 ??. ?? ??: 가격, 일정, 숙소, 휴식, 가족, 기념일.",3398000,2762000,2455000,,3481.0,0,user_input,N,Y,0.577,0.577
female,46,9540000.0,전문직,기혼,보수적,35000.0,저가,식품,동원,38,0,22,N,0,0.0,0.1023391812865497,0.0,0.9,0.0,0.2,0.06060606060606061,0.2,0.70875,1.0,0.57,342000,가족,"가격, 신선도",라네즈,동원 식품 2399,"동원 식품 ??. ?? ??: 가격, 신선도, 배송, 생활, 식사, 가족.",35000,33000,28000,4.07,1724.0,2,image_estimate,Y,Y,0.514,0.514
female,52,9200000.0,전문직,미혼,보수적,2321000.0,초고가,여행,하나투어,36,4,20,Y,2,0.3416184971098266,1.3416184971098266,0.0,0.0,0.0,0.0,0.2696936542669584,0.2,0.7660442162127894,1.0,0.09999999999999998,1730000,기념일,"희소성, 감성",종근당,하나투어 여행 2400,"하나투어 여행 ??. ?? ??: 가격, 일정, 숙소, 휴식, 가족, 기념일.",2321000,1828000,2323000,4.61,754.0,1,image_estimate,Y,Y,0.749,0.749
female,38,4730000.0,공무원,기혼,진보적,133000.0,중저가,교육,메가스터디,48,5,13,N,5,0.0,0.9300699300699301,1.0,0.0,0.0,0.2556390977443609,0.3711340206185567,0.0,0.691359138723717,1.0,1.0,143000,공부,"희소성, 감성",설화수,메가스터디 교육 2401,"메가스터디 교육 ??. ?? ??: 강의품질, 가격, 커리큘럼, 공부, 취업, 자기계발.",133000,97000,99000,3.95,936.0,0,user_input,Y,Y,0.44,0.44
male,28,1040000.0,취업준비생,미혼,보수적,1173000.0,고가,건강관리,센트룸,2,15,11,Y,9,1.0,3.0,0.0,0.0,0.0,0.25234441602728047,0.339041095890411,0.2,0.36,1.0,0.44999999999999996,56000,휴식,"희소성, 감성",하나투어,센트룸 건강관리 2402,"센트룸 건강관리 ??. ?? ??: 성분, 후기, 안전성, 건강, 부모님, 회복.",1173000,876000,877000,3.28,,1,naver_api,Y,N,0.892,0.892
female,55,8680000.0,전문직,미혼,보수적,33000.0,저가,건강관리,종근당,51,5,17,N,3,0.0,0.03235294117647059,0.0,0.6666666666666666,0.0,0.21212121212121213,0.32,0.2,0.7,1.0,0.44999999999999996,1020000,소장,"성분, 후기",대한항공,종근당 건강관리 2403,"종근당 건강관리 ??. ?? ??: 성분, 후기, 안전성, 건강, 부모님, 회복.",33000,25000,26000,4.0,1616.0,4,user_input,Y,Y,0.557,0.557
female,53,2270000.0,주부,기혼,진보적,58000.0,저가,생활용품,다이소,36,4,14,N,1,0.0,0.12184873949579832,0.0,0.9,0.0,0.13793103448275862,0.1836734693877551,0.0,0.605,1.0,0.57,476000,가정,"가격, 내구성",CJ,다이소 생활용품 2404,"다이소 생활용품 ??. ?? ??: 가격, 내구성, 용량, 생활, 청소, 가정.",58000,49000,50000,3.24,1141.0,0,naver_api,Y,Y,0.499,0.499
male,34,1910000.0,주부,미혼,보수적,498000.0,중저가,전자기기,애플,45,3,20,Y,3,1.0,3.0,0.0,0.0,1.0,0.10843373493975904,0.0641025641025641,0.2,0.6375,1.0,0.37,124000,유행,"희소성, 감성",애플,애플 전자기기 2405,"애플 전자기기 ??. ?? ??: 성능, 배터리, 휴대성, 업무, 공부, 게임, 콘텐츠.",498000,468000,444000,,1936.0,3,crawler,N,Y,0.808,0.808
male,27,560000.0,학생,미혼,보수적,1714000.0,고가,명품,루이비통,37,38,14,Y,28,1.0,3.0,0.0,0.6666666666666666,0.0,0.062427071178529754,0.25844346549192365,0.2,0.6939748105461994,1.0,0.019999999999999976,118000,소장,"브랜드, 희소성",종근당,루이비통 명품 2406,"루이비통 명품 ??. ?? ??: 브랜드, 희소성, 디자인, 선물, 보상, 소장.",1714000,1362000,1607000,3.97,939.0,2,user_input,Y,Y,0.778,0.778
female,33,4990000.0,자영업,기혼,보수적,2370000.0,초고가,명품,프라다,11,10,12,Y,5,1.0,3.0,1.0,0.3333333333333333,1.0,0.3438818565400844,0.1761786600496278,0.2,0.465,1.0,0.52,466000,선물,"희소성, 감성",프라다,프라다 명품 2407,"프라다 명품 ??. ?? ??: 브랜드, 희소성, 디자인, 선물, 보상, 소장.",2370000,2015000,1555000,4.12,,3,crawler,Y,N,0.598,0.598
male,27,4190000.0,프리랜서,미혼,진보적,123000.0,중저가,건강관리,센트룸,43,3,2,N,1,0.0,0.47674418604651164,1.0,0.6666666666666666,1.0,0.34146341463414637,0.16037735849056603,0.2,0.6375,1.0,0.95,258000,부모님,"성분, 후기",센트룸,센트룸 건강관리 2408,"센트룸 건강관리 ??. ?? ??: 성분, 후기, 안전성, 건강, 부모님, 회복.",123000,106000,81000,,1620.0,4,crawler,N,Y,0.312,0.312
female,49,9420000.0,대기업직원,기혼,보수적,4000.0,초저가,식품,오뚜기,38,4,15,N,3,0.0,0.0053475935828877,0.0,0.0,0.0,0.25,0.3333333333333333,0.2,0.6160927380741912,1.0,0.57,748000,가족,"희소성, 감성",마이리얼트립,오뚜기 식품 2409,"오뚜기 식품 ??. ?? ??: 가격, 신선도, 배송, 생활, 식사, 가족.",4000,3000,3000,,553.0,3,crawler,N,Y,0.641,0.641
female,45,6780000.0,전문직,기혼,보수적,45000.0,저가,교육,메가스터디,50,1,19,N,4,0.0,0.05806451612903226,0.0,0.9,1.0,0.044444444444444446,0.18421052631578946,0.2,0.6375,1.0,0.57,775000,자기계발,"강의품질, 가격",메가스터디,메가스터디 교육 2410,"메가스터디 교육 ??. ?? ??: 강의품질, 가격, 커리큘럼, 공부, 취업, 자기계발.",45000,38000,43000,,1681.0,2,image_estimate,N,Y,0.389,0.389
male,25,940000.0,학생,기혼,진보적,3635000.0,초고가,여행,대한항공,13,50,22,Y,31,1.0,3.0,0.0,0.9,1.0,0.09766162310866575,0.3127482845792705,0.2,0.45625,1.0,0.09999999999999998,118000,소장,"가격, 일정",대한항공,대한항공 여행 2411,"대한항공 여행 ??. ?? ??: 가격, 일정, 숙소, 휴식, 가족, 기념일.",3635000,2769000,3280000,4.05,,3,naver_api,Y,N,0.698,0.698
female,47,4490000.0,사무직,기혼,진보적,102000.0,중저가,건강관리,센트룸,51,2,15,N,4,0.0,0.31097560975609756,0.0,0.0,0.0,0.0,0.3246753246753247,0.2,0.6375,1.0,0.44999999999999996,328000,휴식,"희소성, 감성",한샘,센트룸 건강관리 2412,"센트룸 건강관리 ??. ?? ??: 성분, 후기, 안전성, 건강, 부모님, 회복.",102000,77000,109000,,2476.0,4,image_estimate,N,Y,0.645,0.645
female,24,780000.0,학생,기혼,진보적,55000.0,저가,화장품,설화수,9,5,21,N,3,0.0,0.4435483870967742,1.0,0.0,0.0,0.14545454545454545,0.375,0.2,0.5622543524036108,1.0,0.52,124000,선물,"희소성, 감성",마이리얼트립,설화수 화장품 2413,"설화수 화장품 ??. ?? ??: 성분, 가격, 후기, 피부관리, 선물, 데일리.",55000,40000,47000,4.58,2.0,1,crawler,Y,Y,0.486,0.486
male,26,1090000.0,취업준비생,미혼,보수적,12000.0,초저가,식품,CJ,48,5,15,N,0,0.0,0.10256410256410256,0.0,0.9,0.0,0.25,0.2,0.2,0.6375,1.0,0.57,117000,유행,"가격, 신선도",종근당,CJ 식품 2414,"CJ 식품 ??. ?? ??: 가격, 신선도, 배송, 생활, 식사, 가족.",12000,10000,9000,,2107.0,2,image_estimate,N,Y,0.496,0.496
female,49,5580000.0,프리랜서,기혼,진보적,2105000.0,초고가,여행,하나투어,12,5,13,Y,3,1.0,3.0,1.0,0.9,1.0,0.298812351543943,0.3785199738048461,0.2,0.1875,0.75,0.6,211000,휴식,"가격, 일정",하나투어,하나투어 여행 2415,"하나투어 여행 ??. ?? ??: 가격, 일정, 숙소, 휴식, 가족, 기념일.",2105000,1527000,1476000,,,4,user_input,N,N,0.549,0.549
female,42,5170000.0,사무직,기혼,보수적,1119000.0,고가,건강관리,센트룸,26,4,9,Y,2,0.12012012012012008,1.12012012012012,1.0,0.0,1.0,0.05183199285075961,0.29364161849710985,0.2,0.646590848630651,1.0,0.95,999000,부모님,"희소성, 감성",센트룸,센트룸 건강관리 2416,"센트룸 건강관리 ??. ?? ??: 성분, 후기, 안전성, 건강, 부모님, 회복.",1119000,865000,1061000,4.22,106.0,4,naver_api,Y,Y,0.393,0.393
female,19,640000.0,학생,미혼,보수적,100000.0,중저가,화장품,설화수,48,7,9,N,5,0.0,0.9523809523809523,0.0,0.0,1.0,0.23,0.07526881720430108,0.2,0.6074999999999999,1.0,0.019999999999999976,105000,데일리,"희소성, 감성",설화수,설화수 화장품 2417,"설화수 화장품 ??. ?? ??: 성분, 가격, 후기, 피부관리, 선물, 데일리.",100000,93000,77000,3.26,1903.0,4,image_estimate,Y,Y,0.564,0.564
male,71,2580000.0,은퇴자,기혼,진보적,8000.0,초저가,식품,CJ,45,2,22,N,0,0.0,0.027303754266211604,1.0,0.9,0.0,0.0,0.3333333333333333,0.0,0.6540191189273512,1.0,1.0,293000,생활,"가격, 신선도",ZARA,CJ 식품 2418,"CJ 식품 ??. ?? ??: 가격, 신선도, 배송, 생활, 식사, 가족.",8000,6000,8000,3.72,738.0,0,manual,Y,Y,0.257,0.257
male,26,950000.0,취업준비생,미혼,진보적,123000.0,중저가,가구,이케아,13,4,15,N,4,0.0,0.5942028985507246,0.0,0.6666666666666666,1.0,0.3089430894308943,0.36666666666666664,0.0,0.46249999999999997,1.0,0.37,207000,선물,"내구성, 크기",이케아,이케아 가구 2419,"이케아 가구 ??. ?? ??: 내구성, 크기, 디자인, 이사, 인테리어, 생활.",123000,90000,85000,4.1,,0,crawler,Y,N,0.488,0.488
female,42,4170000.0,프리랜서,기혼,진보적,574000.0,고가,가구,이케아,42,2,14,Y,1,0.1595959595959595,1.1595959595959595,0.0,0.6666666666666666,1.0,0.08362369337979095,0.14342629482071714,0.2,0.77,1.0,0.37,495000,유행,"내구성, 크기",이케아,이케아 가구 2420,"이케아 가구 ??. ?? ??: 내구성, 크기, 디자인, 이사, 인테리어, 생활.",574000,502000,526000,4.56,3900.0,3,crawler,Y,Y,0.508,0.508
male,74,2180000.0,은퇴자,미혼,진보적,598000.0,고가,명품,샤넬,6,5,14,Y,3,0.26694915254237284,1.2669491525423728,0.0,0.6666666666666666,1.0,0.225752508361204,0.17485265225933203,0.0,0.53,1.0,0.019999999999999976,472000,소장,"브랜드, 희소성",샤넬,샤넬 명품 2421,"샤넬 명품 ??. ?? ??: 브랜드, 희소성, 디자인, 선물, 보상, 소장.",598000,509000,463000,4.64,,0,user_input,Y,N,0.58,0.58
female,36,9580000.0,대기업직원,기혼,진보적,953000.0,고가,명품,프라다,3,4,22,Y,1,0.0,0.8279756733275413,1.0,0.6666666666666666,0.0,0.0,0.061247216035634745,0.2,0.3875,1.0,0.52,1151000,선물,"브랜드, 희소성",패스트캠퍼스,프라다 명품 2422,"프라다 명품 ??. ?? ??: 브랜드, 희소성, 디자인, 선물, 보상, 소장.",953000,898000,980000,3.5,,2,user_input,Y,N,0.364,0.364
female,23,1220000.0,취업준비생,미혼,보수적,678000.0,고가,가구,한샘,32,8,0,Y,7,1.0,3.0,1.0,0.6666666666666666,0.0,0.2994100294985251,0.38085539714867617,0.2,0.6702665137545423,1.0,0.87,81000,인테리어,"내구성, 크기",패스트캠퍼스,한샘 가구 2423,"한샘 가구 ??. ?? ??: 내구성, 크기, 디자인, 이사, 인테리어, 생활.",678000,491000,475000,4.45,92.0,1,crawler,Y,Y,0.598,0.598
female,41,8110000.0,대기업직원,기혼,보수적,255000.0,중저가,교육,메가스터디,43,3,15,N,2,0.0,0.15232974910394265,0.0,0.9,1.0,0.0,0.3010204081632653,0.2,0.6699999999999999,1.0,0.57,1674000,자기계발,"강의품질, 가격",메가스터디,메가스터디 교육 2424,"메가스터디 교육 ??. ?? ??: 강의품질, 가격, 커리큘럼, 공부, 취업, 자기계발.",255000,196000,264000,3.76,2085.0,2,user_input,Y,Y,0.38,0.38
female,61,3460000.0,은퇴자,기혼,진보적,994000.0,고가,명품,구찌,5,9,9,Y,4,0.43434343434343425,1.4343434343434343,1.0,0.6666666666666666,0.0,0.11670020120724346,0.3130779392338177,0.2,0.5249999999999999,1.0,0.52,693000,선물,"브랜드, 희소성",이니스프리,구찌 명품 2425,"구찌 명품 ??. ?? ??: 브랜드, 희소성, 디자인, 선물, 보상, 소장.",994000,757000,878000,4.6,,3,crawler,Y,N,0.479,0.479
female,24,560000.0,학생,미혼,보수적,361000.0,중저가,전자기기,소니,56,8,11,Y,6,1.0,3.0,0.0,0.0,1.0,0.3296398891966759,0.20735785953177258,0.2,0.6375,1.0,0.37,22000,소장,"희소성, 감성",소니,소니 전자기기 2426,"소니 전자기기 ??. ?? ??: 성능, 배터리, 휴대성, 업무, 공부, 게임, 콘텐츠.",361000,299000,242000,,3907.0,3,manual,N,Y,0.824,0.824
male,62,2890000.0,은퇴자,기혼,보수적,306000.0,중저가,화장품,라네즈,49,2,10,N,3,0.7894736842105263,1.7894736842105263,0.0,0.0,0.0,0.32679738562091504,0.2047244094488189,0.2,0.7875000000000001,1.0,0.019999999999999976,171000,데일리,"희소성, 감성",애플,라네즈 화장품 2427,"라네즈 화장품 ??. ?? ??: 성분, 가격, 후기, 피부관리, 선물, 데일리.",306000,254000,206000,4.7,2265.0,3,crawler,Y,Y,0.842,0.842
female,54,3090000.0,주부,미혼,보수적,364000.0,중저가,명품,구찌,42,7,11,N,5,0.421875,1.421875,1.0,0.6666666666666666,0.0,0.03296703296703297,0.18566775244299674,0.2,0.6799999999999999,1.0,0.52,256000,선물,"브랜드, 희소성",오뚜기,구찌 명품 2428,"구찌 명품 ??. ?? ??: 브랜드, 희소성, 디자인, 선물, 보상, 소장.",364000,307000,352000,3.84,2452.0,1,manual,Y,Y,0.483,0.483
female,32,1290000.0,취업준비생,기혼,보수적,2450000.0,초고가,명품,프라다,53,23,19,Y,17,1.0,3.0,0.0,0.3333333333333333,0.0,0.0,0.3366066557555919,0.2,0.6825,1.0,0.019999999999999976,201000,소장,"희소성, 감성",ZARA,프라다 명품 2429,"프라다 명품 ??. ?? ??: 브랜드, 희소성, 디자인, 선물, 보상, 소장.",2450000,1833000,2474000,3.86,2277.0,3,user_input,Y,Y,0.826,0.826
female,22,690000.0,학생,미혼,보수적,294000.0,중저가,교육,메가스터디,52,8,15,Y,3,1.0,2.45,0.0,0.9,1.0,0.0,0.38028169014084506,0.2,0.66875,1.0,0.57,120000,선물,"강의품질, 가격",메가스터디,메가스터디 교육 2430,"메가스터디 교육 ??. ?? ??: 강의품질, 가격, 커리큘럼, 공부, 취업, 자기계발.",294000,213000,310000,3.75,3301.0,3,manual,Y,Y,0.63,0.63
male,34,9600000.0,대기업직원,기혼,진보적,14000.0,초저가,화장품,설화수,17,2,12,N,0,0.0,0.008144269924374637,1.0,0.9,0.0,0.2857142857142857,0.07692307692307693,0.0,0.51875,1.0,0.52,1719000,피부관리,"성분, 가격",유한킴벌리,설화수 화장품 2431,"설화수 화장품 ??. ?? ??: 성분, 가격, 후기, 피부관리, 선물, 데일리.",14000,13000,10000,4.55,,0,manual,Y,N,0.311,0.311
male,31,1080000.0,취업준비생,미혼,보수적,676000.0,고가,명품,샤넬,46,9,19,Y,6,1.0,3.0,1.0,0.6666666666666666,1.0,0.014792899408284023,0.3,0.0,0.6425000000000001,1.0,0.52,48000,선물,"브랜드, 희소성",샤넬,샤넬 명품 2432,"샤넬 명품 ??. ?? ??: 브랜드, 희소성, 디자인, 선물, 보상, 소장.",676000,520000,666000,3.54,3583.0,0,crawler,Y,Y,0.532,0.532
male,58,2730000.0,은퇴자,기혼,보수적,1076000.0,고가,교육,메가스터디,9,9,18,Y,7,1.0,3.0,0.0,0.0,1.0,0.0,0.21171171171171171,0.2,0.1875,0.75,0.57,297000,선물,"희소성, 감성",메가스터디,메가스터디 교육 2433,"메가스터디 교육 ??. ?? ??: 강의품질, 가격, 커리큘럼, 공부, 취업, 자기계발.",1076000,888000,1112000,,,2,image_estimate,N,N,0.772,0.772
female,41,5880000.0,자영업,기혼,보수적,1085000.0,고가,건강관리,종근당,50,6,20,Y,4,0.0,0.84765625,1.0,0.6666666666666666,0.0,0.26820276497695855,0.12086776859504132,0.2,0.72,1.0,0.95,1280000,건강,"성분, 후기",유한킴벌리,종근당 건강관리 2434,"종근당 건강관리 ??. ?? ??: 성분, 후기, 안전성, 건강, 부모님, 회복.",1085000,968000,794000,4.16,3688.0,2,manual,Y,Y,0.337,0.337
male,24,780000.0,취업준비생,미혼,보수적,7000.0,초저가,식품,동원,48,5,17,N,2,0.0,0.2692307692307692,1.0,0.0,1.0,0.14285714285714285,0.05,0.2,0.64,1.0,1.0,26000,식사,"희소성, 감성",동원,동원 식품 2435,"동원 식품 ??. ?? ??: 가격, 신선도, 배송, 생활, 식사, 가족.",7000,7000,6000,3.52,3738.0,1,manual,Y,Y,0.353,0.353
male,57,8740000.0,전문직,미혼,진보적,136000.0,중저가,가구,리바트,47,2,3,N,3,0.0,0.0947075208913649,0.0,0.0,0.0,0.0,0.1724137931034483,0.2,0.7887500000000001,1.0,0.37,1436000,생활,"희소성, 감성",ZARA,리바트 가구 2436,"리바트 가구 ??. ?? ??: 내구성, 크기, 디자인, 이사, 인테리어, 생활.",136000,116000,139000,4.71,2938.0,2,manual,Y,Y,0.645,0.645
female,46,2900000.0,주부,기혼,보수적,54000.0,저가,화장품,설화수,50,5,16,N,4,0.0,0.225,1.0,0.0,1.0,0.35185185185185186,0.22727272727272727,0.2,0.6375,1.0,0.52,240000,선물,"희소성, 감성",설화수,설화수 화장품 2437,"설화수 화장품 ??. ?? ??: 성분, 가격, 후기, 피부관리, 선물, 데일리.",54000,44000,35000,,2427.0,4,image_estimate,N,Y,0.398,0.398
male,65,3460000.0,은퇴자,미혼,보수적,34000.0,저가,생활용품,다이소,38,2,3,N,1,0.0,0.17894736842105263,1.0,0.0,1.0,0.0,0.13333333333333333,0.0,0.69875,1.0,1.0,190000,생활,"희소성, 감성",다이소,다이소 생활용품 2438,"다이소 생활용품 ??. ?? ??: 가격, 내구성, 용량, 생활, 청소, 가정.",34000,30000,36000,3.99,1309.0,0,user_input,Y,Y,0.347,0.347
male,33,880000.0,취업준비생,기혼,진보적,563000.0,고가,명품,루이비통,48,11,9,Y,8,1.0,3.0,0.0,0.6666666666666666,1.0,0.2539964476021314,0.3247058823529412,0.2,0.6375,1.0,0.019999999999999976,40000,소장,"브랜드, 희소성",루이비통,루이비통 명품 2439,"루이비통 명품 ??. ?? ??: 브랜드, 희소성, 디자인, 선물, 보상, 소장.",563000,425000,420000,,2641.0,1,image_estimate,N,Y,0.751,0.751
female,54,3890000.0,사무직,기혼,보수적,6000.0,초저가,식품,오뚜기,5,1,0,N,1,0.0,0.0169971671388102,1.0,0.9,0.0,0.0,0.05,0.2,0.39125,1.0,1.0,353000,생활,"가격, 신선도",COS,오뚜기 식품 2440,"오뚜기 식품 ??. ?? ??: 가격, 신선도, 배송, 생활, 식사, 가족.",6000,6000,6000,3.53,,4,user_input,Y,N,0.311,0.311
female,31,5080000.0,사무직,미혼,보수적,1457000.0,고가,가구,한샘,56,3,17,Y,4,0.6279329608938546,1.6279329608938546,0.0,0.0,1.0,0.35895676046671243,0.08893871449925261,0.2,0.75125,1.0,0.37,895000,휴식,"희소성, 감성",한샘,한샘 가구 2441,"한샘 가구 ??. ?? ??: 내구성, 크기, 디자인, 이사, 인테리어, 생활.",1457000,1338000,934000,4.41,3284.0,2,manual,Y,Y,0.721,0.721
male,60,4880000.0,자영업,미혼,진보적,15000.0,초저가,생활용품,다이소,49,5,11,N,3,0.0,0.06726457399103139,0.0,0.0,1.0,0.3333333333333333,0.07142857142857142,0.2,0.7562500000000001,1.0,0.57,223000,가정,"희소성, 감성",다이소,다이소 생활용품 2442,"다이소 생활용품 ??. ?? ??: 가격, 내구성, 용량, 생활, 청소, 가정.",15000,14000,10000,4.45,3822.0,1,naver_api,Y,Y,0.534,0.534
male,28,740000.0,학생,미혼,진보적,35000.0,저가,건강관리,센트룸,54,2,13,N,4,0.0,0.7,1.0,0.0,0.0,0.05714285714285714,0.20689655172413793,0.2,0.6375,1.0,0.95,50000,건강,"희소성, 감성",애플,센트룸 건강관리 2443,"센트룸 건강관리 ??. ?? ??: 성분, 후기, 안전성, 건강, 부모님, 회복.",35000,29000,33000,,3384.0,4,naver_api,N,Y,0.413,0.413
male,20,910000.0,학생,미혼,보수적,1204000.0,고가,건강관리,종근당,8,21,19,Y,14,1.0,3.0,1.0,0.0,0.0,0.03737541528239203,0.2740740740740741,0.2,0.52125,1.0,0.95,118000,건강,"희소성, 감성",구찌,종근당 건강관리 2444,"종근당 건강관리 ??. ?? ??: 성분, 후기, 안전성, 건강, 부모님, 회복.",1204000,945000,1159000,4.57,,2,user_input,Y,N,0.665,0.665
female,43,2020000.0,주부,미혼,진보적,462000.0,중저가,교육,메가스터디,8,6,13,Y,6,0.17258883248730972,1.1725888324873097,0.0,0.0,0.0,0.023809523809523808,0.19072164948453607,0.2,0.1875,0.75,0.57,394000,자기계발,"희소성, 감성",마이리얼트립,메가스터디 교육 2445,"메가스터디 교육 ??. ?? ??: 강의품질, 가격, 커리큘럼, 공부, 취업, 자기계발.",462000,388000,451000,,,3,image_estimate,N,N,0.701,0.701
female,42,5530000.0,공무원,미혼,진보적,1048000.0,고가,전자기기,소니,4,3,11,Y,2,1.0,3.0,1.0,0.9375,0.0,0.0,0.31493099121706397,0.0,0.39625,1.0,0.87,330000,게임,"성능, 배터리",다이소,소니 전자기기 2446,"소니 전자기기 ??. ?? ??: 성능, 배터리, 휴대성, 업무, 공부, 게임, 콘텐츠.",1048000,797000,1051000,3.57,,0,crawler,Y,N,0.505,0.505
female,31,5510000.0,사무직,기혼,진보적,1065000.0,고가,가구,한샘,9,5,12,Y,6,1.0,3.0,1.0,0.0,1.0,0.18779342723004694,0.05864811133200795,0.2,0.1875,0.75,0.87,308000,인테리어,"희소성, 감성",한샘,한샘 가구 2447,"한샘 가구 ??. ?? ??: 내구성, 크기, 디자인, 이사, 인테리어, 생활.",1065000,1006000,865000,,,3,manual,N,N,0.628,0.628
male,40,2630000.0,주부,기혼,보수적,16000.0,초저가,생활용품,3M,50,4,21,N,4,0.0,0.10457516339869281,1.0,0.9,1.0,0.0,0.23076923076923078,0.2,0.6375,1.0,1.0,153000,청소,"가격, 내구성",3M,3M 생활용품 2448,"3M 생활용품 ??. ?? ??: 가격, 내구성, 용량, 생활, 청소, 가정.",16000,13000,16000,,3204.0,3,manual,N,Y,0.187,0.187
female,23,650000.0,학생,미혼,보수적,46000.0,저가,식품,오뚜기,43,6,17,N,4,0.9166666666666667,1.9166666666666667,0.0,0.0,0.0,0.21739130434782608,0.022222222222222223,0.0,0.7631102686553668,1.0,0.57,24000,가족,"희소성, 감성",LG,오뚜기 식품 2449,"오뚜기 식품 ??. ?? ??: 가격, 신선도, 배송, 생활, 식사, 가족.",46000,45000,36000,4.59,745.0,0,manual,Y,Y,0.81,0.81
male,70,3320000.0,은퇴자,기혼,진보적,117000.0,중저가,패션,ZARA,10,2,3,N,0,0.0,0.47368421052631576,1.0,0.0,0.0,0.3076923076923077,0.07339449541284404,0.2,0.51875,1.0,0.6,247000,데이트,"희소성, 감성",클래스101,ZARA 패션 2450,"ZARA 패션 ??. ?? ??: 디자인, 착용감, 브랜드, 출근, 데이트, 여행.",117000,109000,81000,4.55,,4,image_estimate,Y,N,0.483,0.483
male,32,3950000.0,프리랜서,기혼,진보적,187000.0,중저가,패션,아디다스,10,4,16,N,3,0.08092485549132955,1.0809248554913296,0.0,0.6666666666666666,1.0,0.0,0.08092485549132948,0.2,0.435,1.0,0.09999999999999998,173000,유행,"디자인, 착용감",아디다스,아디다스 패션 2451,"아디다스 패션 ??. ?? ??: 디자인, 착용감, 브랜드, 출근, 데이트, 여행.",187000,173000,196000,3.88,,3,image_estimate,Y,N,0.482,0.482
female,43,4820000.0,사무직,기혼,보수적,562000.0,고가,가구,한샘,49,3,11,Y,3,0.0,0.7493333333333333,0.0,0.0,1.0,0.2313167259786477,0.32860520094562645,0.2,0.79125,1.0,0.37,750000,생활,"희소성, 감성",한샘,한샘 가구 2452,"한샘 가구 ??. ?? ??: 내구성, 크기, 디자인, 이사, 인테리어, 생활.",562000,423000,432000,4.73,3662.0,3,manual,Y,Y,0.588,0.588
male,56,6420000.0,대기업직원,미혼,진보적,25000.0,초저가,생활용품,3M,47,4,19,N,0,0.0,0.06944444444444445,1.0,0.0,1.0,0.0,0.19047619047619047,0.2,0.65875,1.0,1.0,360000,생활,"희소성, 감성",3M,3M 생활용품 2453,"3M 생활용품 ??. ?? ??: 가격, 내구성, 용량, 생활, 청소, 가정.",25000,21000,26000,3.67,3409.0,1,manual,Y,Y,0.322,0.322
male,34,5000000.0,사무직,미혼,보수적,203000.0,중저가,교육,메가스터디,34,4,19,N,0,0.0,0.2097107438016529,0.0,0.9,0.0,0.04433497536945813,0.32679738562091504,0.0,0.7827899584549091,1.0,0.57,968000,유행,"강의품질, 가격",리바트,메가스터디 교육 2454,"메가스터디 교육 ??. ?? ??: 강의품질, 가격, 커리큘럼, 공부, 취업, 자기계발.",203000,153000,194000,4.79,643.0,0,naver_api,Y,Y,0.486,0.486
female,47,7530000.0,전문직,기혼,진보적,32000.0,저가,식품,오뚜기,5,5,19,N,1,0.0,0.020012507817385866,0.0,0.0,1.0,0.125,0.3333333333333333,0.2,0.5262500000000001,1.0,0.57,1599000,가족,"희소성, 감성",오뚜기,오뚜기 식품 2455,"오뚜기 식품 ??. ?? ??: 가격, 신선도, 배송, 생활, 식사, 가족.",32000,24000,28000,4.61,,1,image_estimate,Y,N,0.553,0.553
female,57,9610000.0,대기업직원,미혼,보수적,393000.0,중저가,명품,프라다,45,6,20,N,0,0.0,0.7828685258964143,1.0,0.6666666666666666,1.0,0.16030534351145037,0.336734693877551,0.2,0.7433179407070236,1.0,0.52,502000,보상,"브랜드, 희소성",프라다,프라다 명품 2456,"프라다 명품 ??. ?? ??: 브랜드, 희소성, 디자인, 선물, 보상, 소장.",393000,294000,330000,4.63,375.0,4,manual,Y,Y,0.335,0.335
female,35,4590000.0,사무직,기혼,보수적,849000.0,고가,건강관리,센트룸,47,5,11,Y,1,1.0,3.0,0.0,0.6666666666666666,0.0,0.36866902237926974,0.11125654450261781,0.2,0.65625,1.0,0.44999999999999996,187000,휴식,"성분, 후기",이니스프리,센트룸 건강관리 2457,"센트룸 건강관리 ??. ?? ??: 성분, 후기, 안전성, 건강, 부모님, 회복.",849000,764000,536000,3.65,2132.0,4,naver_api,Y,Y,0.778,0.778
male,42,4660000.0,공무원,기혼,진보적,49000.0,저가,식품,동원,45,5,2,N,2,0.0,0.22072072072072071,1.0,0.9,1.0,0.32653061224489793,0.06521739130434782,0.2,0.6212500000000001,1.0,1.0,222000,식사,"가격, 신선도",동원,동원 식품 2458,"동원 식품 ??. ?? ??: 가격, 신선도, 배송, 생활, 식사, 가족.",49000,46000,33000,3.37,2568.0,3,user_input,Y,Y,0.227,0.227
male,55,5970000.0,공무원,미혼,보수적,507000.0,고가,화장품,이니스프리,4,1,18,Y,2,0.0,0.43075615972812237,0.0,0.0,1.0,0.2406311637080868,0.2457002457002457,0.2,0.1875,0.75,0.019999999999999976,1177000,휴식,"희소성, 감성",이니스프리,이니스프리 화장품 2459,"이니스프리 화장품 ??. ?? ??: 성분, 가격, 후기, 피부관리, 선물, 데일리.",507000,407000,385000,,,3,crawler,N,N,0.651,0.651
male,25,750000.0,취업준비생,기혼,진보적,2973000.0,초고가,여행,마이리얼트립,26,53,17,Y,33,1.0,3.0,0.0,0.0,1.0,0.12142616885301043,0.06788793103448276,0.0,0.5353151830320054,1.0,0.09999999999999998,128000,유행,"희소성, 감성",마이리얼트립,마이리얼트립 여행 2460,"마이리얼트립 여행 ??. ?? ??: 가격, 일정, 숙소, 휴식, 가족, 기념일.",2973000,2784000,2612000,3.94,12.0,0,manual,Y,Y,0.792,0.792
female,19,610000.0,학생,기혼,보수적,338000.0,중저가,패션,ZARA,38,10,9,Y,8,1.0,3.0,0.0,0.6666666666666666,0.0,0.0,0.03363914373088685,0.2,0.6375,1.0,0.09999999999999998,30000,소장,"디자인, 착용감",이니스프리,ZARA 패션 2461,"ZARA 패션 ??. ?? ??: 디자인, 착용감, 브랜드, 출근, 데이트, 여행.",338000,327000,342000,,1350.0,4,image_estimate,N,Y,0.764,0.764
female,19,530000.0,학생,미혼,보수적,2572000.0,초고가,전자기기,LG,56,60,22,Y,40,1.0,3.0,0.0,0.9375,1.0,0.05948678071539658,0.20074696545284781,0.2,0.8087500000000001,1.0,0.37,104000,소장,"성능, 배터리",LG,LG 전자기기 2462,"LG 전자기기 ??. ?? ??: 성능, 배터리, 휴대성, 업무, 공부, 게임, 콘텐츠.",2572000,2142000,2419000,4.87,3764.0,4,image_estimate,Y,Y,0.658,0.658
male,46,1980000.0,주부,기혼,진보적,45000.0,저가,식품,동원,49,3,16,N,3,0.0,0.10922330097087378,0.0,0.9,1.0,0.3111111111111111,0.3235294117647059,0.2,0.7550000000000001,1.0,0.57,412000,소장,"가격, 신선도",동원,동원 식품 2463,"동원 식품 ??. ?? ??: 가격, 신선도, 배송, 생활, 식사, 가족.",45000,34000,31000,4.44,3699.0,4,user_input,Y,Y,0.433,0.433
female,53,7410000.0,자영업,미혼,진보적,58000.0,저가,생활용품,유한킴벌리,15,5,21,N,2,0.0,0.04549019607843137,1.0,0.9,0.0,0.22413793103448276,0.09433962264150944,0.0,0.43875000000000003,1.0,1.0,1275000,청소,"가격, 내구성",설화수,유한킴벌리 생활용품 2464,"유한킴벌리 생활용품 ??. ?? ??: 가격, 내구성, 용량, 생활, 청소, 가정.",58000,53000,45000,3.91,,0,naver_api,Y,N,0.3,0.3
male,29,6280000.0,대기업직원,미혼,진보적,116000.0,중저가,교육,클래스101,54,2,15,N,0,0.0,0.10104529616724739,0.0,0.9,1.0,0.15517241379310345,0.22105263157894736,0.0,0.73125,1.0,0.57,1148000,소장,"강의품질, 가격",클래스101,클래스101 교육 2465,"클래스101 교육 ??. ?? ??: 강의품질, 가격, 커리큘럼, 공부, 취업, 자기계발.",116000,95000,98000,4.25,3712.0,0,crawler,Y,Y,0.382,0.382
male,25,1110000.0,취업준비생,미혼,보수적,79000.0,저가,가구,한샘,2,4,11,N,3,0.21538461538461529,1.2153846153846153,0.0,0.0,1.0,0.10126582278481013,0.3620689655172414,0.0,0.44125000000000003,1.0,0.37,65000,소장,"희소성, 감성",한샘,한샘 가구 2466,"한샘 가구 ??. ?? ??: 내구성, 크기, 디자인, 이사, 인테리어, 생활.",79000,58000,71000,3.93,,0,manual,Y,N,0.642,0.642
male,28,5580000.0,대기업직원,미혼,진보적,53000.0,저가,생활용품,3M,44,5,1,N,2,0.0,0.06416464891041163,0.0,0.9,0.0,0.03773584905660377,0.20454545454545456,0.0,0.7,1.0,0.57,826000,휴식,"가격, 내구성",레노버,3M 생활용품 2467,"3M 생활용품 ??. ?? ??: 가격, 내구성, 용량, 생활, 청소, 가정.",53000,44000,51000,4.0,1947.0,0,naver_api,Y,Y,0.442,0.442
male,71,3280000.0,은퇴자,기혼,보수적,132000.0,중저가,가구,이케아,39,2,1,N,1,0.0,0.25984251968503935,1.0,0.0,1.0,0.10606060606060606,0.14782608695652175,0.2,0.6477334874328203,1.0,0.87,508000,이사,"희소성, 감성",이케아,이케아 가구 2468,"이케아 가구 ??. ?? ??: 내구성, 크기, 디자인, 이사, 인테리어, 생활.",132000,115000,118000,3.76,540.0,3,user_input,Y,Y,0.391,0.391
female,34,4180000.0,자영업,기혼,진보적,1041000.0,고가,건강관리,센트룸,10,6,18,Y,3,0.23781212841854926,1.2378121284185493,1.0,0.6666666666666666,0.0,0.0,0.29156327543424315,0.2,0.4225,1.0,0.95,841000,부모님,"성분, 후기",대한항공,센트룸 건강관리 2469,"센트룸 건강관리 ??. ?? ??: 성분, 후기, 안전성, 건강, 부모님, 회복.",1041000,806000,1057000,3.78,,3,manual,Y,N,0.38,0.38
male,25,650000.0,학생,미혼,보수적,1391000.0,고가,여행,대한항공,5,29,2,Y,21,1.0,3.0,1.0,0.0,0.0,0.07836089144500359,0.11191047162270183,0.2,0.43125,1.0,0.6,131000,가족,"희소성, 감성",센트룸,대한항공 여행 2470,"대한항공 여행 ??. ?? ??: 가격, 일정, 숙소, 휴식, 가족, 기념일.",1391000,1251000,1282000,3.85,,2,naver_api,Y,N,0.717,0.717
male,59,5300000.0,공무원,기혼,진보적,2573000.0,초고가,명품,구찌,48,7,17,Y,6,1.0,3.0,1.0,0.6666666666666666,1.0,0.0,0.07747068676716917,0.2,0.6375,1.0,0.52,444000,보상,"브랜드, 희소성",구찌,구찌 명품 2471,"구찌 명품 ??. ?? ??: 브랜드, 희소성, 디자인, 선물, 보상, 소장.",2573000,2388000,2719000,,3613.0,2,manual,N,Y,0.492,0.492
female,34,6600000.0,전문직,기혼,보수적,769000.0,고가,교육,메가스터디,15,4,15,Y,2,1.0,2.1420612813370474,0.0,0.0,0.0,0.27828348504551365,0.2902684563758389,0.2,0.55375,1.0,0.57,359000,자기계발,"희소성, 감성",패스트캠퍼스,메가스터디 교육 2472,"메가스터디 교육 ??. ?? ??: 강의품질, 가격, 커리큘럼, 공부, 취업, 자기계발.",769000,596000,555000,4.83,,1,naver_api,Y,N,0.869,0.869
male,53,2010000.0,주부,기혼,진보적,343000.0,중저가,여행,하나투어,16,5,0,N,6,1.0,2.7007874015748032,1.0,0.0,0.0,0.12244897959183673,0.023880597014925373,0.2,0.39875,1.0,0.6,127000,가족,"희소성, 감성",오뚜기,하나투어 여행 2473,"하나투어 여행 ??. ?? ??: 가격, 일정, 숙소, 휴식, 가족, 기념일.",343000,335000,301000,3.59,,4,image_estimate,Y,N,0.709,0.709
female,72,3440000.0,은퇴자,기혼,보수적,75000.0,저가,교육,클래스101,45,1,22,N,3,0.0,0.3424657534246575,0.0,0.9,1.0,0.09333333333333334,0.3157894736842105,0.2,0.78125,1.0,0.57,219000,휴식,"강의품질, 가격",클래스101,클래스101 교육 2474,"클래스101 교육 ??. ?? ??: 강의품질, 가격, 커리큘럼, 공부, 취업, 자기계발.",75000,57000,68000,4.65,1388.0,1,naver_api,Y,Y,0.444,0.444
male,38,4280000.0,프리랜서,기혼,진보적,3504000.0,초고가,여행,마이리얼트립,46,13,2,Y,7,1.0,3.0,0.0,0.0,1.0,0.3073630136986301,0.28539985326485695,0.0,0.7350000000000001,1.0,0.09999999999999998,510000,기념일,"희소성, 감성",마이리얼트립,마이리얼트립 여행 2475,"마이리얼트립 여행 ??. ?? ??: 가격, 일정, 숙소, 휴식, 가족, 기념일.",3504000,2726000,2427000,4.28,2229.0,0,crawler,Y,Y,0.847,0.847
male,29,1220000.0,취업준비생,미혼,진보적,171000.0,중저가,패션,나이키,44,2,14,N,2,1.0,3.0,0.0,0.0,1.0,0.21637426900584794,0.22142857142857142,0.2,0.60625,1.0,0.09999999999999998,54000,소장,"희소성, 감성",나이키,나이키 패션 2476,"나이키 패션 ??. ?? ??: 디자인, 착용감, 브랜드, 출근, 데이트, 여행.",171000,140000,134000,3.25,1136.0,4,image_estimate,Y,Y,0.819,0.819
female,47,8900000.0,대기업직원,기혼,진보적,3872000.0,초고가,가구,이케아,48,8,14,Y,5,1.0,2.759800427655025,1.0,0.6666666666666666,0.0,0.1324896694214876,0.05966064586754242,0.0,0.6950000000000001,1.0,0.87,1403000,이사,"내구성, 크기",삼성,이케아 가구 2477,"이케아 가구 ??. ?? ??: 내구성, 크기, 디자인, 이사, 인테리어, 생활.",3872000,3654000,3359000,3.96,2497.0,0,manual,Y,Y,0.526,0.526
male,27,7240000.0,대기업직원,미혼,진보적,302000.0,중저가,가구,리바트,35,4,12,N,3,0.0,0.24532900081234768,0.0,0.0,1.0,0.22185430463576158,0.36036036036036034,0.2,0.7052011052742886,1.0,0.37,1231000,선물,"희소성, 감성",리바트,리바트 가구 2478,"리바트 가구 ??. ?? ??: 내구성, 크기, 디자인, 이사, 인테리어, 생활.",302000,222000,235000,4.16,664.0,1,crawler,Y,Y,0.58,0.58
female,42,6400000.0,대기업직원,미혼,진보적,5000.0,초저가,식품,오뚜기,38,3,12,N,1,0.0,0.0057405281285878304,0.0,0.0,0.0,0.4,0.25,0.2,0.6155356330785865,1.0,0.57,871000,가족,"희소성, 감성",소니,오뚜기 식품 2479,"오뚜기 식품 ??. ?? ??: 가격, 신선도, 배송, 생활, 식사, 가족.",5000,4000,3000,3.55,458.0,3,manual,Y,Y,0.671,0.671
female,58,2710000.0,주부,미혼,진보적,310000.0,중저가,여행,대한항공,51,4,14,N,5,0.0,0.856353591160221,0.0,0.9,1.0,0.0,0.06896551724137931,0.0,0.6625000000000001,1.0,0.09999999999999998,362000,기념일,"가격, 일정",대한항공,대한항공 여행 2480,"대한항공 여행 ??. ?? ??: 가격, 일정, 숙소, 휴식, 가족, 기념일.",310000,290000,334000,3.7,1345.0,0,user_input,Y,Y,0.409,0.409
male,48,5110000.0,프리랜서,미혼,보수적,368000.0,중저가,여행,대한항공,52,1,10,N,4,0.0,0.5601217656012176,0.0,0.0,1.0,0.296195652173913,0.24324324324324326,0.2,0.79,1.0,0.09999999999999998,657000,선물,"희소성, 감성",대한항공,대한항공 여행 2481,"대한항공 여행 ??. ?? ??: 가격, 일정, 숙소, 휴식, 가족, 기념일.",368000,296000,259000,4.72,3994.0,3,image_estimate,Y,Y,0.589,0.589
male,37,5970000.0,공무원,미혼,진보적,42000.0,저가,생활용품,다이소,30,4,16,N,0,0.0,0.059490084985835696,0.0,0.0,1.0,0.23809523809523808,0.2727272727272727,0.2,0.7214203699106422,1.0,0.57,706000,선물,"희소성, 감성",다이소,다이소 생활용품 2482,"다이소 생활용품 ??. ?? ??: 가격, 내구성, 용량, 생활, 청소, 가정.",42000,33000,32000,4.58,243.0,3,crawler,Y,Y,0.544,0.544
female,33,960000.0,취업준비생,기혼,보수적,884000.0,고가,명품,구찌,45,12,17,Y,10,1.0,3.0,0.0,0.3333333333333333,1.0,0.0,0.2961876832844575,0.2,0.6375,1.0,0.019999999999999976,117000,소장,"희소성, 감성",구찌,구찌 명품 2483,"구찌 명품 ??. ?? ??: 브랜드, 희소성, 디자인, 선물, 보상, 소장.",884000,682000,894000,,3824.0,4,user_input,N,Y,0.789,0.789
female,39,5190000.0,프리랜서,미혼,보수적,860000.0,고가,건강관리,종근당,37,3,13,Y,5,0.20617110799438998,1.20617110799439,1.0,0.6666666666666666,1.0,0.16395348837209303,0.12418300653594772,0.2,0.6675,1.0,0.95,713000,부모님,"성분, 후기",종근당,종근당 건강관리 2484,"종근당 건강관리 ??. ?? ??: 성분, 후기, 안전성, 건강, 부모님, 회복.",860000,765000,719000,3.74,1143.0,2,crawler,Y,Y,0.29,0.29
female,46,3120000.0,주부,미혼,진보적,9000.0,초저가,식품,동원,41,4,21,N,2,0.0,0.023809523809523808,0.0,0.9,1.0,0.2222222222222222,0.125,0.2,0.635,1.0,0.57,378000,선물,"가격, 신선도",동원,동원 식품 2485,"동원 식품 ??. ?? ??: 가격, 신선도, 배송, 생활, 식사, 가족.",9000,8000,7000,3.48,2056.0,1,manual,Y,Y,0.427,0.427
male,75,2310000.0,은퇴자,기혼,보수적,253000.0,중저가,교육,클래스101,48,2,21,N,1,0.0,0.640506329113924,1.0,0.9,1.0,0.24110671936758893,0.10480349344978165,0.2,0.6375,1.0,1.0,395000,취업,"강의품질, 가격",클래스101,클래스101 교육 2486,"클래스101 교육 ??. ?? ??: 강의품질, 가격, 커리큘럼, 공부, 취업, 자기계발.",253000,229000,192000,,1616.0,3,manual,N,Y,0.213,0.213
female,21,670000.0,학생,미혼,진보적,366000.0,중저가,건강관리,정관장,46,9,12,Y,7,1.0,2.5594405594405596,0.0,0.0,1.0,0.37158469945355194,0.18831168831168832,0.2,0.72,1.0,0.44999999999999996,143000,유행,"희소성, 감성",정관장,정관장 건강관리 2487,"정관장 건강관리 ??. ?? ??: 성분, 후기, 안전성, 건강, 부모님, 회복.",366000,308000,230000,4.16,2108.0,4,image_estimate,Y,Y,0.833,0.833
male,48,7990000.0,대기업직원,미혼,진보적,345000.0,중저가,전자기기,레노버,47,0,10,N,1,0.0,0.24109014675052412,0.0,0.9375,1.0,0.0,0.13486842105263158,0.2,0.6375,1.0,0.37,1431000,선물,"성능, 배터리",레노버,레노버 전자기기 2488,"레노버 전자기기 ??. ?? ??: 성능, 배터리, 휴대성, 업무, 공부, 게임, 콘텐츠.",345000,304000,365000,,3133.0,4,naver_api,N,Y,0.427,0.427
male,28,4050000.0,공무원,기혼,진보적,760000.0,고가,교육,패스트캠퍼스,45,4,9,Y,2,0.7002237136465324,1.7002237136465324,0.0,0.9,0.0,0.3013157894736842,0.05702364394993046,0.2,0.6375,1.0,0.57,447000,유행,"강의품질, 가격",나이키,패스트캠퍼스 교육 2489,"패스트캠퍼스 교육 ??. ?? ??: 강의품질, 가격, 커리큘럼, 공부, 취업, 자기계발.",760000,719000,531000,,1938.0,4,manual,N,Y,0.64,0.64
female,36,7720000.0,대기업직원,기혼,보수적,173000.0,중저가,가구,이케아,43,6,9,N,0,0.0,0.2785829307568438,0.0,0.6666666666666666,0.0,0.0,0.10897435897435898,0.2,0.6475,1.0,0.37,621000,생활,"내구성, 크기",센트룸,이케아 가구 2490,"이케아 가구 ??. ?? ??: 내구성, 크기, 디자인, 이사, 인테리어, 생활.",173000,156000,185000,3.58,3703.0,1,user_input,Y,Y,0.504,0.504
male,32,4480000.0,사무직,기혼,진보적,759000.0,고가,교육,패스트캠퍼스,51,4,17,Y,2,1.0,3.0,1.0,0.9,1.0,0.08959156785243742,0.05124653739612189,0.2,0.675,1.0,1.0,223000,취업,"강의품질, 가격",패스트캠퍼스,패스트캠퍼스 교육 2491,"패스트캠퍼스 교육 ??. ?? ??: 강의품질, 가격, 커리큘럼, 공부, 취업, 자기계발.",759000,722000,691000,3.8,1666.0,4,manual,Y,Y,0.432,0.432
male,51,3740000.0,사무직,기혼,진보적,584000.0,고가,교육,패스트캠퍼스,50,6,19,Y,5,0.0,0.8835098335854765,0.0,0.0,1.0,0.10102739726027397,0.20910973084886128,0.0,0.665,1.0,0.57,661000,선물,"희소성, 감성",패스트캠퍼스,패스트캠퍼스 교육 2492,"패스트캠퍼스 교육 ??. ?? ??: 강의품질, 가격, 커리큘럼, 공부, 취업, 자기계발.",584000,483000,525000,3.72,2161.0,0,manual,Y,Y,0.541,0.541
male,62,5230000.0,자영업,기혼,보수적,22000.0,초저가,식품,오뚜기,39,2,12,N,1,0.0,0.11578947368421053,0.0,0.9,1.0,0.18181818181818182,0.29411764705882354,0.0,0.7237500000000001,1.0,0.57,190000,휴식,"가격, 신선도",오뚜기,오뚜기 식품 2493,"오뚜기 식품 ??. ?? ??: 가격, 신선도, 배송, 생활, 식사, 가족.",22000,17000,18000,4.19,1999.0,0,image_estimate,Y,Y,0.396,0.396
male,40,2410000.0,주부,기혼,보수적,352000.0,중저가,교육,메가스터디,12,7,3,N,2,0.592760180995475,1.592760180995475,1.0,0.0,0.0,0.0,0.03529411764705882,0.2,0.47000000000000003,1.0,1.0,221000,공부,"희소성, 감성",다이소,메가스터디 교육 2494,"메가스터디 교육 ??. ?? ??: 강의품질, 가격, 커리큘럼, 공부, 취업, 자기계발.",352000,340000,356000,4.16,,2,user_input,Y,N,0.562,0.562
male,33,5090000.0,사무직,기혼,진보적,7000.0,초저가,식품,CJ,7,4,18,N,3,0.0,0.040697674418604654,0.0,0.0,0.0,0.2857142857142857,0.05,0.2,0.5037499999999999,1.0,0.57,172000,소장,"희소성, 감성",정관장,CJ 식품 2495,"CJ 식품 ??. ?? ??: 가격, 신선도, 배송, 생활, 식사, 가족.",7000,7000,5000,4.43,,4,manual,Y,N,0.664,0.664
female,24,4560000.0,프리랜서,미혼,진보적,1562000.0,고가,여행,대한항공,14,5,22,Y,5,1.0,2.6564625850340136,1.0,0.9,0.0,0.11843790012804098,0.12536023054755044,0.0,0.41125,1.0,0.6,588000,휴식,"가격, 일정",패스트캠퍼스,대한항공 여행 2496,"대한항공 여행 ??. ?? ??: 가격, 일정, 숙소, 휴식, 가족, 기념일.",1562000,1388000,1377000,3.69,,0,manual,Y,N,0.541,0.541
female,22,660000.0,학생,미혼,보수적,501000.0,고가,전자기기,삼성,47,10,13,Y,10,1.0,3.0,0.0,0.9375,0.0,0.2954091816367265,0.20432692307692307,0.0,0.61625,1.0,0.37,80000,유행,"성능, 배터리",구찌,삼성 전자기기 2497,"삼성 전자기기 ??. ?? ??: 성능, 배터리, 휴대성, 업무, 공부, 게임, 콘텐츠.",501000,416000,353000,3.33,3152.0,0,user_input,Y,Y,0.727,0.727
male,39,5200000.0,프리랜서,기혼,보수적,89000.0,저가,생활용품,유한킴벌리,49,1,15,N,0,0.0,0.12010796221322537,1.0,0.0,1.0,0.24719101123595505,0.1125,0.2,0.6375,1.0,1.0,741000,생활,"희소성, 감성",유한킴벌리,유한킴벌리 생활용품 2498,"유한킴벌리 생활용품 ??. ?? ??: 가격, 내구성, 용량, 생활, 청소, 가정.",89000,80000,67000,,3522.0,1,manual,N,Y,0.367,0.367
male,22,720000.0,학생,미혼,보수적,37000.0,저가,식품,동원,17,3,13,N,4,0.0,0.27205882352941174,0.0,0.9,1.0,0.0,0.32142857142857145,0.2,0.5137499999999999,1.0,0.57,136000,가족,"가격, 신선도",동원,동원 식품 2499,"동원 식품 ??. ?? ??: 가격, 신선도, 배송, 생활, 식사, 가족.",37000,28000,37000,4.51,,1,naver_api,Y,N,0.423,0.423
male,22,620000.0,학생,기혼,진보적,108000.0,중저가,건강관리,센트룸,43,5,22,N,3,0.0,0.8709677419354839,0.0,0.6666666666666666,0.0,0.12962962962962962,0.35,0.2,0.6375,1.0,0.44999999999999996,124000,회복,"성분, 후기",구찌,센트룸 건강관리 2500,"센트룸 건강관리 ??. ?? ??: 성분, 후기, 안전성, 건강, 부모님, 회복.",108000,80000,94000,,1828.0,2,naver_api,N,Y,0.554,0.554
