성별,나이,월수입,직업,결혼여부,소비성향,예산,구매단가,사용목적,중요요소,선호브랜드,상품명,브랜드,카테고리,판매단가,평점,리뷰수,상품설명,상품정보출처,상품조회수,비교상품수,구매시간대,재방문횟수,카드할부여부,구매후회값
female,26,1040000,취업준비생,미혼,진보적,166000,658000,업무,"희소성, 감성",삼성,삼성 전자기기 1,삼성,전자기기,658000,3.35,31.0,"삼성 전자기기 상품. 주요 특징: 성능, 배터리, 휴대성, 업무, 공부, 게임, 콘텐츠.",crawler,33,12,14,9,Y,0.644
male,44,6110000,대기업직원,기혼,진보적,1143000,159000,인테리어,"내구성, 크기",이케아,이케아 가구 2,이케아,가구,159000,4.29,,"이케아 가구 상품. 주요 특징: 내구성, 크기, 디자인, 이사, 인테리어, 생활.",crawler,4,5,10,2,N,0.293
female,27,1240000,취업준비생,미혼,진보적,209000,46000,여행,"희소성, 감성",아디다스,아디다스 패션 3,아디다스,패션,46000,,,"아디다스 패션 상품. 주요 특징: 디자인, 착용감, 브랜드, 출근, 데이트, 여행.",manual,6,4,19,4,N,0.614
male,55,7110000,자영업,기혼,보수적,914000,3998000,게임,"희소성, 감성",하나투어,소니 전자기기 4,소니,전자기기,3998000,3.96,1187.0,"소니 전자기기 상품. 주요 특징: 성능, 배터리, 휴대성, 업무, 공부, 게임, 콘텐츠.",crawler,38,7,21,5,Y,0.64
female,39,3690000,프리랜서,기혼,보수적,805000,1178000,보상,"브랜드, 희소성",CJ,구찌 명품 5,구찌,명품,1178000,4.23,14.0,"구찌 명품 상품. 주요 특징: 브랜드, 희소성, 디자인, 선물, 보상, 소장.",naver_api,21,7,22,6,Y,0.508
female,37,6490000,대기업직원,미혼,보수적,902000,25000,유행,"희소성, 감성",이니스프리,이니스프리 화장품 6,이니스프리,화장품,25000,4.35,,"이니스프리 화장품 상품. 주요 특징: 성분, 가격, 후기, 피부관리, 선물, 데일리.",crawler,9,2,9,4,N,0.632
female,44,1910000,주부,미혼,보수적,340000,16000,가족,"가격, 신선도",샤넬,오뚜기 식품 7,오뚜기,식품,16000,3.33,581.0,"오뚜기 식품 상품. 주요 특징: 가격, 신선도, 배송, 생활, 식사, 가족.",crawler,35,4,13,2,N,0.504
male,65,2390000,은퇴자,기혼,진보적,408000,660000,휴식,"희소성, 감성",LG,COS 패션 8,COS,패션,660000,3.68,,"COS 패션 상품. 주요 특징: 디자인, 착용감, 브랜드, 출근, 데이트, 여행.",manual,15,4,20,4,Y,0.826
male,28,6190000,공무원,미혼,진보적,401000,2313000,회복,"성분, 후기",종근당,종근당 건강관리 9,종근당,건강관리,2313000,4.05,451.0,"종근당 건강관리 상품. 주요 특징: 성분, 후기, 안전성, 건강, 부모님, 회복.",image_estimate,33,4,18,3,Y,0.686
female,47,3070000,주부,기혼,진보적,108000,962000,소장,"내구성, 크기",한샘,리바트 가구 10,리바트,가구,962000,4.83,956.0,"리바트 가구 상품. 주요 특징: 내구성, 크기, 디자인, 이사, 인테리어, 생활.",image_estimate,35,6,16,5,Y,0.767
female,48,3760000,프리랜서,기혼,진보적,632000,88000,인테리어,"내구성, 크기",소니,한샘 가구 11,한샘,가구,88000,3.23,,"한샘 가구 상품. 주요 특징: 내구성, 크기, 디자인, 이사, 인테리어, 생활.",naver_api,8,4,15,2,N,0.391
female,37,2340000,주부,기혼,진보적,171000,28000,생활,"가격, 신선도",동원,동원 식품 12,동원,식품,28000,4.56,,"동원 식품 상품. 주요 특징: 가격, 신선도, 배송, 생활, 식사, 가족.",image_estimate,5,4,12,3,N,0.204
male,20,630000,학생,미혼,보수적,84000,696000,유행,"브랜드, 희소성",애플,루이비통 명품 13,루이비통,명품,696000,,,"루이비통 명품 상품. 주요 특징: 브랜드, 희소성, 디자인, 선물, 보상, 소장.",image_estimate,16,13,2,11,Y,0.866
male,53,5600000,사무직,기혼,보수적,914000,277000,선물,"희소성, 감성",리바트,라네즈 화장품 14,라네즈,화장품,277000,4.76,3609.0,"라네즈 화장품 상품. 주요 특징: 성분, 가격, 후기, 피부관리, 선물, 데일리.",image_estimate,45,0,17,2,N,0.499
male,49,9200000,대기업직원,미혼,보수적,785000,12000,선물,"희소성, 감성",COS,유한킴벌리 생활용품 15,유한킴벌리,생활용품,12000,4.49,2841.0,"유한킴벌리 생활용품 상품. 주요 특징: 가격, 내구성, 용량, 생활, 청소, 가정.",crawler,41,1,3,4,N,0.654
female,40,6580000,대기업직원,기혼,보수적,1200000,90000,취업,"강의품질, 가격",메가스터디,메가스터디 교육 16,메가스터디,교육,90000,4.7,2208.0,"메가스터디 교육 상품. 주요 특징: 강의품질, 가격, 커리큘럼, 공부, 취업, 자기계발.",manual,50,1,10,3,N,0.194
male,48,9080000,대기업직원,미혼,보수적,1882000,1654000,가족,"가격, 일정",마이리얼트립,마이리얼트립 여행 17,마이리얼트립,여행,1654000,,708.0,"마이리얼트립 여행 상품. 주요 특징: 가격, 일정, 숙소, 휴식, 가족, 기념일.",manual,33,6,12,3,Y,0.232
female,60,8490000,전문직,미혼,진보적,1186000,1745000,유행,"희소성, 감성",정관장,정관장 건강관리 18,정관장,건강관리,1745000,3.41,3638.0,"정관장 건강관리 상품. 주요 특징: 성분, 후기, 안전성, 건강, 부모님, 회복.",image_estimate,51,7,18,3,Y,0.665
male,26,3890000,프리랜서,미혼,진보적,204000,121000,청소,"희소성, 감성",3M,3M 생활용품 19,3M,생활용품,121000,,,"3M 생활용품 상품. 주요 특징: 가격, 내구성, 용량, 생활, 청소, 가정.",naver_api,2,6,14,4,N,0.365
female,37,10300000,전문직,미혼,진보적,2033000,32000,휴식,"희소성, 감성",유한킴벌리,유한킴벌리 생활용품 20,유한킴벌리,생활용품,32000,3.27,2429.0,"유한킴벌리 생활용품 상품. 주요 특징: 가격, 내구성, 용량, 생활, 청소, 가정.",manual,44,5,11,2,N,0.53
female,60,3680000,은퇴자,미혼,보수적,797000,789000,기념일,"가격, 일정",마이리얼트립,대한항공 여행 21,대한항공,여행,789000,,3006.0,"대한항공 여행 상품. 주요 특징: 가격, 일정, 숙소, 휴식, 가족, 기념일.",manual,48,3,14,4,Y,0.563
female,42,6430000,자영업,미혼,보수적,741000,183000,부모님,"희소성, 감성",센트룸,센트룸 건강관리 22,센트룸,건강관리,183000,4.08,3271.0,"센트룸 건강관리 상품. 주요 특징: 성분, 후기, 안전성, 건강, 부모님, 회복.",crawler,41,3,3,2,N,0.349
male,42,4070000,프리랜서,미혼,보수적,696000,30000,식사,"가격, 신선도",CJ,CJ 식품 23,CJ,식품,30000,4.25,3943.0,"CJ 식품 상품. 주요 특징: 가격, 신선도, 배송, 생활, 식사, 가족.",user_input,56,5,21,2,N,0.199
male,37,6040000,공무원,기혼,진보적,243000,1978000,휴식,"성능, 배터리",소니,소니 전자기기 24,소니,전자기기,1978000,,,"소니 전자기기 상품. 주요 특징: 성능, 배터리, 휴대성, 업무, 공부, 게임, 콘텐츠.",naver_api,10,7,20,6,Y,0.655
female,37,8350000,대기업직원,미혼,보수적,867000,2800000,콘텐츠,"성능, 배터리",애플,애플 전자기기 25,애플,전자기기,2800000,,2875.0,"애플 전자기기 상품. 주요 특징: 성능, 배터리, 휴대성, 업무, 공부, 게임, 콘텐츠.",user_input,52,5,9,4,Y,0.676
female,32,7580000,대기업직원,기혼,진보적,537000,34000,식사,"희소성, 감성",오뚜기,오뚜기 식품 26,오뚜기,식품,34000,3.42,2535.0,"오뚜기 식품 상품. 주요 특징: 가격, 신선도, 배송, 생활, 식사, 가족.",image_estimate,53,3,22,1,N,0.335
male,56,2640000,주부,기혼,보수적,576000,401000,부모님,"희소성, 감성",오뚜기,종근당 건강관리 27,종근당,건강관리,401000,,2567.0,"종근당 건강관리 상품. 주요 특징: 성분, 후기, 안전성, 건강, 부모님, 회복.",crawler,51,3,12,2,N,0.436
female,30,3330000,사무직,기혼,진보적,160000,3422000,선물,"희소성, 감성",애플,애플 전자기기 28,애플,전자기기,3422000,3.92,3349.0,"애플 전자기기 상품. 주요 특징: 성능, 배터리, 휴대성, 업무, 공부, 게임, 콘텐츠.",crawler,48,16,16,8,Y,0.835
male,67,3660000,은퇴자,기혼,보수적,784000,1276000,생활,"희소성, 감성",오뚜기,한샘 가구 29,한샘,가구,1276000,4.35,,"한샘 가구 상품. 주요 특징: 내구성, 크기, 디자인, 이사, 인테리어, 생활.",manual,13,8,14,6,Y,0.786
male,44,8210000,전문직,기혼,진보적,1447000,19000,휴식,"희소성, 감성",아디다스,설화수 화장품 30,설화수,화장품,19000,4.4,98.0,"설화수 화장품 상품. 주요 특징: 성분, 가격, 후기, 피부관리, 선물, 데일리.",image_estimate,35,5,17,1,N,0.65
female,50,10650000,전문직,기혼,보수적,1524000,1093000,업무,"성능, 배터리",LG,LG 전자기기 31,LG,전자기기,1093000,,2388.0,"LG 전자기기 상품. 주요 특징: 성능, 배터리, 휴대성, 업무, 공부, 게임, 콘텐츠.",crawler,53,2,18,1,Y,0.231
male,56,2190000,주부,기혼,진보적,222000,5000,소장,"희소성, 감성",동원,동원 식품 32,동원,식품,5000,,,"동원 식품 상품. 주요 특징: 가격, 신선도, 배송, 생활, 식사, 가족.",manual,4,5,14,1,N,0.553
male,33,1090000,취업준비생,기혼,진보적,142000,11000,생활,"가격, 내구성",3M,3M 생활용품 33,3M,생활용품,11000,3.31,,"3M 생활용품 상품. 주요 특징: 가격, 내구성, 용량, 생활, 청소, 가정.",user_input,3,1,19,0,N,0.261
female,31,5670000,대기업직원,기혼,보수적,315000,1574000,보상,"브랜드, 희소성",샤넬,샤넬 명품 34,샤넬,명품,1574000,4.59,723.0,"샤넬 명품 상품. 주요 특징: 브랜드, 희소성, 디자인, 선물, 보상, 소장.",naver_api,46,9,16,2,Y,0.534
male,29,8290000,전문직,미혼,진보적,308000,906000,가족,"희소성, 감성",루이비통,마이리얼트립 여행 35,마이리얼트립,여행,906000,3.24,,"마이리얼트립 여행 상품. 주요 특징: 가격, 일정, 숙소, 휴식, 가족, 기념일.",naver_api,5,7,17,3,Y,0.74
male,45,5340000,자영업,기혼,진보적,857000,73000,소장,"가격, 내구성",리바트,유한킴벌리 생활용품 36,유한킴벌리,생활용품,73000,4.16,998.0,"유한킴벌리 생활용품 상품. 주요 특징: 가격, 내구성, 용량, 생활, 청소, 가정.",user_input,36,1,17,2,N,0.54
female,65,2820000,은퇴자,기혼,보수적,241000,414000,데이트,"희소성, 감성",COS,COS 패션 37,COS,패션,414000,,,"COS 패션 상품. 주요 특징: 디자인, 착용감, 브랜드, 출근, 데이트, 여행.",image_estimate,4,6,18,1,N,0.574
female,22,960000,취업준비생,미혼,진보적,170000,6000,휴식,"희소성, 감성",샤넬,동원 식품 38,동원,식품,6000,3.27,3179.0,"동원 식품 상품. 주요 특징: 가격, 신선도, 배송, 생활, 식사, 가족.",manual,46,3,14,0,N,0.631
male,25,730000,학생,미혼,보수적,75000,534000,기념일,"가격, 일정",이케아,대한항공 여행 39,대한항공,여행,534000,4.67,829.0,"대한항공 여행 상품. 주요 특징: 가격, 일정, 숙소, 휴식, 가족, 기념일.",naver_api,42,13,12,8,Y,0.709
female,55,7920000,대기업직원,기혼,진보적,1519000,795000,취업,"희소성, 감성",삼성,메가스터디 교육 40,메가스터디,교육,795000,3.26,3230.0,"메가스터디 교육 상품. 주요 특징: 강의품질, 가격, 커리큘럼, 공부, 취업, 자기계발.",crawler,49,4,9,4,Y,0.438
female,31,3060000,사무직,기혼,보수적,569000,232000,휴식,"내구성, 크기",종근당,리바트 가구 41,리바트,가구,232000,3.61,1662.0,"리바트 가구 상품. 주요 특징: 내구성, 크기, 디자인, 이사, 인테리어, 생활.",naver_api,53,1,21,3,N,0.546
male,26,1090000,취업준비생,미혼,보수적,130000,401000,유행,"브랜드, 희소성",라네즈,구찌 명품 42,구찌,명품,401000,3.36,577.0,"구찌 명품 상품. 주요 특징: 브랜드, 희소성, 디자인, 선물, 보상, 소장.",image_estimate,46,7,15,7,Y,0.775
female,25,3420000,공무원,기혼,진보적,240000,15000,휴식,"성분, 가격",설화수,설화수 화장품 43,설화수,화장품,15000,,2374.0,"설화수 화장품 상품. 주요 특징: 성분, 가격, 후기, 피부관리, 선물, 데일리.",naver_api,40,4,2,1,N,0.454
male,29,1250000,취업준비생,미혼,보수적,185000,339000,여행,"디자인, 착용감",프라다,나이키 패션 44,나이키,패션,339000,4.72,2021.0,"나이키 패션 상품. 주요 특징: 디자인, 착용감, 브랜드, 출근, 데이트, 여행.",manual,43,5,11,2,Y,0.695
female,28,10070000,전문직,미혼,진보적,1153000,2601000,소장,"희소성, 감성",나이키,루이비통 명품 45,루이비통,명품,2601000,4.48,,"루이비통 명품 상품. 주요 특징: 브랜드, 희소성, 디자인, 선물, 보상, 소장.",user_input,5,3,2,3,Y,0.864
male,50,4350000,사무직,기혼,보수적,146000,240000,유행,"희소성, 감성",마이리얼트립,마이리얼트립 여행 46,마이리얼트립,여행,240000,3.93,3487.0,"마이리얼트립 여행 상품. 주요 특징: 가격, 일정, 숙소, 휴식, 가족, 기념일.",naver_api,53,6,19,2,N,0.761
male,35,4310000,사무직,기혼,보수적,680000,3788000,선물,"희소성, 감성",프라다,프라다 명품 47,프라다,명품,3788000,3.34,,"프라다 명품 상품. 주요 특징: 브랜드, 희소성, 디자인, 선물, 보상, 소장.",manual,12,12,14,7,Y,0.559
male,23,760000,학생,미혼,진보적,40000,7000,선물,"희소성, 감성",오뚜기,다이소 생활용품 48,다이소,생활용품,7000,3.24,1839.0,"다이소 생활용품 상품. 주요 특징: 가격, 내구성, 용량, 생활, 청소, 가정.",crawler,49,5,9,3,N,0.625
female,32,1070000,취업준비생,미혼,진보적,132000,110000,휴식,"희소성, 감성",애플,애플 전자기기 49,애플,전자기기,110000,3.66,876.0,"애플 전자기기 상품. 주요 특징: 성능, 배터리, 휴대성, 업무, 공부, 게임, 콘텐츠.",naver_api,41,1,16,2,N,0.561
female,55,4030000,프리랜서,기혼,진보적,597000,4000,식사,"희소성, 감성",오뚜기,오뚜기 식품 50,오뚜기,식품,4000,3.87,1498.0,"오뚜기 식품 상품. 주요 특징: 가격, 신선도, 배송, 생활, 식사, 가족.",user_input,47,2,10,0,N,0.341
female,49,5350000,공무원,기혼,진보적,898000,457000,휴식,"브랜드, 희소성",루이비통,루이비통 명품 51,루이비통,명품,457000,3.68,2046.0,"루이비통 명품 상품. 주요 특징: 브랜드, 희소성, 디자인, 선물, 보상, 소장.",manual,46,4,19,1,N,0.523
female,22,1070000,취업준비생,미혼,진보적,125000,354000,휴식,"가격, 일정",패스트캠퍼스,마이리얼트립 여행 52,마이리얼트립,여행,354000,4.13,698.0,"마이리얼트립 여행 상품. 주요 특징: 가격, 일정, 숙소, 휴식, 가족, 기념일.",naver_api,36,5,19,5,Y,0.554
female,67,2930000,은퇴자,기혼,진보적,489000,45000,건강,"성분, 후기",ZARA,종근당 건강관리 53,종근당,건강관리,45000,3.32,851.0,"종근당 건강관리 상품. 주요 특징: 성분, 후기, 안전성, 건강, 부모님, 회복.",manual,35,1,10,1,N,0.337
female,60,3010000,은퇴자,기혼,진보적,269000,131000,콘텐츠,"성능, 배터리",구찌,소니 전자기기 54,소니,전자기기,131000,4.55,,"소니 전자기기 상품. 주요 특징: 성능, 배터리, 휴대성, 업무, 공부, 게임, 콘텐츠.",crawler,6,6,17,2,N,0.515
male,54,6840000,대기업직원,미혼,진보적,214000,3000,생활,"희소성, 감성",대한항공,오뚜기 식품 55,오뚜기,식품,3000,3.94,,"오뚜기 식품 상품. 주요 특징: 가격, 신선도, 배송, 생활, 식사, 가족.",image_estimate,10,5,18,3,N,0.453
male,46,3840000,프리랜서,기혼,진보적,346000,2061000,유행,"내구성, 크기",오뚜기,이케아 가구 56,이케아,가구,2061000,3.55,2820.0,"이케아 가구 상품. 주요 특징: 내구성, 크기, 디자인, 이사, 인테리어, 생활.",naver_api,47,8,13,4,Y,0.796
female,55,6090000,대기업직원,기혼,진보적,704000,460000,자기계발,"희소성, 감성",유한킴벌리,패스트캠퍼스 교육 57,패스트캠퍼스,교육,460000,,2218.0,"패스트캠퍼스 교육 상품. 주요 특징: 강의품질, 가격, 커리큘럼, 공부, 취업, 자기계발.",image_estimate,51,4,22,1,N,0.628
male,48,4190000,자영업,기혼,보수적,298000,4000,생활,"가격, 신선도",CJ,CJ 식품 58,CJ,식품,4000,,3657.0,"CJ 식품 상품. 주요 특징: 가격, 신선도, 배송, 생활, 식사, 가족.",user_input,46,4,17,1,N,0.223
female,25,5610000,공무원,미혼,진보적,1108000,256000,생활,"내구성, 크기",나이키,한샘 가구 59,한샘,가구,256000,3.69,1566.0,"한샘 가구 상품. 주요 특징: 내구성, 크기, 디자인, 이사, 인테리어, 생활.",image_estimate,53,5,13,2,N,0.561
male,40,5750000,프리랜서,기혼,진보적,666000,165000,취업,"희소성, 감성",메가스터디,메가스터디 교육 60,메가스터디,교육,165000,3.43,3133.0,"메가스터디 교육 상품. 주요 특징: 강의품질, 가격, 커리큘럼, 공부, 취업, 자기계발.",user_input,53,5,11,3,N,0.348
male,55,5650000,사무직,기혼,진보적,558000,54000,식사,"가격, 신선도",오뚜기,CJ 식품 61,CJ,식품,54000,3.5,,"CJ 식품 상품. 주요 특징: 가격, 신선도, 배송, 생활, 식사, 가족.",naver_api,9,0,16,0,N,0.302
female,40,3740000,프리랜서,기혼,진보적,244000,5797000,콘텐츠,"희소성, 감성",라네즈,소니 전자기기 62,소니,전자기기,5797000,,163.0,"소니 전자기기 상품. 주요 특징: 성능, 배터리, 휴대성, 업무, 공부, 게임, 콘텐츠.",manual,30,19,13,13,Y,0.916
female,74,2310000,은퇴자,기혼,보수적,230000,328000,선물,"성분, 후기",정관장,정관장 건강관리 63,정관장,건강관리,328000,,1505.0,"정관장 건강관리 상품. 주요 특징: 성분, 후기, 안전성, 건강, 부모님, 회복.",crawler,45,6,21,6,N,0.595
female,63,4170000,자영업,기혼,보수적,661000,768000,휴식,"희소성, 감성",하나투어,하나투어 여행 64,하나투어,여행,768000,,1750.0,"하나투어 여행 상품. 주요 특징: 가격, 일정, 숙소, 휴식, 가족, 기념일.",manual,39,6,17,5,Y,0.448
male,48,5740000,프리랜서,미혼,진보적,650000,192000,유행,"강의품질, 가격",설화수,클래스101 교육 65,클래스101,교육,192000,4.89,1290.0,"클래스101 교육 상품. 주요 특징: 강의품질, 가격, 커리큘럼, 공부, 취업, 자기계발.",naver_api,46,2,16,1,N,0.505
male,22,1280000,취업준비생,미혼,보수적,171000,3203000,유행,"희소성, 감성",리바트,리바트 가구 66,리바트,가구,3203000,4.82,,"리바트 가구 상품. 주요 특징: 내구성, 크기, 디자인, 이사, 인테리어, 생활.",image_estimate,11,33,15,22,Y,0.81
male,70,2100000,은퇴자,기혼,보수적,252000,1794000,회복,"성분, 후기",종근당,종근당 건강관리 67,종근당,건강관리,1794000,4.3,538.0,"종근당 건강관리 상품. 주요 특징: 성분, 후기, 안전성, 건강, 부모님, 회복.",user_input,38,12,16,9,Y,0.67
male,72,3240000,은퇴자,미혼,진보적,668000,4000,생활,"희소성, 감성",대한항공,동원 식품 68,동원,식품,4000,4.24,3968.0,"동원 식품 상품. 주요 특징: 가격, 신선도, 배송, 생활, 식사, 가족.",user_input,43,5,16,3,N,0.42
male,56,7350000,대기업직원,미혼,진보적,1286000,193000,콘텐츠,"성능, 배터리",라네즈,애플 전자기기 69,애플,전자기기,193000,4.63,1561.0,"애플 전자기기 상품. 주요 특징: 성능, 배터리, 휴대성, 업무, 공부, 게임, 콘텐츠.",user_input,52,5,16,0,N,0.499
female,28,780000,학생,미혼,보수적,159000,12000,소장,"희소성, 감성",3M,3M 생활용품 70,3M,생활용품,12000,,2640.0,"3M 생활용품 상품. 주요 특징: 가격, 내구성, 용량, 생활, 청소, 가정.",image_estimate,44,2,16,4,N,0.528
female,27,860000,학생,기혼,보수적,97000,52000,유행,"희소성, 감성",삼성,CJ 식품 71,CJ,식품,52000,4.39,1091.0,"CJ 식품 상품. 주요 특징: 가격, 신선도, 배송, 생활, 식사, 가족.",naver_api,49,5,13,2,N,0.634
female,57,5270000,자영업,기혼,진보적,217000,157000,자기계발,"희소성, 감성",설화수,메가스터디 교육 72,메가스터디,교육,157000,,1738.0,"메가스터디 교육 상품. 주요 특징: 강의품질, 가격, 커리큘럼, 공부, 취업, 자기계발.",user_input,53,5,14,2,N,0.629
female,36,4920000,공무원,기혼,진보적,734000,68000,공부,"희소성, 감성",레노버,클래스101 교육 73,클래스101,교육,68000,3.31,468.0,"클래스101 교육 상품. 주요 특징: 강의품질, 가격, 커리큘럼, 공부, 취업, 자기계발.",naver_api,35,2,21,4,N,0.437
female,74,3110000,은퇴자,기혼,보수적,671000,54000,휴식,"가격, 신선도",CJ,CJ 식품 74,CJ,식품,54000,3.4,2048.0,"CJ 식품 상품. 주요 특징: 가격, 신선도, 배송, 생활, 식사, 가족.",user_input,42,2,17,4,N,0.386
male,35,5670000,프리랜서,기혼,보수적,613000,510000,휴식,"성분, 가격",애플,라네즈 화장품 75,라네즈,화장품,510000,4.4,,"라네즈 화장품 상품. 주요 특징: 성분, 가격, 후기, 피부관리, 선물, 데일리.",image_estimate,9,1,9,5,Y,0.526
male,46,3060000,주부,기혼,진보적,436000,1560000,업무,"희소성, 감성",LG,LG 전자기기 76,LG,전자기기,1560000,,,"LG 전자기기 상품. 주요 특징: 성능, 배터리, 휴대성, 업무, 공부, 게임, 콘텐츠.",user_input,13,10,20,8,Y,0.638
male,49,3680000,프리랜서,기혼,진보적,604000,52000,휴식,"희소성, 감성",루이비통,종근당 건강관리 77,종근당,건강관리,52000,3.74,79.0,"종근당 건강관리 상품. 주요 특징: 성분, 후기, 안전성, 건강, 부모님, 회복.",crawler,30,5,22,3,N,0.608
male,29,3880000,프리랜서,미혼,진보적,766000,24000,가정,"희소성, 감성",설화수,유한킴벌리 생활용품 78,유한킴벌리,생활용품,24000,4.33,,"유한킴벌리 생활용품 상품. 주요 특징: 가격, 내구성, 용량, 생활, 청소, 가정.",manual,11,1,9,1,N,0.68
male,72,2620000,은퇴자,미혼,진보적,80000,22000,생활,"가격, 내구성",유한킴벌리,다이소 생활용품 79,다이소,생활용품,22000,4.06,876.0,"다이소 생활용품 상품. 주요 특징: 가격, 내구성, 용량, 생활, 청소, 가정.",crawler,39,4,19,0,N,0.276
male,65,6290000,자영업,기혼,보수적,230000,4000,선물,"가격, 신선도",레노버,오뚜기 식품 80,오뚜기,식품,4000,3.41,,"오뚜기 식품 상품. 주요 특징: 가격, 신선도, 배송, 생활, 식사, 가족.",image_estimate,4,0,20,4,N,0.467
male,25,820000,취업준비생,미혼,보수적,45000,24000,선물,"가격, 신선도",대한항공,CJ 식품 81,CJ,식품,24000,,2407.0,"CJ 식품 상품. 주요 특징: 가격, 신선도, 배송, 생활, 식사, 가족.",naver_api,51,4,12,1,N,0.473
male,24,720000,학생,미혼,진보적,95000,323000,유행,"희소성, 감성",패스트캠퍼스,패스트캠퍼스 교육 82,패스트캠퍼스,교육,323000,4.44,,"패스트캠퍼스 교육 상품. 주요 특징: 강의품질, 가격, 커리큘럼, 공부, 취업, 자기계발.",naver_api,2,9,21,8,Y,0.809
female,72,3680000,은퇴자,기혼,진보적,760000,503000,건강,"성분, 후기",삼성,정관장 건강관리 83,정관장,건강관리,503000,,,"정관장 건강관리 상품. 주요 특징: 성분, 후기, 안전성, 건강, 부모님, 회복.",manual,7,4,21,2,Y,0.339
male,45,8050000,대기업직원,미혼,보수적,1328000,3392000,이사,"내구성, 크기",한샘,한샘 가구 84,한샘,가구,3392000,4.26,,"한샘 가구 상품. 주요 특징: 내구성, 크기, 디자인, 이사, 인테리어, 생활.",crawler,17,10,21,3,Y,0.497
male,34,2760000,주부,기혼,진보적,361000,190000,회복,"성분, 후기",ZARA,센트룸 건강관리 85,센트룸,건강관리,190000,4.01,2173.0,"센트룸 건강관리 상품. 주요 특징: 성분, 후기, 안전성, 건강, 부모님, 회복.",crawler,54,6,20,3,N,0.518
female,75,2140000,은퇴자,기혼,보수적,260000,20000,소장,"가격, 신선도",CJ,CJ 식품 86,CJ,식품,20000,4.88,,"CJ 식품 상품. 주요 특징: 가격, 신선도, 배송, 생활, 식사, 가족.",naver_api,17,0,22,1,N,0.472
male,44,3920000,프리랜서,기혼,보수적,472000,474000,기념일,"가격, 일정",유한킴벌리,하나투어 여행 87,하나투어,여행,474000,,,"하나투어 여행 상품. 주요 특징: 가격, 일정, 숙소, 휴식, 가족, 기념일.",image_estimate,7,5,13,5,N,0.572
female,28,1000000,취업준비생,미혼,진보적,194000,11000,선물,"희소성, 감성",동원,동원 식품 88,동원,식품,11000,4.06,,"동원 식품 상품. 주요 특징: 가격, 신선도, 배송, 생활, 식사, 가족.",user_input,15,3,18,2,N,0.561
female,27,860000,취업준비생,미혼,보수적,186000,16000,유행,"가격, 신선도",종근당,동원 식품 89,동원,식품,16000,4.44,,"동원 식품 상품. 주요 특징: 가격, 신선도, 배송, 생활, 식사, 가족.",user_input,12,3,15,3,N,0.497
female,46,4140000,프리랜서,미혼,보수적,363000,216000,출근,"희소성, 감성",정관장,COS 패션 90,COS,패션,216000,4.86,1342.0,"COS 패션 상품. 주요 특징: 디자인, 착용감, 브랜드, 출근, 데이트, 여행.",user_input,45,4,2,1,N,0.459
male,33,7900000,대기업직원,미혼,보수적,1709000,1064000,소장,"성능, 배터리",레노버,레노버 전자기기 91,레노버,전자기기,1064000,3.5,2608.0,"레노버 전자기기 상품. 주요 특징: 성능, 배터리, 휴대성, 업무, 공부, 게임, 콘텐츠.",manual,53,3,1,1,Y,0.438
male,53,7080000,자영업,기혼,보수적,1040000,349000,취업,"희소성, 감성",클래스101,클래스101 교육 92,클래스101,교육,349000,4.08,2752.0,"클래스101 교육 상품. 주요 특징: 강의품질, 가격, 커리큘럼, 공부, 취업, 자기계발.",user_input,46,3,17,0,N,0.327
female,48,3600000,프리랜서,기혼,보수적,354000,1430000,선물,"브랜드, 희소성",리바트,구찌 명품 93,구찌,명품,1430000,3.72,369.0,"구찌 명품 상품. 주요 특징: 브랜드, 희소성, 디자인, 선물, 보상, 소장.",crawler,40,6,9,5,Y,0.584
female,25,4380000,공무원,미혼,보수적,371000,455000,휴식,"성분, 후기",종근당,종근당 건강관리 94,종근당,건강관리,455000,,905.0,"종근당 건강관리 상품. 주요 특징: 성분, 후기, 안전성, 건강, 부모님, 회복.",manual,35,3,22,1,N,0.498
male,52,5360000,프리랜서,기혼,보수적,1103000,143000,피부관리,"성분, 가격",레노버,설화수 화장품 95,설화수,화장품,143000,3.76,1525.0,"설화수 화장품 상품. 주요 특징: 성분, 가격, 후기, 피부관리, 선물, 데일리.",image_estimate,37,4,2,0,N,0.346
male,55,6090000,대기업직원,기혼,보수적,1064000,202000,인테리어,"희소성, 감성",한샘,한샘 가구 96,한샘,가구,202000,3.91,,"한샘 가구 상품. 주요 특징: 내구성, 크기, 디자인, 이사, 인테리어, 생활.",user_input,9,4,17,4,N,0.398
female,36,4190000,공무원,미혼,보수적,482000,553000,생활,"내구성, 크기",종근당,한샘 가구 97,한샘,가구,553000,3.69,885.0,"한샘 가구 상품. 주요 특징: 내구성, 크기, 디자인, 이사, 인테리어, 생활.",manual,36,2,2,1,Y,0.6
female,26,1340000,취업준비생,미혼,보수적,251000,360000,데일리,"희소성, 감성",구찌,이니스프리 화장품 98,이니스프리,화장품,360000,3.8,29.0,"이니스프리 화장품 상품. 주요 특징: 성분, 가격, 후기, 피부관리, 선물, 데일리.",image_estimate,34,7,16,3,Y,0.779
female,67,2050000,은퇴자,미혼,보수적,435000,100000,휴식,"희소성, 감성",한샘,종근당 건강관리 99,종근당,건강관리,100000,4.37,,"종근당 건강관리 상품. 주요 특징: 성분, 후기, 안전성, 건강, 부모님, 회복.",user_input,10,2,16,4,N,0.662
male,60,2400000,은퇴자,기혼,진보적,110000,1603000,보상,"브랜드, 희소성",설화수,루이비통 명품 100,루이비통,명품,1603000,3.94,571.0,"루이비통 명품 상품. 주요 특징: 브랜드, 희소성, 디자인, 선물, 보상, 소장.",crawler,36,8,14,6,Y,0.587
male,70,2680000,은퇴자,기혼,진보적,352000,910000,출근,"희소성, 감성",CJ,ZARA 패션 101,ZARA,패션,910000,3.37,,"ZARA 패션 상품. 주요 특징: 디자인, 착용감, 브랜드, 출근, 데이트, 여행.",crawler,16,5,12,4,Y,0.675
female,40,10700000,전문직,기혼,보수적,428000,32000,소장,"성분, 후기",오뚜기,종근당 건강관리 102,종근당,건강관리,32000,3.92,2689.0,"종근당 건강관리 상품. 주요 특징: 성분, 후기, 안전성, 건강, 부모님, 회복.",image_estimate,51,1,22,2,N,0.54
male,33,1310000,취업준비생,기혼,진보적,282000,18000,가족,"희소성, 감성",구찌,동원 식품 103,동원,식품,18000,4.9,,"동원 식품 상품. 주요 특징: 가격, 신선도, 배송, 생활, 식사, 가족.",crawler,5,4,17,3,N,0.625
male,45,2640000,주부,미혼,보수적,272000,325000,유행,"강의품질, 가격",애플,클래스101 교육 104,클래스101,교육,325000,3.48,3927.0,"클래스101 교육 상품. 주요 특징: 강의품질, 가격, 커리큘럼, 공부, 취업, 자기계발.",naver_api,54,3,16,3,N,0.524
male,42,3750000,공무원,기혼,진보적,265000,2630000,유행,"희소성, 감성",한샘,한샘 가구 105,한샘,가구,2630000,,766.0,"한샘 가구 상품. 주요 특징: 내구성, 크기, 디자인, 이사, 인테리어, 생활.",image_estimate,43,10,15,6,Y,0.81
male,27,3250000,프리랜서,미혼,보수적,712000,401000,유행,"희소성, 감성",애플,애플 전자기기 106,애플,전자기기,401000,4.17,492.0,"애플 전자기기 상품. 주요 특징: 성능, 배터리, 휴대성, 업무, 공부, 게임, 콘텐츠.",user_input,42,7,22,4,N,0.561
female,46,7540000,전문직,기혼,보수적,901000,102000,생활,"내구성, 크기",이케아,이케아 가구 107,이케아,가구,102000,,2527.0,"이케아 가구 상품. 주요 특징: 내구성, 크기, 디자인, 이사, 인테리어, 생활.",user_input,40,2,13,1,N,0.465
female,48,8860000,대기업직원,미혼,보수적,1061000,7067000,게임,"희소성, 감성",애플,애플 전자기기 108,애플,전자기기,7067000,3.43,3840.0,"애플 전자기기 상품. 주요 특징: 성능, 배터리, 휴대성, 업무, 공부, 게임, 콘텐츠.",manual,43,14,20,8,Y,0.585
male,36,4800000,자영업,미혼,보수적,399000,48000,휴식,"성분, 후기",클래스101,정관장 건강관리 109,정관장,건강관리,48000,3.96,,"정관장 건강관리 상품. 주요 특징: 성분, 후기, 안전성, 건강, 부모님, 회복.",image_estimate,14,4,18,3,N,0.52
female,31,3330000,주부,기혼,진보적,491000,199000,유행,"희소성, 감성",설화수,ZARA 패션 110,ZARA,패션,199000,4.11,2553.0,"ZARA 패션 상품. 주요 특징: 디자인, 착용감, 브랜드, 출근, 데이트, 여행.",image_estimate,55,0,11,1,N,0.661
female,59,7270000,전문직,기혼,보수적,1239000,940000,데이트,"희소성, 감성",패스트캠퍼스,나이키 패션 111,나이키,패션,940000,4.56,1692.0,"나이키 패션 상품. 주요 특징: 디자인, 착용감, 브랜드, 출근, 데이트, 여행.",user_input,48,2,22,2,Y,0.479
female,53,3550000,사무직,미혼,보수적,165000,924000,휴식,"가격, 일정",마이리얼트립,마이리얼트립 여행 112,마이리얼트립,여행,924000,3.94,,"마이리얼트립 여행 상품. 주요 특징: 가격, 일정, 숙소, 휴식, 가족, 기념일.",manual,17,7,13,2,Y,0.445
female,30,4430000,프리랜서,기혼,진보적,648000,397000,보상,"브랜드, 희소성",종근당,프라다 명품 113,프라다,명품,397000,,,"프라다 명품 상품. 주요 특징: 브랜드, 희소성, 디자인, 선물, 보상, 소장.",user_input,4,3,3,4,N,0.434
male,22,1180000,취업준비생,미혼,보수적,190000,51000,유행,"가격, 내구성",다이소,다이소 생활용품 114,다이소,생활용품,51000,3.23,2839.0,"다이소 생활용품 상품. 주요 특징: 가격, 내구성, 용량, 생활, 청소, 가정.",crawler,41,4,10,1,N,0.397
female,31,6080000,자영업,미혼,보수적,222000,2343000,휴식,"희소성, 감성",한샘,한샘 가구 115,한샘,가구,2343000,3.94,3737.0,"한샘 가구 상품. 주요 특징: 내구성, 크기, 디자인, 이사, 인테리어, 생활.",naver_api,51,9,17,7,Y,0.772
female,41,7280000,대기업직원,기혼,보수적,1084000,3981000,유행,"브랜드, 희소성",루이비통,루이비통 명품 116,루이비통,명품,3981000,3.56,1961.0,"루이비통 명품 상품. 주요 특징: 브랜드, 희소성, 디자인, 선물, 보상, 소장.",image_estimate,40,11,22,9,Y,0.719
male,26,6650000,대기업직원,기혼,진보적,342000,92000,공부,"희소성, 감성",메가스터디,메가스터디 교육 117,메가스터디,교육,92000,3.81,3273.0,"메가스터디 교육 상품. 주요 특징: 강의품질, 가격, 커리큘럼, 공부, 취업, 자기계발.",crawler,48,3,11,2,N,0.328
male,24,1240000,취업준비생,미혼,보수적,241000,1662000,선물,"성능, 배터리",샤넬,LG 전자기기 118,LG,전자기기,1662000,4.65,,"LG 전자기기 상품. 주요 특징: 성능, 배터리, 휴대성, 업무, 공부, 게임, 콘텐츠.",naver_api,10,19,16,12,Y,0.761
male,41,3230000,주부,기혼,진보적,301000,55000,생활,"희소성, 감성",라네즈,동원 식품 119,동원,식품,55000,4.2,3833.0,"동원 식품 상품. 주요 특징: 가격, 신선도, 배송, 생활, 식사, 가족.",user_input,45,5,22,2,N,0.433
male,42,3440000,프리랜서,기혼,보수적,260000,3918000,소장,"희소성, 감성",오뚜기,루이비통 명품 120,루이비통,명품,3918000,4.61,2926.0,"루이비통 명품 상품. 주요 특징: 브랜드, 희소성, 디자인, 선물, 보상, 소장.",image_estimate,41,14,14,13,Y,0.854
male,38,3410000,주부,미혼,보수적,124000,1253000,휴식,"성능, 배터리",레노버,레노버 전자기기 121,레노버,전자기기,1253000,4.4,3098.0,"레노버 전자기기 상품. 주요 특징: 성능, 배터리, 휴대성, 업무, 공부, 게임, 콘텐츠.",user_input,55,9,9,6,Y,0.641
male,58,3300000,주부,기혼,보수적,481000,218000,자기계발,"희소성, 감성",패스트캠퍼스,패스트캠퍼스 교육 122,패스트캠퍼스,교육,218000,3.65,655.0,"패스트캠퍼스 교육 상품. 주요 특징: 강의품질, 가격, 커리큘럼, 공부, 취업, 자기계발.",crawler,33,6,21,2,N,0.524
female,39,3230000,사무직,기혼,진보적,442000,787000,유행,"희소성, 감성",라네즈,애플 전자기기 123,애플,전자기기,787000,3.24,614.0,"애플 전자기기 상품. 주요 특징: 성능, 배터리, 휴대성, 업무, 공부, 게임, 콘텐츠.",image_estimate,35,6,2,6,Y,0.787
female,27,1320000,취업준비생,미혼,보수적,151000,76000,선물,"성분, 가격",이니스프리,이니스프리 화장품 124,이니스프리,화장품,76000,,,"이니스프리 화장품 상품. 주요 특징: 성분, 가격, 후기, 피부관리, 선물, 데일리.",crawler,12,5,19,0,N,0.26
female,54,6700000,대기업직원,미혼,보수적,1250000,371000,업무,"희소성, 감성",삼성,삼성 전자기기 125,삼성,전자기기,371000,,,"삼성 전자기기 상품. 주요 특징: 성능, 배터리, 휴대성, 업무, 공부, 게임, 콘텐츠.",user_input,3,4,0,1,N,0.428
male,28,760000,취업준비생,미혼,보수적,94000,4499000,선물,"희소성, 감성",이케아,샤넬 명품 126,샤넬,명품,4499000,3.35,3322.0,"샤넬 명품 상품. 주요 특징: 브랜드, 희소성, 디자인, 선물, 보상, 소장.",user_input,51,60,16,52,Y,0.649
male,19,850000,학생,미혼,진보적,62000,1683000,선물,"브랜드, 희소성",패스트캠퍼스,구찌 명품 127,구찌,명품,1683000,4.12,,"구찌 명품 상품. 주요 특징: 브랜드, 희소성, 디자인, 선물, 보상, 소장.",image_estimate,7,25,19,19,Y,0.63
male,28,5590000,프리랜서,미혼,보수적,869000,991000,데이트,"희소성, 감성",아디다스,아디다스 패션 128,아디다스,패션,991000,,2127.0,"아디다스 패션 상품. 주요 특징: 디자인, 착용감, 브랜드, 출근, 데이트, 여행.",crawler,48,6,21,6,Y,0.409
female,51,3950000,사무직,미혼,보수적,517000,129000,소장,"가격, 내구성",이케아,다이소 생활용품 129,다이소,생활용품,129000,3.58,1357.0,"다이소 생활용품 상품. 주요 특징: 가격, 내구성, 용량, 생활, 청소, 가정.",crawler,39,1,1,3,N,0.471
female,27,870000,학생,미혼,보수적,158000,188000,건강,"희소성, 감성",COS,센트룸 건강관리 130,센트룸,건강관리,188000,,,"센트룸 건강관리 상품. 주요 특징: 성분, 후기, 안전성, 건강, 부모님, 회복.",user_input,14,5,19,6,Y,0.528
female,30,4090000,자영업,기혼,진보적,468000,418000,여행,"희소성, 감성",ZARA,ZARA 패션 131,ZARA,패션,418000,3.96,3872.0,"ZARA 패션 상품. 주요 특징: 디자인, 착용감, 브랜드, 출근, 데이트, 여행.",manual,48,7,16,1,N,0.566
female,23,1350000,취업준비생,미혼,진보적,137000,35000,가정,"희소성, 감성",센트룸,3M 생활용품 132,3M,생활용품,35000,4.14,3721.0,"3M 생활용품 상품. 주요 특징: 가격, 내구성, 용량, 생활, 청소, 가정.",naver_api,56,1,18,0,N,0.629
female,19,800000,학생,기혼,보수적,37000,897000,유행,"가격, 일정",센트룸,대한항공 여행 133,대한항공,여행,897000,,950.0,"대한항공 여행 상품. 주요 특징: 가격, 일정, 숙소, 휴식, 가족, 기념일.",image_estimate,43,17,9,13,Y,0.788
female,25,1300000,취업준비생,미혼,진보적,253000,131000,생활,"희소성, 감성",유한킴벌리,유한킴벌리 생활용품 134,유한킴벌리,생활용품,131000,3.4,3697.0,"유한킴벌리 생활용품 상품. 주요 특징: 가격, 내구성, 용량, 생활, 청소, 가정.",naver_api,46,6,14,3,N,0.324
male,30,4710000,사무직,기혼,진보적,477000,877000,보상,"희소성, 감성",루이비통,루이비통 명품 135,루이비통,명품,877000,3.28,958.0,"루이비통 명품 상품. 주요 특징: 브랜드, 희소성, 디자인, 선물, 보상, 소장.",image_estimate,35,7,13,4,Y,0.569
female,25,1190000,취업준비생,미혼,진보적,164000,4486000,보상,"브랜드, 희소성",프라다,프라다 명품 136,프라다,명품,4486000,4.12,3649.0,"프라다 명품 상품. 주요 특징: 브랜드, 희소성, 디자인, 선물, 보상, 소장.",crawler,56,49,22,33,Y,0.535
female,51,5970000,대기업직원,기혼,진보적,436000,123000,데이트,"디자인, 착용감",한샘,ZARA 패션 137,ZARA,패션,123000,3.9,,"ZARA 패션 상품. 주요 특징: 디자인, 착용감, 브랜드, 출근, 데이트, 여행.",naver_api,16,1,18,2,N,0.354
male,70,3270000,은퇴자,미혼,보수적,346000,1011000,선물,"희소성, 감성",소니,루이비통 명품 138,루이비통,명품,1011000,,,"루이비통 명품 상품. 주요 특징: 브랜드, 희소성, 디자인, 선물, 보상, 소장.",crawler,14,7,16,7,Y,0.635
male,35,3910000,프리랜서,기혼,진보적,374000,1118000,기념일,"희소성, 감성",대한항공,대한항공 여행 139,대한항공,여행,1118000,3.95,1445.0,"대한항공 여행 상품. 주요 특징: 가격, 일정, 숙소, 휴식, 가족, 기념일.",user_input,41,6,18,4,Y,0.761
female,30,7090000,대기업직원,미혼,진보적,612000,123000,건강,"성분, 후기",메가스터디,센트룸 건강관리 140,센트룸,건강관리,123000,4.38,3831.0,"센트룸 건강관리 상품. 주요 특징: 성분, 후기, 안전성, 건강, 부모님, 회복.",image_estimate,47,1,17,2,N,0.329
female,43,2810000,주부,기혼,보수적,434000,1172000,보상,"브랜드, 희소성",리바트,구찌 명품 141,구찌,명품,1172000,4.57,,"구찌 명품 상품. 주요 특징: 브랜드, 희소성, 디자인, 선물, 보상, 소장.",manual,9,6,1,6,Y,0.613
female,55,4580000,사무직,기혼,진보적,625000,183000,기념일,"가격, 일정",루이비통,하나투어 여행 142,하나투어,여행,183000,,,"하나투어 여행 상품. 주요 특징: 가격, 일정, 숙소, 휴식, 가족, 기념일.",crawler,16,3,16,1,N,0.567
male,39,2600000,주부,기혼,진보적,246000,1008000,자기계발,"희소성, 감성",설화수,클래스101 교육 143,클래스101,교육,1008000,,983.0,"클래스101 교육 상품. 주요 특징: 강의품질, 가격, 커리큘럼, 공부, 취업, 자기계발.",crawler,37,4,9,3,Y,0.852
female,41,11010000,전문직,기혼,진보적,615000,1279000,선물,"강의품질, 가격",ZARA,패스트캠퍼스 교육 144,패스트캠퍼스,교육,1279000,3.87,,"패스트캠퍼스 교육 상품. 주요 특징: 강의품질, 가격, 커리큘럼, 공부, 취업, 자기계발.",user_input,9,1,10,2,Y,0.711
male,68,2910000,은퇴자,기혼,보수적,280000,799000,휴식,"강의품질, 가격",설화수,패스트캠퍼스 교육 145,패스트캠퍼스,교육,799000,,,"패스트캠퍼스 교육 상품. 주요 특징: 강의품질, 가격, 커리큘럼, 공부, 취업, 자기계발.",naver_api,14,5,20,4,Y,0.738
female,25,780000,취업준비생,미혼,진보적,110000,265000,소장,"희소성, 감성",나이키,나이키 패션 146,나이키,패션,265000,4.44,,"나이키 패션 상품. 주요 특징: 디자인, 착용감, 브랜드, 출근, 데이트, 여행.",user_input,17,4,12,6,Y,0.801
male,50,5640000,자영업,미혼,진보적,676000,17000,휴식,"가격, 내구성",다이소,다이소 생활용품 147,다이소,생활용품,17000,4.09,2082.0,"다이소 생활용품 상품. 주요 특징: 가격, 내구성, 용량, 생활, 청소, 가정.",manual,43,1,14,0,N,0.374
male,59,10760000,전문직,미혼,보수적,388000,2892000,이사,"희소성, 감성",종근당,리바트 가구 148,리바트,가구,2892000,,,"리바트 가구 상품. 주요 특징: 내구성, 크기, 디자인, 이사, 인테리어, 생활.",crawler,2,6,17,5,Y,0.725
male,31,8420000,전문직,기혼,보수적,570000,613000,여행,"디자인, 착용감",COS,COS 패션 149,COS,패션,613000,,1322.0,"COS 패션 상품. 주요 특징: 디자인, 착용감, 브랜드, 출근, 데이트, 여행.",image_estimate,47,1,1,1,Y,0.528
male,23,710000,학생,미혼,진보적,41000,800000,이사,"내구성, 크기",이케아,이케아 가구 150,이케아,가구,800000,,298.0,"이케아 가구 상품. 주요 특징: 내구성, 크기, 디자인, 이사, 인테리어, 생활.",crawler,35,19,9,12,Y,0.517
male,52,6020000,공무원,미혼,진보적,1223000,48000,피부관리,"성분, 가격",소니,이니스프리 화장품 151,이니스프리,화장품,48000,4.81,3531.0,"이니스프리 화장품 상품. 주요 특징: 성분, 가격, 후기, 피부관리, 선물, 데일리.",user_input,51,2,11,4,N,0.307
male,31,8860000,전문직,기혼,진보적,1647000,117000,회복,"성분, 후기",메가스터디,종근당 건강관리 152,종근당,건강관리,117000,3.34,,"종근당 건강관리 상품. 주요 특징: 성분, 후기, 안전성, 건강, 부모님, 회복.",image_estimate,3,5,13,4,N,0.563
male,30,2860000,주부,기혼,진보적,325000,1936000,공부,"희소성, 감성",애플,삼성 전자기기 153,삼성,전자기기,1936000,3.22,,"삼성 전자기기 상품. 주요 특징: 성능, 배터리, 휴대성, 업무, 공부, 게임, 콘텐츠.",image_estimate,2,8,16,6,Y,0.692
female,55,4050000,공무원,기혼,보수적,381000,31000,휴식,"가격, 내구성",리바트,유한킴벌리 생활용품 154,유한킴벌리,생활용품,31000,3.4,1579.0,"유한킴벌리 생활용품 상품. 주요 특징: 가격, 내구성, 용량, 생활, 청소, 가정.",crawler,51,0,15,0,N,0.502
female,46,5020000,사무직,기혼,진보적,1019000,392000,소장,"희소성, 감성",센트룸,대한항공 여행 155,대한항공,여행,392000,4.59,2121.0,"대한항공 여행 상품. 주요 특징: 가격, 일정, 숙소, 휴식, 가족, 기념일.",crawler,49,3,22,1,N,0.632
female,40,4450000,자영업,기혼,보수적,937000,44000,식사,"희소성, 감성",클래스101,동원 식품 156,동원,식품,44000,,2707.0,"동원 식품 상품. 주요 특징: 가격, 신선도, 배송, 생활, 식사, 가족.",manual,50,5,15,4,N,0.424
male,28,890000,학생,미혼,진보적,37000,3790000,휴식,"가격, 일정",대한항공,하나투어 여행 157,하나투어,여행,3790000,,1205.0,"하나투어 여행 상품. 주요 특징: 가격, 일정, 숙소, 휴식, 가족, 기념일.",manual,49,56,14,35,Y,0.55
female,27,3040000,사무직,미혼,진보적,332000,82000,회복,"성분, 후기",LG,센트룸 건강관리 158,센트룸,건강관리,82000,4.08,556.0,"센트룸 건강관리 상품. 주요 특징: 성분, 후기, 안전성, 건강, 부모님, 회복.",image_estimate,42,0,15,0,N,0.6
male,47,9940000,전문직,기혼,진보적,1769000,396000,여행,"디자인, 착용감",나이키,나이키 패션 159,나이키,패션,396000,4.89,2217.0,"나이키 패션 상품. 주요 특징: 디자인, 착용감, 브랜드, 출근, 데이트, 여행.",user_input,40,5,2,0,N,0.468
female,38,7430000,전문직,기혼,진보적,534000,1480000,회복,"성분, 후기",라네즈,종근당 건강관리 160,종근당,건강관리,1480000,3.63,1793.0,"종근당 건강관리 상품. 주요 특징: 성분, 후기, 안전성, 건강, 부모님, 회복.",image_estimate,38,7,19,6,Y,0.76
female,53,3130000,사무직,기혼,진보적,202000,45000,부모님,"성분, 후기",대한항공,종근당 건강관리 161,종근당,건강관리,45000,3.99,1156.0,"종근당 건강관리 상품. 주요 특징: 성분, 후기, 안전성, 건강, 부모님, 회복.",naver_api,40,1,14,2,N,0.333
female,55,3640000,사무직,기혼,보수적,263000,99000,건강,"성분, 후기",종근당,종근당 건강관리 162,종근당,건강관리,99000,,3961.0,"종근당 건강관리 상품. 주요 특징: 성분, 후기, 안전성, 건강, 부모님, 회복.",manual,57,5,9,0,N,0.288
female,19,620000,학생,미혼,보수적,118000,19000,청소,"가격, 내구성",다이소,다이소 생활용품 163,다이소,생활용품,19000,,,"다이소 생활용품 상품. 주요 특징: 가격, 내구성, 용량, 생활, 청소, 가정.",manual,3,4,18,4,N,0.252
female,54,2830000,주부,기혼,보수적,252000,625000,소장,"희소성, 감성",구찌,구찌 명품 164,구찌,명품,625000,,3197.0,"구찌 명품 상품. 주요 특징: 브랜드, 희소성, 디자인, 선물, 보상, 소장.",user_input,47,6,2,3,Y,0.762
female,52,5190000,공무원,기혼,진보적,1075000,156000,선물,"강의품질, 가격",클래스101,클래스101 교육 165,클래스101,교육,156000,,3432.0,"클래스101 교육 상품. 주요 특징: 강의품질, 가격, 커리큘럼, 공부, 취업, 자기계발.",image_estimate,43,1,17,4,N,0.41
female,58,2060000,은퇴자,기혼,진보적,172000,60000,부모님,"성분, 후기",정관장,정관장 건강관리 166,정관장,건강관리,60000,,154.0,"정관장 건강관리 상품. 주요 특징: 성분, 후기, 안전성, 건강, 부모님, 회복.",manual,35,0,15,3,N,0.238
female,24,3960000,프리랜서,미혼,보수적,464000,3608000,소장,"브랜드, 희소성",샤넬,샤넬 명품 167,샤넬,명품,3608000,,2704.0,"샤넬 명품 상품. 주요 특징: 브랜드, 희소성, 디자인, 선물, 보상, 소장.",user_input,47,14,9,10,Y,0.712
male,56,5100000,공무원,미혼,보수적,986000,114000,생활,"희소성, 감성",구찌,3M 생활용품 168,3M,생활용품,114000,4.45,2315.0,"3M 생활용품 상품. 주요 특징: 가격, 내구성, 용량, 생활, 청소, 가정.",image_estimate,44,2,0,4,N,0.448
male,55,6900000,전문직,미혼,진보적,1384000,102000,생활,"가격, 내구성",3M,3M 생활용품 169,3M,생활용품,102000,,759.0,"3M 생활용품 상품. 주요 특징: 가격, 내구성, 용량, 생활, 청소, 가정.",naver_api,49,4,11,1,N,0.249
male,26,740000,취업준비생,기혼,보수적,127000,48000,소장,"성분, 가격",애플,설화수 화장품 170,설화수,화장품,48000,,277.0,"설화수 화장품 상품. 주요 특징: 성분, 가격, 후기, 피부관리, 선물, 데일리.",image_estimate,34,3,9,4,N,0.528
male,44,4720000,사무직,기혼,진보적,986000,6000,식사,"가격, 신선도",클래스101,CJ 식품 171,CJ,식품,6000,4.54,,"CJ 식품 상품. 주요 특징: 가격, 신선도, 배송, 생활, 식사, 가족.",user_input,5,1,2,1,N,0.323
male,24,610000,학생,미혼,진보적,76000,18000,생활,"가격, 신선도",종근당,CJ 식품 172,CJ,식품,18000,4.22,1081.0,"CJ 식품 상품. 주요 특징: 가격, 신선도, 배송, 생활, 식사, 가족.",manual,40,0,14,0,N,0.295
male,25,5390000,프리랜서,미혼,보수적,349000,13000,식사,"가격, 신선도",정관장,오뚜기 식품 173,오뚜기,식품,13000,4.58,,"오뚜기 식품 상품. 주요 특징: 가격, 신선도, 배송, 생활, 식사, 가족.",crawler,10,5,19,2,N,0.29
male,60,6420000,자영업,기혼,보수적,1379000,1264000,선물,"내구성, 크기",리바트,리바트 가구 174,리바트,가구,1264000,,,"리바트 가구 상품. 주요 특징: 내구성, 크기, 디자인, 이사, 인테리어, 생활.",manual,7,2,15,3,Y,0.473
female,27,4530000,사무직,기혼,진보적,501000,125000,업무,"성능, 배터리",라네즈,삼성 전자기기 175,삼성,전자기기,125000,4.82,2136.0,"삼성 전자기기 상품. 주요 특징: 성능, 배터리, 휴대성, 업무, 공부, 게임, 콘텐츠.",image_estimate,41,0,19,2,N,0.293
male,27,670000,학생,미혼,진보적,147000,273000,이사,"희소성, 감성",소니,이케아 가구 176,이케아,가구,273000,4.84,2007.0,"이케아 가구 상품. 주요 특징: 내구성, 크기, 디자인, 이사, 인테리어, 생활.",naver_api,50,5,14,5,Y,0.644
male,33,5650000,사무직,기혼,보수적,863000,8000,유행,"가격, 신선도",애플,동원 식품 177,동원,식품,8000,,2683.0,"동원 식품 상품. 주요 특징: 가격, 신선도, 배송, 생활, 식사, 가족.",image_estimate,44,5,1,0,N,0.482
female,26,3400000,프리랜서,미혼,보수적,574000,399000,데이트,"희소성, 감성",ZARA,ZARA 패션 178,ZARA,패션,399000,3.56,,"ZARA 패션 상품. 주요 특징: 디자인, 착용감, 브랜드, 출근, 데이트, 여행.",crawler,12,4,14,1,N,0.425
female,62,3030000,은퇴자,기혼,보수적,624000,372000,휴식,"성분, 후기",센트룸,센트룸 건강관리 179,센트룸,건강관리,372000,,1348.0,"센트룸 건강관리 상품. 주요 특징: 성분, 후기, 안전성, 건강, 부모님, 회복.",naver_api,38,2,2,2,N,0.474
male,39,8640000,대기업직원,기혼,보수적,770000,1504000,선물,"희소성, 감성",삼성,애플 전자기기 180,애플,전자기기,1504000,3.47,,"애플 전자기기 상품. 주요 특징: 성능, 배터리, 휴대성, 업무, 공부, 게임, 콘텐츠.",manual,2,7,19,2,Y,0.884
female,28,5110000,사무직,기혼,진보적,662000,16000,유행,"가격, 내구성",패스트캠퍼스,유한킴벌리 생활용품 181,유한킴벌리,생활용품,16000,,2708.0,"유한킴벌리 생활용품 상품. 주요 특징: 가격, 내구성, 용량, 생활, 청소, 가정.",crawler,49,3,12,3,N,0.509
female,35,9030000,전문직,기혼,진보적,1162000,749000,자기계발,"희소성, 감성",프라다,클래스101 교육 182,클래스101,교육,749000,,,"클래스101 교육 상품. 주요 특징: 강의품질, 가격, 커리큘럼, 공부, 취업, 자기계발.",image_estimate,16,6,13,4,Y,0.633
female,26,4480000,프리랜서,미혼,보수적,688000,2500000,업무,"성능, 배터리",레노버,레노버 전자기기 183,레노버,전자기기,2500000,4.38,1358.0,"레노버 전자기기 상품. 주요 특징: 성능, 배터리, 휴대성, 업무, 공부, 게임, 콘텐츠.",crawler,37,6,9,4,Y,0.443
female,24,5350000,사무직,미혼,보수적,769000,149000,인테리어,"내구성, 크기",이케아,이케아 가구 184,이케아,가구,149000,3.58,1909.0,"이케아 가구 상품. 주요 특징: 내구성, 크기, 디자인, 이사, 인테리어, 생활.",naver_api,52,1,17,2,N,0.252
male,36,7670000,대기업직원,기혼,진보적,382000,3034000,소장,"브랜드, 희소성",루이비통,루이비통 명품 185,루이비통,명품,3034000,4.23,2734.0,"루이비통 명품 상품. 주요 특징: 브랜드, 희소성, 디자인, 선물, 보상, 소장.",manual,49,5,14,7,Y,0.706
male,58,3600000,은퇴자,미혼,진보적,683000,1759000,휴식,"가격, 일정",마이리얼트립,마이리얼트립 여행 186,마이리얼트립,여행,1759000,4.62,3144.0,"마이리얼트립 여행 상품. 주요 특징: 가격, 일정, 숙소, 휴식, 가족, 기념일.",user_input,51,8,16,4,Y,0.482
female,62,7310000,자영업,미혼,진보적,692000,40000,건강,"희소성, 감성",소니,정관장 건강관리 187,정관장,건강관리,40000,4.48,2550.0,"정관장 건강관리 상품. 주요 특징: 성분, 후기, 안전성, 건강, 부모님, 회복.",manual,42,4,15,2,N,0.447
female,24,540000,학생,미혼,진보적,67000,196000,소장,"희소성, 감성",라네즈,라네즈 화장품 188,라네즈,화장품,196000,4.5,1628.0,"라네즈 화장품 상품. 주요 특징: 성분, 가격, 후기, 피부관리, 선물, 데일리.",image_estimate,43,8,19,5,Y,0.821
male,24,1030000,취업준비생,미혼,진보적,209000,50000,취업,"강의품질, 가격",유한킴벌리,클래스101 교육 189,클래스101,교육,50000,3.68,,"클래스101 교육 상품. 주요 특징: 강의품질, 가격, 커리큘럼, 공부, 취업, 자기계발.",naver_api,11,4,15,4,N,0.326
female,59,3700000,은퇴자,기혼,보수적,741000,19000,가정,"가격, 내구성",CJ,다이소 생활용품 190,다이소,생활용품,19000,4.61,2147.0,"다이소 생활용품 상품. 주요 특징: 가격, 내구성, 용량, 생활, 청소, 가정.",naver_api,53,1,9,0,N,0.477
male,41,3580000,공무원,기혼,진보적,254000,1732000,휴식,"가격, 일정",하나투어,대한항공 여행 191,대한항공,여행,1732000,4.35,30.0,"대한항공 여행 상품. 주요 특징: 가격, 일정, 숙소, 휴식, 가족, 기념일.",image_estimate,32,7,11,7,Y,0.568
male,36,6510000,전문직,기혼,보수적,452000,215000,유행,"내구성, 크기",이케아,이케아 가구 192,이케아,가구,215000,4.13,,"이케아 가구 상품. 주요 특징: 내구성, 크기, 디자인, 이사, 인테리어, 생활.",manual,11,2,20,3,N,0.461
male,46,7510000,대기업직원,미혼,진보적,650000,525000,유행,"성분, 후기",정관장,종근당 건강관리 193,종근당,건강관리,525000,4.36,804.0,"종근당 건강관리 상품. 주요 특징: 성분, 후기, 안전성, 건강, 부모님, 회복.",naver_api,44,4,9,0,Y,0.504
male,45,3410000,주부,기혼,보수적,178000,83000,선물,"내구성, 크기",ZARA,한샘 가구 194,한샘,가구,83000,4.06,1516.0,"한샘 가구 상품. 주요 특징: 내구성, 크기, 디자인, 이사, 인테리어, 생활.",crawler,48,1,17,2,N,0.533
female,27,5700000,대기업직원,미혼,보수적,287000,435000,가족,"가격, 일정",구찌,마이리얼트립 여행 195,마이리얼트립,여행,435000,,3400.0,"마이리얼트립 여행 상품. 주요 특징: 가격, 일정, 숙소, 휴식, 가족, 기념일.",image_estimate,45,5,11,2,N,0.427
male,75,2040000,은퇴자,기혼,보수적,312000,1809000,선물,"브랜드, 희소성",구찌,구찌 명품 196,구찌,명품,1809000,4.74,2822.0,"구찌 명품 상품. 주요 특징: 브랜드, 희소성, 디자인, 선물, 보상, 소장.",crawler,55,15,15,8,Y,0.498
male,41,5350000,자영업,기혼,보수적,940000,987000,기념일,"희소성, 감성",메가스터디,하나투어 여행 197,하나투어,여행,987000,3.67,3678.0,"하나투어 여행 상품. 주요 특징: 가격, 일정, 숙소, 휴식, 가족, 기념일.",crawler,43,7,14,3,Y,0.687
female,61,2910000,은퇴자,기혼,진보적,284000,53000,유행,"희소성, 감성",오뚜기,오뚜기 식품 198,오뚜기,식품,53000,4.25,2143.0,"오뚜기 식품 상품. 주요 특징: 가격, 신선도, 배송, 생활, 식사, 가족.",crawler,40,3,12,3,N,0.535
female,54,9450000,대기업직원,기혼,보수적,1148000,573000,휴식,"가격, 일정",대한항공,대한항공 여행 199,대한항공,여행,573000,4.78,3600.0,"대한항공 여행 상품. 주요 특징: 가격, 일정, 숙소, 휴식, 가족, 기념일.",naver_api,51,2,3,2,Y,0.217
female,50,2310000,주부,기혼,진보적,117000,658000,보상,"브랜드, 희소성",샤넬,샤넬 명품 200,샤넬,명품,658000,4.7,2834.0,"샤넬 명품 상품. 주요 특징: 브랜드, 희소성, 디자인, 선물, 보상, 소장.",user_input,44,8,14,4,Y,0.497
male,36,5050000,프리랜서,미혼,진보적,210000,58000,청소,"가격, 내구성",설화수,다이소 생활용품 201,다이소,생활용품,58000,4.22,2.0,"다이소 생활용품 상품. 주요 특징: 가격, 내구성, 용량, 생활, 청소, 가정.",crawler,10,2,10,1,N,0.308
male,57,6450000,전문직,미혼,보수적,817000,192000,휴식,"희소성, 감성",마이리얼트립,마이리얼트립 여행 202,마이리얼트립,여행,192000,,245.0,"마이리얼트립 여행 상품. 주요 특징: 가격, 일정, 숙소, 휴식, 가족, 기념일.",user_input,34,3,11,0,N,0.411
female,67,3100000,은퇴자,기혼,보수적,126000,319000,생활,"희소성, 감성",한샘,한샘 가구 203,한샘,가구,319000,4.68,,"한샘 가구 상품. 주요 특징: 내구성, 크기, 디자인, 이사, 인테리어, 생활.",crawler,15,4,19,5,N,0.832
male,24,1220000,취업준비생,미혼,진보적,229000,23000,피부관리,"성분, 가격",이니스프리,이니스프리 화장품 204,이니스프리,화장품,23000,4.88,222.0,"이니스프리 화장품 상품. 주요 특징: 성분, 가격, 후기, 피부관리, 선물, 데일리.",image_estimate,32,3,11,3,N,0.237
female,45,3130000,주부,기혼,보수적,442000,11000,가정,"희소성, 감성",구찌,3M 생활용품 205,3M,생활용품,11000,3.87,2392.0,"3M 생활용품 상품. 주요 특징: 가격, 내구성, 용량, 생활, 청소, 가정.",user_input,40,0,12,2,N,0.656
male,45,5460000,프리랜서,기혼,진보적,621000,6449000,공부,"성능, 배터리",프라다,애플 전자기기 206,애플,전자기기,6449000,4.43,2874.0,"애플 전자기기 상품. 주요 특징: 성능, 배터리, 휴대성, 업무, 공부, 게임, 콘텐츠.",crawler,53,14,21,14,Y,0.563
male,37,3540000,프리랜서,기혼,진보적,772000,777000,유행,"희소성, 감성",아디다스,대한항공 여행 207,대한항공,여행,777000,3.23,1581.0,"대한항공 여행 상품. 주요 특징: 가격, 일정, 숙소, 휴식, 가족, 기념일.",user_input,51,3,17,3,Y,0.665
female,36,2000000,주부,미혼,진보적,326000,451000,선물,"내구성, 크기",리바트,리바트 가구 208,리바트,가구,451000,4.73,1870.0,"리바트 가구 상품. 주요 특징: 내구성, 크기, 디자인, 이사, 인테리어, 생활.",user_input,49,5,17,2,Y,0.561
female,52,5650000,사무직,기혼,보수적,1214000,7000,식사,"가격, 신선도",메가스터디,동원 식품 209,동원,식품,7000,3.8,2679.0,"동원 식품 상품. 주요 특징: 가격, 신선도, 배송, 생활, 식사, 가족.",image_estimate,50,4,10,1,N,0.274
female,35,7970000,대기업직원,미혼,진보적,1666000,2620000,선물,"브랜드, 희소성",하나투어,샤넬 명품 210,샤넬,명품,2620000,,,"샤넬 명품 상품. 주요 특징: 브랜드, 희소성, 디자인, 선물, 보상, 소장.",crawler,3,7,14,5,Y,0.513
male,25,570000,학생,미혼,보수적,42000,890000,선물,"브랜드, 희소성",유한킴벌리,루이비통 명품 211,루이비통,명품,890000,3.96,3014.0,"루이비통 명품 상품. 주요 특징: 브랜드, 희소성, 디자인, 선물, 보상, 소장.",naver_api,51,21,21,12,Y,0.583
female,52,2220000,주부,미혼,진보적,306000,463000,소장,"내구성, 크기",다이소,한샘 가구 212,한샘,가구,463000,,744.0,"한샘 가구 상품. 주요 특징: 내구성, 크기, 디자인, 이사, 인테리어, 생활.",manual,37,3,15,4,Y,0.65
male,23,630000,학생,미혼,진보적,125000,5256000,콘텐츠,"희소성, 감성",메가스터디,삼성 전자기기 213,삼성,전자기기,5256000,4.0,3996.0,"삼성 전자기기 상품. 주요 특징: 성능, 배터리, 휴대성, 업무, 공부, 게임, 콘텐츠.",naver_api,56,60,12,60,Y,0.872
male,35,5270000,공무원,미혼,진보적,201000,42000,피부관리,"성분, 가격",라네즈,라네즈 화장품 214,라네즈,화장품,42000,3.9,,"라네즈 화장품 상품. 주요 특징: 성분, 가격, 후기, 피부관리, 선물, 데일리.",user_input,15,2,12,5,N,0.278
female,31,1200000,취업준비생,기혼,보수적,92000,1100000,생활,"희소성, 감성",아디다스,리바트 가구 215,리바트,가구,1100000,4.14,1001.0,"리바트 가구 상품. 주요 특징: 내구성, 크기, 디자인, 이사, 인테리어, 생활.",crawler,42,16,0,10,Y,0.895
male,25,1180000,취업준비생,미혼,진보적,121000,284000,소장,"가격, 일정",마이리얼트립,마이리얼트립 여행 216,마이리얼트립,여행,284000,4.16,1548.0,"마이리얼트립 여행 상품. 주요 특징: 가격, 일정, 숙소, 휴식, 가족, 기념일.",crawler,43,7,13,5,Y,0.681
female,52,1880000,주부,기혼,보수적,345000,6302000,콘텐츠,"성능, 배터리",설화수,소니 전자기기 217,소니,전자기기,6302000,3.65,3761.0,"소니 전자기기 상품. 주요 특징: 성능, 배터리, 휴대성, 업무, 공부, 게임, 콘텐츠.",manual,54,42,17,29,Y,0.722
female,25,5510000,프리랜서,미혼,보수적,301000,94000,휴식,"성분, 가격",유한킴벌리,이니스프리 화장품 218,이니스프리,화장품,94000,3.29,,"이니스프리 화장품 상품. 주요 특징: 성분, 가격, 후기, 피부관리, 선물, 데일리.",naver_api,8,2,21,2,N,0.531
female,45,5770000,프리랜서,기혼,진보적,280000,51000,휴식,"가격, 신선도",오뚜기,오뚜기 식품 219,오뚜기,식품,51000,,3686.0,"오뚜기 식품 상품. 주요 특징: 가격, 신선도, 배송, 생활, 식사, 가족.",naver_api,56,5,15,4,N,0.404
male,58,4960000,공무원,미혼,보수적,405000,2403000,보상,"희소성, 감성",LG,프라다 명품 220,프라다,명품,2403000,3.89,3646.0,"프라다 명품 상품. 주요 특징: 브랜드, 희소성, 디자인, 선물, 보상, 소장.",manual,45,5,10,5,Y,0.686
male,24,4260000,사무직,미혼,보수적,236000,68000,부모님,"희소성, 감성",센트룸,센트룸 건강관리 221,센트룸,건강관리,68000,,441.0,"센트룸 건강관리 상품. 주요 특징: 성분, 후기, 안전성, 건강, 부모님, 회복.",crawler,42,5,16,1,N,0.394
female,20,650000,학생,미혼,진보적,115000,262000,부모님,"성분, 후기",정관장,정관장 건강관리 222,정관장,건강관리,262000,4.1,3172.0,"정관장 건강관리 상품. 주요 특징: 성분, 후기, 안전성, 건강, 부모님, 회복.",crawler,51,10,19,5,Y,0.482
female,32,2920000,주부,기혼,진보적,447000,14000,유행,"가격, 신선도",샤넬,오뚜기 식품 223,오뚜기,식품,14000,4.56,,"오뚜기 식품 상품. 주요 특징: 가격, 신선도, 배송, 생활, 식사, 가족.",user_input,11,0,22,4,N,0.462
male,32,920000,취업준비생,미혼,보수적,53000,16000,청소,"가격, 내구성",다이소,다이소 생활용품 224,다이소,생활용품,16000,3.97,2607.0,"다이소 생활용품 상품. 주요 특징: 가격, 내구성, 용량, 생활, 청소, 가정.",naver_api,45,1,22,4,N,0.233
female,54,3790000,공무원,미혼,진보적,231000,12000,선물,"가격, 신선도",프라다,오뚜기 식품 225,오뚜기,식품,12000,,2506.0,"오뚜기 식품 상품. 주요 특징: 가격, 신선도, 배송, 생활, 식사, 가족.",image_estimate,40,0,20,1,N,0.491
male,37,3440000,주부,미혼,진보적,123000,18000,선물,"희소성, 감성",다이소,다이소 생활용품 226,다이소,생활용품,18000,3.8,3291.0,"다이소 생활용품 상품. 주요 특징: 가격, 내구성, 용량, 생활, 청소, 가정.",manual,52,1,12,1,N,0.575
male,43,8760000,전문직,미혼,진보적,1633000,3279000,휴식,"성능, 배터리",LG,LG 전자기기 227,LG,전자기기,3279000,4.86,2129.0,"LG 전자기기 상품. 주요 특징: 성능, 배터리, 휴대성, 업무, 공부, 게임, 콘텐츠.",user_input,49,8,2,6,Y,0.645
male,40,3320000,주부,기혼,진보적,375000,25000,선물,"성분, 가격",3M,설화수 화장품 228,설화수,화장품,25000,,,"설화수 화장품 상품. 주요 특징: 성분, 가격, 후기, 피부관리, 선물, 데일리.",user_input,8,0,20,3,N,0.354
male,27,5200000,프리랜서,미혼,보수적,386000,2480000,휴식,"내구성, 크기",이케아,이케아 가구 229,이케아,가구,2480000,4.81,689.0,"이케아 가구 상품. 주요 특징: 내구성, 크기, 디자인, 이사, 인테리어, 생활.",manual,43,11,13,4,Y,0.68
male,46,6190000,대기업직원,미혼,진보적,1040000,302000,건강,"성분, 후기",센트룸,센트룸 건강관리 230,센트룸,건강관리,302000,4.1,2832.0,"센트룸 건강관리 상품. 주요 특징: 성분, 후기, 안전성, 건강, 부모님, 회복.",image_estimate,49,4,9,5,N,0.273
male,63,3240000,은퇴자,기혼,보수적,491000,41000,생활,"가격, 내구성",ZARA,다이소 생활용품 231,다이소,생활용품,41000,4.37,3014.0,"다이소 생활용품 상품. 주요 특징: 가격, 내구성, 용량, 생활, 청소, 가정.",crawler,48,2,10,0,N,0.293
male,49,4680000,프리랜서,기혼,보수적,675000,3026000,소장,"희소성, 감성",샤넬,샤넬 명품 232,샤넬,명품,3026000,4.1,127.0,"샤넬 명품 상품. 주요 특징: 브랜드, 희소성, 디자인, 선물, 보상, 소장.",manual,34,11,20,10,Y,0.768
female,26,890000,취업준비생,미혼,진보적,92000,5000,유행,"희소성, 감성",ZARA,오뚜기 식품 233,오뚜기,식품,5000,,1046.0,"오뚜기 식품 상품. 주요 특징: 가격, 신선도, 배송, 생활, 식사, 가족.",image_estimate,41,0,21,1,N,0.644
male,38,1960000,주부,미혼,보수적,121000,26000,가족,"희소성, 감성",CJ,CJ 식품 234,CJ,식품,26000,4.17,3770.0,"CJ 식품 상품. 주요 특징: 가격, 신선도, 배송, 생활, 식사, 가족.",user_input,43,2,15,2,N,0.538
female,50,4490000,사무직,기혼,진보적,912000,748000,여행,"디자인, 착용감",동원,아디다스 패션 235,아디다스,패션,748000,4.63,1987.0,"아디다스 패션 상품. 주요 특징: 디자인, 착용감, 브랜드, 출근, 데이트, 여행.",manual,48,2,11,1,Y,0.523
male,24,1210000,취업준비생,미혼,보수적,134000,36000,여행,"디자인, 착용감",COS,COS 패션 236,COS,패션,36000,,2872.0,"COS 패션 상품. 주요 특징: 디자인, 착용감, 브랜드, 출근, 데이트, 여행.",user_input,41,0,12,2,N,0.472
female,37,6090000,공무원,기혼,진보적,1181000,6000,가족,"가격, 신선도",동원,동원 식품 237,동원,식품,6000,4.06,2441.0,"동원 식품 상품. 주요 특징: 가격, 신선도, 배송, 생활, 식사, 가족.",manual,42,2,21,1,N,0.408
male,25,920000,학생,미혼,보수적,150000,42000,소장,"희소성, 감성",COS,오뚜기 식품 238,오뚜기,식품,42000,4.89,,"오뚜기 식품 상품. 주요 특징: 가격, 신선도, 배송, 생활, 식사, 가족.",naver_api,7,2,13,3,N,0.634
male,33,860000,취업준비생,기혼,진보적,167000,1019000,출근,"희소성, 감성",루이비통,COS 패션 239,COS,패션,1019000,4.77,,"COS 패션 상품. 주요 특징: 디자인, 착용감, 브랜드, 출근, 데이트, 여행.",user_input,17,14,22,10,Y,0.708
male,26,810000,취업준비생,미혼,보수적,174000,4679000,휴식,"브랜드, 희소성",프라다,프라다 명품 240,프라다,명품,4679000,3.69,,"프라다 명품 상품. 주요 특징: 브랜드, 희소성, 디자인, 선물, 보상, 소장.",user_input,17,60,20,50,Y,0.732
male,60,2130000,은퇴자,기혼,진보적,419000,3549000,가족,"희소성, 감성",설화수,대한항공 여행 241,대한항공,여행,3549000,3.22,3774.0,"대한항공 여행 상품. 주요 특징: 가격, 일정, 숙소, 휴식, 가족, 기념일.",image_estimate,51,21,10,17,Y,0.699
female,28,4740000,프리랜서,미혼,진보적,235000,574000,선물,"성분, 가격",루이비통,설화수 화장품 242,설화수,화장품,574000,4.83,,"설화수 화장품 상품. 주요 특징: 성분, 가격, 후기, 피부관리, 선물, 데일리.",crawler,14,5,14,1,Y,0.546
male,22,730000,취업준비생,미혼,진보적,59000,99000,소장,"성분, 가격",이니스프리,이니스프리 화장품 243,이니스프리,화장품,99000,4.76,1040.0,"이니스프리 화장품 상품. 주요 특징: 성분, 가격, 후기, 피부관리, 선물, 데일리.",crawler,44,4,12,5,N,0.527
male,58,2610000,은퇴자,미혼,보수적,85000,77000,피부관리,"성분, 가격",라네즈,라네즈 화장품 244,라네즈,화장품,77000,3.7,3420.0,"라네즈 화장품 상품. 주요 특징: 성분, 가격, 후기, 피부관리, 선물, 데일리.",manual,52,2,22,4,N,0.207
male,33,5600000,공무원,기혼,진보적,285000,107000,여행,"희소성, 감성",ZARA,ZARA 패션 245,ZARA,패션,107000,,3318.0,"ZARA 패션 상품. 주요 특징: 디자인, 착용감, 브랜드, 출근, 데이트, 여행.",manual,48,0,16,2,N,0.567
male,42,4650000,사무직,기혼,보수적,447000,4009000,보상,"희소성, 감성",루이비통,루이비통 명품 246,루이비통,명품,4009000,3.5,225.0,"루이비통 명품 상품. 주요 특징: 브랜드, 희소성, 디자인, 선물, 보상, 소장.",crawler,30,14,18,7,Y,0.568
female,64,5490000,자영업,기혼,보수적,1179000,168000,휴식,"성분, 가격",한샘,설화수 화장품 247,설화수,화장품,168000,3.52,3531.0,"설화수 화장품 상품. 주요 특징: 성분, 가격, 후기, 피부관리, 선물, 데일리.",user_input,44,5,14,0,N,0.497
male,60,7440000,전문직,기혼,보수적,943000,190000,업무,"희소성, 감성",삼성,삼성 전자기기 248,삼성,전자기기,190000,3.74,274.0,"삼성 전자기기 상품. 주요 특징: 성능, 배터리, 휴대성, 업무, 공부, 게임, 콘텐츠.",crawler,33,0,19,0,N,0.367
female,57,2000000,주부,기혼,진보적,403000,6712000,공부,"성능, 배터리",COS,애플 전자기기 249,애플,전자기기,6712000,3.54,1293.0,"애플 전자기기 상품. 주요 특징: 성능, 배터리, 휴대성, 업무, 공부, 게임, 콘텐츠.",crawler,42,44,14,29,Y,0.539
male,61,3230000,은퇴자,미혼,보수적,427000,481000,데이트,"디자인, 착용감",다이소,COS 패션 250,COS,패션,481000,3.85,1604.0,"COS 패션 상품. 주요 특징: 디자인, 착용감, 브랜드, 출근, 데이트, 여행.",crawler,51,4,16,6,N,0.428
female,27,5410000,대기업직원,미혼,보수적,914000,633000,선물,"디자인, 착용감",센트룸,나이키 패션 251,나이키,패션,633000,3.83,3626.0,"나이키 패션 상품. 주요 특징: 디자인, 착용감, 브랜드, 출근, 데이트, 여행.",crawler,43,1,16,2,Y,0.56
female,50,3420000,사무직,기혼,보수적,631000,46000,소장,"성분, 후기",구찌,종근당 건강관리 252,종근당,건강관리,46000,3.84,2583.0,"종근당 건강관리 상품. 주요 특징: 성분, 후기, 안전성, 건강, 부모님, 회복.",naver_api,55,1,22,4,N,0.572
male,68,3060000,은퇴자,미혼,보수적,474000,114000,휴식,"성분, 후기",이케아,정관장 건강관리 253,정관장,건강관리,114000,,2715.0,"정관장 건강관리 상품. 주요 특징: 성분, 후기, 안전성, 건강, 부모님, 회복.",crawler,40,1,16,3,N,0.565
female,36,6130000,대기업직원,기혼,진보적,459000,96000,유행,"성분, 후기",종근당,종근당 건강관리 254,종근당,건강관리,96000,,3117.0,"종근당 건강관리 상품. 주요 특징: 성분, 후기, 안전성, 건강, 부모님, 회복.",crawler,42,4,0,0,N,0.459
female,35,7680000,전문직,기혼,진보적,1416000,2218000,선물,"희소성, 감성",구찌,하나투어 여행 255,하나투어,여행,2218000,3.93,,"하나투어 여행 상품. 주요 특징: 가격, 일정, 숙소, 휴식, 가족, 기념일.",naver_api,13,4,16,3,Y,0.774
female,37,4750000,자영업,미혼,보수적,882000,50000,선물,"성분, 가격",종근당,라네즈 화장품 256,라네즈,화장품,50000,4.49,766.0,"라네즈 화장품 상품. 주요 특징: 성분, 가격, 후기, 피부관리, 선물, 데일리.",user_input,46,0,20,0,N,0.345
male,20,930000,학생,미혼,진보적,48000,7000,청소,"희소성, 감성",유한킴벌리,유한킴벌리 생활용품 257,유한킴벌리,생활용품,7000,3.6,,"유한킴벌리 생활용품 상품. 주요 특징: 가격, 내구성, 용량, 생활, 청소, 가정.",user_input,12,1,18,4,N,0.413
female,67,2820000,은퇴자,기혼,보수적,347000,7000,휴식,"희소성, 감성",동원,동원 식품 258,동원,식품,7000,4.09,3664.0,"동원 식품 상품. 주요 특징: 가격, 신선도, 배송, 생활, 식사, 가족.",image_estimate,43,4,16,1,N,0.545
female,42,7320000,자영업,기혼,보수적,1314000,202000,휴식,"희소성, 감성",나이키,나이키 패션 259,나이키,패션,202000,,,"나이키 패션 상품. 주요 특징: 디자인, 착용감, 브랜드, 출근, 데이트, 여행.",manual,14,0,3,1,N,0.57
female,29,620000,학생,미혼,진보적,59000,66000,소장,"가격, 신선도",CJ,CJ 식품 260,CJ,식품,66000,4.13,,"CJ 식품 상품. 주요 특징: 가격, 신선도, 배송, 생활, 식사, 가족.",user_input,13,4,15,2,N,0.462
female,36,8540000,대기업직원,미혼,진보적,752000,62000,청소,"가격, 내구성",프라다,유한킴벌리 생활용품 261,유한킴벌리,생활용품,62000,4.22,,"유한킴벌리 생활용품 상품. 주요 특징: 가격, 내구성, 용량, 생활, 청소, 가정.",crawler,15,3,10,4,N,0.298
female,36,5660000,프리랜서,미혼,보수적,857000,387000,피부관리,"성분, 가격",설화수,설화수 화장품 262,설화수,화장품,387000,3.31,,"설화수 화장품 상품. 주요 특징: 성분, 가격, 후기, 피부관리, 선물, 데일리.",image_estimate,14,5,1,2,N,0.208
male,44,7090000,자영업,미혼,보수적,243000,1232000,소장,"브랜드, 희소성",삼성,구찌 명품 263,구찌,명품,1232000,3.23,2311.0,"구찌 명품 상품. 주요 특징: 브랜드, 희소성, 디자인, 선물, 보상, 소장.",naver_api,45,4,22,4,Y,0.804
female,20,750000,학생,미혼,진보적,107000,13000,청소,"가격, 내구성",유한킴벌리,유한킴벌리 생활용품 264,유한킴벌리,생활용품,13000,3.99,2092.0,"유한킴벌리 생활용품 상품. 주요 특징: 가격, 내구성, 용량, 생활, 청소, 가정.",manual,39,5,15,1,N,0.197
male,41,8660000,대기업직원,기혼,진보적,695000,7000,청소,"가격, 내구성",3M,3M 생활용품 265,3M,생활용품,7000,4.32,916.0,"3M 생활용품 상품. 주요 특징: 가격, 내구성, 용량, 생활, 청소, 가정.",crawler,49,4,15,3,N,0.198
female,31,7290000,전문직,미혼,진보적,301000,335000,회복,"성분, 후기",종근당,종근당 건강관리 266,종근당,건강관리,335000,3.39,266.0,"종근당 건강관리 상품. 주요 특징: 성분, 후기, 안전성, 건강, 부모님, 회복.",manual,39,1,9,2,N,0.458
female,72,3340000,은퇴자,기혼,보수적,280000,777000,유행,"브랜드, 희소성",정관장,루이비통 명품 267,루이비통,명품,777000,,1719.0,"루이비통 명품 상품. 주요 특징: 브랜드, 희소성, 디자인, 선물, 보상, 소장.",crawler,48,7,19,5,Y,0.82
male,63,2450000,은퇴자,기혼,보수적,212000,116000,선물,"희소성, 감성",ZARA,클래스101 교육 268,클래스101,교육,116000,4.05,2601.0,"클래스101 교육 상품. 주요 특징: 강의품질, 가격, 커리큘럼, 공부, 취업, 자기계발.",crawler,40,3,11,3,N,0.637
female,32,5500000,프리랜서,기혼,보수적,593000,41000,식사,"가격, 신선도",오뚜기,오뚜기 식품 269,오뚜기,식품,41000,4.81,,"오뚜기 식품 상품. 주요 특징: 가격, 신선도, 배송, 생활, 식사, 가족.",naver_api,13,4,13,3,N,0.212
male,61,5420000,자영업,기혼,보수적,450000,96000,공부,"강의품질, 가격",이케아,클래스101 교육 270,클래스101,교육,96000,,91.0,"클래스101 교육 상품. 주요 특징: 강의품질, 가격, 커리큘럼, 공부, 취업, 자기계발.",user_input,35,1,15,2,N,0.279
male,24,4560000,프리랜서,미혼,보수적,209000,12000,청소,"가격, 내구성",3M,3M 생활용품 271,3M,생활용품,12000,,1206.0,"3M 생활용품 상품. 주요 특징: 가격, 내구성, 용량, 생활, 청소, 가정.",naver_api,38,2,3,4,N,0.231
female,41,5660000,프리랜서,미혼,보수적,820000,375000,선물,"내구성, 크기",하나투어,이케아 가구 272,이케아,가구,375000,,573.0,"이케아 가구 상품. 주요 특징: 내구성, 크기, 디자인, 이사, 인테리어, 생활.",image_estimate,37,4,16,4,N,0.535
female,60,10780000,전문직,기혼,진보적,1504000,665000,소장,"성능, 배터리",삼성,삼성 전자기기 273,삼성,전자기기,665000,3.93,1581.0,"삼성 전자기기 상품. 주요 특징: 성능, 배터리, 휴대성, 업무, 공부, 게임, 콘텐츠.",crawler,48,3,14,3,Y,0.39
female,25,890000,학생,미혼,진보적,87000,213000,공부,"희소성, 감성",패스트캠퍼스,패스트캠퍼스 교육 274,패스트캠퍼스,교육,213000,3.88,,"패스트캠퍼스 교육 상품. 주요 특징: 강의품질, 가격, 커리큘럼, 공부, 취업, 자기계발.",crawler,8,6,11,2,Y,0.641
male,26,9720000,대기업직원,미혼,진보적,484000,2180000,기념일,"가격, 일정",종근당,대한항공 여행 275,대한항공,여행,2180000,4.05,3070.0,"대한항공 여행 상품. 주요 특징: 가격, 일정, 숙소, 휴식, 가족, 기념일.",user_input,51,7,15,2,Y,0.71
male,34,2560000,주부,미혼,보수적,434000,157000,선물,"희소성, 감성",리바트,리바트 가구 276,리바트,가구,157000,3.42,,"리바트 가구 상품. 주요 특징: 내구성, 크기, 디자인, 이사, 인테리어, 생활.",user_input,14,2,3,4,N,0.563
female,36,5220000,대기업직원,미혼,보수적,238000,124000,취업,"희소성, 감성",다이소,메가스터디 교육 277,메가스터디,교육,124000,4.74,577.0,"메가스터디 교육 상품. 주요 특징: 강의품질, 가격, 커리큘럼, 공부, 취업, 자기계발.",manual,47,3,13,4,N,0.405
female,19,680000,학생,기혼,진보적,75000,685000,소장,"성분, 후기",애플,정관장 건강관리 278,정관장,건강관리,685000,,3902.0,"정관장 건강관리 상품. 주요 특징: 성분, 후기, 안전성, 건강, 부모님, 회복.",image_estimate,43,14,10,8,Y,0.731
female,37,4080000,공무원,미혼,보수적,489000,637000,휴식,"가격, 일정",하나투어,하나투어 여행 279,하나투어,여행,637000,,,"하나투어 여행 상품. 주요 특징: 가격, 일정, 숙소, 휴식, 가족, 기념일.",naver_api,16,7,10,4,Y,0.31
male,34,3450000,주부,기혼,보수적,502000,197000,데일리,"성분, 가격",하나투어,이니스프리 화장품 280,이니스프리,화장품,197000,3.65,,"이니스프리 화장품 상품. 주요 특징: 성분, 가격, 후기, 피부관리, 선물, 데일리.",naver_api,13,2,18,1,N,0.513
female,54,8930000,대기업직원,기혼,진보적,1339000,2578000,인테리어,"희소성, 감성",프라다,리바트 가구 281,리바트,가구,2578000,,,"리바트 가구 상품. 주요 특징: 내구성, 크기, 디자인, 이사, 인테리어, 생활.",crawler,15,7,14,6,Y,0.668
male,40,8370000,전문직,미혼,진보적,651000,132000,인테리어,"내구성, 크기",리바트,리바트 가구 282,리바트,가구,132000,4.21,,"리바트 가구 상품. 주요 특징: 내구성, 크기, 디자인, 이사, 인테리어, 생활.",user_input,17,1,22,2,N,0.283
female,43,5490000,사무직,미혼,진보적,198000,451000,선물,"강의품질, 가격",패스트캠퍼스,패스트캠퍼스 교육 283,패스트캠퍼스,교육,451000,,2290.0,"패스트캠퍼스 교육 상품. 주요 특징: 강의품질, 가격, 커리큘럼, 공부, 취업, 자기계발.",user_input,54,5,13,1,N,0.649
female,29,710000,학생,미혼,진보적,146000,52000,건강,"희소성, 감성",종근당,종근당 건강관리 284,종근당,건강관리,52000,3.46,129.0,"종근당 건강관리 상품. 주요 특징: 성분, 후기, 안전성, 건강, 부모님, 회복.",naver_api,39,6,0,1,N,0.389
female,24,4400000,프리랜서,기혼,진보적,336000,66000,선물,"내구성, 크기",리바트,이케아 가구 285,이케아,가구,66000,4.82,3788.0,"이케아 가구 상품. 주요 특징: 내구성, 크기, 디자인, 이사, 인테리어, 생활.",user_input,52,4,17,4,N,0.552
male,64,4270000,자영업,미혼,진보적,300000,1869000,건강,"희소성, 감성",센트룸,센트룸 건강관리 286,센트룸,건강관리,1869000,,714.0,"센트룸 건강관리 상품. 주요 특징: 성분, 후기, 안전성, 건강, 부모님, 회복.",image_estimate,37,10,0,6,Y,0.619
male,42,6820000,대기업직원,미혼,진보적,1481000,2070000,부모님,"성분, 후기",샤넬,종근당 건강관리 287,종근당,건강관리,2070000,4.53,1926.0,"종근당 건강관리 상품. 주요 특징: 성분, 후기, 안전성, 건강, 부모님, 회복.",manual,42,5,19,6,Y,0.445
female,48,4980000,프리랜서,기혼,보수적,934000,2136000,유행,"희소성, 감성",프라다,프라다 명품 288,프라다,명품,2136000,3.64,2063.0,"프라다 명품 상품. 주요 특징: 브랜드, 희소성, 디자인, 선물, 보상, 소장.",user_input,53,8,15,6,Y,0.721
male,43,4820000,공무원,기혼,보수적,538000,10000,선물,"가격, 내구성",프라다,3M 생활용품 289,3M,생활용품,10000,4.01,464.0,"3M 생활용품 상품. 주요 특징: 가격, 내구성, 용량, 생활, 청소, 가정.",naver_api,44,2,10,3,N,0.467
female,44,4640000,사무직,기혼,진보적,493000,2668000,보상,"브랜드, 희소성",마이리얼트립,프라다 명품 290,프라다,명품,2668000,4.39,948.0,"프라다 명품 상품. 주요 특징: 브랜드, 희소성, 디자인, 선물, 보상, 소장.",crawler,37,12,21,6,Y,0.586
female,62,3330000,은퇴자,기혼,보수적,125000,514000,기념일,"가격, 일정",마이리얼트립,마이리얼트립 여행 291,마이리얼트립,여행,514000,4.39,,"마이리얼트립 여행 상품. 주요 특징: 가격, 일정, 숙소, 휴식, 가족, 기념일.",user_input,5,5,12,2,Y,0.711
male,73,3150000,은퇴자,기혼,보수적,376000,193000,소장,"성능, 배터리",설화수,LG 전자기기 292,LG,전자기기,193000,4.44,2384.0,"LG 전자기기 상품. 주요 특징: 성능, 배터리, 휴대성, 업무, 공부, 게임, 콘텐츠.",naver_api,52,3,17,4,N,0.52
female,33,5560000,프리랜서,기혼,진보적,991000,381000,휴식,"희소성, 감성",루이비통,루이비통 명품 293,루이비통,명품,381000,3.95,3127.0,"루이비통 명품 상품. 주요 특징: 브랜드, 희소성, 디자인, 선물, 보상, 소장.",crawler,42,2,3,0,N,0.59
male,38,5560000,사무직,기혼,보수적,994000,139000,취업,"희소성, 감성",이케아,메가스터디 교육 294,메가스터디,교육,139000,,,"메가스터디 교육 상품. 주요 특징: 강의품질, 가격, 커리큘럼, 공부, 취업, 자기계발.",image_estimate,4,2,9,2,N,0.494
female,47,7220000,자영업,기혼,진보적,1165000,34000,소장,"희소성, 감성",다이소,ZARA 패션 295,ZARA,패션,34000,3.78,971.0,"ZARA 패션 상품. 주요 특징: 디자인, 착용감, 브랜드, 출근, 데이트, 여행.",naver_api,40,0,11,1,N,0.63
female,26,520000,학생,기혼,진보적,35000,4686000,선물,"브랜드, 희소성",클래스101,프라다 명품 296,프라다,명품,4686000,3.92,3970.0,"프라다 명품 상품. 주요 특징: 브랜드, 희소성, 디자인, 선물, 보상, 소장.",naver_api,56,60,22,60,Y,0.632
male,32,760000,취업준비생,기혼,보수적,164000,131000,휴식,"성능, 배터리",종근당,LG 전자기기 297,LG,전자기기,131000,,79.0,"LG 전자기기 상품. 주요 특징: 성능, 배터리, 휴대성, 업무, 공부, 게임, 콘텐츠.",image_estimate,26,7,10,1,N,0.478
female,41,4910000,공무원,기혼,진보적,450000,95000,휴식,"희소성, 감성",유한킴벌리,유한킴벌리 생활용품 298,유한킴벌리,생활용품,95000,3.33,3626.0,"유한킴벌리 생활용품 상품. 주요 특징: 가격, 내구성, 용량, 생활, 청소, 가정.",user_input,48,2,15,0,N,0.52
male,37,3340000,사무직,기혼,보수적,436000,44000,가족,"가격, 신선도",CJ,CJ 식품 299,CJ,식품,44000,3.7,1875.0,"CJ 식품 상품. 주요 특징: 가격, 신선도, 배송, 생활, 식사, 가족.",crawler,39,4,9,1,N,0.422
female,47,8400000,대기업직원,기혼,보수적,1694000,22000,유행,"성분, 가격",LG,이니스프리 화장품 300,이니스프리,화장품,22000,,2039.0,"이니스프리 화장품 상품. 주요 특징: 성분, 가격, 후기, 피부관리, 선물, 데일리.",user_input,46,1,1,4,N,0.522
male,47,3630000,공무원,미혼,진보적,114000,1221000,생활,"내구성, 크기",리바트,리바트 가구 301,리바트,가구,1221000,4.11,,"리바트 가구 상품. 주요 특징: 내구성, 크기, 디자인, 이사, 인테리어, 생활.",naver_api,3,5,16,7,Y,0.694
male,57,5880000,대기업직원,기혼,보수적,1138000,17000,소장,"성분, 가격",소니,이니스프리 화장품 302,이니스프리,화장품,17000,3.8,2223.0,"이니스프리 화장품 상품. 주요 특징: 성분, 가격, 후기, 피부관리, 선물, 데일리.",image_estimate,46,5,18,1,N,0.501
female,39,3810000,프리랜서,미혼,보수적,793000,36000,자기계발,"강의품질, 가격",패스트캠퍼스,패스트캠퍼스 교육 303,패스트캠퍼스,교육,36000,3.9,3526.0,"패스트캠퍼스 교육 상품. 주요 특징: 강의품질, 가격, 커리큘럼, 공부, 취업, 자기계발.",user_input,46,5,17,4,N,0.411
female,46,7890000,대기업직원,미혼,보수적,720000,50000,데일리,"성분, 가격",마이리얼트립,라네즈 화장품 304,라네즈,화장품,50000,3.27,,"라네즈 화장품 상품. 주요 특징: 성분, 가격, 후기, 피부관리, 선물, 데일리.",user_input,16,5,21,4,N,0.537
female,50,9090000,대기업직원,기혼,보수적,895000,164000,데이트,"디자인, 착용감",대한항공,ZARA 패션 305,ZARA,패션,164000,4.85,1733.0,"ZARA 패션 상품. 주요 특징: 디자인, 착용감, 브랜드, 출근, 데이트, 여행.",image_estimate,49,1,14,5,N,0.36
male,33,6410000,대기업직원,미혼,진보적,1408000,186000,소장,"희소성, 감성",이케아,이케아 가구 306,이케아,가구,186000,,504.0,"이케아 가구 상품. 주요 특징: 내구성, 크기, 디자인, 이사, 인테리어, 생활.",naver_api,47,4,11,3,N,0.544
female,23,730000,학생,미혼,보수적,150000,28000,유행,"가격, 내구성",다이소,다이소 생활용품 307,다이소,생활용품,28000,,327.0,"다이소 생활용품 상품. 주요 특징: 가격, 내구성, 용량, 생활, 청소, 가정.",image_estimate,41,0,22,0,N,0.444
female,60,4190000,공무원,기혼,진보적,503000,3496000,업무,"희소성, 감성",구찌,삼성 전자기기 308,삼성,전자기기,3496000,4.09,3202.0,"삼성 전자기기 상품. 주요 특징: 성능, 배터리, 휴대성, 업무, 공부, 게임, 콘텐츠.",image_estimate,46,10,9,8,Y,0.696
male,29,510000,학생,기혼,보수적,93000,75000,소장,"가격, 신선도",마이리얼트립,동원 식품 309,동원,식품,75000,4.12,,"동원 식품 상품. 주요 특징: 가격, 신선도, 배송, 생활, 식사, 가족.",naver_api,10,4,10,3,N,0.494
male,73,2920000,은퇴자,미혼,보수적,592000,246000,출근,"희소성, 감성",ZARA,COS 패션 310,COS,패션,246000,3.2,1233.0,"COS 패션 상품. 주요 특징: 디자인, 착용감, 브랜드, 출근, 데이트, 여행.",naver_api,43,4,12,1,N,0.475
male,61,6140000,자영업,기혼,진보적,763000,33000,회복,"성분, 후기",센트룸,종근당 건강관리 311,종근당,건강관리,33000,3.82,3078.0,"종근당 건강관리 상품. 주요 특징: 성분, 후기, 안전성, 건강, 부모님, 회복.",manual,44,5,13,4,N,0.53
female,44,6860000,자영업,미혼,보수적,445000,36000,소장,"성분, 후기",나이키,정관장 건강관리 312,정관장,건강관리,36000,3.61,2404.0,"정관장 건강관리 상품. 주요 특징: 성분, 후기, 안전성, 건강, 부모님, 회복.",naver_api,49,3,22,4,N,0.514
male,41,2780000,주부,기혼,보수적,97000,16000,휴식,"가격, 신선도",동원,동원 식품 313,동원,식품,16000,3.73,,"동원 식품 상품. 주요 특징: 가격, 신선도, 배송, 생활, 식사, 가족.",crawler,14,0,19,2,N,0.472
male,19,510000,학생,미혼,진보적,97000,2258000,이사,"내구성, 크기",한샘,한샘 가구 314,한샘,가구,2258000,3.3,,"한샘 가구 상품. 주요 특징: 내구성, 크기, 디자인, 이사, 인테리어, 생활.",user_input,11,55,20,36,Y,0.547
female,55,5400000,자영업,기혼,진보적,473000,905000,소장,"브랜드, 희소성",유한킴벌리,샤넬 명품 315,샤넬,명품,905000,,2120.0,"샤넬 명품 상품. 주요 특징: 브랜드, 희소성, 디자인, 선물, 보상, 소장.",naver_api,39,3,21,2,Y,0.813
female,43,5320000,사무직,기혼,진보적,468000,13000,데일리,"성분, 가격",설화수,설화수 화장품 316,설화수,화장품,13000,4.66,1832.0,"설화수 화장품 상품. 주요 특징: 성분, 가격, 후기, 피부관리, 선물, 데일리.",crawler,38,3,20,3,N,0.447
male,71,2390000,은퇴자,기혼,보수적,260000,117000,청소,"희소성, 감성",나이키,3M 생활용품 317,3M,생활용품,117000,4.28,608.0,"3M 생활용품 상품. 주요 특징: 가격, 내구성, 용량, 생활, 청소, 가정.",crawler,40,5,10,0,N,0.455
male,29,1180000,취업준비생,미혼,보수적,66000,359000,유행,"희소성, 감성",COS,COS 패션 318,COS,패션,359000,3.37,3751.0,"COS 패션 상품. 주요 특징: 디자인, 착용감, 브랜드, 출근, 데이트, 여행.",crawler,53,8,12,6,Y,0.828
male,54,2090000,주부,기혼,보수적,278000,355000,휴식,"희소성, 감성",레노버,대한항공 여행 319,대한항공,여행,355000,4.83,2583.0,"대한항공 여행 상품. 주요 특징: 가격, 일정, 숙소, 휴식, 가족, 기념일.",crawler,41,4,19,6,N,0.51
female,47,3410000,사무직,미혼,진보적,729000,224000,휴식,"성분, 가격",라네즈,라네즈 화장품 320,라네즈,화장품,224000,3.27,3308.0,"라네즈 화장품 상품. 주요 특징: 성분, 가격, 후기, 피부관리, 선물, 데일리.",image_estimate,48,2,10,4,N,0.429
male,30,11340000,전문직,기혼,보수적,1034000,1511000,유행,"브랜드, 희소성",샤넬,루이비통 명품 321,루이비통,명품,1511000,3.24,534.0,"루이비통 명품 상품. 주요 특징: 브랜드, 희소성, 디자인, 선물, 보상, 소장.",crawler,44,5,22,1,Y,0.692
male,48,6190000,대기업직원,기혼,진보적,640000,2969000,가족,"희소성, 감성",하나투어,하나투어 여행 322,하나투어,여행,2969000,3.65,2048.0,"하나투어 여행 상품. 주요 특징: 가격, 일정, 숙소, 휴식, 가족, 기념일.",user_input,41,7,17,5,Y,0.613
female,27,900000,학생,미혼,보수적,40000,357000,인테리어,"내구성, 크기",한샘,한샘 가구 323,한샘,가구,357000,4.7,2993.0,"한샘 가구 상품. 주요 특징: 내구성, 크기, 디자인, 이사, 인테리어, 생활.",user_input,50,6,22,6,Y,0.493
male,45,4580000,자영업,기혼,보수적,865000,5599000,선물,"브랜드, 희소성",루이비통,루이비통 명품 324,루이비통,명품,5599000,4.43,3216.0,"루이비통 명품 상품. 주요 특징: 브랜드, 희소성, 디자인, 선물, 보상, 소장.",naver_api,52,18,13,10,Y,0.513
female,29,570000,학생,미혼,보수적,44000,749000,출근,"디자인, 착용감",나이키,나이키 패션 325,나이키,패션,749000,3.7,,"나이키 패션 상품. 주요 특징: 디자인, 착용감, 브랜드, 출근, 데이트, 여행.",image_estimate,11,21,21,14,Y,0.529
male,41,4130000,프리랜서,기혼,보수적,272000,2415000,선물,"희소성, 감성",프라다,샤넬 명품 326,샤넬,명품,2415000,4.08,3292.0,"샤넬 명품 상품. 주요 특징: 브랜드, 희소성, 디자인, 선물, 보상, 소장.",manual,56,11,21,6,Y,0.651
female,49,3490000,주부,미혼,진보적,717000,2726000,공부,"희소성, 감성",LG,LG 전자기기 327,LG,전자기기,2726000,4.4,,"LG 전자기기 상품. 주요 특징: 성능, 배터리, 휴대성, 업무, 공부, 게임, 콘텐츠.",crawler,2,14,15,9,Y,0.565
male,32,9270000,전문직,기혼,보수적,807000,401000,소장,"희소성, 감성",메가스터디,메가스터디 교육 328,메가스터디,교육,401000,3.84,2614.0,"메가스터디 교육 상품. 주요 특징: 강의품질, 가격, 커리큘럼, 공부, 취업, 자기계발.",manual,43,1,3,3,N,0.577
female,37,4050000,사무직,기혼,보수적,715000,373000,이사,"내구성, 크기",COS,리바트 가구 329,리바트,가구,373000,3.57,1257.0,"리바트 가구 상품. 주요 특징: 내구성, 크기, 디자인, 이사, 인테리어, 생활.",image_estimate,48,3,21,4,N,0.355
male,59,3770000,은퇴자,미혼,진보적,300000,2112000,소장,"희소성, 감성",마이리얼트립,마이리얼트립 여행 330,마이리얼트립,여행,2112000,3.57,2464.0,"마이리얼트립 여행 상품. 주요 특징: 가격, 일정, 숙소, 휴식, 가족, 기념일.",manual,50,11,16,9,Y,0.801
female,54,4960000,사무직,미혼,진보적,820000,38000,선물,"성분, 가격",종근당,이니스프리 화장품 331,이니스프리,화장품,38000,3.78,1743.0,"이니스프리 화장품 상품. 주요 특징: 성분, 가격, 후기, 피부관리, 선물, 데일리.",manual,46,2,10,1,N,0.301
female,35,4340000,자영업,기혼,보수적,949000,1599000,보상,"브랜드, 희소성",소니,샤넬 명품 332,샤넬,명품,1599000,3.49,2505.0,"샤넬 명품 상품. 주요 특징: 브랜드, 희소성, 디자인, 선물, 보상, 소장.",user_input,52,9,15,7,Y,0.499
male,57,4720000,자영업,미혼,보수적,822000,578000,소장,"희소성, 감성",애플,애플 전자기기 333,애플,전자기기,578000,3.36,3075.0,"애플 전자기기 상품. 주요 특징: 성능, 배터리, 휴대성, 업무, 공부, 게임, 콘텐츠.",naver_api,44,3,11,3,Y,0.576
female,25,1340000,취업준비생,미혼,보수적,225000,394000,여행,"디자인, 착용감",COS,COS 패션 334,COS,패션,394000,3.58,2067.0,"COS 패션 상품. 주요 특징: 디자인, 착용감, 브랜드, 출근, 데이트, 여행.",user_input,51,5,18,6,Y,0.648
male,60,3740000,은퇴자,기혼,보수적,342000,243000,출근,"디자인, 착용감",COS,COS 패션 335,COS,패션,243000,,1659.0,"COS 패션 상품. 주요 특징: 디자인, 착용감, 브랜드, 출근, 데이트, 여행.",crawler,42,4,14,1,N,0.261
female,49,4270000,사무직,기혼,진보적,710000,1632000,가족,"가격, 일정",오뚜기,대한항공 여행 336,대한항공,여행,1632000,4.33,987.0,"대한항공 여행 상품. 주요 특징: 가격, 일정, 숙소, 휴식, 가족, 기념일.",image_estimate,35,8,19,7,Y,0.553
male,41,9800000,전문직,미혼,진보적,1826000,7000,생활,"가격, 신선도",하나투어,오뚜기 식품 337,오뚜기,식품,7000,3.76,,"오뚜기 식품 상품. 주요 특징: 가격, 신선도, 배송, 생활, 식사, 가족.",manual,15,3,3,4,N,0.311
male,28,11410000,전문직,미혼,진보적,368000,125000,콘텐츠,"성능, 배터리",삼성,삼성 전자기기 338,삼성,전자기기,125000,4.55,,"삼성 전자기기 상품. 주요 특징: 성능, 배터리, 휴대성, 업무, 공부, 게임, 콘텐츠.",naver_api,16,3,18,2,N,0.46
female,49,8350000,대기업직원,기혼,보수적,1139000,1952000,가족,"희소성, 감성",대한항공,대한항공 여행 339,대한항공,여행,1952000,,,"대한항공 여행 상품. 주요 특징: 가격, 일정, 숙소, 휴식, 가족, 기념일.",crawler,13,3,14,5,Y,0.565
female,31,3960000,공무원,미혼,진보적,333000,127000,데일리,"희소성, 감성",설화수,설화수 화장품 340,설화수,화장품,127000,4.49,,"설화수 화장품 상품. 주요 특징: 성분, 가격, 후기, 피부관리, 선물, 데일리.",image_estimate,4,4,20,0,N,0.607
male,32,1210000,취업준비생,기혼,보수적,73000,16000,생활,"가격, 내구성",애플,다이소 생활용품 341,다이소,생활용품,16000,4.24,,"다이소 생활용품 상품. 주요 특징: 가격, 내구성, 용량, 생활, 청소, 가정.",manual,3,5,20,3,N,0.337
male,68,2740000,은퇴자,기혼,보수적,110000,17000,휴식,"성분, 가격",애플,라네즈 화장품 342,라네즈,화장품,17000,4.62,3647.0,"라네즈 화장품 상품. 주요 특징: 성분, 가격, 후기, 피부관리, 선물, 데일리.",crawler,55,3,13,3,N,0.54
male,23,590000,학생,미혼,진보적,62000,142000,유행,"강의품질, 가격",패스트캠퍼스,패스트캠퍼스 교육 343,패스트캠퍼스,교육,142000,3.49,1738.0,"패스트캠퍼스 교육 상품. 주요 특징: 강의품질, 가격, 커리큘럼, 공부, 취업, 자기계발.",manual,44,3,10,4,Y,0.633
male,54,1910000,주부,기혼,진보적,324000,25000,데일리,"성분, 가격",설화수,설화수 화장품 344,설화수,화장품,25000,3.85,2833.0,"설화수 화장품 상품. 주요 특징: 성분, 가격, 후기, 피부관리, 선물, 데일리.",user_input,46,4,15,1,N,0.462
female,31,1060000,취업준비생,기혼,진보적,207000,386000,소장,"성능, 배터리",레노버,레노버 전자기기 345,레노버,전자기기,386000,,,"레노버 전자기기 상품. 주요 특징: 성능, 배터리, 휴대성, 업무, 공부, 게임, 콘텐츠.",user_input,7,9,18,5,Y,0.649
female,37,3320000,사무직,미혼,보수적,343000,68000,유행,"희소성, 감성",프라다,이케아 가구 346,이케아,가구,68000,4.85,,"이케아 가구 상품. 주요 특징: 내구성, 크기, 디자인, 이사, 인테리어, 생활.",manual,12,2,17,3,N,0.684
female,51,7210000,대기업직원,기혼,보수적,1567000,197000,여행,"희소성, 감성",COS,COS 패션 347,COS,패션,197000,4.26,2276.0,"COS 패션 상품. 주요 특징: 디자인, 착용감, 브랜드, 출근, 데이트, 여행.",image_estimate,49,4,11,2,N,0.587
female,30,4720000,공무원,미혼,보수적,707000,171000,유행,"디자인, 착용감",아디다스,아디다스 패션 348,아디다스,패션,171000,4.54,,"아디다스 패션 상품. 주요 특징: 디자인, 착용감, 브랜드, 출근, 데이트, 여행.",manual,16,3,21,1,N,0.489
female,54,5760000,자영업,기혼,보수적,369000,12000,청소,"가격, 내구성",센트룸,다이소 생활용품 349,다이소,생활용품,12000,4.62,1955.0,"다이소 생활용품 상품. 주요 특징: 가격, 내구성, 용량, 생활, 청소, 가정.",naver_api,49,5,15,4,N,0.306
male,33,6110000,자영업,기혼,진보적,917000,205000,업무,"성능, 배터리",패스트캠퍼스,레노버 전자기기 350,레노버,전자기기,205000,3.9,818.0,"레노버 전자기기 상품. 주요 특징: 성능, 배터리, 휴대성, 업무, 공부, 게임, 콘텐츠.",naver_api,44,0,18,3,N,0.277
male,27,880000,학생,미혼,보수적,162000,8000,청소,"가격, 내구성",종근당,3M 생활용품 351,3M,생활용품,8000,4.87,,"3M 생활용품 상품. 주요 특징: 가격, 내구성, 용량, 생활, 청소, 가정.",manual,11,1,15,2,N,0.3
female,42,7070000,대기업직원,기혼,보수적,358000,72000,취업,"강의품질, 가격",LG,메가스터디 교육 352,메가스터디,교육,72000,4.13,906.0,"메가스터디 교육 상품. 주요 특징: 강의품질, 가격, 커리큘럼, 공부, 취업, 자기계발.",naver_api,40,5,11,4,N,0.281
female,54,6110000,자영업,기혼,보수적,1231000,100000,여행,"희소성, 감성",COS,COS 패션 353,COS,패션,100000,4.69,1745.0,"COS 패션 상품. 주요 특징: 디자인, 착용감, 브랜드, 출근, 데이트, 여행.",manual,41,0,15,0,N,0.576
female,37,4330000,공무원,미혼,보수적,665000,7330000,소장,"희소성, 감성",유한킴벌리,샤넬 명품 354,샤넬,명품,7330000,3.22,,"샤넬 명품 상품. 주요 특징: 브랜드, 희소성, 디자인, 선물, 보상, 소장.",crawler,13,21,21,15,Y,0.879
male,27,5520000,프리랜서,미혼,보수적,835000,199000,기념일,"가격, 일정",하나투어,하나투어 여행 355,하나투어,여행,199000,,,"하나투어 여행 상품. 주요 특징: 가격, 일정, 숙소, 휴식, 가족, 기념일.",manual,12,4,12,4,N,0.481
female,56,5300000,대기업직원,기혼,보수적,333000,418000,유행,"디자인, 착용감",오뚜기,ZARA 패션 356,ZARA,패션,418000,4.9,,"ZARA 패션 상품. 주요 특징: 디자인, 착용감, 브랜드, 출근, 데이트, 여행.",naver_api,11,4,22,5,N,0.617
female,33,8610000,대기업직원,기혼,보수적,1361000,1238000,소장,"브랜드, 희소성",프라다,프라다 명품 357,프라다,명품,1238000,3.52,,"프라다 명품 상품. 주요 특징: 브랜드, 희소성, 디자인, 선물, 보상, 소장.",naver_api,14,5,17,5,Y,0.505
male,61,2710000,은퇴자,미혼,보수적,497000,853000,건강,"성분, 후기",센트룸,센트룸 건강관리 358,센트룸,건강관리,853000,4.39,3921.0,"센트룸 건강관리 상품. 주요 특징: 성분, 후기, 안전성, 건강, 부모님, 회복.",image_estimate,46,6,2,3,Y,0.41
male,39,8070000,전문직,기혼,보수적,1016000,60000,선물,"희소성, 감성",라네즈,라네즈 화장품 359,라네즈,화장품,60000,,,"라네즈 화장품 상품. 주요 특징: 성분, 가격, 후기, 피부관리, 선물, 데일리.",crawler,5,0,11,0,N,0.412
male,32,5210000,프리랜서,기혼,진보적,542000,203000,휴식,"성능, 배터리",LG,LG 전자기기 360,LG,전자기기,203000,3.95,52.0,"LG 전자기기 상품. 주요 특징: 성능, 배터리, 휴대성, 업무, 공부, 게임, 콘텐츠.",manual,24,6,13,4,N,0.443
female,65,2160000,은퇴자,기혼,보수적,375000,852000,유행,"희소성, 감성",하나투어,소니 전자기기 361,소니,전자기기,852000,4.76,1113.0,"소니 전자기기 상품. 주요 특징: 성능, 배터리, 휴대성, 업무, 공부, 게임, 콘텐츠.",crawler,39,10,3,6,Y,0.875
male,29,1260000,취업준비생,미혼,진보적,61000,4000,식사,"희소성, 감성",오뚜기,오뚜기 식품 362,오뚜기,식품,4000,3.57,3598.0,"오뚜기 식품 상품. 주요 특징: 가격, 신선도, 배송, 생활, 식사, 가족.",manual,43,5,17,1,N,0.371
female,33,4210000,프리랜서,미혼,보수적,653000,139000,이사,"희소성, 감성",리바트,리바트 가구 363,리바트,가구,139000,3.72,3229.0,"리바트 가구 상품. 주요 특징: 내구성, 크기, 디자인, 이사, 인테리어, 생활.",naver_api,51,4,18,0,N,0.359
female,48,7380000,전문직,기혼,보수적,334000,271000,유행,"희소성, 감성",클래스101,ZARA 패션 364,ZARA,패션,271000,3.97,3220.0,"ZARA 패션 상품. 주요 특징: 디자인, 착용감, 브랜드, 출근, 데이트, 여행.",manual,50,2,12,3,N,0.648
male,23,1060000,취업준비생,미혼,진보적,35000,1203000,회복,"희소성, 감성",대한항공,센트룸 건강관리 365,센트룸,건강관리,1203000,3.74,,"센트룸 건강관리 상품. 주요 특징: 성분, 후기, 안전성, 건강, 부모님, 회복.",naver_api,14,14,20,13,Y,0.89
female,47,6740000,전문직,기혼,진보적,312000,229000,유행,"가격, 일정",마이리얼트립,마이리얼트립 여행 366,마이리얼트립,여행,229000,4.58,3295.0,"마이리얼트립 여행 상품. 주요 특징: 가격, 일정, 숙소, 휴식, 가족, 기념일.",image_estimate,56,1,17,1,N,0.436
male,30,1310000,취업준비생,기혼,보수적,172000,913000,보상,"희소성, 감성",구찌,구찌 명품 367,구찌,명품,913000,4.04,1350.0,"구찌 명품 상품. 주요 특징: 브랜드, 희소성, 디자인, 선물, 보상, 소장.",image_estimate,36,14,18,6,Y,0.556
female,55,6690000,자영업,기혼,보수적,256000,20000,유행,"가격, 신선도",종근당,오뚜기 식품 368,오뚜기,식품,20000,,650.0,"오뚜기 식품 상품. 주요 특징: 가격, 신선도, 배송, 생활, 식사, 가족.",user_input,40,0,14,3,N,0.487
female,46,3860000,공무원,기혼,보수적,848000,591000,생활,"내구성, 크기",라네즈,한샘 가구 369,한샘,가구,591000,4.06,,"한샘 가구 상품. 주요 특징: 내구성, 크기, 디자인, 이사, 인테리어, 생활.",manual,10,2,2,5,Y,0.577
female,47,3320000,공무원,미혼,보수적,630000,84000,유행,"디자인, 착용감",ZARA,ZARA 패션 370,ZARA,패션,84000,3.71,,"ZARA 패션 상품. 주요 특징: 디자인, 착용감, 브랜드, 출근, 데이트, 여행.",crawler,7,6,14,0,N,0.503
male,19,770000,학생,미혼,진보적,159000,5000,식사,"희소성, 감성",CJ,CJ 식품 371,CJ,식품,5000,4.76,3753.0,"CJ 식품 상품. 주요 특징: 가격, 신선도, 배송, 생활, 식사, 가족.",user_input,56,0,14,2,N,0.387
female,59,6270000,자영업,기혼,보수적,1018000,37000,데일리,"성분, 가격",라네즈,라네즈 화장품 372,라네즈,화장품,37000,4.31,,"라네즈 화장품 상품. 주요 특징: 성분, 가격, 후기, 피부관리, 선물, 데일리.",crawler,11,2,11,1,N,0.449
male,30,7400000,대기업직원,기혼,진보적,322000,470000,여행,"디자인, 착용감",COS,COS 패션 373,COS,패션,470000,,,"COS 패션 상품. 주요 특징: 디자인, 착용감, 브랜드, 출근, 데이트, 여행.",image_estimate,12,1,21,0,N,0.633
female,28,5200000,사무직,기혼,보수적,797000,140000,회복,"성분, 후기",센트룸,센트룸 건강관리 374,센트룸,건강관리,140000,,,"센트룸 건강관리 상품. 주요 특징: 성분, 후기, 안전성, 건강, 부모님, 회복.",image_estimate,8,4,22,4,N,0.505
female,55,4540000,프리랜서,기혼,진보적,986000,420000,취업,"강의품질, 가격",메가스터디,메가스터디 교육 375,메가스터디,교육,420000,4.79,,"메가스터디 교육 상품. 주요 특징: 강의품질, 가격, 커리큘럼, 공부, 취업, 자기계발.",crawler,6,6,15,3,N,0.253
male,26,660000,학생,미혼,진보적,84000,297000,선물,"성분, 후기",종근당,종근당 건강관리 376,종근당,건강관리,297000,3.41,,"종근당 건강관리 상품. 주요 특징: 성분, 후기, 안전성, 건강, 부모님, 회복.",user_input,12,8,16,5,Y,0.707
female,26,530000,학생,미혼,보수적,75000,383000,여행,"희소성, 감성",프라다,나이키 패션 377,나이키,패션,383000,3.45,,"나이키 패션 상품. 주요 특징: 디자인, 착용감, 브랜드, 출근, 데이트, 여행.",manual,5,9,21,6,Y,0.899
male,30,4370000,프리랜서,기혼,진보적,890000,137000,여행,"디자인, 착용감",아디다스,아디다스 패션 378,아디다스,패션,137000,3.71,1748.0,"아디다스 패션 상품. 주요 특징: 디자인, 착용감, 브랜드, 출근, 데이트, 여행.",manual,47,4,13,4,N,0.452
male,55,5190000,사무직,기혼,진보적,280000,668000,출근,"디자인, 착용감",삼성,아디다스 패션 379,아디다스,패션,668000,4.6,2340.0,"아디다스 패션 상품. 주요 특징: 디자인, 착용감, 브랜드, 출근, 데이트, 여행.",crawler,46,4,9,3,Y,0.58
female,58,2750000,주부,기혼,보수적,306000,236000,소장,"성분, 후기",설화수,종근당 건강관리 380,종근당,건강관리,236000,4.7,,"종근당 건강관리 상품. 주요 특징: 성분, 후기, 안전성, 건강, 부모님, 회복.",user_input,8,3,9,3,N,0.529
male,40,5530000,공무원,미혼,보수적,753000,5000,식사,"희소성, 감성",CJ,CJ 식품 381,CJ,식품,5000,3.87,378.0,"CJ 식품 상품. 주요 특징: 가격, 신선도, 배송, 생활, 식사, 가족.",image_estimate,36,4,10,2,N,0.378
female,49,2810000,주부,기혼,진보적,392000,92000,휴식,"디자인, 착용감",종근당,나이키 패션 382,나이키,패션,92000,3.75,734.0,"나이키 패션 상품. 주요 특징: 디자인, 착용감, 브랜드, 출근, 데이트, 여행.",naver_api,48,4,19,0,N,0.527
male,55,6020000,자영업,기혼,진보적,819000,402000,소장,"브랜드, 희소성",구찌,구찌 명품 383,구찌,명품,402000,3.57,,"구찌 명품 상품. 주요 특징: 브랜드, 희소성, 디자인, 선물, 보상, 소장.",image_estimate,3,1,21,5,N,0.505
male,66,2190000,은퇴자,미혼,보수적,393000,533000,선물,"가격, 일정",마이리얼트립,마이리얼트립 여행 384,마이리얼트립,여행,533000,3.96,,"마이리얼트립 여행 상품. 주요 특징: 가격, 일정, 숙소, 휴식, 가족, 기념일.",crawler,13,6,10,4,Y,0.528
male,23,660000,학생,미혼,보수적,122000,38000,휴식,"희소성, 감성",아디다스,아디다스 패션 385,아디다스,패션,38000,3.26,1515.0,"아디다스 패션 상품. 주요 특징: 디자인, 착용감, 브랜드, 출근, 데이트, 여행.",crawler,44,3,22,3,N,0.59
male,24,1240000,취업준비생,기혼,진보적,165000,465000,공부,"희소성, 감성",패스트캠퍼스,패스트캠퍼스 교육 386,패스트캠퍼스,교육,465000,3.67,3934.0,"패스트캠퍼스 교육 상품. 주요 특징: 강의품질, 가격, 커리큘럼, 공부, 취업, 자기계발.",image_estimate,56,5,19,6,Y,0.589
male,37,2200000,주부,미혼,진보적,221000,384000,업무,"성능, 배터리",메가스터디,소니 전자기기 387,소니,전자기기,384000,3.42,1534.0,"소니 전자기기 상품. 주요 특징: 성능, 배터리, 휴대성, 업무, 공부, 게임, 콘텐츠.",crawler,40,7,17,2,N,0.492
male,48,3610000,사무직,기혼,진보적,737000,459000,출근,"디자인, 착용감",이니스프리,나이키 패션 388,나이키,패션,459000,3.56,,"나이키 패션 상품. 주요 특징: 디자인, 착용감, 브랜드, 출근, 데이트, 여행.",crawler,5,4,13,1,N,0.377
female,30,5150000,공무원,미혼,진보적,202000,91000,소장,"희소성, 감성",이니스프리,이니스프리 화장품 389,이니스프리,화장품,91000,4.77,1320.0,"이니스프리 화장품 상품. 주요 특징: 성분, 가격, 후기, 피부관리, 선물, 데일리.",crawler,52,2,9,2,N,0.553
female,25,760000,학생,미혼,진보적,23000,34000,소장,"가격, 내구성",3M,3M 생활용품 390,3M,생활용품,34000,4.31,,"3M 생활용품 상품. 주요 특징: 가격, 내구성, 용량, 생활, 청소, 가정.",manual,16,3,11,3,N,0.552
female,41,3860000,프리랜서,기혼,진보적,730000,38000,소장,"디자인, 착용감",유한킴벌리,아디다스 패션 391,아디다스,패션,38000,4.15,,"아디다스 패션 상품. 주요 특징: 디자인, 착용감, 브랜드, 출근, 데이트, 여행.",crawler,13,3,1,0,N,0.61
female,25,1340000,취업준비생,미혼,보수적,218000,239000,여행,"디자인, 착용감",나이키,나이키 패션 392,나이키,패션,239000,4.84,1079.0,"나이키 패션 상품. 주요 특징: 디자인, 착용감, 브랜드, 출근, 데이트, 여행.",manual,46,4,2,4,N,0.5
female,61,6540000,자영업,기혼,보수적,225000,14000,생활,"가격, 신선도",동원,동원 식품 393,동원,식품,14000,,3227.0,"동원 식품 상품. 주요 특징: 가격, 신선도, 배송, 생활, 식사, 가족.",naver_api,45,3,13,3,N,0.219
male,62,7020000,자영업,미혼,보수적,1342000,61000,유행,"내구성, 크기",메가스터디,이케아 가구 394,이케아,가구,61000,3.79,3856.0,"이케아 가구 상품. 주요 특징: 내구성, 크기, 디자인, 이사, 인테리어, 생활.",naver_api,55,3,18,3,N,0.522
female,53,7870000,대기업직원,기혼,진보적,1731000,343000,소장,"희소성, 감성",프라다,리바트 가구 395,리바트,가구,343000,4.16,,"리바트 가구 상품. 주요 특징: 내구성, 크기, 디자인, 이사, 인테리어, 생활.",naver_api,3,6,10,3,N,0.651
male,27,4260000,프리랜서,미혼,보수적,269000,488000,데이트,"희소성, 감성",동원,아디다스 패션 396,아디다스,패션,488000,4.24,3990.0,"아디다스 패션 상품. 주요 특징: 디자인, 착용감, 브랜드, 출근, 데이트, 여행.",crawler,56,2,18,5,N,0.644
male,73,2570000,은퇴자,미혼,보수적,304000,1071000,유행,"브랜드, 희소성",루이비통,루이비통 명품 397,루이비통,명품,1071000,4.42,3604.0,"루이비통 명품 상품. 주요 특징: 브랜드, 희소성, 디자인, 선물, 보상, 소장.",image_estimate,50,7,9,4,Y,0.758
male,36,2390000,주부,기혼,진보적,373000,124000,부모님,"희소성, 감성",소니,정관장 건강관리 398,정관장,건강관리,124000,4.74,1872.0,"정관장 건강관리 상품. 주요 특징: 성분, 후기, 안전성, 건강, 부모님, 회복.",manual,43,6,22,4,N,0.454
female,54,6560000,자영업,미혼,보수적,470000,512000,여행,"디자인, 착용감",CJ,COS 패션 399,COS,패션,512000,,,"COS 패션 상품. 주요 특징: 디자인, 착용감, 브랜드, 출근, 데이트, 여행.",image_estimate,13,1,11,5,Y,0.589
male,45,10610000,전문직,미혼,보수적,1470000,6000,유행,"가격, 내구성",3M,3M 생활용품 400,3M,생활용품,6000,4.46,,"3M 생활용품 상품. 주요 특징: 가격, 내구성, 용량, 생활, 청소, 가정.",naver_api,6,0,21,4,N,0.416
female,65,3400000,은퇴자,기혼,보수적,178000,448000,소장,"희소성, 감성",이니스프리,라네즈 화장품 401,라네즈,화장품,448000,3.85,3369.0,"라네즈 화장품 상품. 주요 특징: 성분, 가격, 후기, 피부관리, 선물, 데일리.",manual,53,4,15,1,N,0.885
male,45,5140000,자영업,기혼,진보적,311000,251000,유행,"희소성, 감성",삼성,삼성 전자기기 402,삼성,전자기기,251000,3.83,,"삼성 전자기기 상품. 주요 특징: 성능, 배터리, 휴대성, 업무, 공부, 게임, 콘텐츠.",manual,14,4,18,2,N,0.591
male,56,6260000,전문직,기혼,보수적,1328000,1294000,유행,"희소성, 감성",삼성,삼성 전자기기 403,삼성,전자기기,1294000,4.86,337.0,"삼성 전자기기 상품. 주요 특징: 성능, 배터리, 휴대성, 업무, 공부, 게임, 콘텐츠.",image_estimate,39,5,2,6,Y,0.556
male,34,6570000,전문직,기혼,진보적,913000,5000,생활,"가격, 신선도",ZARA,오뚜기 식품 404,오뚜기,식품,5000,3.82,,"오뚜기 식품 상품. 주요 특징: 가격, 신선도, 배송, 생활, 식사, 가족.",user_input,16,4,14,2,N,0.315
female,67,2930000,은퇴자,미혼,보수적,587000,143000,소장,"희소성, 감성",소니,아디다스 패션 405,아디다스,패션,143000,4.34,,"아디다스 패션 상품. 주요 특징: 디자인, 착용감, 브랜드, 출근, 데이트, 여행.",naver_api,13,4,13,0,N,0.7
female,42,6350000,대기업직원,미혼,진보적,928000,590000,회복,"성분, 후기",센트룸,센트룸 건강관리 406,센트룸,건강관리,590000,3.99,,"센트룸 건강관리 상품. 주요 특징: 성분, 후기, 안전성, 건강, 부모님, 회복.",naver_api,3,3,12,3,Y,0.428
male,48,2470000,주부,기혼,보수적,108000,588000,데일리,"희소성, 감성",라네즈,라네즈 화장품 407,라네즈,화장품,588000,4.01,3355.0,"라네즈 화장품 상품. 주요 특징: 성분, 가격, 후기, 피부관리, 선물, 데일리.",image_estimate,51,7,16,5,Y,0.773
female,34,5940000,공무원,미혼,진보적,510000,6000,식사,"가격, 신선도",동원,동원 식품 408,동원,식품,6000,3.34,1880.0,"동원 식품 상품. 주요 특징: 가격, 신선도, 배송, 생활, 식사, 가족.",crawler,42,1,10,1,N,0.223
female,39,7040000,대기업직원,미혼,보수적,833000,117000,부모님,"성분, 후기",CJ,센트룸 건강관리 409,센트룸,건강관리,117000,3.59,270.0,"센트룸 건강관리 상품. 주요 특징: 성분, 후기, 안전성, 건강, 부모님, 회복.",image_estimate,35,0,14,2,N,0.364
male,27,780000,학생,미혼,보수적,121000,80000,가정,"가격, 내구성",3M,3M 생활용품 410,3M,생활용품,80000,3.86,,"3M 생활용품 상품. 주요 특징: 가격, 내구성, 용량, 생활, 청소, 가정.",crawler,11,1,21,2,N,0.406
male,26,3250000,프리랜서,미혼,보수적,388000,6419000,소장,"브랜드, 희소성",루이비통,루이비통 명품 411,루이비통,명품,6419000,4.89,473.0,"루이비통 명품 상품. 주요 특징: 브랜드, 희소성, 디자인, 선물, 보상, 소장.",manual,33,25,10,15,Y,0.719
male,44,9290000,전문직,기혼,진보적,668000,46000,자기계발,"강의품질, 가격",소니,패스트캠퍼스 교육 412,패스트캠퍼스,교육,46000,,140.0,"패스트캠퍼스 교육 상품. 주요 특징: 강의품질, 가격, 커리큘럼, 공부, 취업, 자기계발.",naver_api,30,4,15,3,N,0.496
female,20,630000,학생,미혼,보수적,135000,2333000,보상,"브랜드, 희소성",샤넬,샤넬 명품 413,샤넬,명품,2333000,4.69,1770.0,"샤넬 명품 상품. 주요 특징: 브랜드, 희소성, 디자인, 선물, 보상, 소장.",crawler,48,50,22,30,Y,0.518
male,38,7830000,대기업직원,기혼,보수적,306000,267000,유행,"성분, 후기",레노버,정관장 건강관리 414,정관장,건강관리,267000,3.94,3286.0,"정관장 건강관리 상품. 주요 특징: 성분, 후기, 안전성, 건강, 부모님, 회복.",manual,56,2,11,4,N,0.523
female,41,7070000,대기업직원,기혼,보수적,383000,4000,가족,"가격, 신선도",샤넬,오뚜기 식품 415,오뚜기,식품,4000,3.91,,"오뚜기 식품 상품. 주요 특징: 가격, 신선도, 배송, 생활, 식사, 가족.",naver_api,5,3,11,2,N,0.511
female,23,900000,학생,미혼,진보적,186000,62000,생활,"희소성, 감성",동원,리바트 가구 416,리바트,가구,62000,3.6,2041.0,"리바트 가구 상품. 주요 특징: 내구성, 크기, 디자인, 이사, 인테리어, 생활.",naver_api,49,5,21,0,N,0.653
male,55,8070000,대기업직원,미혼,보수적,1058000,132000,데이트,"희소성, 감성",ZARA,ZARA 패션 417,ZARA,패션,132000,3.28,1783.0,"ZARA 패션 상품. 주요 특징: 디자인, 착용감, 브랜드, 출근, 데이트, 여행.",image_estimate,38,0,18,3,N,0.436
female,30,1150000,취업준비생,기혼,보수적,230000,4580000,소장,"희소성, 감성",샤넬,샤넬 명품 418,샤넬,명품,4580000,4.87,,"샤넬 명품 상품. 주요 특징: 브랜드, 희소성, 디자인, 선물, 보상, 소장.",user_input,6,52,0,34,Y,0.794
male,67,2020000,은퇴자,기혼,보수적,135000,90000,데이트,"희소성, 감성",다이소,ZARA 패션 419,ZARA,패션,90000,,551.0,"ZARA 패션 상품. 주요 특징: 디자인, 착용감, 브랜드, 출근, 데이트, 여행.",crawler,42,4,17,1,N,0.437
male,50,5600000,대기업직원,기혼,진보적,634000,553000,자기계발,"강의품질, 가격",오뚜기,메가스터디 교육 420,메가스터디,교육,553000,,1863.0,"메가스터디 교육 상품. 주요 특징: 강의품질, 가격, 커리큘럼, 공부, 취업, 자기계발.",user_input,52,3,11,1,Y,0.55
female,49,4460000,자영업,기혼,보수적,136000,304000,취업,"강의품질, 가격",하나투어,클래스101 교육 421,클래스101,교육,304000,3.8,41.0,"클래스101 교육 상품. 주요 특징: 강의품질, 가격, 커리큘럼, 공부, 취업, 자기계발.",image_estimate,23,6,22,2,N,0.531
female,21,730000,학생,미혼,진보적,94000,172000,휴식,"희소성, 감성",CJ,레노버 전자기기 422,레노버,전자기기,172000,3.66,672.0,"레노버 전자기기 상품. 주요 특징: 성능, 배터리, 휴대성, 업무, 공부, 게임, 콘텐츠.",naver_api,38,3,20,3,Y,0.838
female,52,4200000,공무원,기혼,보수적,197000,3029000,보상,"브랜드, 희소성",마이리얼트립,루이비통 명품 423,루이비통,명품,3029000,3.57,,"루이비통 명품 상품. 주요 특징: 브랜드, 희소성, 디자인, 선물, 보상, 소장.",crawler,6,10,18,7,Y,0.653
male,50,2410000,주부,기혼,진보적,379000,304000,게임,"성능, 배터리",레노버,레노버 전자기기 424,레노버,전자기기,304000,4.15,,"레노버 전자기기 상품. 주요 특징: 성능, 배터리, 휴대성, 업무, 공부, 게임, 콘텐츠.",manual,9,3,2,1,N,0.24
male,37,5580000,대기업직원,기혼,진보적,791000,1079000,가족,"희소성, 감성",센트룸,마이리얼트립 여행 425,마이리얼트립,여행,1079000,4.37,,"마이리얼트립 여행 상품. 주요 특징: 가격, 일정, 숙소, 휴식, 가족, 기념일.",manual,13,7,0,3,Y,0.59
male,45,5630000,사무직,기혼,보수적,402000,416000,소장,"희소성, 감성",소니,COS 패션 426,COS,패션,416000,3.99,790.0,"COS 패션 상품. 주요 특징: 디자인, 착용감, 브랜드, 출근, 데이트, 여행.",naver_api,49,3,0,2,N,0.654
female,67,3780000,은퇴자,기혼,진보적,480000,85000,휴식,"희소성, 감성",COS,COS 패션 427,COS,패션,85000,3.7,1818.0,"COS 패션 상품. 주요 특징: 디자인, 착용감, 브랜드, 출근, 데이트, 여행.",naver_api,45,1,1,4,N,0.621
male,33,3050000,주부,기혼,보수적,351000,361000,소장,"내구성, 크기",라네즈,이케아 가구 428,이케아,가구,361000,,2776.0,"이케아 가구 상품. 주요 특징: 내구성, 크기, 디자인, 이사, 인테리어, 생활.",naver_api,50,4,1,5,N,0.567
female,46,9010000,전문직,기혼,보수적,1797000,63000,유행,"희소성, 감성",나이키,나이키 패션 429,나이키,패션,63000,4.59,,"나이키 패션 상품. 주요 특징: 디자인, 착용감, 브랜드, 출근, 데이트, 여행.",naver_api,2,1,9,3,N,0.593
male,74,3760000,은퇴자,미혼,진보적,157000,467000,선물,"희소성, 감성",마이리얼트립,마이리얼트립 여행 430,마이리얼트립,여행,467000,4.15,803.0,"마이리얼트립 여행 상품. 주요 특징: 가격, 일정, 숙소, 휴식, 가족, 기념일.",user_input,42,2,0,4,N,0.813
male,29,560000,학생,미혼,보수적,36000,229000,공부,"성능, 배터리",삼성,삼성 전자기기 431,삼성,전자기기,229000,,3232.0,"삼성 전자기기 상품. 주요 특징: 성능, 배터리, 휴대성, 업무, 공부, 게임, 콘텐츠.",crawler,56,8,22,3,Y,0.517
female,50,5220000,자영업,기혼,보수적,437000,1189000,공부,"강의품질, 가격",설화수,메가스터디 교육 432,메가스터디,교육,1189000,4.02,117.0,"메가스터디 교육 상품. 주요 특징: 강의품질, 가격, 커리큘럼, 공부, 취업, 자기계발.",crawler,32,6,21,6,Y,0.527
female,47,8710000,대기업직원,기혼,진보적,581000,1136000,선물,"가격, 일정",라네즈,마이리얼트립 여행 433,마이리얼트립,여행,1136000,4.75,,"마이리얼트립 여행 상품. 주요 특징: 가격, 일정, 숙소, 휴식, 가족, 기념일.",naver_api,4,2,15,1,Y,0.744
male,59,5200000,자영업,기혼,진보적,997000,489000,출근,"희소성, 감성",하나투어,나이키 패션 434,나이키,패션,489000,4.55,3178.0,"나이키 패션 상품. 주요 특징: 디자인, 착용감, 브랜드, 출근, 데이트, 여행.",manual,45,6,14,5,N,0.439
male,45,4950000,사무직,기혼,보수적,943000,1011000,소장,"희소성, 감성",이케아,이케아 가구 435,이케아,가구,1011000,4.82,3422.0,"이케아 가구 상품. 주요 특징: 내구성, 크기, 디자인, 이사, 인테리어, 생활.",user_input,54,6,10,6,Y,0.579
female,45,3180000,사무직,기혼,진보적,627000,12000,생활,"가격, 내구성",나이키,유한킴벌리 생활용품 436,유한킴벌리,생활용품,12000,3.25,2539.0,"유한킴벌리 생활용품 상품. 주요 특징: 가격, 내구성, 용량, 생활, 청소, 가정.",user_input,50,4,15,0,N,0.301
male,40,6530000,전문직,기혼,보수적,923000,152000,데이트,"디자인, 착용감",ZARA,나이키 패션 437,나이키,패션,152000,4.38,3489.0,"나이키 패션 상품. 주요 특징: 디자인, 착용감, 브랜드, 출근, 데이트, 여행.",user_input,49,4,11,4,N,0.4
male,34,7930000,대기업직원,기혼,보수적,566000,41000,데일리,"성분, 가격",설화수,설화수 화장품 438,설화수,화장품,41000,4.89,,"설화수 화장품 상품. 주요 특징: 성분, 가격, 후기, 피부관리, 선물, 데일리.",image_estimate,15,5,17,1,N,0.454
male,50,7580000,전문직,기혼,보수적,1273000,377000,회복,"성분, 후기",종근당,종근당 건강관리 439,종근당,건강관리,377000,3.28,688.0,"종근당 건강관리 상품. 주요 특징: 성분, 후기, 안전성, 건강, 부모님, 회복.",naver_api,47,5,17,2,N,0.434
male,45,2180000,주부,기혼,보수적,272000,870000,선물,"강의품질, 가격",라네즈,클래스101 교육 440,클래스101,교육,870000,3.23,1082.0,"클래스101 교육 상품. 주요 특징: 강의품질, 가격, 커리큘럼, 공부, 취업, 자기계발.",manual,47,6,19,5,Y,0.729
male,29,6140000,공무원,기혼,진보적,1338000,605000,휴식,"희소성, 감성",루이비통,대한항공 여행 441,대한항공,여행,605000,3.37,2720.0,"대한항공 여행 상품. 주요 특징: 가격, 일정, 숙소, 휴식, 가족, 기념일.",crawler,42,1,10,5,Y,0.471
male,20,520000,학생,미혼,보수적,65000,29000,데일리,"성분, 가격",정관장,이니스프리 화장품 442,이니스프리,화장품,29000,3.5,913.0,"이니스프리 화장품 상품. 주요 특징: 성분, 가격, 후기, 피부관리, 선물, 데일리.",naver_api,49,2,17,3,N,0.489
male,46,5380000,사무직,미혼,진보적,279000,6312000,업무,"성능, 배터리",소니,소니 전자기기 443,소니,전자기기,6312000,3.42,2960.0,"소니 전자기기 상품. 주요 특징: 성능, 배터리, 휴대성, 업무, 공부, 게임, 콘텐츠.",user_input,52,15,10,9,Y,0.48
female,45,2630000,주부,기혼,보수적,527000,1415000,보상,"브랜드, 희소성",샤넬,샤넬 명품 444,샤넬,명품,1415000,4.75,1738.0,"샤넬 명품 상품. 주요 특징: 브랜드, 희소성, 디자인, 선물, 보상, 소장.",crawler,43,7,13,5,Y,0.497
female,59,10410000,전문직,기혼,진보적,2030000,6602000,선물,"희소성, 감성",프라다,프라다 명품 445,프라다,명품,6602000,4.29,,"프라다 명품 상품. 주요 특징: 브랜드, 희소성, 디자인, 선물, 보상, 소장.",image_estimate,15,12,17,7,Y,0.607
male,37,3630000,공무원,기혼,진보적,159000,272000,취업,"희소성, 감성",패스트캠퍼스,패스트캠퍼스 교육 446,패스트캠퍼스,교육,272000,3.82,19.0,"패스트캠퍼스 교육 상품. 주요 특징: 강의품질, 가격, 커리큘럼, 공부, 취업, 자기계발.",image_estimate,18,3,20,4,N,0.497
male,41,10120000,전문직,미혼,보수적,682000,31000,소장,"디자인, 착용감",정관장,COS 패션 447,COS,패션,31000,,630.0,"COS 패션 상품. 주요 특징: 디자인, 착용감, 브랜드, 출근, 데이트, 여행.",user_input,44,0,20,0,N,0.577
male,35,5090000,프리랜서,기혼,진보적,410000,4000,유행,"희소성, 감성",LG,오뚜기 식품 448,오뚜기,식품,4000,3.74,3682.0,"오뚜기 식품 상품. 주요 특징: 가격, 신선도, 배송, 생활, 식사, 가족.",naver_api,55,1,15,3,N,0.624
female,68,2160000,은퇴자,미혼,진보적,326000,349000,휴식,"가격, 일정",애플,대한항공 여행 449,대한항공,여행,349000,,,"대한항공 여행 상품. 주요 특징: 가격, 일정, 숙소, 휴식, 가족, 기념일.",image_estimate,13,4,12,4,N,0.363
female,62,2840000,은퇴자,기혼,보수적,153000,9000,유행,"가격, 내구성",3M,3M 생활용품 450,3M,생활용품,9000,4.09,,"3M 생활용품 상품. 주요 특징: 가격, 내구성, 용량, 생활, 청소, 가정.",manual,14,2,19,4,N,0.402
male,75,3300000,은퇴자,미혼,보수적,645000,119000,가정,"희소성, 감성",아디다스,유한킴벌리 생활용품 451,유한킴벌리,생활용품,119000,4.57,346.0,"유한킴벌리 생활용품 상품. 주요 특징: 가격, 내구성, 용량, 생활, 청소, 가정.",user_input,42,6,13,1,N,0.647
male,55,6940000,대기업직원,미혼,진보적,453000,589000,피부관리,"희소성, 감성",설화수,설화수 화장품 452,설화수,화장품,589000,3.96,3285.0,"설화수 화장품 상품. 주요 특징: 성분, 가격, 후기, 피부관리, 선물, 데일리.",naver_api,44,2,0,2,Y,0.45
female,57,8130000,전문직,기혼,진보적,1573000,3450000,인테리어,"희소성, 감성",정관장,한샘 가구 453,한샘,가구,3450000,3.7,198.0,"한샘 가구 상품. 주요 특징: 내구성, 크기, 디자인, 이사, 인테리어, 생활.",image_estimate,33,8,22,6,Y,0.719
female,37,5610000,공무원,기혼,진보적,518000,698000,기념일,"희소성, 감성",마이리얼트립,마이리얼트립 여행 454,마이리얼트립,여행,698000,,,"마이리얼트립 여행 상품. 주요 특징: 가격, 일정, 숙소, 휴식, 가족, 기념일.",image_estimate,10,3,14,5,Y,0.661
female,52,4510000,프리랜서,기혼,진보적,381000,3777000,업무,"희소성, 감성",애플,애플 전자기기 455,애플,전자기기,3777000,4.06,410.0,"애플 전자기기 상품. 주요 특징: 성능, 배터리, 휴대성, 업무, 공부, 게임, 콘텐츠.",naver_api,39,12,20,9,Y,0.603
female,33,9510000,대기업직원,기혼,진보적,740000,187000,출근,"디자인, 착용감",루이비통,ZARA 패션 456,ZARA,패션,187000,4.23,2613.0,"ZARA 패션 상품. 주요 특징: 디자인, 착용감, 브랜드, 출근, 데이트, 여행.",manual,51,1,13,1,N,0.382
female,26,810000,취업준비생,기혼,보수적,138000,2582000,선물,"희소성, 감성",프라다,프라다 명품 457,프라다,명품,2582000,3.99,,"프라다 명품 상품. 주요 특징: 브랜드, 희소성, 디자인, 선물, 보상, 소장.",manual,4,40,12,30,Y,0.619
female,30,8930000,전문직,기혼,보수적,775000,241000,소장,"희소성, 감성",나이키,나이키 패션 458,나이키,패션,241000,4.31,1989.0,"나이키 패션 상품. 주요 특징: 디자인, 착용감, 브랜드, 출근, 데이트, 여행.",crawler,42,2,20,1,N,0.538
female,58,2470000,주부,기혼,진보적,248000,1187000,게임,"희소성, 감성",COS,애플 전자기기 459,애플,전자기기,1187000,4.13,3534.0,"애플 전자기기 상품. 주요 특징: 성능, 배터리, 휴대성, 업무, 공부, 게임, 콘텐츠.",naver_api,55,6,1,4,Y,0.695
male,26,790000,학생,미혼,진보적,119000,171000,휴식,"희소성, 감성",라네즈,라네즈 화장품 460,라네즈,화장품,171000,3.66,2144.0,"라네즈 화장품 상품. 주요 특징: 성분, 가격, 후기, 피부관리, 선물, 데일리.",user_input,48,8,22,6,Y,0.679
male,22,1260000,취업준비생,기혼,진보적,135000,7000,가족,"가격, 신선도",동원,오뚜기 식품 461,오뚜기,식품,7000,3.63,1957.0,"오뚜기 식품 상품. 주요 특징: 가격, 신선도, 배송, 생활, 식사, 가족.",manual,38,0,16,1,N,0.452
male,35,2990000,주부,미혼,보수적,281000,604000,선물,"브랜드, 희소성",프라다,루이비통 명품 462,루이비통,명품,604000,3.34,2167.0,"루이비통 명품 상품. 주요 특징: 브랜드, 희소성, 디자인, 선물, 보상, 소장.",user_input,54,3,20,3,Y,0.636
male,39,4900000,사무직,기혼,보수적,829000,322000,선물,"희소성, 감성",ZARA,소니 전자기기 463,소니,전자기기,322000,,3470.0,"소니 전자기기 상품. 주요 특징: 성능, 배터리, 휴대성, 업무, 공부, 게임, 콘텐츠.",user_input,53,2,12,4,N,0.688
male,53,4590000,프리랜서,기혼,진보적,318000,34000,부모님,"성분, 후기",오뚜기,정관장 건강관리 464,정관장,건강관리,34000,4.57,2396.0,"정관장 건강관리 상품. 주요 특징: 성분, 후기, 안전성, 건강, 부모님, 회복.",user_input,50,4,17,2,N,0.354
female,55,3670000,프리랜서,기혼,보수적,783000,645000,출근,"희소성, 감성",COS,COS 패션 465,COS,패션,645000,3.81,3052.0,"COS 패션 상품. 주요 특징: 디자인, 착용감, 브랜드, 출근, 데이트, 여행.",user_input,48,2,19,3,Y,0.399
female,27,4530000,프리랜서,미혼,보수적,808000,56000,유행,"희소성, 감성",오뚜기,나이키 패션 466,나이키,패션,56000,4.39,2561.0,"나이키 패션 상품. 주요 특징: 디자인, 착용감, 브랜드, 출근, 데이트, 여행.",user_input,50,0,20,4,N,0.65
male,27,680000,학생,미혼,보수적,40000,1259000,소장,"디자인, 착용감",오뚜기,ZARA 패션 467,ZARA,패션,1259000,,75.0,"ZARA 패션 상품. 주요 특징: 디자인, 착용감, 브랜드, 출근, 데이트, 여행.",crawler,27,23,21,18,Y,0.775
male,32,1310000,취업준비생,기혼,보수적,107000,2214000,선물,"성능, 배터리",패스트캠퍼스,애플 전자기기 468,애플,전자기기,2214000,4.56,118.0,"애플 전자기기 상품. 주요 특징: 성능, 배터리, 휴대성, 업무, 공부, 게임, 콘텐츠.",user_input,27,20,9,18,Y,0.758
female,45,4800000,프리랜서,기혼,보수적,877000,910000,데이트,"디자인, 착용감",아디다스,아디다스 패션 469,아디다스,패션,910000,3.96,1993.0,"아디다스 패션 상품. 주요 특징: 디자인, 착용감, 브랜드, 출근, 데이트, 여행.",crawler,53,7,19,5,Y,0.274
female,68,2700000,은퇴자,기혼,보수적,110000,426000,선물,"브랜드, 희소성",메가스터디,루이비통 명품 470,루이비통,명품,426000,3.39,3729.0,"루이비통 명품 상품. 주요 특징: 브랜드, 희소성, 디자인, 선물, 보상, 소장.",manual,47,2,21,3,N,0.598
male,57,5140000,자영업,미혼,보수적,915000,18000,생활,"가격, 내구성",패스트캠퍼스,유한킴벌리 생활용품 471,유한킴벌리,생활용품,18000,4.86,3959.0,"유한킴벌리 생활용품 상품. 주요 특징: 가격, 내구성, 용량, 생활, 청소, 가정.",crawler,44,1,13,4,N,0.329
male,36,6160000,자영업,기혼,보수적,854000,2000000,기념일,"가격, 일정",한샘,하나투어 여행 472,하나투어,여행,2000000,3.43,3567.0,"하나투어 여행 상품. 주요 특징: 가격, 일정, 숙소, 휴식, 가족, 기념일.",user_input,43,5,0,6,Y,0.784
female,52,9940000,전문직,미혼,보수적,1715000,189000,선물,"디자인, 착용감",정관장,COS 패션 473,COS,패션,189000,4.49,180.0,"COS 패션 상품. 주요 특징: 디자인, 착용감, 브랜드, 출근, 데이트, 여행.",image_estimate,31,3,15,4,N,0.534
male,28,560000,학생,미혼,보수적,44000,20000,피부관리,"희소성, 감성",ZARA,설화수 화장품 474,설화수,화장품,20000,4.2,1217.0,"설화수 화장품 상품. 주요 특징: 성분, 가격, 후기, 피부관리, 선물, 데일리.",manual,48,5,13,0,N,0.456
female,28,5740000,프리랜서,미혼,진보적,348000,858000,자기계발,"강의품질, 가격",클래스101,클래스101 교육 475,클래스101,교육,858000,,,"클래스101 교육 상품. 주요 특징: 강의품질, 가격, 커리큘럼, 공부, 취업, 자기계발.",naver_api,3,3,19,4,Y,0.633
male,51,9410000,대기업직원,기혼,진보적,1195000,164000,휴식,"성분, 가격",설화수,설화수 화장품 476,설화수,화장품,164000,4.28,,"설화수 화장품 상품. 주요 특징: 성분, 가격, 후기, 피부관리, 선물, 데일리.",naver_api,5,3,12,0,N,0.441
female,39,2450000,주부,기혼,보수적,430000,499000,선물,"성분, 가격",라네즈,라네즈 화장품 477,라네즈,화장품,499000,,864.0,"라네즈 화장품 상품. 주요 특징: 성분, 가격, 후기, 피부관리, 선물, 데일리.",user_input,49,5,17,5,Y,0.255
female,25,670000,학생,미혼,보수적,23000,1406000,유행,"희소성, 감성",프라다,대한항공 여행 478,대한항공,여행,1406000,,3355.0,"대한항공 여행 상품. 주요 특징: 가격, 일정, 숙소, 휴식, 가족, 기념일.",crawler,51,29,12,21,Y,0.84
female,28,10890000,전문직,미혼,보수적,637000,254000,회복,"희소성, 감성",센트룸,센트룸 건강관리 479,센트룸,건강관리,254000,4.52,2966.0,"센트룸 건강관리 상품. 주요 특징: 성분, 후기, 안전성, 건강, 부모님, 회복.",image_estimate,55,5,21,4,N,0.569
male,42,3210000,주부,기혼,보수적,361000,3968000,기념일,"희소성, 감성",하나투어,하나투어 여행 480,하나투어,여행,3968000,3.92,974.0,"하나투어 여행 상품. 주요 특징: 가격, 일정, 숙소, 휴식, 가족, 기념일.",image_estimate,40,19,18,12,Y,0.802
male,26,890000,취업준비생,미혼,진보적,193000,170000,휴식,"성분, 가격",설화수,설화수 화장품 481,설화수,화장품,170000,3.99,1601.0,"설화수 화장품 상품. 주요 특징: 성분, 가격, 후기, 피부관리, 선물, 데일리.",manual,50,6,15,5,Y,0.422
male,35,4800000,사무직,기혼,보수적,464000,8000,가족,"가격, 신선도",패스트캠퍼스,오뚜기 식품 482,오뚜기,식품,8000,4.3,185.0,"오뚜기 식품 상품. 주요 특징: 가격, 신선도, 배송, 생활, 식사, 가족.",manual,36,0,22,2,N,0.513
male,28,560000,학생,미혼,진보적,114000,16000,생활,"희소성, 감성",다이소,유한킴벌리 생활용품 483,유한킴벌리,생활용품,16000,3.42,2115.0,"유한킴벌리 생활용품 상품. 주요 특징: 가격, 내구성, 용량, 생활, 청소, 가정.",image_estimate,41,5,13,1,N,0.45
female,22,680000,학생,미혼,보수적,94000,6000,가정,"희소성, 감성",3M,3M 생활용품 484,3M,생활용품,6000,3.72,2386.0,"3M 생활용품 상품. 주요 특징: 가격, 내구성, 용량, 생활, 청소, 가정.",naver_api,40,5,14,3,N,0.552
female,27,1150000,취업준비생,미혼,보수적,38000,7000,휴식,"희소성, 감성",하나투어,유한킴벌리 생활용품 485,유한킴벌리,생활용품,7000,3.68,1265.0,"유한킴벌리 생활용품 상품. 주요 특징: 가격, 내구성, 용량, 생활, 청소, 가정.",manual,48,1,13,2,N,0.616
female,55,5000000,공무원,미혼,진보적,985000,69000,취업,"희소성, 감성",패스트캠퍼스,패스트캠퍼스 교육 486,패스트캠퍼스,교육,69000,,322.0,"패스트캠퍼스 교육 상품. 주요 특징: 강의품질, 가격, 커리큘럼, 공부, 취업, 자기계발.",naver_api,35,1,16,1,N,0.383
female,59,9110000,전문직,기혼,진보적,295000,23000,유행,"가격, 내구성",한샘,3M 생활용품 487,3M,생활용품,23000,4.45,,"3M 생활용품 상품. 주요 특징: 가격, 내구성, 용량, 생활, 청소, 가정.",manual,5,3,18,4,N,0.455
female,62,5980000,자영업,미혼,보수적,571000,17000,생활,"희소성, 감성",CJ,CJ 식품 488,CJ,식품,17000,3.91,1974.0,"CJ 식품 상품. 주요 특징: 가격, 신선도, 배송, 생활, 식사, 가족.",manual,42,4,14,0,N,0.353
male,38,9340000,대기업직원,미혼,보수적,1943000,87000,선물,"성분, 가격",설화수,설화수 화장품 489,설화수,화장품,87000,3.84,,"설화수 화장품 상품. 주요 특징: 성분, 가격, 후기, 피부관리, 선물, 데일리.",manual,6,5,12,0,N,0.265
female,27,780000,학생,미혼,보수적,131000,145000,공부,"강의품질, 가격",삼성,메가스터디 교육 490,메가스터디,교육,145000,,3439.0,"메가스터디 교육 상품. 주요 특징: 강의품질, 가격, 커리큘럼, 공부, 취업, 자기계발.",crawler,52,6,19,2,Y,0.331
female,29,8070000,대기업직원,미혼,진보적,920000,2295000,휴식,"가격, 일정",하나투어,하나투어 여행 491,하나투어,여행,2295000,4.5,1808.0,"하나투어 여행 상품. 주요 특징: 가격, 일정, 숙소, 휴식, 가족, 기념일.",manual,39,9,12,3,Y,0.52
female,51,10080000,전문직,기혼,진보적,1907000,57000,식사,"희소성, 감성",애플,동원 식품 492,동원,식품,57000,3.95,849.0,"동원 식품 상품. 주요 특징: 가격, 신선도, 배송, 생활, 식사, 가족.",user_input,47,1,13,2,N,0.451
female,25,510000,학생,미혼,진보적,21000,187000,휴식,"디자인, 착용감",아디다스,아디다스 패션 493,아디다스,패션,187000,3.21,,"아디다스 패션 상품. 주요 특징: 디자인, 착용감, 브랜드, 출근, 데이트, 여행.",manual,14,5,18,6,Y,0.683
female,55,4610000,프리랜서,미혼,진보적,623000,2496000,가족,"희소성, 감성",동원,마이리얼트립 여행 494,마이리얼트립,여행,2496000,3.65,2723.0,"마이리얼트립 여행 상품. 주요 특징: 가격, 일정, 숙소, 휴식, 가족, 기념일.",image_estimate,44,11,16,7,Y,0.662
male,60,2080000,주부,기혼,보수적,279000,1745000,소장,"브랜드, 희소성",프라다,프라다 명품 495,프라다,명품,1745000,4.26,,"프라다 명품 상품. 주요 특징: 브랜드, 희소성, 디자인, 선물, 보상, 소장.",naver_api,8,13,17,10,Y,0.731
female,53,5350000,대기업직원,미혼,진보적,1027000,66000,휴식,"내구성, 크기",이케아,이케아 가구 496,이케아,가구,66000,4.03,1583.0,"이케아 가구 상품. 주요 특징: 내구성, 크기, 디자인, 이사, 인테리어, 생활.",crawler,40,0,12,0,N,0.49
female,50,8170000,전문직,기혼,진보적,1208000,132000,선물,"희소성, 감성",이케아,이케아 가구 497,이케아,가구,132000,,3858.0,"이케아 가구 상품. 주요 특징: 내구성, 크기, 디자인, 이사, 인테리어, 생활.",crawler,43,3,16,0,N,0.571
male,50,6000000,자영업,미혼,진보적,952000,207000,선물,"강의품질, 가격",메가스터디,메가스터디 교육 498,메가스터디,교육,207000,4.22,,"메가스터디 교육 상품. 주요 특징: 강의품질, 가격, 커리큘럼, 공부, 취업, 자기계발.",crawler,7,2,16,1,N,0.434
male,23,570000,학생,미혼,진보적,58000,41000,가족,"가격, 신선도",오뚜기,오뚜기 식품 499,오뚜기,식품,41000,,3147.0,"오뚜기 식품 상품. 주요 특징: 가격, 신선도, 배송, 생활, 식사, 가족.",user_input,50,3,11,3,N,0.425
female,62,2960000,은퇴자,기혼,보수적,354000,214000,휴식,"성능, 배터리",삼성,삼성 전자기기 500,삼성,전자기기,214000,4.07,,"삼성 전자기기 상품. 주요 특징: 성능, 배터리, 휴대성, 업무, 공부, 게임, 콘텐츠.",image_estimate,13,3,10,3,N,0.439
female,57,3150000,주부,기혼,보수적,360000,87000,가정,"희소성, 감성",다이소,다이소 생활용품 501,다이소,생활용품,87000,,,"다이소 생활용품 상품. 주요 특징: 가격, 내구성, 용량, 생활, 청소, 가정.",manual,3,3,1,3,N,0.573
female,36,1980000,주부,기혼,보수적,426000,4000,생활,"희소성, 감성",오뚜기,오뚜기 식품 502,오뚜기,식품,4000,3.38,935.0,"오뚜기 식품 상품. 주요 특징: 가격, 신선도, 배송, 생활, 식사, 가족.",naver_api,36,4,15,0,N,0.344
female,57,7910000,전문직,기혼,보수적,1378000,206000,출근,"희소성, 감성",COS,COS 패션 503,COS,패션,206000,3.68,477.0,"COS 패션 상품. 주요 특징: 디자인, 착용감, 브랜드, 출근, 데이트, 여행.",crawler,33,0,18,2,N,0.377
male,49,5110000,사무직,미혼,진보적,333000,437000,선물,"성분, 가격",설화수,설화수 화장품 504,설화수,화장품,437000,3.56,2437.0,"설화수 화장품 상품. 주요 특징: 성분, 가격, 후기, 피부관리, 선물, 데일리.",user_input,50,3,0,2,N,0.344
female,29,4570000,공무원,미혼,보수적,506000,545000,건강,"성분, 후기",루이비통,종근당 건강관리 505,종근당,건강관리,545000,3.93,1031.0,"종근당 건강관리 상품. 주요 특징: 성분, 후기, 안전성, 건강, 부모님, 회복.",naver_api,41,1,2,3,Y,0.4
female,34,4360000,공무원,기혼,보수적,790000,599000,유행,"희소성, 감성",프라다,프라다 명품 506,프라다,명품,599000,3.64,1263.0,"프라다 명품 상품. 주요 특징: 브랜드, 희소성, 디자인, 선물, 보상, 소장.",crawler,49,2,11,5,Y,0.557
female,32,1260000,취업준비생,기혼,보수적,154000,240000,휴식,"성분, 후기",애플,정관장 건강관리 507,정관장,건강관리,240000,4.67,,"정관장 건강관리 상품. 주요 특징: 성분, 후기, 안전성, 건강, 부모님, 회복.",manual,16,3,13,4,Y,0.645
male,43,8390000,전문직,미혼,보수적,367000,6000,가정,"희소성, 감성",3M,3M 생활용품 508,3M,생활용품,6000,3.7,3995.0,"3M 생활용품 상품. 주요 특징: 가격, 내구성, 용량, 생활, 청소, 가정.",manual,47,4,16,3,N,0.554
male,22,870000,학생,미혼,보수적,36000,119000,휴식,"내구성, 크기",하나투어,리바트 가구 509,리바트,가구,119000,3.82,2842.0,"리바트 가구 상품. 주요 특징: 내구성, 크기, 디자인, 이사, 인테리어, 생활.",naver_api,49,4,9,4,N,0.756
male,27,1060000,취업준비생,미혼,진보적,216000,4890000,소장,"성능, 배터리",종근당,삼성 전자기기 510,삼성,전자기기,4890000,4.82,,"삼성 전자기기 상품. 주요 특징: 성능, 배터리, 휴대성, 업무, 공부, 게임, 콘텐츠.",user_input,6,60,11,41,Y,0.725
female,40,7390000,자영업,기혼,보수적,1313000,17000,유행,"희소성, 감성",다이소,다이소 생활용품 511,다이소,생활용품,17000,3.79,622.0,"다이소 생활용품 상품. 주요 특징: 가격, 내구성, 용량, 생활, 청소, 가정.",user_input,37,4,13,3,N,0.547
female,40,3170000,프리랜서,미혼,진보적,342000,124000,출근,"디자인, 착용감",ZARA,ZARA 패션 512,ZARA,패션,124000,,,"ZARA 패션 상품. 주요 특징: 디자인, 착용감, 브랜드, 출근, 데이트, 여행.",manual,11,0,11,3,N,0.294
female,30,1080000,취업준비생,미혼,진보적,148000,64000,생활,"가격, 내구성",하나투어,다이소 생활용품 513,다이소,생활용품,64000,,,"다이소 생활용품 상품. 주요 특징: 가격, 내구성, 용량, 생활, 청소, 가정.",manual,12,6,10,3,N,0.346
female,27,1310000,취업준비생,미혼,진보적,251000,93000,청소,"희소성, 감성",패스트캠퍼스,유한킴벌리 생활용품 514,유한킴벌리,생활용품,93000,4.09,3146.0,"유한킴벌리 생활용품 상품. 주요 특징: 가격, 내구성, 용량, 생활, 청소, 가정.",crawler,44,3,11,0,N,0.423
female,23,1000000,취업준비생,미혼,진보적,210000,86000,선물,"강의품질, 가격",나이키,클래스101 교육 515,클래스101,교육,86000,4.45,1040.0,"클래스101 교육 상품. 주요 특징: 강의품질, 가격, 커리큘럼, 공부, 취업, 자기계발.",manual,46,2,10,2,N,0.527
male,58,2120000,은퇴자,미혼,보수적,325000,219000,업무,"성능, 배터리",종근당,삼성 전자기기 516,삼성,전자기기,219000,3.71,1996.0,"삼성 전자기기 상품. 주요 특징: 성능, 배터리, 휴대성, 업무, 공부, 게임, 콘텐츠.",image_estimate,49,6,16,3,N,0.308
male,71,2810000,은퇴자,기혼,보수적,265000,1410000,회복,"성분, 후기",센트룸,센트룸 건강관리 517,센트룸,건강관리,1410000,4.42,,"센트룸 건강관리 상품. 주요 특징: 성분, 후기, 안전성, 건강, 부모님, 회복.",user_input,12,10,0,8,Y,0.709
female,24,1000000,취업준비생,미혼,진보적,213000,94000,이사,"내구성, 크기",오뚜기,한샘 가구 518,한샘,가구,94000,4.43,,"한샘 가구 상품. 주요 특징: 내구성, 크기, 디자인, 이사, 인테리어, 생활.",naver_api,3,3,12,5,N,0.331
male,35,5170000,사무직,기혼,보수적,1024000,49000,선물,"강의품질, 가격",메가스터디,메가스터디 교육 519,메가스터디,교육,49000,,1883.0,"메가스터디 교육 상품. 주요 특징: 강의품질, 가격, 커리큘럼, 공부, 취업, 자기계발.",user_input,41,1,10,2,N,0.458
female,38,5030000,사무직,기혼,진보적,298000,49000,선물,"디자인, 착용감",아디다스,아디다스 패션 520,아디다스,패션,49000,4.84,1632.0,"아디다스 패션 상품. 주요 특징: 디자인, 착용감, 브랜드, 출근, 데이트, 여행.",image_estimate,47,3,18,4,N,0.462
female,69,3320000,은퇴자,미혼,보수적,517000,326000,공부,"강의품질, 가격",3M,클래스101 교육 521,클래스101,교육,326000,4.73,2747.0,"클래스101 교육 상품. 주요 특징: 강의품질, 가격, 커리큘럼, 공부, 취업, 자기계발.",manual,45,4,20,3,N,0.282
female,26,760000,학생,미혼,진보적,139000,126000,출근,"디자인, 착용감",다이소,ZARA 패션 522,ZARA,패션,126000,4.27,20.0,"ZARA 패션 상품. 주요 특징: 디자인, 착용감, 브랜드, 출근, 데이트, 여행.",crawler,30,3,18,3,N,0.367
female,37,5690000,대기업직원,미혼,보수적,331000,694000,게임,"희소성, 감성",3M,애플 전자기기 523,애플,전자기기,694000,,,"애플 전자기기 상품. 주요 특징: 성능, 배터리, 휴대성, 업무, 공부, 게임, 콘텐츠.",manual,4,7,3,2,Y,0.722
female,55,5030000,프리랜서,미혼,진보적,400000,12000,가정,"가격, 내구성",유한킴벌리,유한킴벌리 생활용품 524,유한킴벌리,생활용품,12000,3.25,2064.0,"유한킴벌리 생활용품 상품. 주요 특징: 가격, 내구성, 용량, 생활, 청소, 가정.",user_input,53,5,15,0,N,0.375
male,60,6250000,자영업,미혼,진보적,1047000,10000,휴식,"희소성, 감성",다이소,다이소 생활용품 525,다이소,생활용품,10000,4.11,1745.0,"다이소 생활용품 상품. 주요 특징: 가격, 내구성, 용량, 생활, 청소, 가정.",user_input,42,3,18,2,N,0.525
female,50,11260000,전문직,기혼,보수적,1069000,421000,자기계발,"희소성, 감성",루이비통,메가스터디 교육 526,메가스터디,교육,421000,4.11,2661.0,"메가스터디 교육 상품. 주요 특징: 강의품질, 가격, 커리큘럼, 공부, 취업, 자기계발.",user_input,43,3,15,1,N,0.611
male,47,2740000,주부,기혼,진보적,528000,12000,유행,"희소성, 감성",루이비통,동원 식품 527,동원,식품,12000,4.21,1574.0,"동원 식품 상품. 주요 특징: 가격, 신선도, 배송, 생활, 식사, 가족.",manual,47,3,17,4,N,0.591
male,48,8420000,대기업직원,미혼,보수적,1740000,391000,휴식,"강의품질, 가격",애플,메가스터디 교육 528,메가스터디,교육,391000,4.6,,"메가스터디 교육 상품. 주요 특징: 강의품질, 가격, 커리큘럼, 공부, 취업, 자기계발.",user_input,8,2,10,3,N,0.532
male,66,3380000,은퇴자,기혼,진보적,245000,45000,가족,"가격, 신선도",CJ,오뚜기 식품 529,오뚜기,식품,45000,3.55,870.0,"오뚜기 식품 상품. 주요 특징: 가격, 신선도, 배송, 생활, 식사, 가족.",image_estimate,38,3,12,4,N,0.453
male,40,7660000,대기업직원,미혼,보수적,852000,939000,업무,"성능, 배터리",마이리얼트립,소니 전자기기 530,소니,전자기기,939000,4.15,3902.0,"소니 전자기기 상품. 주요 특징: 성능, 배터리, 휴대성, 업무, 공부, 게임, 콘텐츠.",naver_api,49,2,2,4,Y,0.33
female,48,3720000,프리랜서,기혼,보수적,226000,10000,청소,"가격, 내구성",유한킴벌리,유한킴벌리 생활용품 531,유한킴벌리,생활용품,10000,,,"유한킴벌리 생활용품 상품. 주요 특징: 가격, 내구성, 용량, 생활, 청소, 가정.",crawler,6,3,22,4,N,0.234
female,33,4700000,프리랜서,기혼,진보적,572000,13000,데일리,"성분, 가격",설화수,설화수 화장품 532,설화수,화장품,13000,4.86,2080.0,"설화수 화장품 상품. 주요 특징: 성분, 가격, 후기, 피부관리, 선물, 데일리.",naver_api,51,5,22,1,N,0.486
female,51,9110000,전문직,기혼,진보적,590000,658000,소장,"브랜드, 희소성",샤넬,샤넬 명품 533,샤넬,명품,658000,3.92,2638.0,"샤넬 명품 상품. 주요 특징: 브랜드, 희소성, 디자인, 선물, 보상, 소장.",naver_api,40,6,17,3,Y,0.531
female,57,5360000,대기업직원,기혼,진보적,407000,62000,선물,"성분, 후기",종근당,정관장 건강관리 534,정관장,건강관리,62000,4.68,2962.0,"정관장 건강관리 상품. 주요 특징: 성분, 후기, 안전성, 건강, 부모님, 회복.",image_estimate,51,3,19,1,N,0.54
female,23,910000,학생,미혼,진보적,95000,49000,공부,"강의품질, 가격",패스트캠퍼스,패스트캠퍼스 교육 535,패스트캠퍼스,교육,49000,3.37,829.0,"패스트캠퍼스 교육 상품. 주요 특징: 강의품질, 가격, 커리큘럼, 공부, 취업, 자기계발.",naver_api,47,3,21,4,N,0.247
male,56,3440000,공무원,미혼,진보적,629000,1879000,유행,"성분, 후기",이니스프리,정관장 건강관리 536,정관장,건강관리,1879000,,3039.0,"정관장 건강관리 상품. 주요 특징: 성분, 후기, 안전성, 건강, 부모님, 회복.",manual,56,10,1,4,Y,0.756
female,56,5490000,공무원,기혼,보수적,826000,46000,유행,"희소성, 감성",대한항공,다이소 생활용품 537,다이소,생활용품,46000,,1284.0,"다이소 생활용품 상품. 주요 특징: 가격, 내구성, 용량, 생활, 청소, 가정.",user_input,40,3,21,3,N,0.653
female,60,5540000,공무원,기혼,보수적,373000,675000,휴식,"가격, 일정",하나투어,하나투어 여행 538,하나투어,여행,675000,4.38,,"하나투어 여행 상품. 주요 특징: 가격, 일정, 숙소, 휴식, 가족, 기념일.",image_estimate,6,2,20,1,Y,0.458
female,24,770000,학생,미혼,보수적,71000,145000,건강,"희소성, 감성",종근당,종근당 건강관리 539,종근당,건강관리,145000,3.7,2349.0,"종근당 건강관리 상품. 주요 특징: 성분, 후기, 안전성, 건강, 부모님, 회복.",image_estimate,45,2,19,4,Y,0.553
female,58,3410000,은퇴자,미혼,보수적,420000,132000,자기계발,"강의품질, 가격",설화수,메가스터디 교육 540,메가스터디,교육,132000,3.32,2401.0,"메가스터디 교육 상품. 주요 특징: 강의품질, 가격, 커리큘럼, 공부, 취업, 자기계발.",manual,48,1,3,3,N,0.532
male,46,2840000,주부,기혼,보수적,545000,544000,선물,"디자인, 착용감",CJ,나이키 패션 541,나이키,패션,544000,,3600.0,"나이키 패션 상품. 주요 특징: 디자인, 착용감, 브랜드, 출근, 데이트, 여행.",manual,49,5,14,2,Y,0.586
female,30,6630000,대기업직원,미혼,진보적,1227000,230000,휴식,"강의품질, 가격",대한항공,메가스터디 교육 542,메가스터디,교육,230000,,1523.0,"메가스터디 교육 상품. 주요 특징: 강의품질, 가격, 커리큘럼, 공부, 취업, 자기계발.",image_estimate,45,6,16,4,N,0.489
male,24,840000,학생,미혼,진보적,174000,373000,이사,"내구성, 크기",리바트,리바트 가구 543,리바트,가구,373000,4.76,1917.0,"리바트 가구 상품. 주요 특징: 내구성, 크기, 디자인, 이사, 인테리어, 생활.",crawler,51,10,13,8,Y,0.476
female,43,7800000,전문직,기혼,진보적,705000,22000,휴식,"가격, 내구성",메가스터디,다이소 생활용품 544,다이소,생활용품,22000,3.54,3495.0,"다이소 생활용품 상품. 주요 특징: 가격, 내구성, 용량, 생활, 청소, 가정.",manual,46,3,15,4,N,0.501
female,27,690000,학생,기혼,진보적,92000,2231000,소장,"브랜드, 희소성",구찌,구찌 명품 545,구찌,명품,2231000,3.69,,"구찌 명품 상품. 주요 특징: 브랜드, 희소성, 디자인, 선물, 보상, 소장.",image_estimate,13,42,3,29,Y,0.697
male,37,4150000,프리랜서,미혼,보수적,536000,590000,취업,"강의품질, 가격",메가스터디,메가스터디 교육 546,메가스터디,교육,590000,4.31,2697.0,"메가스터디 교육 상품. 주요 특징: 강의품질, 가격, 커리큘럼, 공부, 취업, 자기계발.",crawler,47,2,1,5,Y,0.227
male,53,4850000,사무직,기혼,보수적,549000,5009000,휴식,"희소성, 감성",애플,애플 전자기기 547,애플,전자기기,5009000,,174.0,"애플 전자기기 상품. 주요 특징: 성능, 배터리, 휴대성, 업무, 공부, 게임, 콘텐츠.",user_input,28,14,16,8,Y,0.807
female,33,10910000,전문직,기혼,보수적,1063000,1166000,생활,"내구성, 크기",리바트,리바트 가구 548,리바트,가구,1166000,4.06,,"리바트 가구 상품. 주요 특징: 내구성, 크기, 디자인, 이사, 인테리어, 생활.",crawler,7,3,22,1,Y,0.516
female,25,1300000,취업준비생,미혼,보수적,110000,47000,선물,"성분, 가격",한샘,이니스프리 화장품 549,이니스프리,화장품,47000,4.69,3760.0,"이니스프리 화장품 상품. 주요 특징: 성분, 가격, 후기, 피부관리, 선물, 데일리.",manual,51,6,1,4,N,0.294
male,37,9500000,대기업직원,기혼,보수적,1804000,33000,식사,"희소성, 감성",동원,동원 식품 550,동원,식품,33000,4.6,3472.0,"동원 식품 상품. 주요 특징: 가격, 신선도, 배송, 생활, 식사, 가족.",image_estimate,56,2,19,0,N,0.31
female,29,4850000,공무원,미혼,진보적,561000,3185000,기념일,"가격, 일정",LG,마이리얼트립 여행 551,마이리얼트립,여행,3185000,4.55,,"마이리얼트립 여행 상품. 주요 특징: 가격, 일정, 숙소, 휴식, 가족, 기념일.",image_estimate,12,13,11,6,Y,0.764
female,35,3540000,공무원,미혼,진보적,702000,181000,부모님,"희소성, 감성",종근당,종근당 건강관리 552,종근당,건강관리,181000,3.42,3647.0,"종근당 건강관리 상품. 주요 특징: 성분, 후기, 안전성, 건강, 부모님, 회복.",crawler,55,2,12,3,N,0.364
male,28,7370000,대기업직원,미혼,보수적,1139000,457000,여행,"희소성, 감성",하나투어,COS 패션 553,COS,패션,457000,3.32,1183.0,"COS 패션 상품. 주요 특징: 디자인, 착용감, 브랜드, 출근, 데이트, 여행.",image_estimate,45,3,13,3,N,0.685
female,43,4330000,공무원,기혼,보수적,882000,12000,선물,"가격, 신선도",한샘,CJ 식품 554,CJ,식품,12000,4.33,,"CJ 식품 상품. 주요 특징: 가격, 신선도, 배송, 생활, 식사, 가족.",image_estimate,8,4,10,3,N,0.513
male,50,7140000,대기업직원,기혼,보수적,936000,91000,소장,"내구성, 크기",이케아,이케아 가구 555,이케아,가구,91000,,367.0,"이케아 가구 상품. 주요 특징: 내구성, 크기, 디자인, 이사, 인테리어, 생활.",manual,41,0,19,4,N,0.5
male,32,5490000,자영업,기혼,진보적,233000,56000,유행,"희소성, 감성",다이소,다이소 생활용품 556,다이소,생활용품,56000,,,"다이소 생활용품 상품. 주요 특징: 가격, 내구성, 용량, 생활, 청소, 가정.",image_estimate,7,1,10,2,N,0.572
male,49,2200000,주부,미혼,진보적,169000,358000,소장,"희소성, 감성",루이비통,정관장 건강관리 557,정관장,건강관리,358000,3.5,2377.0,"정관장 건강관리 상품. 주요 특징: 성분, 후기, 안전성, 건강, 부모님, 회복.",crawler,44,2,16,3,N,0.854
female,43,2340000,주부,기혼,보수적,284000,414000,업무,"희소성, 감성",레노버,레노버 전자기기 558,레노버,전자기기,414000,4.03,3285.0,"레노버 전자기기 상품. 주요 특징: 성능, 배터리, 휴대성, 업무, 공부, 게임, 콘텐츠.",manual,42,7,21,3,N,0.5
female,48,4400000,공무원,기혼,보수적,441000,21000,소장,"희소성, 감성",메가스터디,이니스프리 화장품 559,이니스프리,화장품,21000,4.7,3657.0,"이니스프리 화장품 상품. 주요 특징: 성분, 가격, 후기, 피부관리, 선물, 데일리.",crawler,48,3,12,4,N,0.692
male,53,7950000,전문직,기혼,보수적,1455000,1649000,선물,"희소성, 감성",마이리얼트립,구찌 명품 560,구찌,명품,1649000,4.41,1143.0,"구찌 명품 상품. 주요 특징: 브랜드, 희소성, 디자인, 선물, 보상, 소장.",manual,38,2,10,2,Y,0.46
male,38,6620000,전문직,기혼,보수적,1455000,1817000,게임,"성능, 배터리",삼성,삼성 전자기기 561,삼성,전자기기,1817000,4.45,3869.0,"삼성 전자기기 상품. 주요 특징: 성능, 배터리, 휴대성, 업무, 공부, 게임, 콘텐츠.",naver_api,45,8,13,3,Y,0.286
male,70,3680000,은퇴자,기혼,보수적,128000,328000,선물,"희소성, 감성",COS,라네즈 화장품 562,라네즈,화장품,328000,4.52,1851.0,"라네즈 화장품 상품. 주요 특징: 성분, 가격, 후기, 피부관리, 선물, 데일리.",user_input,42,6,20,1,N,0.652
male,19,720000,학생,미혼,보수적,127000,261000,자기계발,"강의품질, 가격",대한항공,패스트캠퍼스 교육 563,패스트캠퍼스,교육,261000,,,"패스트캠퍼스 교육 상품. 주요 특징: 강의품질, 가격, 커리큘럼, 공부, 취업, 자기계발.",image_estimate,8,9,9,2,Y,0.711
male,48,3480000,사무직,기혼,진보적,321000,99000,취업,"강의품질, 가격",메가스터디,메가스터디 교육 564,메가스터디,교육,99000,4.59,359.0,"메가스터디 교육 상품. 주요 특징: 강의품질, 가격, 커리큘럼, 공부, 취업, 자기계발.",user_input,33,0,20,0,N,0.25
female,39,6990000,대기업직원,미혼,진보적,414000,5000,휴식,"가격, 신선도",클래스101,동원 식품 565,동원,식품,5000,3.33,2645.0,"동원 식품 상품. 주요 특징: 가격, 신선도, 배송, 생활, 식사, 가족.",manual,48,1,20,0,N,0.477
male,55,7620000,대기업직원,미혼,보수적,1378000,324000,자기계발,"강의품질, 가격",동원,메가스터디 교육 566,메가스터디,교육,324000,3.98,1235.0,"메가스터디 교육 상품. 주요 특징: 강의품질, 가격, 커리큘럼, 공부, 취업, 자기계발.",naver_api,41,6,19,3,N,0.552
female,29,7590000,대기업직원,기혼,보수적,232000,618000,데일리,"성분, 가격",메가스터디,라네즈 화장품 567,라네즈,화장품,618000,,3465.0,"라네즈 화장품 상품. 주요 특징: 성분, 가격, 후기, 피부관리, 선물, 데일리.",naver_api,42,4,0,3,Y,0.759
male,48,5430000,공무원,기혼,진보적,613000,44000,가정,"가격, 내구성",3M,3M 생활용품 568,3M,생활용품,44000,,2347.0,"3M 생활용품 상품. 주요 특징: 가격, 내구성, 용량, 생활, 청소, 가정.",crawler,49,2,2,1,N,0.379
female,59,2220000,은퇴자,기혼,보수적,306000,2074000,회복,"성분, 후기",구찌,센트룸 건강관리 569,센트룸,건강관리,2074000,4.05,,"센트룸 건강관리 상품. 주요 특징: 성분, 후기, 안전성, 건강, 부모님, 회복.",user_input,15,13,19,9,Y,0.76
male,40,6650000,자영업,기혼,보수적,935000,7421000,공부,"성능, 배터리",라네즈,소니 전자기기 570,소니,전자기기,7421000,,771.0,"소니 전자기기 상품. 주요 특징: 성능, 배터리, 휴대성, 업무, 공부, 게임, 콘텐츠.",crawler,35,17,9,12,Y,0.524
female,37,6580000,자영업,기혼,진보적,1360000,969000,휴식,"가격, 일정",마이리얼트립,마이리얼트립 여행 571,마이리얼트립,여행,969000,4.49,1964.0,"마이리얼트립 여행 상품. 주요 특징: 가격, 일정, 숙소, 휴식, 가족, 기념일.",crawler,39,4,21,4,Y,0.238
female,47,7210000,자영업,미혼,보수적,1181000,484000,가족,"희소성, 감성",마이리얼트립,마이리얼트립 여행 572,마이리얼트립,여행,484000,3.96,2990.0,"마이리얼트립 여행 상품. 주요 특징: 가격, 일정, 숙소, 휴식, 가족, 기념일.",image_estimate,52,6,18,1,N,0.359
male,23,1280000,취업준비생,미혼,보수적,111000,1915000,보상,"브랜드, 희소성",샤넬,샤넬 명품 573,샤넬,명품,1915000,3.81,,"샤넬 명품 상품. 주요 특징: 브랜드, 희소성, 디자인, 선물, 보상, 소장.",naver_api,8,19,3,14,Y,0.533
male,24,1050000,취업준비생,미혼,진보적,67000,188000,가족,"희소성, 감성",종근당,대한항공 여행 574,대한항공,여행,188000,3.21,,"대한항공 여행 상품. 주요 특징: 가격, 일정, 숙소, 휴식, 가족, 기념일.",user_input,4,4,17,6,N,0.703
female,20,750000,학생,미혼,보수적,121000,1865000,회복,"희소성, 감성",정관장,정관장 건강관리 575,정관장,건강관리,1865000,3.67,,"정관장 건강관리 상품. 주요 특징: 성분, 후기, 안전성, 건강, 부모님, 회복.",image_estimate,5,33,17,20,Y,0.778
female,46,5630000,대기업직원,미혼,진보적,794000,61000,가족,"가격, 신선도",오뚜기,오뚜기 식품 576,오뚜기,식품,61000,3.3,1889.0,"오뚜기 식품 상품. 주요 특징: 가격, 신선도, 배송, 생활, 식사, 가족.",naver_api,46,0,21,1,N,0.421
male,56,7620000,대기업직원,기혼,진보적,360000,82000,공부,"강의품질, 가격",클래스101,클래스101 교육 577,클래스101,교육,82000,3.63,2411.0,"클래스101 교육 상품. 주요 특징: 강의품질, 가격, 커리큘럼, 공부, 취업, 자기계발.",naver_api,42,5,14,2,N,0.238
male,35,3840000,사무직,기혼,보수적,543000,35000,여행,"디자인, 착용감",LG,ZARA 패션 578,ZARA,패션,35000,4.22,633.0,"ZARA 패션 상품. 주요 특징: 디자인, 착용감, 브랜드, 출근, 데이트, 여행.",image_estimate,38,3,20,4,N,0.585
male,48,6610000,자영업,기혼,보수적,1360000,58000,소장,"희소성, 감성",라네즈,라네즈 화장품 579,라네즈,화장품,58000,3.53,2741.0,"라네즈 화장품 상품. 주요 특징: 성분, 가격, 후기, 피부관리, 선물, 데일리.",manual,44,1,11,0,N,0.596
male,28,1310000,취업준비생,기혼,보수적,256000,104000,소장,"가격, 내구성",프라다,유한킴벌리 생활용품 580,유한킴벌리,생활용품,104000,4.04,,"유한킴벌리 생활용품 상품. 주요 특징: 가격, 내구성, 용량, 생활, 청소, 가정.",user_input,8,5,21,1,N,0.484
male,29,840000,학생,미혼,진보적,91000,2200000,선물,"희소성, 감성",종근당,프라다 명품 581,프라다,명품,2200000,3.91,1855.0,"프라다 명품 상품. 주요 특징: 브랜드, 희소성, 디자인, 선물, 보상, 소장.",manual,49,34,22,24,Y,0.695
female,44,3310000,주부,미혼,진보적,114000,2826000,선물,"성능, 배터리",애플,애플 전자기기 582,애플,전자기기,2826000,4.5,649.0,"애플 전자기기 상품. 주요 특징: 성능, 배터리, 휴대성, 업무, 공부, 게임, 콘텐츠.",crawler,41,16,2,8,Y,0.646
female,63,3130000,은퇴자,미혼,진보적,279000,1705000,건강,"희소성, 감성",설화수,정관장 건강관리 583,정관장,건강관리,1705000,3.36,,"정관장 건강관리 상품. 주요 특징: 성분, 후기, 안전성, 건강, 부모님, 회복.",manual,14,7,9,4,Y,0.679
female,33,6730000,대기업직원,기혼,보수적,826000,3949000,선물,"희소성, 감성",프라다,프라다 명품 584,프라다,명품,3949000,4.81,,"프라다 명품 상품. 주요 특징: 브랜드, 희소성, 디자인, 선물, 보상, 소장.",image_estimate,14,12,16,5,Y,0.57
male,23,1120000,취업준비생,기혼,보수적,149000,426000,건강,"성분, 후기",ZARA,종근당 건강관리 585,종근당,건강관리,426000,4.68,,"종근당 건강관리 상품. 주요 특징: 성분, 후기, 안전성, 건강, 부모님, 회복.",image_estimate,6,9,18,6,Y,0.581
male,30,1170000,취업준비생,기혼,보수적,249000,35000,데이트,"디자인, 착용감",COS,COS 패션 586,COS,패션,35000,3.24,,"COS 패션 상품. 주요 특징: 디자인, 착용감, 브랜드, 출근, 데이트, 여행.",crawler,9,4,0,2,N,0.272
female,49,4900000,공무원,미혼,진보적,1043000,8000,청소,"가격, 내구성",3M,3M 생활용품 587,3M,생활용품,8000,4.58,2297.0,"3M 생활용품 상품. 주요 특징: 가격, 내구성, 용량, 생활, 청소, 가정.",image_estimate,42,5,14,4,N,0.203
male,33,3980000,사무직,기혼,진보적,627000,58000,식사,"희소성, 감성",CJ,CJ 식품 588,CJ,식품,58000,3.2,,"CJ 식품 상품. 주요 특징: 가격, 신선도, 배송, 생활, 식사, 가족.",crawler,9,2,15,3,N,0.416
male,48,5470000,공무원,미혼,보수적,1045000,276000,선물,"성능, 배터리",삼성,삼성 전자기기 589,삼성,전자기기,276000,,1155.0,"삼성 전자기기 상품. 주요 특징: 성능, 배터리, 휴대성, 업무, 공부, 게임, 콘텐츠.",image_estimate,47,1,14,5,N,0.411
male,28,720000,취업준비생,미혼,보수적,100000,135000,선물,"강의품질, 가격",메가스터디,메가스터디 교육 590,메가스터디,교육,135000,4.34,2422.0,"메가스터디 교육 상품. 주요 특징: 강의품질, 가격, 커리큘럼, 공부, 취업, 자기계발.",naver_api,40,6,18,1,Y,0.484
male,33,3250000,프리랜서,미혼,보수적,378000,30000,유행,"희소성, 감성",유한킴벌리,유한킴벌리 생활용품 591,유한킴벌리,생활용품,30000,3.93,2587.0,"유한킴벌리 생활용품 상품. 주요 특징: 가격, 내구성, 용량, 생활, 청소, 가정.",image_estimate,52,1,9,1,N,0.526
male,74,2850000,은퇴자,기혼,보수적,372000,169000,자기계발,"희소성, 감성",패스트캠퍼스,패스트캠퍼스 교육 592,패스트캠퍼스,교육,169000,3.61,3800.0,"패스트캠퍼스 교육 상품. 주요 특징: 강의품질, 가격, 커리큘럼, 공부, 취업, 자기계발.",crawler,53,5,16,2,N,0.519
female,66,2420000,은퇴자,미혼,보수적,150000,921000,소장,"희소성, 감성",샤넬,샤넬 명품 593,샤넬,명품,921000,,2575.0,"샤넬 명품 상품. 주요 특징: 브랜드, 희소성, 디자인, 선물, 보상, 소장.",image_estimate,51,5,9,4,Y,0.789
male,30,950000,취업준비생,미혼,진보적,50000,7000,생활,"희소성, 감성",3M,다이소 생활용품 594,다이소,생활용품,7000,4.05,,"다이소 생활용품 상품. 주요 특징: 가격, 내구성, 용량, 생활, 청소, 가정.",crawler,6,0,21,3,N,0.475
female,35,4050000,공무원,기혼,진보적,153000,65000,소장,"내구성, 크기",한샘,한샘 가구 595,한샘,가구,65000,4.08,2434.0,"한샘 가구 상품. 주요 특징: 내구성, 크기, 디자인, 이사, 인테리어, 생활.",image_estimate,45,4,11,0,N,0.493
male,53,5830000,대기업직원,기혼,진보적,488000,12000,소장,"희소성, 감성",라네즈,라네즈 화장품 596,라네즈,화장품,12000,4.15,202.0,"라네즈 화장품 상품. 주요 특징: 성분, 가격, 후기, 피부관리, 선물, 데일리.",naver_api,33,1,9,3,N,0.575
male,42,5370000,사무직,기혼,진보적,964000,296000,소장,"희소성, 감성",COS,COS 패션 597,COS,패션,296000,4.03,1249.0,"COS 패션 상품. 주요 특징: 디자인, 착용감, 브랜드, 출근, 데이트, 여행.",crawler,50,2,22,4,N,0.581
male,27,4880000,사무직,미혼,보수적,151000,647000,보상,"브랜드, 희소성",센트룸,샤넬 명품 598,샤넬,명품,647000,3.22,2058.0,"샤넬 명품 상품. 주요 특징: 브랜드, 희소성, 디자인, 선물, 보상, 소장.",user_input,51,5,12,4,Y,0.586
male,31,2930000,주부,기혼,진보적,270000,2272000,휴식,"브랜드, 희소성",3M,샤넬 명품 599,샤넬,명품,2272000,,,"샤넬 명품 상품. 주요 특징: 브랜드, 희소성, 디자인, 선물, 보상, 소장.",manual,10,15,0,10,Y,0.854
male,35,3220000,프리랜서,기혼,보수적,135000,44000,공부,"강의품질, 가격",애플,메가스터디 교육 600,메가스터디,교육,44000,,320.0,"메가스터디 교육 상품. 주요 특징: 강의품질, 가격, 커리큘럼, 공부, 취업, 자기계발.",image_estimate,32,3,20,2,N,0.282
male,31,1080000,취업준비생,기혼,보수적,151000,2568000,선물,"희소성, 감성",구찌,구찌 명품 601,구찌,명품,2568000,3.4,858.0,"구찌 명품 상품. 주요 특징: 브랜드, 희소성, 디자인, 선물, 보상, 소장.",image_estimate,37,33,13,23,Y,0.574
male,43,3970000,사무직,기혼,보수적,831000,705000,자기계발,"강의품질, 가격",메가스터디,메가스터디 교육 602,메가스터디,교육,705000,3.23,2767.0,"메가스터디 교육 상품. 주요 특징: 강의품질, 가격, 커리큘럼, 공부, 취업, 자기계발.",naver_api,47,2,11,6,Y,0.424
male,24,760000,취업준비생,미혼,진보적,103000,87000,여행,"희소성, 감성",아디다스,아디다스 패션 603,아디다스,패션,87000,3.98,3361.0,"아디다스 패션 상품. 주요 특징: 디자인, 착용감, 브랜드, 출근, 데이트, 여행.",manual,52,6,18,3,N,0.597
male,19,880000,학생,미혼,진보적,173000,9000,가정,"희소성, 감성",종근당,유한킴벌리 생활용품 604,유한킴벌리,생활용품,9000,3.6,1140.0,"유한킴벌리 생활용품 상품. 주요 특징: 가격, 내구성, 용량, 생활, 청소, 가정.",naver_api,42,0,17,0,N,0.582
female,23,740000,취업준비생,미혼,진보적,48000,11000,생활,"가격, 내구성",설화수,3M 생활용품 605,3M,생활용품,11000,3.3,1077.0,"3M 생활용품 상품. 주요 특징: 가격, 내구성, 용량, 생활, 청소, 가정.",user_input,43,2,3,5,N,0.299
male,35,4490000,자영업,기혼,진보적,205000,424000,선물,"희소성, 감성",애플,애플 전자기기 606,애플,전자기기,424000,4.6,,"애플 전자기기 상품. 주요 특징: 성능, 배터리, 휴대성, 업무, 공부, 게임, 콘텐츠.",crawler,6,5,17,2,N,0.797
male,46,7270000,전문직,기혼,보수적,628000,14000,청소,"희소성, 감성",아디다스,3M 생활용품 607,3M,생활용품,14000,4.04,3667.0,"3M 생활용품 상품. 주요 특징: 가격, 내구성, 용량, 생활, 청소, 가정.",crawler,55,0,20,2,N,0.43
male,34,3560000,프리랜서,기혼,진보적,662000,140000,데일리,"희소성, 감성",대한항공,이니스프리 화장품 608,이니스프리,화장품,140000,4.43,2521.0,"이니스프리 화장품 상품. 주요 특징: 성분, 가격, 후기, 피부관리, 선물, 데일리.",manual,51,1,13,4,N,0.674
male,21,570000,학생,미혼,보수적,51000,74000,유행,"희소성, 감성",CJ,CJ 식품 609,CJ,식품,74000,4.36,2791.0,"CJ 식품 상품. 주요 특징: 가격, 신선도, 배송, 생활, 식사, 가족.",manual,52,1,22,3,N,0.646
female,27,680000,학생,미혼,진보적,65000,5000,식사,"희소성, 감성",다이소,동원 식품 610,동원,식품,5000,4.79,3460.0,"동원 식품 상품. 주요 특징: 가격, 신선도, 배송, 생활, 식사, 가족.",manual,54,6,12,2,N,0.428
female,50,4890000,프리랜서,기혼,진보적,922000,44000,가정,"희소성, 감성",다이소,다이소 생활용품 611,다이소,생활용품,44000,4.07,3412.0,"다이소 생활용품 상품. 주요 특징: 가격, 내구성, 용량, 생활, 청소, 가정.",image_estimate,55,5,2,0,N,0.56
male,59,3330000,주부,기혼,진보적,721000,1749000,건강,"희소성, 감성",설화수,종근당 건강관리 612,종근당,건강관리,1749000,3.2,3442.0,"종근당 건강관리 상품. 주요 특징: 성분, 후기, 안전성, 건강, 부모님, 회복.",crawler,48,7,17,7,Y,0.629
female,39,3220000,프리랜서,미혼,보수적,643000,125000,콘텐츠,"희소성, 감성",LG,LG 전자기기 613,LG,전자기기,125000,4.82,3519.0,"LG 전자기기 상품. 주요 특징: 성능, 배터리, 휴대성, 업무, 공부, 게임, 콘텐츠.",user_input,53,2,14,1,N,0.579
female,34,8690000,전문직,미혼,보수적,1106000,6714000,선물,"브랜드, 희소성",3M,구찌 명품 614,구찌,명품,6714000,3.3,1727.0,"구찌 명품 상품. 주요 특징: 브랜드, 희소성, 디자인, 선물, 보상, 소장.",naver_api,47,12,12,7,Y,0.637
female,40,5950000,자영업,미혼,보수적,379000,56000,가족,"가격, 신선도",CJ,CJ 식품 615,CJ,식품,56000,4.48,,"CJ 식품 상품. 주요 특징: 가격, 신선도, 배송, 생활, 식사, 가족.",naver_api,12,0,21,4,N,0.432
female,35,3870000,공무원,미혼,보수적,190000,243000,소장,"강의품질, 가격",메가스터디,메가스터디 교육 616,메가스터디,교육,243000,,2304.0,"메가스터디 교육 상품. 주요 특징: 강의품질, 가격, 커리큘럼, 공부, 취업, 자기계발.",crawler,53,4,13,3,N,0.448
male,39,2720000,주부,기혼,보수적,571000,85000,생활,"가격, 내구성",메가스터디,다이소 생활용품 617,다이소,생활용품,85000,3.33,1362.0,"다이소 생활용품 상품. 주요 특징: 가격, 내구성, 용량, 생활, 청소, 가정.",image_estimate,48,6,10,4,N,0.283
male,52,3170000,주부,기혼,진보적,304000,17000,유행,"성분, 가격",3M,이니스프리 화장품 618,이니스프리,화장품,17000,3.54,46.0,"이니스프리 화장품 상품. 주요 특징: 성분, 가격, 후기, 피부관리, 선물, 데일리.",manual,22,1,19,1,N,0.572
female,40,4400000,사무직,미혼,보수적,639000,5050000,업무,"성능, 배터리",COS,소니 전자기기 619,소니,전자기기,5050000,4.02,480.0,"소니 전자기기 상품. 주요 특징: 성능, 배터리, 휴대성, 업무, 공부, 게임, 콘텐츠.",image_estimate,32,14,10,11,Y,0.522
female,50,5140000,자영업,기혼,보수적,656000,6000,청소,"희소성, 감성",다이소,다이소 생활용품 620,다이소,생활용품,6000,3.97,,"다이소 생활용품 상품. 주요 특징: 가격, 내구성, 용량, 생활, 청소, 가정.",image_estimate,2,1,9,1,N,0.414
female,65,3660000,은퇴자,미혼,보수적,351000,838000,유행,"희소성, 감성",한샘,정관장 건강관리 621,정관장,건강관리,838000,4.41,1816.0,"정관장 건강관리 상품. 주요 특징: 성분, 후기, 안전성, 건강, 부모님, 회복.",crawler,49,3,10,5,Y,0.845
female,51,2570000,주부,기혼,진보적,294000,393000,휴식,"희소성, 감성",유한킴벌리,대한항공 여행 622,대한항공,여행,393000,4.18,1779.0,"대한항공 여행 상품. 주요 특징: 가격, 일정, 숙소, 휴식, 가족, 기념일.",user_input,50,6,17,4,N,0.561
male,55,6170000,대기업직원,기혼,진보적,582000,83000,출근,"디자인, 착용감",나이키,나이키 패션 623,나이키,패션,83000,3.42,1626.0,"나이키 패션 상품. 주요 특징: 디자인, 착용감, 브랜드, 출근, 데이트, 여행.",user_input,52,3,17,3,N,0.279
male,39,3350000,주부,기혼,진보적,492000,401000,선물,"희소성, 감성",오뚜기,설화수 화장품 624,설화수,화장품,401000,,290.0,"설화수 화장품 상품. 주요 특징: 성분, 가격, 후기, 피부관리, 선물, 데일리.",naver_api,34,6,18,2,N,0.467
female,45,2410000,주부,기혼,보수적,473000,1227000,휴식,"희소성, 감성",메가스터디,마이리얼트립 여행 625,마이리얼트립,여행,1227000,4.81,2214.0,"마이리얼트립 여행 상품. 주요 특징: 가격, 일정, 숙소, 휴식, 가족, 기념일.",user_input,41,10,0,7,Y,0.669
female,27,870000,학생,미혼,보수적,147000,122000,휴식,"희소성, 감성",이니스프리,3M 생활용품 626,3M,생활용품,122000,4.51,,"3M 생활용품 상품. 주요 특징: 가격, 내구성, 용량, 생활, 청소, 가정.",naver_api,12,2,20,4,N,0.664
male,58,5430000,공무원,미혼,보수적,495000,364000,소장,"브랜드, 희소성",루이비통,구찌 명품 627,구찌,명품,364000,4.55,617.0,"구찌 명품 상품. 주요 특징: 브랜드, 희소성, 디자인, 선물, 보상, 소장.",image_estimate,37,2,16,3,N,0.563
female,46,4590000,자영업,기혼,보수적,299000,285000,선물,"디자인, 착용감",아디다스,아디다스 패션 628,아디다스,패션,285000,4.88,1292.0,"아디다스 패션 상품. 주요 특징: 디자인, 착용감, 브랜드, 출근, 데이트, 여행.",manual,48,2,12,4,N,0.44
female,34,9090000,대기업직원,미혼,진보적,1217000,5961000,업무,"희소성, 감성",삼성,삼성 전자기기 629,삼성,전자기기,5961000,3.47,487.0,"삼성 전자기기 상품. 주요 특징: 성능, 배터리, 휴대성, 업무, 공부, 게임, 콘텐츠.",naver_api,40,8,22,6,Y,0.639
male,23,1150000,취업준비생,미혼,보수적,80000,165000,피부관리,"성분, 가격",라네즈,라네즈 화장품 630,라네즈,화장품,165000,3.99,,"라네즈 화장품 상품. 주요 특징: 성분, 가격, 후기, 피부관리, 선물, 데일리.",naver_api,3,4,3,4,N,0.5
male,31,1190000,취업준비생,미혼,진보적,209000,2240000,업무,"성능, 배터리",구찌,삼성 전자기기 631,삼성,전자기기,2240000,3.29,,"삼성 전자기기 상품. 주요 특징: 성능, 배터리, 휴대성, 업무, 공부, 게임, 콘텐츠.",image_estimate,17,25,16,16,Y,0.556
male,42,3910000,사무직,미혼,보수적,784000,11000,선물,"가격, 신선도",유한킴벌리,동원 식품 632,동원,식품,11000,3.72,774.0,"동원 식품 상품. 주요 특징: 가격, 신선도, 배송, 생활, 식사, 가족.",crawler,43,0,18,0,N,0.485
male,38,8350000,전문직,기혼,보수적,1147000,356000,선물,"희소성, 감성",삼성,삼성 전자기기 633,삼성,전자기기,356000,4.53,392.0,"삼성 전자기기 상품. 주요 특징: 성능, 배터리, 휴대성, 업무, 공부, 게임, 콘텐츠.",naver_api,36,0,13,4,N,0.609
male,38,5250000,공무원,기혼,보수적,491000,115000,생활,"희소성, 감성",3M,3M 생활용품 634,3M,생활용품,115000,4.73,3560.0,"3M 생활용품 상품. 주요 특징: 가격, 내구성, 용량, 생활, 청소, 가정.",manual,56,3,3,0,N,0.383
female,25,3520000,공무원,미혼,보수적,397000,1132000,보상,"희소성, 감성",루이비통,루이비통 명품 635,루이비통,명품,1132000,4.84,1265.0,"루이비통 명품 상품. 주요 특징: 브랜드, 희소성, 디자인, 선물, 보상, 소장.",user_input,44,6,9,4,Y,0.614
male,26,1100000,취업준비생,미혼,보수적,125000,284000,소장,"희소성, 감성",나이키,LG 전자기기 636,LG,전자기기,284000,,2052.0,"LG 전자기기 상품. 주요 특징: 성능, 배터리, 휴대성, 업무, 공부, 게임, 콘텐츠.",crawler,49,7,2,3,Y,0.882
male,24,890000,학생,기혼,진보적,152000,30000,선물,"희소성, 감성",구찌,나이키 패션 637,나이키,패션,30000,3.82,1353.0,"나이키 패션 상품. 주요 특징: 디자인, 착용감, 브랜드, 출근, 데이트, 여행.",user_input,48,4,10,4,N,0.643
female,37,7090000,전문직,미혼,진보적,1481000,7287000,게임,"성능, 배터리",구찌,소니 전자기기 638,소니,전자기기,7287000,4.8,,"소니 전자기기 상품. 주요 특징: 성능, 배터리, 휴대성, 업무, 공부, 게임, 콘텐츠.",manual,7,13,9,11,Y,0.568
male,31,10590000,전문직,기혼,보수적,1144000,537000,소장,"희소성, 감성",CJ,종근당 건강관리 639,종근당,건강관리,537000,3.88,3866.0,"종근당 건강관리 상품. 주요 특징: 성분, 후기, 안전성, 건강, 부모님, 회복.",manual,55,2,1,4,Y,0.655
male,20,630000,학생,미혼,보수적,47000,6274000,게임,"성능, 배터리",애플,애플 전자기기 640,애플,전자기기,6274000,4.86,3299.0,"애플 전자기기 상품. 주요 특징: 성능, 배터리, 휴대성, 업무, 공부, 게임, 콘텐츠.",user_input,41,60,2,60,Y,0.454
female,31,3200000,사무직,기혼,보수적,350000,630000,선물,"희소성, 감성",대한항공,COS 패션 641,COS,패션,630000,4.69,,"COS 패션 상품. 주요 특징: 디자인, 착용감, 브랜드, 출근, 데이트, 여행.",naver_api,8,4,11,4,Y,0.859
female,51,6620000,대기업직원,미혼,진보적,668000,1712000,유행,"희소성, 감성",루이비통,루이비통 명품 642,루이비통,명품,1712000,3.5,1128.0,"루이비통 명품 상품. 주요 특징: 브랜드, 희소성, 디자인, 선물, 보상, 소장.",manual,48,8,10,3,Y,0.752
female,40,2350000,주부,기혼,진보적,161000,4265000,휴식,"희소성, 감성",소니,소니 전자기기 643,소니,전자기기,4265000,,3471.0,"소니 전자기기 상품. 주요 특징: 성능, 배터리, 휴대성, 업무, 공부, 게임, 콘텐츠.",crawler,50,22,14,17,Y,0.822
female,30,10500000,전문직,기혼,진보적,454000,5718000,유행,"브랜드, 희소성",마이리얼트립,프라다 명품 644,프라다,명품,5718000,3.73,2450.0,"프라다 명품 상품. 주요 특징: 브랜드, 희소성, 디자인, 선물, 보상, 소장.",crawler,44,10,15,4,Y,0.835
female,46,8140000,전문직,미혼,보수적,1217000,3784000,휴식,"내구성, 크기",패스트캠퍼스,한샘 가구 645,한샘,가구,3784000,,148.0,"한샘 가구 상품. 주요 특징: 내구성, 크기, 디자인, 이사, 인테리어, 생활.",user_input,41,7,18,4,Y,0.783
female,75,2790000,은퇴자,기혼,진보적,489000,255000,유행,"희소성, 감성",패스트캠퍼스,이니스프리 화장품 646,이니스프리,화장품,255000,,3099.0,"이니스프리 화장품 상품. 주요 특징: 성분, 가격, 후기, 피부관리, 선물, 데일리.",user_input,52,2,1,2,N,0.658
female,54,5760000,자영업,기혼,진보적,553000,432000,휴식,"가격, 일정",동원,대한항공 여행 647,대한항공,여행,432000,4.86,,"대한항공 여행 상품. 주요 특징: 가격, 일정, 숙소, 휴식, 가족, 기념일.",user_input,10,2,22,3,N,0.385
female,32,6670000,자영업,기혼,보수적,467000,96000,휴식,"내구성, 크기",리바트,리바트 가구 648,리바트,가구,96000,3.97,2857.0,"리바트 가구 상품. 주요 특징: 내구성, 크기, 디자인, 이사, 인테리어, 생활.",naver_api,50,3,13,1,N,0.439
male,66,2530000,은퇴자,미혼,진보적,318000,375000,피부관리,"성분, 가격",이니스프리,라네즈 화장품 649,라네즈,화장품,375000,3.52,3413.0,"라네즈 화장품 상품. 주요 특징: 성분, 가격, 후기, 피부관리, 선물, 데일리.",image_estimate,51,2,20,1,N,0.376
female,48,3490000,주부,기혼,보수적,333000,203000,선물,"성능, 배터리",레노버,레노버 전자기기 650,레노버,전자기기,203000,3.44,,"레노버 전자기기 상품. 주요 특징: 성능, 배터리, 휴대성, 업무, 공부, 게임, 콘텐츠.",user_input,12,4,0,4,N,0.421
female,34,3460000,공무원,기혼,진보적,620000,376000,여행,"희소성, 감성",나이키,나이키 패션 651,나이키,패션,376000,,2700.0,"나이키 패션 상품. 주요 특징: 디자인, 착용감, 브랜드, 출근, 데이트, 여행.",manual,43,4,12,1,N,0.563
male,31,920000,취업준비생,기혼,보수적,176000,369000,여행,"디자인, 착용감",아디다스,아디다스 패션 652,아디다스,패션,369000,4.57,2930.0,"아디다스 패션 상품. 주요 특징: 디자인, 착용감, 브랜드, 출근, 데이트, 여행.",image_estimate,55,5,14,5,Y,0.671
male,54,4930000,사무직,기혼,진보적,405000,1132000,소장,"브랜드, 희소성",루이비통,루이비통 명품 653,루이비통,명품,1132000,4.36,,"루이비통 명품 상품. 주요 특징: 브랜드, 희소성, 디자인, 선물, 보상, 소장.",crawler,14,8,22,5,Y,0.739
male,40,5150000,공무원,기혼,진보적,643000,423000,데일리,"성분, 가격",구찌,설화수 화장품 654,설화수,화장품,423000,,2115.0,"설화수 화장품 상품. 주요 특징: 성분, 가격, 후기, 피부관리, 선물, 데일리.",user_input,50,5,17,3,N,0.489
male,42,3660000,프리랜서,미혼,보수적,279000,491000,유행,"가격, 일정",하나투어,하나투어 여행 655,하나투어,여행,491000,4.4,119.0,"하나투어 여행 상품. 주요 특징: 가격, 일정, 숙소, 휴식, 가족, 기념일.",naver_api,32,6,3,3,N,0.594
female,52,3080000,주부,기혼,보수적,496000,33000,휴식,"가격, 신선도",메가스터디,오뚜기 식품 656,오뚜기,식품,33000,4.34,2852.0,"오뚜기 식품 상품. 주요 특징: 가격, 신선도, 배송, 생활, 식사, 가족.",user_input,51,2,17,1,N,0.491
female,21,710000,학생,기혼,진보적,29000,292000,데이트,"디자인, 착용감",패스트캠퍼스,ZARA 패션 657,ZARA,패션,292000,3.36,2388.0,"ZARA 패션 상품. 주요 특징: 디자인, 착용감, 브랜드, 출근, 데이트, 여행.",manual,46,7,19,4,Y,0.576
male,35,6250000,대기업직원,기혼,보수적,411000,6000,식사,"희소성, 감성",애플,CJ 식품 658,CJ,식품,6000,4.39,391.0,"CJ 식품 상품. 주요 특징: 가격, 신선도, 배송, 생활, 식사, 가족.",manual,38,3,0,1,N,0.453
male,55,5950000,공무원,기혼,진보적,1240000,404000,여행,"희소성, 감성",아디다스,아디다스 패션 659,아디다스,패션,404000,3.95,,"아디다스 패션 상품. 주요 특징: 디자인, 착용감, 브랜드, 출근, 데이트, 여행.",image_estimate,15,6,10,4,N,0.591
female,63,2840000,은퇴자,기혼,진보적,452000,65000,데일리,"희소성, 감성",ZARA,이니스프리 화장품 660,이니스프리,화장품,65000,3.28,2883.0,"이니스프리 화장품 상품. 주요 특징: 성분, 가격, 후기, 피부관리, 선물, 데일리.",manual,45,2,14,1,N,0.641
male,33,8960000,전문직,미혼,진보적,1400000,906000,선물,"희소성, 감성",정관장,프라다 명품 661,프라다,명품,906000,4.36,,"프라다 명품 상품. 주요 특징: 브랜드, 희소성, 디자인, 선물, 보상, 소장.",user_input,5,2,20,1,Y,0.462
female,40,3890000,공무원,기혼,진보적,507000,1240000,휴식,"내구성, 크기",LG,이케아 가구 662,이케아,가구,1240000,3.87,,"이케아 가구 상품. 주요 특징: 내구성, 크기, 디자인, 이사, 인테리어, 생활.",user_input,7,9,10,6,Y,0.809
female,48,2180000,주부,기혼,보수적,397000,12000,유행,"가격, 내구성",센트룸,3M 생활용품 663,3M,생활용품,12000,4.77,,"3M 생활용품 상품. 주요 특징: 가격, 내구성, 용량, 생활, 청소, 가정.",crawler,9,2,12,1,N,0.529
female,61,2870000,주부,기혼,진보적,166000,82000,생활,"내구성, 크기",이케아,이케아 가구 664,이케아,가구,82000,,,"이케아 가구 상품. 주요 특징: 내구성, 크기, 디자인, 이사, 인테리어, 생활.",naver_api,2,2,9,1,N,0.531
male,37,9160000,전문직,기혼,보수적,1439000,689000,출근,"희소성, 감성",나이키,ZARA 패션 665,ZARA,패션,689000,3.21,1192.0,"ZARA 패션 상품. 주요 특징: 디자인, 착용감, 브랜드, 출근, 데이트, 여행.",manual,37,4,9,2,Y,0.483
male,37,4170000,프리랜서,기혼,보수적,430000,2798000,선물,"희소성, 감성",삼성,삼성 전자기기 666,삼성,전자기기,2798000,4.73,,"삼성 전자기기 상품. 주요 특징: 성능, 배터리, 휴대성, 업무, 공부, 게임, 콘텐츠.",naver_api,2,11,20,8,Y,0.796
male,31,3060000,주부,미혼,보수적,301000,36000,휴식,"가격, 내구성",3M,3M 생활용품 667,3M,생활용품,36000,4.67,47.0,"3M 생활용품 상품. 주요 특징: 가격, 내구성, 용량, 생활, 청소, 가정.",crawler,32,0,20,2,N,0.386
female,42,4000000,공무원,기혼,진보적,716000,441000,선물,"희소성, 감성",이케아,샤넬 명품 668,샤넬,명품,441000,3.6,,"샤넬 명품 상품. 주요 특징: 브랜드, 희소성, 디자인, 선물, 보상, 소장.",naver_api,6,4,18,2,N,0.466
male,26,830000,학생,기혼,진보적,40000,1549000,선물,"희소성, 감성",루이비통,루이비통 명품 669,루이비통,명품,1549000,3.95,3732.0,"루이비통 명품 상품. 주요 특징: 브랜드, 희소성, 디자인, 선물, 보상, 소장.",naver_api,48,23,0,17,Y,0.56
male,28,580000,학생,미혼,진보적,123000,18000,생활,"희소성, 감성",3M,3M 생활용품 670,3M,생활용품,18000,4.24,2731.0,"3M 생활용품 상품. 주요 특징: 가격, 내구성, 용량, 생활, 청소, 가정.",manual,55,2,13,3,N,0.358
female,35,2110000,주부,기혼,진보적,100000,122000,이사,"내구성, 크기",이케아,이케아 가구 671,이케아,가구,122000,3.58,2003.0,"이케아 가구 상품. 주요 특징: 내구성, 크기, 디자인, 이사, 인테리어, 생활.",crawler,51,6,11,1,N,0.349
female,35,2620000,주부,기혼,보수적,165000,4163000,보상,"희소성, 감성",설화수,프라다 명품 672,프라다,명품,4163000,4.07,,"프라다 명품 상품. 주요 특징: 브랜드, 희소성, 디자인, 선물, 보상, 소장.",crawler,11,24,11,17,Y,0.66
male,33,7820000,대기업직원,미혼,보수적,563000,668000,선물,"희소성, 감성",이니스프리,이니스프리 화장품 673,이니스프리,화장품,668000,3.31,,"이니스프리 화장품 상품. 주요 특징: 성분, 가격, 후기, 피부관리, 선물, 데일리.",image_estimate,7,6,11,1,Y,0.456
male,46,4710000,자영업,기혼,보수적,224000,454000,자기계발,"희소성, 감성",삼성,패스트캠퍼스 교육 674,패스트캠퍼스,교육,454000,4.85,,"패스트캠퍼스 교육 상품. 주요 특징: 강의품질, 가격, 커리큘럼, 공부, 취업, 자기계발.",naver_api,14,3,9,5,N,0.881
male,46,4950000,사무직,미혼,보수적,397000,92000,휴식,"희소성, 감성",다이소,다이소 생활용품 675,다이소,생활용품,92000,3.85,1590.0,"다이소 생활용품 상품. 주요 특징: 가격, 내구성, 용량, 생활, 청소, 가정.",crawler,52,2,2,0,N,0.566
female,60,7040000,전문직,기혼,보수적,463000,555000,소장,"희소성, 감성",레노버,LG 전자기기 676,LG,전자기기,555000,3.25,3530.0,"LG 전자기기 상품. 주요 특징: 성능, 배터리, 휴대성, 업무, 공부, 게임, 콘텐츠.",crawler,47,1,19,5,Y,0.685
female,39,8570000,대기업직원,기혼,보수적,1610000,133000,출근,"디자인, 착용감",아디다스,아디다스 패션 677,아디다스,패션,133000,4.69,,"아디다스 패션 상품. 주요 특징: 디자인, 착용감, 브랜드, 출근, 데이트, 여행.",naver_api,6,2,17,2,N,0.305
female,32,4290000,공무원,기혼,보수적,595000,4283000,보상,"희소성, 감성",프라다,프라다 명품 678,프라다,명품,4283000,,472.0,"프라다 명품 상품. 주요 특징: 브랜드, 희소성, 디자인, 선물, 보상, 소장.",image_estimate,33,15,21,11,Y,0.54
male,58,6040000,자영업,미혼,진보적,450000,126000,청소,"가격, 내구성",다이소,다이소 생활용품 679,다이소,생활용품,126000,4.21,2413.0,"다이소 생활용품 상품. 주요 특징: 가격, 내구성, 용량, 생활, 청소, 가정.",naver_api,40,1,15,3,N,0.238
female,53,4500000,공무원,기혼,보수적,904000,21000,가족,"희소성, 감성",오뚜기,오뚜기 식품 680,오뚜기,식품,21000,3.23,,"오뚜기 식품 상품. 주요 특징: 가격, 신선도, 배송, 생활, 식사, 가족.",user_input,17,0,19,1,N,0.587
male,53,2070000,주부,기혼,진보적,237000,640000,자기계발,"강의품질, 가격",마이리얼트립,메가스터디 교육 681,메가스터디,교육,640000,3.78,,"메가스터디 교육 상품. 주요 특징: 강의품질, 가격, 커리큘럼, 공부, 취업, 자기계발.",manual,7,4,11,6,Y,0.788
female,22,650000,학생,미혼,진보적,95000,707000,유행,"성능, 배터리",소니,소니 전자기기 682,소니,전자기기,707000,3.56,1790.0,"소니 전자기기 상품. 주요 특징: 성능, 배터리, 휴대성, 업무, 공부, 게임, 콘텐츠.",manual,41,13,12,10,Y,0.652
male,46,7350000,자영업,미혼,보수적,844000,12000,식사,"희소성, 감성",메가스터디,오뚜기 식품 683,오뚜기,식품,12000,3.26,2350.0,"오뚜기 식품 상품. 주요 특징: 가격, 신선도, 배송, 생활, 식사, 가족.",image_estimate,45,2,14,2,N,0.405
male,67,3700000,은퇴자,기혼,보수적,538000,1370000,유행,"희소성, 감성",레노버,종근당 건강관리 684,종근당,건강관리,1370000,4.31,2333.0,"종근당 건강관리 상품. 주요 특징: 성분, 후기, 안전성, 건강, 부모님, 회복.",manual,43,4,14,3,Y,0.827
male,44,5360000,사무직,기혼,진보적,881000,549000,보상,"희소성, 감성",다이소,구찌 명품 685,구찌,명품,549000,3.41,,"구찌 명품 상품. 주요 특징: 브랜드, 희소성, 디자인, 선물, 보상, 소장.",naver_api,9,4,13,4,Y,0.468
male,41,8160000,전문직,기혼,진보적,1444000,891000,휴식,"디자인, 착용감",설화수,나이키 패션 686,나이키,패션,891000,,2572.0,"나이키 패션 상품. 주요 특징: 디자인, 착용감, 브랜드, 출근, 데이트, 여행.",image_estimate,41,3,11,3,Y,0.575
female,31,750000,취업준비생,미혼,보수적,41000,215000,출근,"디자인, 착용감",나이키,COS 패션 687,COS,패션,215000,,3335.0,"COS 패션 상품. 주요 특징: 디자인, 착용감, 브랜드, 출근, 데이트, 여행.",crawler,44,8,9,4,Y,0.589
male,45,4830000,프리랜서,미혼,보수적,326000,534000,휴식,"희소성, 감성",애플,애플 전자기기 688,애플,전자기기,534000,4.54,2087.0,"애플 전자기기 상품. 주요 특징: 성능, 배터리, 휴대성, 업무, 공부, 게임, 콘텐츠.",crawler,46,1,0,4,Y,0.728
female,42,4220000,프리랜서,기혼,진보적,362000,930000,취업,"강의품질, 가격",클래스101,클래스101 교육 689,클래스101,교육,930000,3.92,,"클래스101 교육 상품. 주요 특징: 강의품질, 가격, 커리큘럼, 공부, 취업, 자기계발.",naver_api,2,7,20,5,Y,0.438
male,53,3400000,프리랜서,미혼,진보적,304000,34000,휴식,"희소성, 감성",센트룸,나이키 패션 690,나이키,패션,34000,4.2,3804.0,"나이키 패션 상품. 주요 특징: 디자인, 착용감, 브랜드, 출근, 데이트, 여행.",crawler,51,1,15,0,N,0.71
male,28,4720000,공무원,미혼,보수적,295000,1261000,데이트,"희소성, 감성",ZARA,ZARA 패션 691,ZARA,패션,1261000,3.89,2977.0,"ZARA 패션 상품. 주요 특징: 디자인, 착용감, 브랜드, 출근, 데이트, 여행.",naver_api,46,4,17,4,Y,0.623
female,34,9010000,전문직,기혼,진보적,960000,371000,데이트,"디자인, 착용감",동원,ZARA 패션 692,ZARA,패션,371000,4.35,1038.0,"ZARA 패션 상품. 주요 특징: 디자인, 착용감, 브랜드, 출근, 데이트, 여행.",naver_api,44,1,2,1,N,0.363
female,73,2730000,은퇴자,기혼,보수적,156000,76000,공부,"희소성, 감성",메가스터디,메가스터디 교육 693,메가스터디,교육,76000,,,"메가스터디 교육 상품. 주요 특징: 강의품질, 가격, 커리큘럼, 공부, 취업, 자기계발.",naver_api,12,3,20,3,N,0.385
female,23,1100000,취업준비생,기혼,보수적,176000,96000,가정,"가격, 내구성",애플,유한킴벌리 생활용품 694,유한킴벌리,생활용품,96000,,269.0,"유한킴벌리 생활용품 상품. 주요 특징: 가격, 내구성, 용량, 생활, 청소, 가정.",image_estimate,34,2,17,0,N,0.481
male,32,6620000,대기업직원,기혼,보수적,1169000,56000,자기계발,"희소성, 감성",레노버,클래스101 교육 695,클래스101,교육,56000,,3503.0,"클래스101 교육 상품. 주요 특징: 강의품질, 가격, 커리큘럼, 공부, 취업, 자기계발.",naver_api,50,5,9,2,N,0.639
male,57,4940000,자영업,기혼,진보적,326000,5660000,유행,"희소성, 감성",프라다,구찌 명품 696,구찌,명품,5660000,3.6,2359.0,"구찌 명품 상품. 주요 특징: 브랜드, 희소성, 디자인, 선물, 보상, 소장.",crawler,54,14,20,10,Y,0.874
male,22,1210000,취업준비생,미혼,진보적,143000,193000,데일리,"희소성, 감성",LG,이니스프리 화장품 697,이니스프리,화장품,193000,4.82,1824.0,"이니스프리 화장품 상품. 주요 특징: 성분, 가격, 후기, 피부관리, 선물, 데일리.",image_estimate,52,7,14,3,N,0.695
male,40,5790000,프리랜서,기혼,보수적,900000,101000,가정,"가격, 내구성",소니,3M 생활용품 698,3M,생활용품,101000,3.79,1100.0,"3M 생활용품 상품. 주요 특징: 가격, 내구성, 용량, 생활, 청소, 가정.",crawler,45,3,10,3,N,0.491
female,26,1140000,취업준비생,미혼,진보적,181000,284000,선물,"가격, 일정",대한항공,대한항공 여행 699,대한항공,여행,284000,4.79,,"대한항공 여행 상품. 주요 특징: 가격, 일정, 숙소, 휴식, 가족, 기념일.",manual,5,5,2,4,Y,0.588
male,33,1150000,취업준비생,미혼,보수적,227000,145000,데이트,"디자인, 착용감",나이키,나이키 패션 700,나이키,패션,145000,,1814.0,"나이키 패션 상품. 주요 특징: 디자인, 착용감, 브랜드, 출근, 데이트, 여행.",naver_api,44,4,13,1,N,0.268
male,23,1190000,취업준비생,미혼,보수적,132000,436000,이사,"희소성, 감성",한샘,리바트 가구 701,리바트,가구,436000,,,"리바트 가구 상품. 주요 특징: 내구성, 크기, 디자인, 이사, 인테리어, 생활.",naver_api,14,7,17,3,Y,0.706
male,27,1330000,취업준비생,미혼,진보적,270000,147000,이사,"내구성, 크기",CJ,이케아 가구 702,이케아,가구,147000,4.3,,"이케아 가구 상품. 주요 특징: 내구성, 크기, 디자인, 이사, 인테리어, 생활.",manual,15,2,14,1,N,0.355
female,35,5540000,프리랜서,기혼,진보적,178000,154000,선물,"디자인, 착용감",아디다스,아디다스 패션 703,아디다스,패션,154000,3.32,3580.0,"아디다스 패션 상품. 주요 특징: 디자인, 착용감, 브랜드, 출근, 데이트, 여행.",naver_api,49,3,13,5,N,0.483
female,35,8850000,전문직,기혼,진보적,847000,127000,업무,"성능, 배터리",오뚜기,LG 전자기기 704,LG,전자기기,127000,4.81,1596.0,"LG 전자기기 상품. 주요 특징: 성능, 배터리, 휴대성, 업무, 공부, 게임, 콘텐츠.",image_estimate,40,2,21,2,N,0.294
female,31,5650000,자영업,기혼,진보적,640000,91000,생활,"희소성, 감성",리바트,리바트 가구 705,리바트,가구,91000,,2799.0,"리바트 가구 상품. 주요 특징: 내구성, 크기, 디자인, 이사, 인테리어, 생활.",manual,44,2,0,0,N,0.596
female,21,570000,학생,미혼,보수적,18000,470000,소장,"희소성, 감성",동원,LG 전자기기 706,LG,전자기기,470000,4.58,,"LG 전자기기 상품. 주요 특징: 성능, 배터리, 휴대성, 업무, 공부, 게임, 콘텐츠.",user_input,5,10,18,8,Y,0.906
male,60,3770000,은퇴자,기혼,보수적,388000,6000,가정,"희소성, 감성",설화수,3M 생활용품 707,3M,생활용품,6000,4.71,,"3M 생활용품 상품. 주요 특징: 가격, 내구성, 용량, 생활, 청소, 가정.",crawler,9,3,14,1,N,0.647
female,57,9190000,대기업직원,기혼,진보적,817000,376000,휴식,"희소성, 감성",유한킴벌리,하나투어 여행 708,하나투어,여행,376000,,3922.0,"하나투어 여행 상품. 주요 특징: 가격, 일정, 숙소, 휴식, 가족, 기념일.",naver_api,48,3,13,5,N,0.452
male,59,4520000,자영업,미혼,보수적,653000,561000,이사,"희소성, 감성",이케아,이케아 가구 709,이케아,가구,561000,3.74,,"이케아 가구 상품. 주요 특징: 내구성, 크기, 디자인, 이사, 인테리어, 생활.",manual,12,4,1,1,Y,0.399
male,37,4250000,자영업,기혼,보수적,890000,130000,이사,"희소성, 감성",리바트,리바트 가구 710,리바트,가구,130000,,3182.0,"리바트 가구 상품. 주요 특징: 내구성, 크기, 디자인, 이사, 인테리어, 생활.",image_estimate,56,6,10,2,N,0.358
female,42,5660000,공무원,기혼,진보적,582000,114000,자기계발,"희소성, 감성",메가스터디,메가스터디 교육 711,메가스터디,교육,114000,,1400.0,"메가스터디 교육 상품. 주요 특징: 강의품질, 가격, 커리큘럼, 공부, 취업, 자기계발.",manual,41,3,0,2,N,0.547
male,44,10320000,전문직,기혼,진보적,2030000,306000,휴식,"희소성, 감성",클래스101,대한항공 여행 712,대한항공,여행,306000,4.11,1405.0,"대한항공 여행 상품. 주요 특징: 가격, 일정, 숙소, 휴식, 가족, 기념일.",manual,51,5,16,1,N,0.478
male,25,880000,학생,기혼,진보적,124000,170000,건강,"희소성, 감성",삼성,종근당 건강관리 713,종근당,건강관리,170000,4.22,778.0,"종근당 건강관리 상품. 주요 특징: 성분, 후기, 안전성, 건강, 부모님, 회복.",image_estimate,40,3,12,4,Y,0.495
female,58,2680000,주부,기혼,보수적,456000,276000,건강,"성분, 후기",샤넬,정관장 건강관리 714,정관장,건강관리,276000,4.3,1174.0,"정관장 건강관리 상품. 주요 특징: 성분, 후기, 안전성, 건강, 부모님, 회복.",image_estimate,37,5,20,4,N,0.335
female,50,6130000,대기업직원,미혼,보수적,906000,2390000,보상,"브랜드, 희소성",루이비통,루이비통 명품 715,루이비통,명품,2390000,3.21,1359.0,"루이비통 명품 상품. 주요 특징: 브랜드, 희소성, 디자인, 선물, 보상, 소장.",user_input,46,5,20,4,Y,0.554
male,36,5180000,자영업,기혼,진보적,1109000,9000,휴식,"가격, 신선도",센트룸,CJ 식품 716,CJ,식품,9000,3.3,65.0,"CJ 식품 상품. 주요 특징: 가격, 신선도, 배송, 생활, 식사, 가족.",crawler,22,1,19,4,N,0.452
female,53,2230000,주부,기혼,진보적,142000,507000,휴식,"브랜드, 희소성",리바트,구찌 명품 717,구찌,명품,507000,3.92,713.0,"구찌 명품 상품. 주요 특징: 브랜드, 희소성, 디자인, 선물, 보상, 소장.",image_estimate,40,5,16,2,Y,0.782
female,52,5600000,사무직,기혼,보수적,1081000,4637000,콘텐츠,"성능, 배터리",대한항공,소니 전자기기 718,소니,전자기기,4637000,4.53,,"소니 전자기기 상품. 주요 특징: 성능, 배터리, 휴대성, 업무, 공부, 게임, 콘텐츠.",image_estimate,7,10,14,11,Y,0.718
female,39,3350000,주부,미혼,진보적,505000,1150000,유행,"희소성, 감성",샤넬,마이리얼트립 여행 719,마이리얼트립,여행,1150000,4.05,3316.0,"마이리얼트립 여행 상품. 주요 특징: 가격, 일정, 숙소, 휴식, 가족, 기념일.",naver_api,53,6,12,3,Y,0.873
female,32,3090000,주부,기혼,진보적,357000,36000,데일리,"성분, 가격",구찌,설화수 화장품 720,설화수,화장품,36000,4.87,2236.0,"설화수 화장품 상품. 주요 특징: 성분, 가격, 후기, 피부관리, 선물, 데일리.",image_estimate,53,5,10,2,N,0.486
female,36,6130000,대기업직원,기혼,진보적,540000,25000,선물,"가격, 내구성",메가스터디,유한킴벌리 생활용품 721,유한킴벌리,생활용품,25000,3.67,414.0,"유한킴벌리 생활용품 상품. 주요 특징: 가격, 내구성, 용량, 생활, 청소, 가정.",naver_api,37,2,15,1,N,0.476
male,21,710000,학생,미혼,진보적,102000,4655000,게임,"성능, 배터리",COS,레노버 전자기기 722,레노버,전자기기,4655000,4.46,3.0,"레노버 전자기기 상품. 주요 특징: 성능, 배터리, 휴대성, 업무, 공부, 게임, 콘텐츠.",crawler,22,60,0,56,Y,0.541
male,34,3980000,사무직,미혼,진보적,361000,54000,청소,"희소성, 감성",하나투어,유한킴벌리 생활용품 723,유한킴벌리,생활용품,54000,3.41,,"유한킴벌리 생활용품 상품. 주요 특징: 가격, 내구성, 용량, 생활, 청소, 가정.",manual,14,5,21,3,N,0.448
male,45,3030000,사무직,기혼,진보적,184000,1105000,인테리어,"내구성, 크기",애플,한샘 가구 724,한샘,가구,1105000,,2138.0,"한샘 가구 상품. 주요 특징: 내구성, 크기, 디자인, 이사, 인테리어, 생활.",image_estimate,54,8,1,3,Y,0.607
male,46,4230000,프리랜서,미혼,보수적,138000,348000,업무,"성능, 배터리",센트룸,애플 전자기기 725,애플,전자기기,348000,,,"애플 전자기기 상품. 주요 특징: 성능, 배터리, 휴대성, 업무, 공부, 게임, 콘텐츠.",manual,15,2,20,2,N,0.55
male,27,3990000,프리랜서,미혼,보수적,570000,21000,생활,"희소성, 감성",센트룸,오뚜기 식품 726,오뚜기,식품,21000,3.49,3317.0,"오뚜기 식품 상품. 주요 특징: 가격, 신선도, 배송, 생활, 식사, 가족.",naver_api,48,3,10,4,N,0.427
female,46,5650000,공무원,미혼,진보적,615000,61000,이사,"희소성, 감성",한샘,한샘 가구 727,한샘,가구,61000,4.77,1014.0,"한샘 가구 상품. 주요 특징: 내구성, 크기, 디자인, 이사, 인테리어, 생활.",naver_api,35,5,16,2,N,0.423
female,19,870000,학생,미혼,진보적,145000,7255000,선물,"브랜드, 희소성",구찌,구찌 명품 728,구찌,명품,7255000,,3264.0,"구찌 명품 상품. 주요 특징: 브랜드, 희소성, 디자인, 선물, 보상, 소장.",crawler,41,60,21,60,Y,0.557
male,30,8220000,대기업직원,미혼,진보적,1713000,137000,취업,"강의품질, 가격",라네즈,패스트캠퍼스 교육 729,패스트캠퍼스,교육,137000,4.76,719.0,"패스트캠퍼스 교육 상품. 주요 특징: 강의품질, 가격, 커리큘럼, 공부, 취업, 자기계발.",user_input,37,3,10,4,N,0.306
male,45,5620000,공무원,기혼,보수적,723000,30000,휴식,"성분, 가격",오뚜기,이니스프리 화장품 730,이니스프리,화장품,30000,,233.0,"이니스프리 화장품 상품. 주요 특징: 성분, 가격, 후기, 피부관리, 선물, 데일리.",naver_api,31,5,21,4,N,0.503
male,30,6290000,대기업직원,기혼,진보적,638000,88000,소장,"희소성, 감성",메가스터디,메가스터디 교육 731,메가스터디,교육,88000,,,"메가스터디 교육 상품. 주요 특징: 강의품질, 가격, 커리큘럼, 공부, 취업, 자기계발.",naver_api,12,2,21,3,N,0.579
male,30,5210000,대기업직원,기혼,진보적,328000,4000,유행,"희소성, 감성",아디다스,동원 식품 732,동원,식품,4000,4.14,1463.0,"동원 식품 상품. 주요 특징: 가격, 신선도, 배송, 생활, 식사, 가족.",crawler,44,0,20,2,N,0.64
male,47,2610000,주부,미혼,보수적,467000,341000,유행,"성분, 후기",소니,센트룸 건강관리 733,센트룸,건강관리,341000,,1285.0,"센트룸 건강관리 상품. 주요 특징: 성분, 후기, 안전성, 건강, 부모님, 회복.",naver_api,43,4,13,5,N,0.523
male,35,5460000,프리랜서,미혼,보수적,419000,1727000,선물,"희소성, 감성",소니,루이비통 명품 734,루이비통,명품,1727000,3.96,3295.0,"루이비통 명품 상품. 주요 특징: 브랜드, 희소성, 디자인, 선물, 보상, 소장.",naver_api,56,6,15,7,Y,0.659
female,25,4610000,프리랜서,미혼,진보적,924000,13000,선물,"성분, 가격",이니스프리,이니스프리 화장품 735,이니스프리,화장품,13000,4.71,,"이니스프리 화장품 상품. 주요 특징: 성분, 가격, 후기, 피부관리, 선물, 데일리.",image_estimate,12,1,18,2,N,0.24
female,55,3510000,공무원,기혼,진보적,326000,242000,취업,"희소성, 감성",클래스101,클래스101 교육 736,클래스101,교육,242000,3.99,,"클래스101 교육 상품. 주요 특징: 강의품질, 가격, 커리큘럼, 공부, 취업, 자기계발.",image_estimate,16,2,15,3,N,0.359
female,39,6310000,자영업,기혼,보수적,296000,258000,출근,"디자인, 착용감",아디다스,아디다스 패션 737,아디다스,패션,258000,3.52,3644.0,"아디다스 패션 상품. 주요 특징: 디자인, 착용감, 브랜드, 출근, 데이트, 여행.",naver_api,45,4,17,4,N,0.291
male,25,970000,취업준비생,미혼,진보적,119000,7418000,선물,"희소성, 감성",리바트,루이비통 명품 738,루이비통,명품,7418000,4.17,,"루이비통 명품 상품. 주요 특징: 브랜드, 희소성, 디자인, 선물, 보상, 소장.",crawler,12,60,3,60,Y,0.669
male,38,6540000,대기업직원,미혼,보수적,452000,46000,생활,"희소성, 감성",CJ,CJ 식품 739,CJ,식품,46000,4.28,1230.0,"CJ 식품 상품. 주요 특징: 가격, 신선도, 배송, 생활, 식사, 가족.",naver_api,44,3,17,3,N,0.347
female,31,2970000,주부,미혼,보수적,452000,197000,기념일,"가격, 일정",대한항공,대한항공 여행 740,대한항공,여행,197000,4.35,1646.0,"대한항공 여행 상품. 주요 특징: 가격, 일정, 숙소, 휴식, 가족, 기념일.",image_estimate,47,5,15,0,N,0.44
male,32,970000,취업준비생,기혼,진보적,150000,25000,가족,"희소성, 감성",동원,동원 식품 741,동원,식품,25000,,728.0,"동원 식품 상품. 주요 특징: 가격, 신선도, 배송, 생활, 식사, 가족.",crawler,38,4,0,1,N,0.551
female,28,660000,학생,미혼,진보적,95000,11000,청소,"희소성, 감성",유한킴벌리,유한킴벌리 생활용품 742,유한킴벌리,생활용품,11000,,3082.0,"유한킴벌리 생활용품 상품. 주요 특징: 가격, 내구성, 용량, 생활, 청소, 가정.",crawler,52,4,20,3,N,0.405
male,28,3490000,공무원,기혼,진보적,137000,385000,선물,"성분, 가격",센트룸,이니스프리 화장품 743,이니스프리,화장품,385000,4.68,622.0,"이니스프리 화장품 상품. 주요 특징: 성분, 가격, 후기, 피부관리, 선물, 데일리.",user_input,48,6,16,3,N,0.528
male,30,870000,취업준비생,기혼,보수적,173000,38000,자기계발,"희소성, 감성",메가스터디,메가스터디 교육 744,메가스터디,교육,38000,3.8,,"메가스터디 교육 상품. 주요 특징: 강의품질, 가격, 커리큘럼, 공부, 취업, 자기계발.",naver_api,15,5,14,2,N,0.549
female,38,5510000,공무원,기혼,보수적,1065000,183000,소장,"성분, 가격",라네즈,라네즈 화장품 745,라네즈,화장품,183000,4.11,3963.0,"라네즈 화장품 상품. 주요 특징: 성분, 가격, 후기, 피부관리, 선물, 데일리.",naver_api,54,6,2,4,N,0.424
female,31,4180000,프리랜서,기혼,진보적,244000,118000,회복,"성분, 후기",이케아,정관장 건강관리 746,정관장,건강관리,118000,3.4,,"정관장 건강관리 상품. 주요 특징: 성분, 후기, 안전성, 건강, 부모님, 회복.",crawler,2,2,10,0,N,0.512
female,51,6070000,대기업직원,기혼,보수적,273000,704000,취업,"강의품질, 가격",프라다,메가스터디 교육 747,메가스터디,교육,704000,,286.0,"메가스터디 교육 상품. 주요 특징: 강의품질, 가격, 커리큘럼, 공부, 취업, 자기계발.",image_estimate,30,3,17,4,Y,0.531
female,35,5900000,공무원,기혼,진보적,1011000,6000,소장,"희소성, 감성",오뚜기,오뚜기 식품 748,오뚜기,식품,6000,4.32,,"오뚜기 식품 상품. 주요 특징: 가격, 신선도, 배송, 생활, 식사, 가족.",crawler,8,2,22,1,N,0.567
male,44,4050000,사무직,미혼,진보적,418000,52000,취업,"희소성, 감성",샤넬,클래스101 교육 749,클래스101,교육,52000,3.52,1669.0,"클래스101 교육 상품. 주요 특징: 강의품질, 가격, 커리큘럼, 공부, 취업, 자기계발.",crawler,42,6,9,3,N,0.454
male,41,5520000,대기업직원,기혼,진보적,685000,93000,가정,"가격, 내구성",3M,3M 생활용품 750,3M,생활용품,93000,4.38,525.0,"3M 생활용품 상품. 주요 특징: 가격, 내구성, 용량, 생활, 청소, 가정.",naver_api,37,5,12,4,N,0.397
female,49,2890000,주부,기혼,보수적,570000,3799000,휴식,"내구성, 크기",동원,한샘 가구 751,한샘,가구,3799000,4.13,1588.0,"한샘 가구 상품. 주요 특징: 내구성, 크기, 디자인, 이사, 인테리어, 생활.",naver_api,43,18,3,11,Y,0.773
female,50,5360000,공무원,기혼,진보적,1088000,1629000,기념일,"가격, 일정",메가스터디,하나투어 여행 752,하나투어,여행,1629000,4.6,,"하나투어 여행 상품. 주요 특징: 가격, 일정, 숙소, 휴식, 가족, 기념일.",user_input,16,8,15,6,Y,0.692
female,45,4770000,자영업,미혼,보수적,448000,55000,선물,"강의품질, 가격",아디다스,패스트캠퍼스 교육 753,패스트캠퍼스,교육,55000,3.33,902.0,"패스트캠퍼스 교육 상품. 주요 특징: 강의품질, 가격, 커리큘럼, 공부, 취업, 자기계발.",user_input,42,0,22,0,N,0.519
female,38,4160000,프리랜서,미혼,진보적,164000,349000,유행,"성능, 배터리",LG,LG 전자기기 754,LG,전자기기,349000,4.33,,"LG 전자기기 상품. 주요 특징: 성능, 배터리, 휴대성, 업무, 공부, 게임, 콘텐츠.",manual,11,4,15,5,N,0.662
female,37,5160000,사무직,기혼,보수적,654000,2645000,소장,"희소성, 감성",정관장,리바트 가구 755,리바트,가구,2645000,3.6,3035.0,"리바트 가구 상품. 주요 특징: 내구성, 크기, 디자인, 이사, 인테리어, 생활.",manual,42,10,18,6,Y,0.889
female,22,1140000,취업준비생,미혼,진보적,195000,584000,공부,"강의품질, 가격",메가스터디,메가스터디 교육 756,메가스터디,교육,584000,,322.0,"메가스터디 교육 상품. 주요 특징: 강의품질, 가격, 커리큘럼, 공부, 취업, 자기계발.",user_input,34,9,15,5,Y,0.436
male,38,7880000,전문직,미혼,진보적,366000,64000,출근,"희소성, 감성",애플,나이키 패션 757,나이키,패션,64000,3.78,1396.0,"나이키 패션 상품. 주요 특징: 디자인, 착용감, 브랜드, 출근, 데이트, 여행.",manual,43,3,12,4,N,0.42
female,51,2380000,주부,기혼,진보적,227000,42000,가족,"희소성, 감성",ZARA,동원 식품 758,동원,식품,42000,4.47,,"동원 식품 상품. 주요 특징: 가격, 신선도, 배송, 생활, 식사, 가족.",manual,7,5,17,3,N,0.587
male,26,1330000,취업준비생,미혼,진보적,193000,62000,건강,"성분, 후기",정관장,정관장 건강관리 759,정관장,건강관리,62000,3.62,,"정관장 건강관리 상품. 주요 특징: 성분, 후기, 안전성, 건강, 부모님, 회복.",manual,17,3,11,4,N,0.247
female,34,3650000,사무직,미혼,보수적,236000,4354000,보상,"희소성, 감성",루이비통,루이비통 명품 760,루이비통,명품,4354000,3.3,1950.0,"루이비통 명품 상품. 주요 특징: 브랜드, 희소성, 디자인, 선물, 보상, 소장.",naver_api,45,18,11,10,Y,0.624
male,51,5630000,사무직,미혼,진보적,1222000,6000,생활,"가격, 신선도",종근당,오뚜기 식품 761,오뚜기,식품,6000,3.83,,"오뚜기 식품 상품. 주요 특징: 가격, 신선도, 배송, 생활, 식사, 가족.",crawler,5,2,13,1,N,0.3
female,65,4440000,자영업,기혼,진보적,453000,578000,유행,"희소성, 감성",샤넬,클래스101 교육 762,클래스101,교육,578000,4.74,2807.0,"클래스101 교육 상품. 주요 특징: 강의품질, 가격, 커리큘럼, 공부, 취업, 자기계발.",manual,46,1,17,4,Y,0.694
male,43,3050000,사무직,기혼,진보적,395000,371000,휴식,"희소성, 감성",마이리얼트립,나이키 패션 763,나이키,패션,371000,3.83,3210.0,"나이키 패션 상품. 주요 특징: 디자인, 착용감, 브랜드, 출근, 데이트, 여행.",image_estimate,53,5,12,2,N,0.63
male,28,820000,취업준비생,미혼,보수적,97000,77000,휴식,"희소성, 감성",클래스101,라네즈 화장품 764,라네즈,화장품,77000,4.6,,"라네즈 화장품 상품. 주요 특징: 성분, 가격, 후기, 피부관리, 선물, 데일리.",naver_api,9,2,21,4,N,0.689
female,62,7350000,자영업,기혼,진보적,1131000,131000,피부관리,"희소성, 감성",설화수,설화수 화장품 765,설화수,화장품,131000,3.47,629.0,"설화수 화장품 상품. 주요 특징: 성분, 가격, 후기, 피부관리, 선물, 데일리.",naver_api,40,2,10,4,N,0.353
male,57,2500000,주부,미혼,보수적,380000,109000,휴식,"희소성, 감성",LG,LG 전자기기 766,LG,전자기기,109000,,,"LG 전자기기 상품. 주요 특징: 성능, 배터리, 휴대성, 업무, 공부, 게임, 콘텐츠.",image_estimate,17,2,19,5,N,0.613
male,19,930000,학생,미혼,진보적,173000,67000,식사,"가격, 신선도",CJ,CJ 식품 767,CJ,식품,67000,4.55,3111.0,"CJ 식품 상품. 주요 특징: 가격, 신선도, 배송, 생활, 식사, 가족.",naver_api,53,1,18,2,N,0.182
male,50,5220000,사무직,기혼,진보적,1095000,1101000,선물,"브랜드, 희소성",소니,구찌 명품 768,구찌,명품,1101000,3.81,1429.0,"구찌 명품 상품. 주요 특징: 브랜드, 희소성, 디자인, 선물, 보상, 소장.",user_input,45,5,15,2,Y,0.387
female,32,4160000,프리랜서,미혼,진보적,744000,1416000,인테리어,"내구성, 크기",리바트,리바트 가구 769,리바트,가구,1416000,3.66,,"리바트 가구 상품. 주요 특징: 내구성, 크기, 디자인, 이사, 인테리어, 생활.",crawler,12,9,22,6,Y,0.516
male,54,2220000,주부,기혼,진보적,199000,542000,생활,"희소성, 감성",리바트,리바트 가구 770,리바트,가구,542000,3.68,,"리바트 가구 상품. 주요 특징: 내구성, 크기, 디자인, 이사, 인테리어, 생활.",user_input,6,4,18,1,Y,0.843
male,49,6250000,자영업,기혼,진보적,1166000,469000,피부관리,"성분, 가격",설화수,설화수 화장품 771,설화수,화장품,469000,,2005.0,"설화수 화장품 상품. 주요 특징: 성분, 가격, 후기, 피부관리, 선물, 데일리.",naver_api,42,4,22,2,N,0.269
male,41,10080000,전문직,기혼,진보적,1901000,2062000,게임,"희소성, 감성",레노버,레노버 전자기기 772,레노버,전자기기,2062000,3.65,,"레노버 전자기기 상품. 주요 특징: 성능, 배터리, 휴대성, 업무, 공부, 게임, 콘텐츠.",crawler,8,7,15,5,Y,0.42
male,32,9920000,전문직,기혼,보수적,1817000,784000,소장,"디자인, 착용감",ZARA,ZARA 패션 773,ZARA,패션,784000,4.21,,"ZARA 패션 상품. 주요 특징: 디자인, 착용감, 브랜드, 출근, 데이트, 여행.",naver_api,15,5,9,4,Y,0.461
female,72,2100000,은퇴자,기혼,보수적,324000,9000,가족,"가격, 신선도",유한킴벌리,오뚜기 식품 774,오뚜기,식품,9000,3.87,2366.0,"오뚜기 식품 상품. 주요 특징: 가격, 신선도, 배송, 생활, 식사, 가족.",user_input,54,2,21,4,N,0.461
male,35,7020000,자영업,미혼,보수적,919000,104000,데이트,"디자인, 착용감",나이키,나이키 패션 775,나이키,패션,104000,3.9,2371.0,"나이키 패션 상품. 주요 특징: 디자인, 착용감, 브랜드, 출근, 데이트, 여행.",user_input,44,4,11,3,N,0.27
female,47,8030000,대기업직원,미혼,진보적,530000,543000,선물,"내구성, 크기",정관장,한샘 가구 776,한샘,가구,543000,,2133.0,"한샘 가구 상품. 주요 특징: 내구성, 크기, 디자인, 이사, 인테리어, 생활.",crawler,51,2,21,3,Y,0.548
male,31,720000,취업준비생,미혼,진보적,153000,149000,공부,"강의품질, 가격",패스트캠퍼스,패스트캠퍼스 교육 777,패스트캠퍼스,교육,149000,3.9,3851.0,"패스트캠퍼스 교육 상품. 주요 특징: 강의품질, 가격, 커리큘럼, 공부, 취업, 자기계발.",manual,42,8,22,4,Y,0.226
female,54,2520000,주부,미혼,진보적,463000,49000,자기계발,"희소성, 감성",메가스터디,메가스터디 교육 778,메가스터디,교육,49000,,433.0,"메가스터디 교육 상품. 주요 특징: 강의품질, 가격, 커리큘럼, 공부, 취업, 자기계발.",manual,40,5,9,4,N,0.581
male,68,2430000,은퇴자,기혼,진보적,76000,80000,생활,"희소성, 감성",샤넬,3M 생활용품 779,3M,생활용품,80000,4.44,1719.0,"3M 생활용품 상품. 주요 특징: 가격, 내구성, 용량, 생활, 청소, 가정.",manual,45,5,16,4,N,0.463
male,39,5400000,사무직,미혼,진보적,1171000,329000,선물,"성분, 가격",이니스프리,이니스프리 화장품 780,이니스프리,화장품,329000,4.46,793.0,"이니스프리 화장품 상품. 주요 특징: 성분, 가격, 후기, 피부관리, 선물, 데일리.",crawler,46,3,2,4,N,0.208
male,25,4740000,프리랜서,기혼,진보적,487000,2010000,휴식,"브랜드, 희소성",구찌,구찌 명품 781,구찌,명품,2010000,3.94,764.0,"구찌 명품 상품. 주요 특징: 브랜드, 희소성, 디자인, 선물, 보상, 소장.",user_input,47,8,9,6,Y,0.716
female,43,6010000,공무원,기혼,진보적,782000,105000,데일리,"성분, 가격",오뚜기,이니스프리 화장품 782,이니스프리,화장품,105000,4.29,3515.0,"이니스프리 화장품 상품. 주요 특징: 성분, 가격, 후기, 피부관리, 선물, 데일리.",manual,45,5,15,4,N,0.475
male,53,4730000,프리랜서,기혼,진보적,1029000,1503000,생활,"희소성, 감성",CJ,리바트 가구 783,리바트,가구,1503000,3.3,,"리바트 가구 상품. 주요 특징: 내구성, 크기, 디자인, 이사, 인테리어, 생활.",crawler,6,5,15,6,Y,0.764
female,44,3530000,프리랜서,기혼,진보적,320000,30000,식사,"희소성, 감성",CJ,CJ 식품 784,CJ,식품,30000,3.76,1732.0,"CJ 식품 상품. 주요 특징: 가격, 신선도, 배송, 생활, 식사, 가족.",user_input,49,2,16,3,N,0.383
male,46,6980000,대기업직원,기혼,보수적,725000,97000,유행,"성분, 가격",설화수,설화수 화장품 785,설화수,화장품,97000,4.34,400.0,"설화수 화장품 상품. 주요 특징: 성분, 가격, 후기, 피부관리, 선물, 데일리.",user_input,36,5,22,4,N,0.469
female,27,1020000,취업준비생,미혼,진보적,191000,1259000,기념일,"희소성, 감성",ZARA,대한항공 여행 786,대한항공,여행,1259000,,618.0,"대한항공 여행 상품. 주요 특징: 가격, 일정, 숙소, 휴식, 가족, 기념일.",image_estimate,44,15,13,14,Y,0.88
male,66,3390000,은퇴자,미혼,보수적,450000,147000,소장,"디자인, 착용감",클래스101,COS 패션 787,COS,패션,147000,3.63,538.0,"COS 패션 상품. 주요 특징: 디자인, 착용감, 브랜드, 출근, 데이트, 여행.",naver_api,36,2,15,4,N,0.548
female,52,3390000,주부,기혼,진보적,474000,620000,건강,"성분, 후기",레노버,센트룸 건강관리 788,센트룸,건강관리,620000,4.1,1293.0,"센트룸 건강관리 상품. 주요 특징: 성분, 후기, 안전성, 건강, 부모님, 회복.",image_estimate,39,2,2,4,Y,0.403
female,45,2310000,주부,기혼,진보적,110000,1349000,콘텐츠,"희소성, 감성",유한킴벌리,소니 전자기기 789,소니,전자기기,1349000,,219.0,"소니 전자기기 상품. 주요 특징: 성능, 배터리, 휴대성, 업무, 공부, 게임, 콘텐츠.",crawler,41,9,17,7,Y,0.858
male,59,3480000,은퇴자,미혼,보수적,240000,535000,회복,"희소성, 감성",정관장,정관장 건강관리 790,정관장,건강관리,535000,4.29,1486.0,"정관장 건강관리 상품. 주요 특징: 성분, 후기, 안전성, 건강, 부모님, 회복.",manual,48,7,9,5,Y,0.788
male,28,9460000,전문직,기혼,보수적,1319000,3986000,유행,"희소성, 감성",삼성,삼성 전자기기 791,삼성,전자기기,3986000,,3977.0,"삼성 전자기기 상품. 주요 특징: 성능, 배터리, 휴대성, 업무, 공부, 게임, 콘텐츠.",naver_api,56,5,11,8,Y,0.782
male,53,4730000,프리랜서,기혼,보수적,874000,1334000,가족,"가격, 일정",마이리얼트립,마이리얼트립 여행 792,마이리얼트립,여행,1334000,4.52,1768.0,"마이리얼트립 여행 상품. 주요 특징: 가격, 일정, 숙소, 휴식, 가족, 기념일.",user_input,53,4,14,6,Y,0.374
male,55,4080000,사무직,미혼,진보적,348000,685000,선물,"희소성, 감성",루이비통,나이키 패션 793,나이키,패션,685000,4.44,,"나이키 패션 상품. 주요 특징: 디자인, 착용감, 브랜드, 출근, 데이트, 여행.",user_input,2,3,20,4,Y,0.906
female,23,1010000,취업준비생,미혼,진보적,123000,497000,게임,"희소성, 감성",이니스프리,LG 전자기기 794,LG,전자기기,497000,3.89,1469.0,"LG 전자기기 상품. 주요 특징: 성능, 배터리, 휴대성, 업무, 공부, 게임, 콘텐츠.",naver_api,52,11,12,4,Y,0.652
female,51,7040000,자영업,기혼,보수적,1039000,99000,소장,"희소성, 감성",LG,패스트캠퍼스 교육 795,패스트캠퍼스,교육,99000,3.28,200.0,"패스트캠퍼스 교육 상품. 주요 특징: 강의품질, 가격, 커리큘럼, 공부, 취업, 자기계발.",user_input,38,2,17,3,N,0.649
female,24,530000,학생,미혼,보수적,108000,51000,가족,"가격, 신선도",나이키,CJ 식품 796,CJ,식품,51000,4.75,,"CJ 식품 상품. 주요 특징: 가격, 신선도, 배송, 생활, 식사, 가족.",image_estimate,8,5,15,4,N,0.477
male,24,1100000,취업준비생,미혼,보수적,91000,100000,여행,"희소성, 감성",설화수,COS 패션 797,COS,패션,100000,,,"COS 패션 상품. 주요 특징: 디자인, 착용감, 브랜드, 출근, 데이트, 여행.",user_input,9,3,19,3,N,0.698
male,27,840000,학생,미혼,진보적,184000,340000,기념일,"가격, 일정",센트룸,대한항공 여행 798,대한항공,여행,340000,3.99,2959.0,"대한항공 여행 상품. 주요 특징: 가격, 일정, 숙소, 휴식, 가족, 기념일.",naver_api,48,10,22,7,Y,0.676
male,32,1270000,취업준비생,기혼,진보적,251000,4000,선물,"가격, 신선도",샤넬,CJ 식품 799,CJ,식품,4000,4.02,2231.0,"CJ 식품 상품. 주요 특징: 가격, 신선도, 배송, 생활, 식사, 가족.",naver_api,42,0,21,3,N,0.437
female,31,1170000,취업준비생,미혼,진보적,173000,9000,가족,"희소성, 감성",3M,오뚜기 식품 800,오뚜기,식품,9000,4.7,1146.0,"오뚜기 식품 상품. 주요 특징: 가격, 신선도, 배송, 생활, 식사, 가족.",image_estimate,49,0,20,1,N,0.635
male,25,800000,취업준비생,미혼,보수적,144000,873000,회복,"희소성, 감성",구찌,정관장 건강관리 801,정관장,건강관리,873000,,3937.0,"정관장 건강관리 상품. 주요 특징: 성분, 후기, 안전성, 건강, 부모님, 회복.",manual,54,13,19,10,Y,0.859
female,45,6390000,전문직,기혼,진보적,436000,412000,인테리어,"희소성, 감성",한샘,한샘 가구 802,한샘,가구,412000,4.7,,"한샘 가구 상품. 주요 특징: 내구성, 크기, 디자인, 이사, 인테리어, 생활.",manual,16,6,21,4,N,0.362
male,40,4810000,자영업,미혼,보수적,163000,2852000,유행,"희소성, 감성",리바트,리바트 가구 803,리바트,가구,2852000,3.9,3940.0,"리바트 가구 상품. 주요 특징: 내구성, 크기, 디자인, 이사, 인테리어, 생활.",crawler,48,9,12,7,Y,0.82
male,54,4670000,자영업,미혼,진보적,982000,370000,소장,"성분, 가격",라네즈,설화수 화장품 804,설화수,화장품,370000,3.2,50.0,"설화수 화장품 상품. 주요 특징: 성분, 가격, 후기, 피부관리, 선물, 데일리.",user_input,30,1,3,2,N,0.576
male,20,600000,학생,미혼,보수적,79000,208000,휴식,"성능, 배터리",COS,LG 전자기기 805,LG,전자기기,208000,4.78,323.0,"LG 전자기기 상품. 주요 특징: 성능, 배터리, 휴대성, 업무, 공부, 게임, 콘텐츠.",user_input,35,6,19,6,Y,0.715
male,56,7350000,대기업직원,기혼,진보적,1371000,116000,소장,"내구성, 크기",리바트,리바트 가구 806,리바트,가구,116000,3.48,3083.0,"리바트 가구 상품. 주요 특징: 내구성, 크기, 디자인, 이사, 인테리어, 생활.",user_input,55,3,14,3,N,0.482
female,73,2130000,은퇴자,기혼,진보적,269000,556000,이사,"희소성, 감성",리바트,리바트 가구 807,리바트,가구,556000,3.97,3938.0,"리바트 가구 상품. 주요 특징: 내구성, 크기, 디자인, 이사, 인테리어, 생활.",naver_api,55,7,13,3,Y,0.632
male,56,3110000,주부,기혼,진보적,613000,224000,콘텐츠,"성능, 배터리",애플,애플 전자기기 808,애플,전자기기,224000,3.67,904.0,"애플 전자기기 상품. 주요 특징: 성능, 배터리, 휴대성, 업무, 공부, 게임, 콘텐츠.",manual,50,2,15,5,N,0.376
male,20,880000,학생,미혼,진보적,176000,877000,선물,"브랜드, 희소성",루이비통,루이비통 명품 809,루이비통,명품,877000,3.7,1396.0,"루이비통 명품 상품. 주요 특징: 브랜드, 희소성, 디자인, 선물, 보상, 소장.",naver_api,48,15,17,11,Y,0.531
male,41,3630000,사무직,미혼,보수적,243000,64000,휴식,"디자인, 착용감",아디다스,아디다스 패션 810,아디다스,패션,64000,,2323.0,"아디다스 패션 상품. 주요 특징: 디자인, 착용감, 브랜드, 출근, 데이트, 여행.",image_estimate,39,5,18,3,N,0.51
female,38,3030000,주부,기혼,진보적,571000,6698000,업무,"성능, 배터리",삼성,삼성 전자기기 811,삼성,전자기기,6698000,3.8,2063.0,"삼성 전자기기 상품. 주요 특징: 성능, 배터리, 휴대성, 업무, 공부, 게임, 콘텐츠.",crawler,42,28,14,21,Y,0.447
male,27,4260000,프리랜서,기혼,보수적,198000,182000,인테리어,"내구성, 크기",한샘,한샘 가구 812,한샘,가구,182000,,2299.0,"한샘 가구 상품. 주요 특징: 내구성, 크기, 디자인, 이사, 인테리어, 생활.",user_input,50,5,21,1,N,0.248
female,68,2460000,은퇴자,기혼,진보적,95000,10000,가족,"가격, 신선도",동원,동원 식품 813,동원,식품,10000,,1790.0,"동원 식품 상품. 주요 특징: 가격, 신선도, 배송, 생활, 식사, 가족.",naver_api,50,0,18,4,N,0.421
male,31,880000,취업준비생,미혼,진보적,88000,569000,선물,"성분, 가격",대한항공,라네즈 화장품 814,라네즈,화장품,569000,4.17,,"라네즈 화장품 상품. 주요 특징: 성분, 가격, 후기, 피부관리, 선물, 데일리.",image_estimate,12,8,11,5,Y,0.537
male,50,9270000,대기업직원,미혼,보수적,1750000,523000,소장,"성능, 배터리",LG,LG 전자기기 815,LG,전자기기,523000,3.4,2209.0,"LG 전자기기 상품. 주요 특징: 성능, 배터리, 휴대성, 업무, 공부, 게임, 콘텐츠.",naver_api,51,0,1,1,Y,0.42
male,30,4420000,프리랜서,기혼,보수적,464000,488000,피부관리,"희소성, 감성",하나투어,이니스프리 화장품 816,이니스프리,화장품,488000,4.0,,"이니스프리 화장품 상품. 주요 특징: 성분, 가격, 후기, 피부관리, 선물, 데일리.",naver_api,12,2,20,3,N,0.506
female,26,830000,취업준비생,미혼,진보적,86000,738000,보상,"브랜드, 희소성",샤넬,샤넬 명품 817,샤넬,명품,738000,,2593.0,"샤넬 명품 상품. 주요 특징: 브랜드, 희소성, 디자인, 선물, 보상, 소장.",naver_api,54,13,16,7,Y,0.509
female,44,5480000,프리랜서,기혼,진보적,278000,215000,선물,"성분, 후기",종근당,종근당 건강관리 818,종근당,건강관리,215000,,,"종근당 건강관리 상품. 주요 특징: 성분, 후기, 안전성, 건강, 부모님, 회복.",user_input,15,4,19,0,N,0.498
female,49,4750000,공무원,기혼,보수적,964000,150000,공부,"성능, 배터리",삼성,삼성 전자기기 819,삼성,전자기기,150000,3.61,,"삼성 전자기기 상품. 주요 특징: 성능, 배터리, 휴대성, 업무, 공부, 게임, 콘텐츠.",manual,8,1,22,4,N,0.259
male,31,1290000,취업준비생,기혼,진보적,279000,401000,공부,"강의품질, 가격",3M,메가스터디 교육 820,메가스터디,교육,401000,4.17,769.0,"메가스터디 교육 상품. 주요 특징: 강의품질, 가격, 커리큘럼, 공부, 취업, 자기계발.",naver_api,48,3,9,3,Y,0.377
female,40,10290000,전문직,미혼,진보적,2077000,257000,휴식,"디자인, 착용감",ZARA,ZARA 패션 821,ZARA,패션,257000,3.24,2235.0,"ZARA 패션 상품. 주요 특징: 디자인, 착용감, 브랜드, 출근, 데이트, 여행.",crawler,40,1,17,2,N,0.497
female,43,3700000,공무원,미혼,보수적,645000,357000,선물,"희소성, 감성",정관장,라네즈 화장품 822,라네즈,화장품,357000,3.22,3782.0,"라네즈 화장품 상품. 주요 특징: 성분, 가격, 후기, 피부관리, 선물, 데일리.",naver_api,44,2,10,1,N,0.484
female,27,1000000,취업준비생,미혼,보수적,206000,2282000,회복,"성분, 후기",센트룸,센트룸 건강관리 823,센트룸,건강관리,2282000,,3664.0,"센트룸 건강관리 상품. 주요 특징: 성분, 후기, 안전성, 건강, 부모님, 회복.",crawler,52,28,18,18,Y,0.692
female,61,2140000,은퇴자,기혼,보수적,185000,135000,출근,"희소성, 감성",아디다스,아디다스 패션 824,아디다스,패션,135000,4.65,3333.0,"아디다스 패션 상품. 주요 특징: 디자인, 착용감, 브랜드, 출근, 데이트, 여행.",manual,45,3,3,5,N,0.403
male,60,5350000,공무원,미혼,진보적,689000,33000,피부관리,"성분, 가격",이니스프리,이니스프리 화장품 825,이니스프리,화장품,33000,3.49,2109.0,"이니스프리 화장품 상품. 주요 특징: 성분, 가격, 후기, 피부관리, 선물, 데일리.",image_estimate,42,2,10,2,N,0.201
male,22,650000,학생,미혼,진보적,90000,283000,소장,"희소성, 감성",나이키,클래스101 교육 826,클래스101,교육,283000,3.46,,"클래스101 교육 상품. 주요 특징: 강의품질, 가격, 커리큘럼, 공부, 취업, 자기계발.",image_estimate,2,8,13,4,Y,0.893
female,22,1180000,취업준비생,미혼,진보적,228000,19000,가정,"가격, 내구성",3M,3M 생활용품 827,3M,생활용품,19000,4.56,,"3M 생활용품 상품. 주요 특징: 가격, 내구성, 용량, 생활, 청소, 가정.",manual,9,1,21,3,N,0.419
male,26,510000,학생,미혼,진보적,48000,1384000,가족,"가격, 일정",대한항공,대한항공 여행 828,대한항공,여행,1384000,3.8,3405.0,"대한항공 여행 상품. 주요 특징: 가격, 일정, 숙소, 휴식, 가족, 기념일.",naver_api,47,34,16,26,Y,0.475
female,61,3460000,주부,기혼,보수적,294000,7000,식사,"희소성, 감성",샤넬,오뚜기 식품 829,오뚜기,식품,7000,3.97,3047.0,"오뚜기 식품 상품. 주요 특징: 가격, 신선도, 배송, 생활, 식사, 가족.",manual,41,5,10,4,N,0.447
female,35,4250000,사무직,기혼,보수적,591000,9000,휴식,"가격, 내구성",샤넬,다이소 생활용품 830,다이소,생활용품,9000,4.03,1567.0,"다이소 생활용품 상품. 주요 특징: 가격, 내구성, 용량, 생활, 청소, 가정.",manual,49,3,17,2,N,0.501
female,28,4500000,공무원,미혼,보수적,671000,93000,여행,"희소성, 감성",나이키,나이키 패션 831,나이키,패션,93000,3.54,,"나이키 패션 상품. 주요 특징: 디자인, 착용감, 브랜드, 출근, 데이트, 여행.",crawler,17,1,17,3,N,0.61
male,44,2830000,주부,기혼,진보적,537000,186000,휴식,"강의품질, 가격",패스트캠퍼스,패스트캠퍼스 교육 832,패스트캠퍼스,교육,186000,3.94,3141.0,"패스트캠퍼스 교육 상품. 주요 특징: 강의품질, 가격, 커리큘럼, 공부, 취업, 자기계발.",image_estimate,43,4,2,3,N,0.418
female,64,2590000,은퇴자,미혼,진보적,421000,1124000,콘텐츠,"성능, 배터리",소니,소니 전자기기 833,소니,전자기기,1124000,,,"소니 전자기기 상품. 주요 특징: 성능, 배터리, 휴대성, 업무, 공부, 게임, 콘텐츠.",crawler,17,8,20,5,Y,0.643
female,47,8730000,대기업직원,미혼,진보적,301000,134000,휴식,"희소성, 감성",센트룸,클래스101 교육 834,클래스101,교육,134000,3.22,1641.0,"클래스101 교육 상품. 주요 특징: 강의품질, 가격, 커리큘럼, 공부, 취업, 자기계발.",naver_api,38,3,13,2,N,0.629
male,48,4620000,프리랜서,미혼,보수적,263000,593000,휴식,"희소성, 감성",패스트캠퍼스,클래스101 교육 835,클래스101,교육,593000,3.42,2325.0,"클래스101 교육 상품. 주요 특징: 강의품질, 가격, 커리큘럼, 공부, 취업, 자기계발.",manual,48,2,18,3,Y,0.876
female,22,770000,학생,미혼,진보적,90000,2239000,휴식,"가격, 일정",마이리얼트립,마이리얼트립 여행 836,마이리얼트립,여행,2239000,3.86,2537.0,"마이리얼트립 여행 상품. 주요 특징: 가격, 일정, 숙소, 휴식, 가족, 기념일.",crawler,54,35,20,24,Y,0.505
female,25,4740000,프리랜서,미혼,보수적,488000,1554000,소장,"내구성, 크기",이케아,이케아 가구 837,이케아,가구,1554000,3.35,1018.0,"이케아 가구 상품. 주요 특징: 내구성, 크기, 디자인, 이사, 인테리어, 생활.",crawler,49,9,12,7,Y,0.691
male,60,9750000,전문직,미혼,보수적,569000,131000,게임,"희소성, 감성",센트룸,레노버 전자기기 838,레노버,전자기기,131000,,3410.0,"레노버 전자기기 상품. 주요 특징: 성능, 배터리, 휴대성, 업무, 공부, 게임, 콘텐츠.",manual,51,1,19,1,N,0.451
male,41,3810000,사무직,기혼,보수적,461000,122000,청소,"가격, 내구성",LG,유한킴벌리 생활용품 839,유한킴벌리,생활용품,122000,,,"유한킴벌리 생활용품 상품. 주요 특징: 가격, 내구성, 용량, 생활, 청소, 가정.",naver_api,8,4,3,4,N,0.31
male,46,6160000,공무원,기혼,보수적,245000,167000,인테리어,"내구성, 크기",삼성,이케아 가구 840,이케아,가구,167000,,720.0,"이케아 가구 상품. 주요 특징: 내구성, 크기, 디자인, 이사, 인테리어, 생활.",image_estimate,36,3,21,4,N,0.367
female,39,7890000,대기업직원,기혼,보수적,1354000,2513000,가족,"희소성, 감성",마이리얼트립,마이리얼트립 여행 841,마이리얼트립,여행,2513000,3.67,3952.0,"마이리얼트립 여행 상품. 주요 특징: 가격, 일정, 숙소, 휴식, 가족, 기념일.",naver_api,48,4,17,6,Y,0.616
male,29,6190000,전문직,미혼,진보적,771000,958000,게임,"희소성, 감성",소니,소니 전자기기 842,소니,전자기기,958000,4.52,,"소니 전자기기 상품. 주요 특징: 성능, 배터리, 휴대성, 업무, 공부, 게임, 콘텐츠.",image_estimate,7,2,14,3,Y,0.451
female,35,3540000,프리랜서,기혼,진보적,306000,51000,유행,"가격, 신선도",CJ,CJ 식품 843,CJ,식품,51000,4.85,2117.0,"CJ 식품 상품. 주요 특징: 가격, 신선도, 배송, 생활, 식사, 가족.",user_input,50,4,1,4,N,0.409
male,73,3210000,은퇴자,기혼,보수적,407000,1114000,소장,"브랜드, 희소성",클래스101,구찌 명품 844,구찌,명품,1114000,3.38,,"구찌 명품 상품. 주요 특징: 브랜드, 희소성, 디자인, 선물, 보상, 소장.",manual,12,9,11,3,Y,0.8
male,52,5060000,사무직,미혼,보수적,258000,840000,데이트,"디자인, 착용감",아디다스,아디다스 패션 845,아디다스,패션,840000,4.44,1165.0,"아디다스 패션 상품. 주요 특징: 디자인, 착용감, 브랜드, 출근, 데이트, 여행.",image_estimate,37,4,22,2,Y,0.495
male,25,930000,학생,미혼,진보적,166000,90000,선물,"내구성, 크기",리바트,리바트 가구 846,리바트,가구,90000,3.22,1109.0,"리바트 가구 상품. 주요 특징: 내구성, 크기, 디자인, 이사, 인테리어, 생활.",naver_api,43,3,22,2,N,0.513
female,60,2690000,은퇴자,기혼,진보적,484000,62000,휴식,"가격, 내구성",다이소,다이소 생활용품 847,다이소,생활용품,62000,4.68,,"다이소 생활용품 상품. 주요 특징: 가격, 내구성, 용량, 생활, 청소, 가정.",crawler,4,4,15,4,N,0.388
female,63,3040000,은퇴자,기혼,보수적,428000,47000,가정,"희소성, 감성",다이소,다이소 생활용품 848,다이소,생활용품,47000,3.24,3603.0,"다이소 생활용품 상품. 주요 특징: 가격, 내구성, 용량, 생활, 청소, 가정.",naver_api,52,5,22,1,N,0.563
female,67,3240000,은퇴자,기혼,진보적,210000,103000,선물,"희소성, 감성",한샘,이니스프리 화장품 849,이니스프리,화장품,103000,3.62,899.0,"이니스프리 화장품 상품. 주요 특징: 성분, 가격, 후기, 피부관리, 선물, 데일리.",user_input,44,3,13,2,N,0.46
male,49,6280000,자영업,기혼,보수적,1315000,56000,선물,"희소성, 감성",동원,동원 식품 850,동원,식품,56000,,1059.0,"동원 식품 상품. 주요 특징: 가격, 신선도, 배송, 생활, 식사, 가족.",naver_api,48,5,14,1,N,0.557
female,73,2120000,은퇴자,미혼,진보적,184000,304000,가족,"가격, 일정",레노버,마이리얼트립 여행 851,마이리얼트립,여행,304000,4.85,2549.0,"마이리얼트립 여행 상품. 주요 특징: 가격, 일정, 숙소, 휴식, 가족, 기념일.",naver_api,43,7,14,3,N,0.494
male,28,6590000,전문직,미혼,보수적,1193000,5000,휴식,"희소성, 감성",종근당,동원 식품 852,동원,식품,5000,,3950.0,"동원 식품 상품. 주요 특징: 가격, 신선도, 배송, 생활, 식사, 가족.",image_estimate,48,1,12,0,N,0.598
male,49,7590000,전문직,기혼,진보적,753000,61000,피부관리,"성분, 가격",대한항공,설화수 화장품 853,설화수,화장품,61000,3.47,2869.0,"설화수 화장품 상품. 주요 특징: 성분, 가격, 후기, 피부관리, 선물, 데일리.",manual,47,2,16,1,N,0.302
female,47,4360000,자영업,미혼,진보적,889000,7045000,선물,"브랜드, 희소성",구찌,구찌 명품 854,구찌,명품,7045000,3.91,2713.0,"구찌 명품 상품. 주요 특징: 브랜드, 희소성, 디자인, 선물, 보상, 소장.",manual,51,25,11,13,Y,0.531
male,37,5440000,공무원,기혼,진보적,595000,81000,소장,"희소성, 감성",프라다,설화수 화장품 855,설화수,화장품,81000,3.65,120.0,"설화수 화장품 상품. 주요 특징: 성분, 가격, 후기, 피부관리, 선물, 데일리.",naver_api,30,3,9,1,N,0.681
female,67,3130000,은퇴자,기혼,보수적,99000,16000,생활,"가격, 신선도",동원,동원 식품 856,동원,식품,16000,4.37,,"동원 식품 상품. 주요 특징: 가격, 신선도, 배송, 생활, 식사, 가족.",manual,6,4,17,1,N,0.188
female,40,3680000,공무원,기혼,보수적,538000,6000,청소,"가격, 내구성",LG,3M 생활용품 857,3M,생활용품,6000,4.33,2378.0,"3M 생활용품 상품. 주요 특징: 가격, 내구성, 용량, 생활, 청소, 가정.",user_input,48,1,21,3,N,0.267
male,20,520000,학생,미혼,보수적,57000,1012000,가족,"가격, 일정",대한항공,대한항공 여행 858,대한항공,여행,1012000,4.88,540.0,"대한항공 여행 상품. 주요 특징: 가격, 일정, 숙소, 휴식, 가족, 기념일.",image_estimate,40,24,14,17,Y,0.431
female,28,5750000,대기업직원,미혼,진보적,329000,5000,생활,"가격, 신선도",레노버,동원 식품 859,동원,식품,5000,4.56,,"동원 식품 상품. 주요 특징: 가격, 신선도, 배송, 생활, 식사, 가족.",image_estimate,5,1,9,3,N,0.309
male,41,6980000,대기업직원,기혼,진보적,565000,106000,휴식,"디자인, 착용감",아디다스,아디다스 패션 860,아디다스,패션,106000,,2577.0,"아디다스 패션 상품. 주요 특징: 디자인, 착용감, 브랜드, 출근, 데이트, 여행.",naver_api,41,0,20,4,N,0.494
male,30,2410000,주부,기혼,보수적,351000,404000,인테리어,"희소성, 감성",한샘,한샘 가구 861,한샘,가구,404000,,3812.0,"한샘 가구 상품. 주요 특징: 내구성, 크기, 디자인, 이사, 인테리어, 생활.",user_input,54,3,19,3,N,0.419
male,52,6890000,전문직,기혼,진보적,465000,663000,유행,"성능, 배터리",애플,LG 전자기기 862,LG,전자기기,663000,3.76,2122.0,"LG 전자기기 상품. 주요 특징: 성능, 배터리, 휴대성, 업무, 공부, 게임, 콘텐츠.",naver_api,49,4,1,4,Y,0.578
male,19,850000,학생,기혼,진보적,139000,77000,소장,"가격, 신선도",오뚜기,CJ 식품 863,CJ,식품,77000,,2967.0,"CJ 식품 상품. 주요 특징: 가격, 신선도, 배송, 생활, 식사, 가족.",image_estimate,42,3,13,5,N,0.499
female,34,9350000,대기업직원,미혼,진보적,1995000,101000,휴식,"성분, 후기",종근당,센트룸 건강관리 864,센트룸,건강관리,101000,4.23,3880.0,"센트룸 건강관리 상품. 주요 특징: 성분, 후기, 안전성, 건강, 부모님, 회복.",image_estimate,43,2,10,3,N,0.547
male,50,7440000,자영업,기혼,보수적,692000,53000,휴식,"희소성, 감성",리바트,나이키 패션 865,나이키,패션,53000,3.6,3111.0,"나이키 패션 상품. 주요 특징: 디자인, 착용감, 브랜드, 출근, 데이트, 여행.",naver_api,43,0,14,0,N,0.671
female,32,8770000,전문직,미혼,진보적,1633000,686000,가족,"가격, 일정",마이리얼트립,마이리얼트립 여행 866,마이리얼트립,여행,686000,4.79,3077.0,"마이리얼트립 여행 상품. 주요 특징: 가격, 일정, 숙소, 휴식, 가족, 기념일.",manual,45,3,10,3,Y,0.245
female,34,4860000,자영업,기혼,보수적,371000,11000,휴식,"가격, 신선도",동원,동원 식품 867,동원,식품,11000,3.52,787.0,"동원 식품 상품. 주요 특징: 가격, 신선도, 배송, 생활, 식사, 가족.",user_input,46,5,14,4,N,0.424
female,35,5950000,자영업,미혼,보수적,1243000,50000,선물,"희소성, 감성",메가스터디,정관장 건강관리 868,정관장,건강관리,50000,4.35,3663.0,"정관장 건강관리 상품. 주요 특징: 성분, 후기, 안전성, 건강, 부모님, 회복.",crawler,43,2,22,4,N,0.641
female,56,6190000,전문직,기혼,진보적,1339000,902000,휴식,"희소성, 감성",대한항공,대한항공 여행 869,대한항공,여행,902000,,1852.0,"대한항공 여행 상품. 주요 특징: 가격, 일정, 숙소, 휴식, 가족, 기념일.",crawler,43,7,1,4,Y,0.397
female,52,9610000,전문직,기혼,보수적,1667000,702000,선물,"희소성, 감성",ZARA,ZARA 패션 870,ZARA,패션,702000,3.81,2626.0,"ZARA 패션 상품. 주요 특징: 디자인, 착용감, 브랜드, 출근, 데이트, 여행.",naver_api,52,4,20,2,Y,0.564
female,19,720000,학생,미혼,진보적,108000,105000,피부관리,"성분, 가격",루이비통,이니스프리 화장품 871,이니스프리,화장품,105000,,1860.0,"이니스프리 화장품 상품. 주요 특징: 성분, 가격, 후기, 피부관리, 선물, 데일리.",image_estimate,53,6,17,5,N,0.311
male,29,1350000,취업준비생,기혼,진보적,187000,3734000,선물,"희소성, 감성",정관장,LG 전자기기 872,LG,전자기기,3734000,,373.0,"LG 전자기기 상품. 주요 특징: 성능, 배터리, 휴대성, 업무, 공부, 게임, 콘텐츠.",naver_api,44,34,13,24,Y,0.935
female,28,5420000,공무원,미혼,진보적,763000,70000,소장,"성분, 가격",이니스프리,이니스프리 화장품 873,이니스프리,화장품,70000,3.41,2702.0,"이니스프리 화장품 상품. 주요 특징: 성분, 가격, 후기, 피부관리, 선물, 데일리.",naver_api,42,4,16,0,N,0.491
male,48,4160000,프리랜서,기혼,보수적,775000,395000,휴식,"희소성, 감성",이니스프리,이니스프리 화장품 874,이니스프리,화장품,395000,,,"이니스프리 화장품 상품. 주요 특징: 성분, 가격, 후기, 피부관리, 선물, 데일리.",user_input,13,2,12,4,N,0.598
female,49,1920000,주부,기혼,보수적,414000,166000,휴식,"내구성, 크기",이케아,이케아 가구 875,이케아,가구,166000,,2731.0,"이케아 가구 상품. 주요 특징: 내구성, 크기, 디자인, 이사, 인테리어, 생활.",user_input,55,3,22,4,N,0.536
male,42,7100000,자영업,기혼,진보적,1281000,181000,이사,"내구성, 크기",루이비통,한샘 가구 876,한샘,가구,181000,3.72,1134.0,"한샘 가구 상품. 주요 특징: 내구성, 크기, 디자인, 이사, 인테리어, 생활.",naver_api,42,2,22,2,N,0.336
female,29,3130000,사무직,미혼,보수적,151000,622000,유행,"내구성, 크기",이케아,이케아 가구 877,이케아,가구,622000,4.76,753.0,"이케아 가구 상품. 주요 특징: 내구성, 크기, 디자인, 이사, 인테리어, 생활.",naver_api,45,3,16,4,Y,0.685
male,55,4990000,프리랜서,기혼,보수적,1001000,6000,가족,"가격, 신선도",동원,동원 식품 878,동원,식품,6000,3.5,3749.0,"동원 식품 상품. 주요 특징: 가격, 신선도, 배송, 생활, 식사, 가족.",manual,49,0,22,1,N,0.46
male,44,6850000,전문직,기혼,보수적,578000,653000,여행,"디자인, 착용감",아디다스,아디다스 패션 879,아디다스,패션,653000,3.51,222.0,"아디다스 패션 상품. 주요 특징: 디자인, 착용감, 브랜드, 출근, 데이트, 여행.",naver_api,28,2,17,0,Y,0.506
male,65,3460000,은퇴자,미혼,진보적,679000,69000,청소,"가격, 내구성",다이소,다이소 생활용품 880,다이소,생활용품,69000,4.56,,"다이소 생활용품 상품. 주요 특징: 가격, 내구성, 용량, 생활, 청소, 가정.",crawler,11,5,17,2,N,0.221
male,29,1190000,취업준비생,미혼,진보적,71000,113000,출근,"희소성, 감성",애플,COS 패션 881,COS,패션,113000,3.93,,"COS 패션 상품. 주요 특징: 디자인, 착용감, 브랜드, 출근, 데이트, 여행.",manual,13,1,20,3,N,0.622
male,35,3860000,사무직,기혼,보수적,230000,75000,데이트,"디자인, 착용감",나이키,나이키 패션 882,나이키,패션,75000,4.38,347.0,"나이키 패션 상품. 주요 특징: 디자인, 착용감, 브랜드, 출근, 데이트, 여행.",user_input,46,2,0,0,N,0.339
male,42,5750000,공무원,기혼,진보적,1122000,1991000,건강,"희소성, 감성",센트룸,센트룸 건강관리 883,센트룸,건강관리,1991000,4.56,,"센트룸 건강관리 상품. 주요 특징: 성분, 후기, 안전성, 건강, 부모님, 회복.",image_estimate,9,4,15,5,Y,0.556
male,56,2620000,주부,기혼,보수적,259000,1078000,유행,"희소성, 감성",소니,나이키 패션 884,나이키,패션,1078000,3.64,,"나이키 패션 상품. 주요 특징: 디자인, 착용감, 브랜드, 출근, 데이트, 여행.",manual,16,5,0,7,Y,0.864
male,40,4160000,공무원,기혼,보수적,366000,334000,회복,"성분, 후기",유한킴벌리,종근당 건강관리 885,종근당,건강관리,334000,,2235.0,"종근당 건강관리 상품. 주요 특징: 성분, 후기, 안전성, 건강, 부모님, 회복.",user_input,43,1,17,3,N,0.566
female,25,5850000,공무원,미혼,진보적,692000,955000,기념일,"가격, 일정",리바트,하나투어 여행 886,하나투어,여행,955000,4.68,985.0,"하나투어 여행 상품. 주요 특징: 가격, 일정, 숙소, 휴식, 가족, 기념일.",image_estimate,44,7,16,5,Y,0.62
male,28,870000,학생,미혼,보수적,90000,14000,가족,"희소성, 감성",오뚜기,오뚜기 식품 887,오뚜기,식품,14000,3.63,1048.0,"오뚜기 식품 상품. 주요 특징: 가격, 신선도, 배송, 생활, 식사, 가족.",naver_api,43,1,2,4,N,0.589
male,48,5250000,사무직,기혼,보수적,1136000,2645000,기념일,"가격, 일정",하나투어,하나투어 여행 888,하나투어,여행,2645000,4.57,1703.0,"하나투어 여행 상품. 주요 특징: 가격, 일정, 숙소, 휴식, 가족, 기념일.",user_input,41,11,1,4,Y,0.685
male,45,4130000,프리랜서,기혼,진보적,595000,558000,선물,"희소성, 감성",레노버,ZARA 패션 889,ZARA,패션,558000,3.63,3892.0,"ZARA 패션 상품. 주요 특징: 디자인, 착용감, 브랜드, 출근, 데이트, 여행.",user_input,47,3,21,1,Y,0.694
male,38,5080000,프리랜서,기혼,진보적,292000,1915000,유행,"성능, 배터리",LG,LG 전자기기 890,LG,전자기기,1915000,3.7,2864.0,"LG 전자기기 상품. 주요 특징: 성능, 배터리, 휴대성, 업무, 공부, 게임, 콘텐츠.",naver_api,40,7,14,4,Y,0.643
female,60,6420000,자영업,기혼,진보적,644000,347000,공부,"희소성, 감성",정관장,소니 전자기기 891,소니,전자기기,347000,3.26,83.0,"소니 전자기기 상품. 주요 특징: 성능, 배터리, 휴대성, 업무, 공부, 게임, 콘텐츠.",manual,27,1,9,5,N,0.478
male,21,720000,학생,미혼,보수적,24000,482000,유행,"가격, 일정",소니,마이리얼트립 여행 892,마이리얼트립,여행,482000,3.47,3161.0,"마이리얼트립 여행 상품. 주요 특징: 가격, 일정, 숙소, 휴식, 가족, 기념일.",manual,54,8,11,10,Y,0.759
female,47,10610000,전문직,기혼,보수적,1740000,16000,식사,"가격, 신선도",동원,CJ 식품 893,CJ,식품,16000,3.73,,"CJ 식품 상품. 주요 특징: 가격, 신선도, 배송, 생활, 식사, 가족.",manual,12,0,9,0,N,0.34
male,33,840000,취업준비생,미혼,진보적,146000,125000,소장,"성능, 배터리",정관장,LG 전자기기 894,LG,전자기기,125000,3.4,3745.0,"LG 전자기기 상품. 주요 특징: 성능, 배터리, 휴대성, 업무, 공부, 게임, 콘텐츠.",crawler,44,5,21,4,N,0.518
female,51,7510000,대기업직원,미혼,보수적,1034000,1178000,휴식,"강의품질, 가격",동원,클래스101 교육 895,클래스101,교육,1178000,,969.0,"클래스101 교육 상품. 주요 특징: 강의품질, 가격, 커리큘럼, 공부, 취업, 자기계발.",user_input,41,7,22,4,Y,0.494
male,57,5380000,대기업직원,기혼,진보적,394000,56000,생활,"가격, 내구성",3M,3M 생활용품 896,3M,생활용품,56000,3.7,,"3M 생활용품 상품. 주요 특징: 가격, 내구성, 용량, 생활, 청소, 가정.",user_input,15,3,13,2,N,0.252
male,65,4260000,자영업,미혼,보수적,327000,420000,유행,"희소성, 감성",대한항공,대한항공 여행 897,대한항공,여행,420000,4.43,710.0,"대한항공 여행 상품. 주요 특징: 가격, 일정, 숙소, 휴식, 가족, 기념일.",image_estimate,37,7,15,2,N,0.659
male,57,4240000,공무원,기혼,진보적,826000,897000,선물,"브랜드, 희소성",이니스프리,프라다 명품 898,프라다,명품,897000,3.75,1878.0,"프라다 명품 상품. 주요 특징: 브랜드, 희소성, 디자인, 선물, 보상, 소장.",image_estimate,51,7,17,6,Y,0.415
female,44,5090000,프리랜서,기혼,보수적,1091000,134000,유행,"성분, 후기",라네즈,센트룸 건강관리 899,센트룸,건강관리,134000,3.52,381.0,"센트룸 건강관리 상품. 주요 특징: 성분, 후기, 안전성, 건강, 부모님, 회복.",manual,38,5,11,0,N,0.562
male,58,3920000,공무원,미혼,진보적,465000,2775000,소장,"희소성, 감성",프라다,프라다 명품 900,프라다,명품,2775000,4.64,,"프라다 명품 상품. 주요 특징: 브랜드, 희소성, 디자인, 선물, 보상, 소장.",manual,9,14,2,10,Y,0.808
female,55,3300000,사무직,기혼,진보적,234000,261000,소장,"희소성, 감성",리바트,정관장 건강관리 901,정관장,건강관리,261000,4.79,,"정관장 건강관리 상품. 주요 특징: 성분, 후기, 안전성, 건강, 부모님, 회복.",image_estimate,15,3,17,4,N,0.67
female,52,9990000,전문직,기혼,진보적,308000,1507000,선물,"희소성, 감성",소니,대한항공 여행 902,대한항공,여행,1507000,4.02,,"대한항공 여행 상품. 주요 특징: 가격, 일정, 숙소, 휴식, 가족, 기념일.",image_estimate,12,3,10,1,Y,0.936
male,45,2770000,주부,기혼,보수적,165000,501000,콘텐츠,"희소성, 감성",삼성,삼성 전자기기 903,삼성,전자기기,501000,4.37,321.0,"삼성 전자기기 상품. 주요 특징: 성능, 배터리, 휴대성, 업무, 공부, 게임, 콘텐츠.",crawler,45,5,11,4,Y,0.774
male,43,3290000,사무직,기혼,보수적,231000,85000,청소,"희소성, 감성",3M,3M 생활용품 904,3M,생활용품,85000,4.71,2671.0,"3M 생활용품 상품. 주요 특징: 가격, 내구성, 용량, 생활, 청소, 가정.",user_input,43,4,1,4,N,0.343
male,21,560000,학생,기혼,보수적,89000,44000,생활,"가격, 신선도",하나투어,CJ 식품 905,CJ,식품,44000,4.32,,"CJ 식품 상품. 주요 특징: 가격, 신선도, 배송, 생활, 식사, 가족.",crawler,7,3,18,4,N,0.3
female,21,740000,학생,미혼,보수적,159000,329000,소장,"가격, 일정",라네즈,마이리얼트립 여행 906,마이리얼트립,여행,329000,4.28,,"마이리얼트립 여행 상품. 주요 특징: 가격, 일정, 숙소, 휴식, 가족, 기념일.",image_estimate,4,11,11,4,Y,0.782
female,71,2710000,은퇴자,기혼,보수적,87000,568000,휴식,"성분, 가격",설화수,설화수 화장품 907,설화수,화장품,568000,,2571.0,"설화수 화장품 상품. 주요 특징: 성분, 가격, 후기, 피부관리, 선물, 데일리.",manual,53,8,10,2,Y,0.675
male,43,3900000,공무원,미혼,진보적,591000,13000,휴식,"희소성, 감성",오뚜기,오뚜기 식품 908,오뚜기,식품,13000,,1682.0,"오뚜기 식품 상품. 주요 특징: 가격, 신선도, 배송, 생활, 식사, 가족.",manual,53,1,16,4,N,0.572
female,67,3570000,은퇴자,미혼,보수적,558000,388000,선물,"브랜드, 희소성",샤넬,샤넬 명품 909,샤넬,명품,388000,4.46,2544.0,"샤넬 명품 상품. 주요 특징: 브랜드, 희소성, 디자인, 선물, 보상, 소장.",naver_api,45,2,20,1,N,0.302
female,24,1150000,취업준비생,미혼,보수적,149000,1048000,소장,"성분, 후기",정관장,정관장 건강관리 910,정관장,건강관리,1048000,4.53,,"정관장 건강관리 상품. 주요 특징: 성분, 후기, 안전성, 건강, 부모님, 회복.",naver_api,12,15,9,10,Y,0.683
male,33,940000,취업준비생,미혼,보수적,129000,16000,피부관리,"희소성, 감성",라네즈,이니스프리 화장품 911,이니스프리,화장품,16000,4.84,,"이니스프리 화장품 상품. 주요 특징: 성분, 가격, 후기, 피부관리, 선물, 데일리.",image_estimate,11,0,17,0,N,0.488
male,37,3850000,공무원,기혼,보수적,542000,2732000,가족,"희소성, 감성",대한항공,대한항공 여행 912,대한항공,여행,2732000,3.25,1271.0,"대한항공 여행 상품. 주요 특징: 가격, 일정, 숙소, 휴식, 가족, 기념일.",manual,48,10,21,9,Y,0.645
male,22,1010000,취업준비생,미혼,보수적,120000,407000,회복,"성분, 후기",LG,종근당 건강관리 913,종근당,건강관리,407000,4.77,2961.0,"종근당 건강관리 상품. 주요 특징: 성분, 후기, 안전성, 건강, 부모님, 회복.",manual,49,9,12,4,Y,0.744
male,25,770000,취업준비생,미혼,보수적,132000,28000,유행,"가격, 내구성",3M,3M 생활용품 914,3M,생활용품,28000,3.82,2508.0,"3M 생활용품 상품. 주요 특징: 가격, 내구성, 용량, 생활, 청소, 가정.",crawler,43,3,20,3,N,0.419
male,31,5240000,대기업직원,기혼,보수적,910000,3710000,생활,"내구성, 크기",리바트,리바트 가구 915,리바트,가구,3710000,3.96,636.0,"리바트 가구 상품. 주요 특징: 내구성, 크기, 디자인, 이사, 인테리어, 생활.",image_estimate,42,13,20,9,Y,0.72
male,30,4130000,사무직,기혼,보수적,602000,99000,휴식,"희소성, 감성",리바트,COS 패션 916,COS,패션,99000,4.78,1779.0,"COS 패션 상품. 주요 특징: 디자인, 착용감, 브랜드, 출근, 데이트, 여행.",user_input,49,4,20,3,N,0.669
male,58,2480000,은퇴자,기혼,진보적,236000,794000,선물,"희소성, 감성",애플,프라다 명품 917,프라다,명품,794000,4.48,316.0,"프라다 명품 상품. 주요 특징: 브랜드, 희소성, 디자인, 선물, 보상, 소장.",naver_api,44,6,18,3,Y,0.658
male,39,6140000,공무원,미혼,진보적,423000,3018000,선물,"성능, 배터리",삼성,소니 전자기기 918,소니,전자기기,3018000,3.33,2514.0,"소니 전자기기 상품. 주요 특징: 성능, 배터리, 휴대성, 업무, 공부, 게임, 콘텐츠.",naver_api,53,11,21,4,Y,0.711
female,46,4110000,자영업,미혼,진보적,592000,75000,휴식,"희소성, 감성",유한킴벌리,다이소 생활용품 919,다이소,생활용품,75000,3.23,46.0,"다이소 생활용품 상품. 주요 특징: 가격, 내구성, 용량, 생활, 청소, 가정.",image_estimate,28,4,12,0,N,0.654
male,61,2970000,은퇴자,기혼,보수적,521000,224000,유행,"강의품질, 가격",메가스터디,메가스터디 교육 920,메가스터디,교육,224000,3.55,909.0,"메가스터디 교육 상품. 주요 특징: 강의품질, 가격, 커리큘럼, 공부, 취업, 자기계발.",image_estimate,39,3,3,4,N,0.456
male,51,7380000,자영업,기혼,보수적,691000,2327000,인테리어,"내구성, 크기",마이리얼트립,한샘 가구 921,한샘,가구,2327000,3.72,2768.0,"한샘 가구 상품. 주요 특징: 내구성, 크기, 디자인, 이사, 인테리어, 생활.",crawler,43,8,12,3,Y,0.555
male,56,7230000,대기업직원,기혼,진보적,1059000,1050000,취업,"강의품질, 가격",메가스터디,패스트캠퍼스 교육 922,패스트캠퍼스,교육,1050000,,3204.0,"패스트캠퍼스 교육 상품. 주요 특징: 강의품질, 가격, 커리큘럼, 공부, 취업, 자기계발.",image_estimate,43,2,9,2,Y,0.324
male,40,4930000,프리랜서,미혼,진보적,645000,422000,선물,"희소성, 감성",클래스101,프라다 명품 923,프라다,명품,422000,3.89,2840.0,"프라다 명품 상품. 주요 특징: 브랜드, 희소성, 디자인, 선물, 보상, 소장.",crawler,45,4,12,0,N,0.441
female,31,5470000,사무직,미혼,보수적,1174000,1090000,선물,"브랜드, 희소성",대한항공,프라다 명품 924,프라다,명품,1090000,4.9,,"프라다 명품 상품. 주요 특징: 브랜드, 희소성, 디자인, 선물, 보상, 소장.",image_estimate,13,6,10,6,Y,0.393
female,50,3190000,프리랜서,기혼,진보적,454000,519000,회복,"성분, 후기",센트룸,센트룸 건강관리 925,센트룸,건강관리,519000,4.3,,"센트룸 건강관리 상품. 주요 특징: 성분, 후기, 안전성, 건강, 부모님, 회복.",crawler,11,6,13,4,Y,0.529
male,33,940000,취업준비생,미혼,보수적,189000,2317000,부모님,"희소성, 감성",마이리얼트립,센트룸 건강관리 926,센트룸,건강관리,2317000,3.56,119.0,"센트룸 건강관리 상품. 주요 특징: 성분, 후기, 안전성, 건강, 부모님, 회복.",image_estimate,37,32,15,21,Y,0.705
female,52,9380000,대기업직원,기혼,보수적,1580000,746000,이사,"희소성, 감성",유한킴벌리,리바트 가구 927,리바트,가구,746000,3.27,1917.0,"리바트 가구 상품. 주요 특징: 내구성, 크기, 디자인, 이사, 인테리어, 생활.",naver_api,42,3,22,5,Y,0.433
female,30,1350000,취업준비생,기혼,진보적,68000,74000,식사,"가격, 신선도",클래스101,CJ 식품 928,CJ,식품,74000,3.97,1923.0,"CJ 식품 상품. 주요 특징: 가격, 신선도, 배송, 생활, 식사, 가족.",image_estimate,46,1,12,3,N,0.315
female,46,6030000,자영업,기혼,보수적,994000,18000,가정,"가격, 내구성",라네즈,다이소 생활용품 929,다이소,생활용품,18000,,1126.0,"다이소 생활용품 상품. 주요 특징: 가격, 내구성, 용량, 생활, 청소, 가정.",user_input,39,4,22,2,N,0.504
male,21,840000,학생,미혼,진보적,113000,57000,데이트,"희소성, 감성",다이소,나이키 패션 930,나이키,패션,57000,3.72,3263.0,"나이키 패션 상품. 주요 특징: 디자인, 착용감, 브랜드, 출근, 데이트, 여행.",image_estimate,56,1,16,2,N,0.468
male,31,5280000,대기업직원,미혼,진보적,358000,803000,게임,"성능, 배터리",레노버,LG 전자기기 931,LG,전자기기,803000,4.56,3964.0,"LG 전자기기 상품. 주요 특징: 성능, 배터리, 휴대성, 업무, 공부, 게임, 콘텐츠.",user_input,54,2,14,5,Y,0.524
female,46,6090000,자영업,기혼,보수적,460000,75000,부모님,"성분, 후기",센트룸,센트룸 건강관리 932,센트룸,건강관리,75000,3.33,3677.0,"센트룸 건강관리 상품. 주요 특징: 성분, 후기, 안전성, 건강, 부모님, 회복.",manual,45,0,12,2,N,0.289
female,44,2750000,주부,기혼,진보적,362000,11000,가정,"희소성, 감성",아디다스,유한킴벌리 생활용품 933,유한킴벌리,생활용품,11000,4.17,,"유한킴벌리 생활용품 상품. 주요 특징: 가격, 내구성, 용량, 생활, 청소, 가정.",naver_api,10,2,20,3,N,0.637
female,25,4930000,사무직,미혼,보수적,282000,918000,휴식,"강의품질, 가격",아디다스,클래스101 교육 934,클래스101,교육,918000,3.29,,"클래스101 교육 상품. 주요 특징: 강의품질, 가격, 커리큘럼, 공부, 취업, 자기계발.",image_estimate,16,4,11,1,Y,0.748
female,43,4370000,사무직,기혼,보수적,199000,42000,소장,"희소성, 감성",설화수,설화수 화장품 935,설화수,화장품,42000,3.89,1686.0,"설화수 화장품 상품. 주요 특징: 성분, 가격, 후기, 피부관리, 선물, 데일리.",image_estimate,40,1,1,2,N,0.621
female,48,4120000,프리랜서,미혼,보수적,468000,36000,유행,"희소성, 감성",CJ,CJ 식품 936,CJ,식품,36000,4.33,1087.0,"CJ 식품 상품. 주요 특징: 가격, 신선도, 배송, 생활, 식사, 가족.",manual,38,0,17,1,N,0.551
female,61,2060000,은퇴자,미혼,보수적,179000,5000,생활,"희소성, 감성",ZARA,오뚜기 식품 937,오뚜기,식품,5000,3.7,2567.0,"오뚜기 식품 상품. 주요 특징: 가격, 신선도, 배송, 생활, 식사, 가족.",user_input,50,2,11,0,N,0.46
female,46,10180000,전문직,기혼,진보적,581000,1394000,소장,"희소성, 감성",LG,하나투어 여행 938,하나투어,여행,1394000,3.7,120.0,"하나투어 여행 상품. 주요 특징: 가격, 일정, 숙소, 휴식, 가족, 기념일.",user_input,25,3,13,5,Y,0.859
female,53,5550000,대기업직원,미혼,보수적,686000,1193000,건강,"성분, 후기",정관장,정관장 건강관리 939,정관장,건강관리,1193000,,,"정관장 건강관리 상품. 주요 특징: 성분, 후기, 안전성, 건강, 부모님, 회복.",user_input,5,5,22,3,Y,0.459
male,26,860000,취업준비생,미혼,진보적,151000,634000,소장,"강의품질, 가격",LG,클래스101 교육 940,클래스101,교육,634000,,174.0,"클래스101 교육 상품. 주요 특징: 강의품질, 가격, 커리큘럼, 공부, 취업, 자기계발.",crawler,29,9,16,8,Y,0.705
male,52,7340000,전문직,미혼,보수적,291000,40000,소장,"희소성, 감성",유한킴벌리,유한킴벌리 생활용품 941,유한킴벌리,생활용품,40000,4.35,2999.0,"유한킴벌리 생활용품 상품. 주요 특징: 가격, 내구성, 용량, 생활, 청소, 가정.",image_estimate,54,3,14,4,N,0.564
male,53,1930000,주부,기혼,진보적,202000,2739000,기념일,"가격, 일정",CJ,대한항공 여행 942,대한항공,여행,2739000,,,"대한항공 여행 상품. 주요 특징: 가격, 일정, 숙소, 휴식, 가족, 기념일.",naver_api,11,18,9,13,Y,0.781
female,28,4610000,사무직,미혼,보수적,226000,454000,이사,"내구성, 크기",한샘,한샘 가구 943,한샘,가구,454000,3.63,2973.0,"한샘 가구 상품. 주요 특징: 내구성, 크기, 디자인, 이사, 인테리어, 생활.",crawler,46,1,20,5,N,0.513
female,67,2210000,은퇴자,기혼,진보적,91000,109000,선물,"희소성, 감성",라네즈,라네즈 화장품 944,라네즈,화장품,109000,,3179.0,"라네즈 화장품 상품. 주요 특징: 성분, 가격, 후기, 피부관리, 선물, 데일리.",crawler,47,4,17,2,N,0.401
male,52,4110000,사무직,기혼,진보적,407000,130000,휴식,"희소성, 감성",유한킴벌리,라네즈 화장품 945,라네즈,화장품,130000,4.81,2374.0,"라네즈 화장품 상품. 주요 특징: 성분, 가격, 후기, 피부관리, 선물, 데일리.",image_estimate,52,2,0,3,N,0.665
female,33,7570000,대기업직원,기혼,보수적,1632000,2444000,부모님,"성분, 후기",ZARA,센트룸 건강관리 946,센트룸,건강관리,2444000,4.08,,"센트룸 건강관리 상품. 주요 특징: 성분, 후기, 안전성, 건강, 부모님, 회복.",user_input,10,6,14,6,Y,0.427
female,55,4160000,자영업,기혼,보수적,370000,12000,생활,"가격, 내구성",이니스프리,유한킴벌리 생활용품 947,유한킴벌리,생활용품,12000,3.59,,"유한킴벌리 생활용품 상품. 주요 특징: 가격, 내구성, 용량, 생활, 청소, 가정.",user_input,7,1,19,1,N,0.349
female,33,2930000,주부,기혼,보수적,576000,7434000,선물,"성능, 배터리",아디다스,소니 전자기기 948,소니,전자기기,7434000,4.7,79.0,"소니 전자기기 상품. 주요 특징: 성능, 배터리, 휴대성, 업무, 공부, 게임, 콘텐츠.",manual,38,32,12,21,Y,0.711
female,44,4830000,공무원,기혼,진보적,311000,325000,소장,"희소성, 감성",센트룸,라네즈 화장품 949,라네즈,화장품,325000,4.86,,"라네즈 화장품 상품. 주요 특징: 성분, 가격, 후기, 피부관리, 선물, 데일리.",user_input,9,5,12,3,N,0.668
female,27,3190000,사무직,미혼,보수적,598000,12000,휴식,"가격, 신선도",하나투어,오뚜기 식품 950,오뚜기,식품,12000,,3789.0,"오뚜기 식품 상품. 주요 특징: 가격, 신선도, 배송, 생활, 식사, 가족.",manual,43,1,18,3,N,0.495
male,35,5680000,프리랜서,기혼,보수적,323000,543000,가족,"희소성, 감성",마이리얼트립,마이리얼트립 여행 951,마이리얼트립,여행,543000,4.8,2837.0,"마이리얼트립 여행 상품. 주요 특징: 가격, 일정, 숙소, 휴식, 가족, 기념일.",naver_api,41,2,16,2,Y,0.513
female,45,11410000,전문직,미혼,진보적,347000,37000,자기계발,"희소성, 감성",소니,클래스101 교육 952,클래스101,교육,37000,3.83,1100.0,"클래스101 교육 상품. 주요 특징: 강의품질, 가격, 커리큘럼, 공부, 취업, 자기계발.",user_input,48,0,18,3,N,0.625
male,58,3190000,은퇴자,기혼,보수적,180000,14000,청소,"희소성, 감성",설화수,3M 생활용품 953,3M,생활용품,14000,4.71,751.0,"3M 생활용품 상품. 주요 특징: 가격, 내구성, 용량, 생활, 청소, 가정.",naver_api,46,1,22,1,N,0.479
female,26,1020000,취업준비생,미혼,진보적,111000,657000,데이트,"디자인, 착용감",COS,COS 패션 954,COS,패션,657000,,3086.0,"COS 패션 상품. 주요 특징: 디자인, 착용감, 브랜드, 출근, 데이트, 여행.",crawler,45,13,10,7,Y,0.481
female,40,4880000,공무원,기혼,진보적,665000,123000,부모님,"성분, 후기",센트룸,센트룸 건강관리 955,센트룸,건강관리,123000,3.55,2134.0,"센트룸 건강관리 상품. 주요 특징: 성분, 후기, 안전성, 건강, 부모님, 회복.",naver_api,45,0,3,4,N,0.263
male,44,5160000,프리랜서,미혼,보수적,445000,2172000,선물,"희소성, 감성",구찌,구찌 명품 956,구찌,명품,2172000,,,"구찌 명품 상품. 주요 특징: 브랜드, 희소성, 디자인, 선물, 보상, 소장.",manual,4,7,19,6,Y,0.596
male,31,4660000,자영업,기혼,진보적,713000,3400000,선물,"희소성, 감성",루이비통,루이비통 명품 957,루이비통,명품,3400000,,323.0,"루이비통 명품 상품. 주요 특징: 브랜드, 희소성, 디자인, 선물, 보상, 소장.",naver_api,32,14,18,10,Y,0.589
female,40,5260000,사무직,미혼,보수적,378000,23000,휴식,"성분, 가격",라네즈,라네즈 화장품 958,라네즈,화장품,23000,,,"라네즈 화장품 상품. 주요 특징: 성분, 가격, 후기, 피부관리, 선물, 데일리.",naver_api,10,2,19,3,N,0.511
male,44,9080000,전문직,미혼,보수적,1870000,207000,휴식,"희소성, 감성",다이소,대한항공 여행 959,대한항공,여행,207000,,2058.0,"대한항공 여행 상품. 주요 특징: 가격, 일정, 숙소, 휴식, 가족, 기념일.",manual,54,0,19,1,N,0.479
male,27,5530000,사무직,기혼,진보적,168000,126000,소장,"강의품질, 가격",메가스터디,메가스터디 교육 960,메가스터디,교육,126000,3.46,3674.0,"메가스터디 교육 상품. 주요 특징: 강의품질, 가격, 커리큘럼, 공부, 취업, 자기계발.",image_estimate,55,3,11,3,N,0.404
male,21,750000,학생,미혼,진보적,131000,1888000,이사,"내구성, 크기",ZARA,이케아 가구 961,이케아,가구,1888000,,3442.0,"이케아 가구 상품. 주요 특징: 내구성, 크기, 디자인, 이사, 인테리어, 생활.",user_input,47,35,20,21,Y,0.597
female,58,7120000,자영업,기혼,진보적,1459000,17000,선물,"희소성, 감성",종근당,3M 생활용품 962,3M,생활용품,17000,4.56,3343.0,"3M 생활용품 상품. 주요 특징: 가격, 내구성, 용량, 생활, 청소, 가정.",naver_api,44,1,16,1,N,0.618
male,46,4550000,프리랜서,미혼,진보적,345000,21000,가정,"가격, 내구성",루이비통,3M 생활용품 963,3M,생활용품,21000,4.26,542.0,"3M 생활용품 상품. 주요 특징: 가격, 내구성, 용량, 생활, 청소, 가정.",image_estimate,33,2,16,4,N,0.483
male,27,520000,학생,미혼,보수적,67000,602000,휴식,"디자인, 착용감",ZARA,ZARA 패션 964,ZARA,패션,602000,4.18,2360.0,"ZARA 패션 상품. 주요 특징: 디자인, 착용감, 브랜드, 출근, 데이트, 여행.",image_estimate,40,14,10,13,Y,0.732
male,25,5430000,공무원,미혼,보수적,841000,1538000,이사,"내구성, 크기",아디다스,이케아 가구 965,이케아,가구,1538000,4.73,1090.0,"이케아 가구 상품. 주요 특징: 내구성, 크기, 디자인, 이사, 인테리어, 생활.",naver_api,48,6,14,4,Y,0.504
female,26,920000,취업준비생,기혼,진보적,164000,15000,가족,"가격, 신선도",라네즈,오뚜기 식품 966,오뚜기,식품,15000,,430.0,"오뚜기 식품 상품. 주요 특징: 가격, 신선도, 배송, 생활, 식사, 가족.",manual,34,0,17,0,N,0.501
male,30,1230000,취업준비생,기혼,진보적,42000,2909000,소장,"희소성, 감성",하나투어,하나투어 여행 967,하나투어,여행,2909000,4.2,669.0,"하나투어 여행 상품. 주요 특징: 가격, 일정, 숙소, 휴식, 가족, 기념일.",naver_api,48,34,17,23,Y,0.817
male,67,2500000,은퇴자,미혼,보수적,289000,22000,선물,"가격, 내구성",마이리얼트립,유한킴벌리 생활용품 968,유한킴벌리,생활용품,22000,4.15,2211.0,"유한킴벌리 생활용품 상품. 주요 특징: 가격, 내구성, 용량, 생활, 청소, 가정.",manual,40,4,11,2,N,0.481
female,24,590000,학생,미혼,진보적,62000,215000,유행,"희소성, 감성",ZARA,아디다스 패션 969,아디다스,패션,215000,4.67,2044.0,"아디다스 패션 상품. 주요 특징: 디자인, 착용감, 브랜드, 출근, 데이트, 여행.",user_input,51,6,10,3,Y,0.903
male,41,5990000,자영업,미혼,보수적,218000,395000,소장,"희소성, 감성",동원,이니스프리 화장품 970,이니스프리,화장품,395000,3.46,3788.0,"이니스프리 화장품 상품. 주요 특징: 성분, 가격, 후기, 피부관리, 선물, 데일리.",manual,50,5,18,5,N,0.848
female,63,3400000,은퇴자,기혼,보수적,245000,104000,휴식,"희소성, 감성",3M,3M 생활용품 971,3M,생활용품,104000,3.48,3259.0,"3M 생활용품 상품. 주요 특징: 가격, 내구성, 용량, 생활, 청소, 가정.",manual,43,2,21,2,N,0.508
female,68,2640000,은퇴자,미혼,진보적,366000,311000,취업,"희소성, 감성",패스트캠퍼스,패스트캠퍼스 교육 972,패스트캠퍼스,교육,311000,,3148.0,"패스트캠퍼스 교육 상품. 주요 특징: 강의품질, 가격, 커리큘럼, 공부, 취업, 자기계발.",naver_api,50,3,16,1,N,0.384
female,37,5070000,자영업,미혼,보수적,589000,1192000,취업,"강의품질, 가격",클래스101,클래스101 교육 973,클래스101,교육,1192000,3.42,878.0,"클래스101 교육 상품. 주요 특징: 강의품질, 가격, 커리큘럼, 공부, 취업, 자기계발.",user_input,49,8,20,5,Y,0.467
male,36,6670000,대기업직원,기혼,진보적,549000,76000,가정,"희소성, 감성",애플,다이소 생활용품 974,다이소,생활용품,76000,4.66,890.0,"다이소 생활용품 상품. 주요 특징: 가격, 내구성, 용량, 생활, 청소, 가정.",crawler,36,6,16,0,N,0.677
female,51,10820000,전문직,기혼,진보적,2066000,1864000,휴식,"내구성, 크기",삼성,이케아 가구 975,이케아,가구,1864000,3.64,,"이케아 가구 상품. 주요 특징: 내구성, 크기, 디자인, 이사, 인테리어, 생활.",user_input,17,6,19,1,Y,0.574
female,28,1050000,취업준비생,미혼,진보적,100000,330000,가족,"희소성, 감성",종근당,마이리얼트립 여행 976,마이리얼트립,여행,330000,4.74,,"마이리얼트립 여행 상품. 주요 특징: 가격, 일정, 숙소, 휴식, 가족, 기념일.",user_input,13,7,2,6,Y,0.701
male,29,5520000,사무직,미혼,보수적,963000,2449000,콘텐츠,"성능, 배터리",LG,LG 전자기기 977,LG,전자기기,2449000,3.36,1492.0,"LG 전자기기 상품. 주요 특징: 성능, 배터리, 휴대성, 업무, 공부, 게임, 콘텐츠.",crawler,45,8,18,7,Y,0.638
male,45,4160000,자영업,기혼,보수적,609000,137000,선물,"성분, 가격",나이키,설화수 화장품 978,설화수,화장품,137000,3.99,676.0,"설화수 화장품 상품. 주요 특징: 성분, 가격, 후기, 피부관리, 선물, 데일리.",manual,45,1,20,1,N,0.345
male,33,1950000,주부,기혼,보수적,358000,4896000,소장,"희소성, 감성",이케아,프라다 명품 979,프라다,명품,4896000,4.6,1772.0,"프라다 명품 상품. 주요 특징: 브랜드, 희소성, 디자인, 선물, 보상, 소장.",manual,46,34,18,23,Y,0.891
male,55,5420000,사무직,기혼,진보적,420000,666000,소장,"희소성, 감성",센트룸,하나투어 여행 980,하나투어,여행,666000,4.03,,"하나투어 여행 상품. 주요 특징: 가격, 일정, 숙소, 휴식, 가족, 기념일.",manual,9,6,13,5,Y,0.831
female,38,11120000,전문직,기혼,보수적,1099000,44000,가족,"가격, 신선도",메가스터디,동원 식품 981,동원,식품,44000,3.93,3802.0,"동원 식품 상품. 주요 특징: 가격, 신선도, 배송, 생활, 식사, 가족.",manual,52,1,12,3,N,0.496
male,29,6310000,전문직,미혼,보수적,598000,6449000,게임,"희소성, 감성",애플,애플 전자기기 982,애플,전자기기,6449000,3.89,516.0,"애플 전자기기 상품. 주요 특징: 성능, 배터리, 휴대성, 업무, 공부, 게임, 콘텐츠.",user_input,46,17,11,12,Y,0.6
male,45,8840000,대기업직원,기혼,보수적,1507000,150000,선물,"희소성, 감성",루이비통,설화수 화장품 983,설화수,화장품,150000,,2532.0,"설화수 화장품 상품. 주요 특징: 성분, 가격, 후기, 피부관리, 선물, 데일리.",image_estimate,53,1,3,2,N,0.483
male,51,8360000,대기업직원,미혼,진보적,1489000,40000,선물,"희소성, 감성",종근당,3M 생활용품 984,3M,생활용품,40000,,354.0,"3M 생활용품 상품. 주요 특징: 가격, 내구성, 용량, 생활, 청소, 가정.",crawler,39,5,10,1,N,0.621
female,60,4940000,자영업,미혼,보수적,633000,1651000,부모님,"성분, 후기",샤넬,정관장 건강관리 985,정관장,건강관리,1651000,4.78,3846.0,"정관장 건강관리 상품. 주요 특징: 성분, 후기, 안전성, 건강, 부모님, 회복.",image_estimate,55,6,14,4,Y,0.565
male,21,820000,학생,기혼,진보적,29000,300000,회복,"성분, 후기",유한킴벌리,정관장 건강관리 986,정관장,건강관리,300000,4.69,909.0,"정관장 건강관리 상품. 주요 특징: 성분, 후기, 안전성, 건강, 부모님, 회복.",crawler,37,9,17,7,Y,0.717
female,49,3380000,주부,미혼,보수적,394000,1170000,유행,"내구성, 크기",이케아,이케아 가구 987,이케아,가구,1170000,4.81,,"이케아 가구 상품. 주요 특징: 내구성, 크기, 디자인, 이사, 인테리어, 생활.",naver_api,14,4,10,3,Y,0.717
male,25,4070000,사무직,미혼,보수적,300000,2189000,공부,"희소성, 감성",패스트캠퍼스,레노버 전자기기 988,레노버,전자기기,2189000,3.23,226.0,"레노버 전자기기 상품. 주요 특징: 성능, 배터리, 휴대성, 업무, 공부, 게임, 콘텐츠.",user_input,31,8,13,4,Y,0.689
female,52,5770000,자영업,미혼,진보적,208000,10000,가정,"가격, 내구성",유한킴벌리,유한킴벌리 생활용품 989,유한킴벌리,생활용품,10000,4.38,3816.0,"유한킴벌리 생활용품 상품. 주요 특징: 가격, 내구성, 용량, 생활, 청소, 가정.",image_estimate,44,5,13,2,N,0.412
male,55,5050000,자영업,기혼,진보적,747000,867000,소장,"디자인, 착용감",아디다스,아디다스 패션 990,아디다스,패션,867000,,3943.0,"아디다스 패션 상품. 주요 특징: 디자인, 착용감, 브랜드, 출근, 데이트, 여행.",user_input,55,8,11,3,Y,0.499
female,41,2810000,주부,미혼,진보적,434000,2490000,유행,"내구성, 크기",리바트,리바트 가구 991,리바트,가구,2490000,,3047.0,"리바트 가구 상품. 주요 특징: 내구성, 크기, 디자인, 이사, 인테리어, 생활.",manual,49,13,13,10,Y,0.653
male,27,930000,학생,기혼,보수적,161000,1143000,회복,"희소성, 감성",종근당,정관장 건강관리 992,정관장,건강관리,1143000,4.6,,"정관장 건강관리 상품. 주요 특징: 성분, 후기, 안전성, 건강, 부모님, 회복.",crawler,14,19,16,12,Y,0.858
female,38,7630000,대기업직원,기혼,보수적,1048000,335000,출근,"디자인, 착용감",아디다스,아디다스 패션 993,아디다스,패션,335000,4.87,3699.0,"아디다스 패션 상품. 주요 특징: 디자인, 착용감, 브랜드, 출근, 데이트, 여행.",naver_api,41,2,19,1,N,0.311
female,50,9400000,대기업직원,미혼,진보적,293000,327000,데일리,"희소성, 감성",라네즈,라네즈 화장품 994,라네즈,화장품,327000,3.85,2632.0,"라네즈 화장품 상품. 주요 특징: 성분, 가격, 후기, 피부관리, 선물, 데일리.",naver_api,46,5,17,1,N,0.642
male,20,630000,학생,기혼,진보적,30000,307000,가족,"가격, 일정",유한킴벌리,하나투어 여행 995,하나투어,여행,307000,,777.0,"하나투어 여행 상품. 주요 특징: 가격, 일정, 숙소, 휴식, 가족, 기념일.",manual,44,8,9,6,Y,0.548
male,27,1240000,취업준비생,기혼,보수적,77000,77000,취업,"강의품질, 가격",패스트캠퍼스,패스트캠퍼스 교육 996,패스트캠퍼스,교육,77000,,,"패스트캠퍼스 교육 상품. 주요 특징: 강의품질, 가격, 커리큘럼, 공부, 취업, 자기계발.",naver_api,14,3,1,1,N,0.267
female,75,2650000,은퇴자,미혼,진보적,263000,772000,게임,"성능, 배터리",애플,LG 전자기기 997,LG,전자기기,772000,3.43,3307.0,"LG 전자기기 상품. 주요 특징: 성능, 배터리, 휴대성, 업무, 공부, 게임, 콘텐츠.",image_estimate,52,5,11,5,Y,0.553
female,26,5360000,사무직,미혼,보수적,907000,185000,자기계발,"강의품질, 가격",패스트캠퍼스,패스트캠퍼스 교육 998,패스트캠퍼스,교육,185000,4.58,1916.0,"패스트캠퍼스 교육 상품. 주요 특징: 강의품질, 가격, 커리큘럼, 공부, 취업, 자기계발.",crawler,50,3,22,2,N,0.383
female,33,3580000,사무직,미혼,진보적,253000,16000,생활,"가격, 내구성",3M,3M 생활용품 999,3M,생활용품,16000,4.56,,"3M 생활용품 상품. 주요 특징: 가격, 내구성, 용량, 생활, 청소, 가정.",naver_api,2,5,17,3,N,0.223
male,27,700000,학생,미혼,진보적,62000,320000,선물,"성분, 가격",패스트캠퍼스,라네즈 화장품 1000,라네즈,화장품,320000,3.97,1695.0,"라네즈 화장품 상품. 주요 특징: 성분, 가격, 후기, 피부관리, 선물, 데일리.",user_input,45,5,17,7,Y,0.529
male,21,520000,학생,미혼,보수적,82000,49000,유행,"희소성, 감성",라네즈,정관장 건강관리 1001,정관장,건강관리,49000,4.89,,"정관장 건강관리 상품. 주요 특징: 성분, 후기, 안전성, 건강, 부모님, 회복.",manual,2,6,17,3,N,0.609
female,31,6490000,전문직,기혼,보수적,487000,14000,가족,"가격, 신선도",클래스101,동원 식품 1002,동원,식품,14000,,2252.0,"동원 식품 상품. 주요 특징: 가격, 신선도, 배송, 생활, 식사, 가족.",crawler,44,0,12,2,N,0.485
male,33,1060000,취업준비생,기혼,진보적,139000,3840000,휴식,"가격, 일정",오뚜기,대한항공 여행 1003,대한항공,여행,3840000,,3628.0,"대한항공 여행 상품. 주요 특징: 가격, 일정, 숙소, 휴식, 가족, 기념일.",crawler,46,43,22,31,Y,0.577
male,70,2040000,은퇴자,기혼,진보적,63000,839000,인테리어,"내구성, 크기",유한킴벌리,한샘 가구 1004,한샘,가구,839000,4.31,2795.0,"한샘 가구 상품. 주요 특징: 내구성, 크기, 디자인, 이사, 인테리어, 생활.",crawler,53,9,2,3,Y,0.601
female,33,1280000,취업준비생,미혼,보수적,117000,50000,휴식,"성분, 가격",레노버,라네즈 화장품 1005,라네즈,화장품,50000,3.74,214.0,"라네즈 화장품 상품. 주요 특징: 성분, 가격, 후기, 피부관리, 선물, 데일리.",crawler,31,3,10,4,N,0.495
male,37,1940000,주부,미혼,진보적,301000,12000,가정,"가격, 내구성",3M,3M 생활용품 1006,3M,생활용품,12000,4.22,119.0,"3M 생활용품 상품. 주요 특징: 가격, 내구성, 용량, 생활, 청소, 가정.",manual,35,3,10,4,N,0.38
male,27,570000,학생,미혼,보수적,23000,94000,소장,"디자인, 착용감",대한항공,COS 패션 1007,COS,패션,94000,3.44,1835.0,"COS 패션 상품. 주요 특징: 디자인, 착용감, 브랜드, 출근, 데이트, 여행.",naver_api,45,7,14,5,N,0.8
female,43,8830000,대기업직원,기혼,진보적,1299000,1485000,선물,"희소성, 감성",라네즈,루이비통 명품 1008,루이비통,명품,1485000,4.09,2479.0,"루이비통 명품 상품. 주요 특징: 브랜드, 희소성, 디자인, 선물, 보상, 소장.",manual,47,4,18,4,Y,0.437
male,48,2900000,주부,미혼,보수적,159000,18000,유행,"가격, 내구성",센트룸,3M 생활용품 1009,3M,생활용품,18000,4.27,3001.0,"3M 생활용품 상품. 주요 특징: 가격, 내구성, 용량, 생활, 청소, 가정.",manual,50,2,3,3,N,0.484
female,52,5610000,공무원,기혼,보수적,554000,660000,소장,"브랜드, 희소성",3M,루이비통 명품 1010,루이비통,명품,660000,3.79,,"루이비통 명품 상품. 주요 특징: 브랜드, 희소성, 디자인, 선물, 보상, 소장.",naver_api,16,1,15,4,Y,0.628
male,37,2470000,주부,기혼,보수적,479000,462000,건강,"희소성, 감성",다이소,종근당 건강관리 1011,종근당,건강관리,462000,3.89,13.0,"종근당 건강관리 상품. 주요 특징: 성분, 후기, 안전성, 건강, 부모님, 회복.",naver_api,16,8,2,3,Y,0.465
male,45,5320000,대기업직원,미혼,진보적,677000,39000,가족,"가격, 신선도",마이리얼트립,오뚜기 식품 1012,오뚜기,식품,39000,4.28,1049.0,"오뚜기 식품 상품. 주요 특징: 가격, 신선도, 배송, 생활, 식사, 가족.",manual,48,5,11,2,N,0.485
female,64,7150000,자영업,기혼,보수적,888000,1116000,선물,"희소성, 감성",구찌,마이리얼트립 여행 1013,마이리얼트립,여행,1116000,4.72,,"마이리얼트립 여행 상품. 주요 특징: 가격, 일정, 숙소, 휴식, 가족, 기념일.",user_input,2,6,12,5,Y,0.721
male,74,3350000,은퇴자,기혼,진보적,444000,221000,유행,"가격, 일정",3M,마이리얼트립 여행 1014,마이리얼트립,여행,221000,,1387.0,"마이리얼트립 여행 상품. 주요 특징: 가격, 일정, 숙소, 휴식, 가족, 기념일.",image_estimate,50,1,18,1,N,0.516
male,40,3070000,주부,미혼,보수적,202000,2498000,공부,"성능, 배터리",삼성,애플 전자기기 1015,애플,전자기기,2498000,,,"애플 전자기기 상품. 주요 특징: 성능, 배터리, 휴대성, 업무, 공부, 게임, 콘텐츠.",image_estimate,8,15,1,8,Y,0.575
female,23,870000,취업준비생,미혼,보수적,105000,2456000,유행,"브랜드, 희소성",종근당,루이비통 명품 1016,루이비통,명품,2456000,4.9,,"루이비통 명품 상품. 주요 특징: 브랜드, 희소성, 디자인, 선물, 보상, 소장.",manual,14,39,1,24,Y,0.773
male,44,10480000,전문직,기혼,진보적,1172000,303000,생활,"내구성, 크기",한샘,한샘 가구 1017,한샘,가구,303000,4.87,1500.0,"한샘 가구 상품. 주요 특징: 내구성, 크기, 디자인, 이사, 인테리어, 생활.",crawler,39,3,21,4,N,0.471
female,56,6650000,전문직,기혼,진보적,1367000,51000,가정,"가격, 내구성",이케아,3M 생활용품 1018,3M,생활용품,51000,3.69,1315.0,"3M 생활용품 상품. 주요 특징: 가격, 내구성, 용량, 생활, 청소, 가정.",user_input,48,4,9,1,N,0.465
male,27,1100000,취업준비생,미혼,보수적,82000,2059000,휴식,"희소성, 감성",하나투어,하나투어 여행 1019,하나투어,여행,2059000,4.47,3716.0,"하나투어 여행 상품. 주요 특징: 가격, 일정, 숙소, 휴식, 가족, 기념일.",manual,44,24,13,15,Y,0.61
female,25,4860000,프리랜서,미혼,진보적,1019000,3507000,휴식,"희소성, 감성",하나투어,하나투어 여행 1020,하나투어,여행,3507000,4.45,1816.0,"하나투어 여행 상품. 주요 특징: 가격, 일정, 숙소, 휴식, 가족, 기념일.",image_estimate,48,12,9,5,Y,0.638
female,27,4710000,프리랜서,미혼,보수적,149000,1029000,소장,"디자인, 착용감",마이리얼트립,COS 패션 1021,COS,패션,1029000,3.21,2576.0,"COS 패션 상품. 주요 특징: 디자인, 착용감, 브랜드, 출근, 데이트, 여행.",manual,55,5,13,6,Y,0.76
male,42,6180000,대기업직원,기혼,진보적,950000,1800000,생활,"희소성, 감성",한샘,한샘 가구 1022,한샘,가구,1800000,4.36,,"한샘 가구 상품. 주요 특징: 내구성, 크기, 디자인, 이사, 인테리어, 생활.",crawler,7,5,21,3,Y,0.831
male,33,4250000,공무원,미혼,보수적,934000,180000,여행,"희소성, 감성",종근당,ZARA 패션 1023,ZARA,패션,180000,4.57,1853.0,"ZARA 패션 상품. 주요 특징: 디자인, 착용감, 브랜드, 출근, 데이트, 여행.",naver_api,46,5,20,5,N,0.683
female,56,7630000,전문직,기혼,진보적,1404000,18000,유행,"가격, 내구성",3M,3M 생활용품 1024,3M,생활용품,18000,4.45,7.0,"3M 생활용품 상품. 주요 특징: 가격, 내구성, 용량, 생활, 청소, 가정.",manual,22,1,9,2,N,0.422
male,29,710000,학생,미혼,진보적,63000,126000,건강,"희소성, 감성",나이키,센트룸 건강관리 1025,센트룸,건강관리,126000,4.47,3599.0,"센트룸 건강관리 상품. 주요 특징: 성분, 후기, 안전성, 건강, 부모님, 회복.",crawler,51,5,16,4,N,0.682
female,36,3170000,주부,기혼,진보적,397000,2422000,휴식,"가격, 일정",대한항공,대한항공 여행 1026,대한항공,여행,2422000,3.6,94.0,"대한항공 여행 상품. 주요 특징: 가격, 일정, 숙소, 휴식, 가족, 기념일.",image_estimate,27,12,15,8,Y,0.519
female,30,1320000,취업준비생,기혼,진보적,121000,189000,피부관리,"희소성, 감성",프라다,라네즈 화장품 1027,라네즈,화장품,189000,4.51,1034.0,"라네즈 화장품 상품. 주요 특징: 성분, 가격, 후기, 피부관리, 선물, 데일리.",user_input,38,6,11,4,N,0.601
female,72,3510000,은퇴자,기혼,보수적,284000,76000,유행,"가격, 신선도",CJ,CJ 식품 1028,CJ,식품,76000,4.32,28.0,"CJ 식품 상품. 주요 특징: 가격, 신선도, 배송, 생활, 식사, 가족.",image_estimate,32,5,22,0,N,0.4
female,43,5440000,자영업,미혼,진보적,839000,11000,가족,"가격, 신선도",CJ,CJ 식품 1029,CJ,식품,11000,4.02,810.0,"CJ 식품 상품. 주요 특징: 가격, 신선도, 배송, 생활, 식사, 가족.",crawler,45,4,12,1,N,0.379
female,24,930000,학생,미혼,보수적,71000,4216000,가족,"희소성, 감성",대한항공,대한항공 여행 1030,대한항공,여행,4216000,4.31,,"대한항공 여행 상품. 주요 특징: 가격, 일정, 숙소, 휴식, 가족, 기념일.",user_input,2,56,3,36,Y,0.593
male,29,930000,학생,미혼,진보적,43000,3793000,가족,"희소성, 감성",마이리얼트립,마이리얼트립 여행 1031,마이리얼트립,여행,3793000,3.56,2951.0,"마이리얼트립 여행 상품. 주요 특징: 가격, 일정, 숙소, 휴식, 가족, 기념일.",crawler,48,49,10,33,Y,0.618
male,58,2930000,은퇴자,미혼,보수적,585000,110000,휴식,"성능, 배터리",센트룸,삼성 전자기기 1032,삼성,전자기기,110000,3.43,2203.0,"삼성 전자기기 상품. 주요 특징: 성능, 배터리, 휴대성, 업무, 공부, 게임, 콘텐츠.",crawler,50,5,10,3,N,0.498
male,38,5590000,프리랜서,미혼,보수적,658000,184000,출근,"희소성, 감성",ZARA,ZARA 패션 1033,ZARA,패션,184000,4.05,3154.0,"ZARA 패션 상품. 주요 특징: 디자인, 착용감, 브랜드, 출근, 데이트, 여행.",manual,45,4,20,0,N,0.345
female,33,4270000,공무원,기혼,보수적,498000,51000,휴식,"가격, 내구성",COS,유한킴벌리 생활용품 1034,유한킴벌리,생활용품,51000,4.0,,"유한킴벌리 생활용품 상품. 주요 특징: 가격, 내구성, 용량, 생활, 청소, 가정.",user_input,6,0,16,1,N,0.482
female,43,6190000,자영업,기혼,진보적,421000,29000,소장,"가격, 신선도",이케아,CJ 식품 1035,CJ,식품,29000,,3526.0,"CJ 식품 상품. 주요 특징: 가격, 신선도, 배송, 생활, 식사, 가족.",manual,42,4,16,2,N,0.521
male,25,870000,취업준비생,미혼,보수적,152000,492000,데일리,"성분, 가격",샤넬,설화수 화장품 1036,설화수,화장품,492000,,3414.0,"설화수 화장품 상품. 주요 특징: 성분, 가격, 후기, 피부관리, 선물, 데일리.",user_input,50,8,9,7,Y,0.721
female,24,520000,학생,미혼,진보적,112000,89000,생활,"가격, 내구성",유한킴벌리,3M 생활용품 1037,3M,생활용품,89000,4.58,,"3M 생활용품 상품. 주요 특징: 가격, 내구성, 용량, 생활, 청소, 가정.",naver_api,3,7,17,4,N,0.277
female,51,6490000,전문직,미혼,보수적,1146000,622000,휴식,"희소성, 감성",대한항공,종근당 건강관리 1038,종근당,건강관리,622000,4.48,,"종근당 건강관리 상품. 주요 특징: 성분, 후기, 안전성, 건강, 부모님, 회복.",crawler,14,4,19,3,Y,0.614
female,59,5200000,자영업,기혼,진보적,1059000,497000,유행,"희소성, 감성",프라다,프라다 명품 1039,프라다,명품,497000,3.27,1344.0,"프라다 명품 상품. 주요 특징: 브랜드, 희소성, 디자인, 선물, 보상, 소장.",manual,44,1,20,1,N,0.558
male,41,5110000,공무원,기혼,진보적,765000,30000,선물,"가격, 내구성",유한킴벌리,유한킴벌리 생활용품 1040,유한킴벌리,생활용품,30000,4.55,122.0,"유한킴벌리 생활용품 상품. 주요 특징: 가격, 내구성, 용량, 생활, 청소, 가정.",user_input,28,1,18,0,N,0.362
female,28,5450000,프리랜서,미혼,보수적,1162000,27000,소장,"가격, 내구성",COS,3M 생활용품 1041,3M,생활용품,27000,,3304.0,"3M 생활용품 상품. 주요 특징: 가격, 내구성, 용량, 생활, 청소, 가정.",naver_api,44,3,3,4,N,0.515
male,39,5510000,사무직,기혼,진보적,524000,4017000,유행,"희소성, 감성",마이리얼트립,마이리얼트립 여행 1042,마이리얼트립,여행,4017000,,,"마이리얼트립 여행 상품. 주요 특징: 가격, 일정, 숙소, 휴식, 가족, 기념일.",crawler,9,10,21,9,Y,0.85
female,28,3200000,사무직,미혼,보수적,658000,1232000,공부,"희소성, 감성",유한킴벌리,삼성 전자기기 1043,삼성,전자기기,1232000,,3736.0,"삼성 전자기기 상품. 주요 특징: 성능, 배터리, 휴대성, 업무, 공부, 게임, 콘텐츠.",naver_api,48,10,14,4,Y,0.656
female,67,3500000,은퇴자,미혼,보수적,555000,122000,게임,"성능, 배터리",다이소,LG 전자기기 1044,LG,전자기기,122000,,,"LG 전자기기 상품. 주요 특징: 성능, 배터리, 휴대성, 업무, 공부, 게임, 콘텐츠.",user_input,6,3,16,2,N,0.309
female,26,1340000,취업준비생,미혼,보수적,80000,1020000,선물,"디자인, 착용감",나이키,나이키 패션 1045,나이키,패션,1020000,4.22,1047.0,"나이키 패션 상품. 주요 특징: 디자인, 착용감, 브랜드, 출근, 데이트, 여행.",image_estimate,48,12,22,7,Y,0.654
female,35,8610000,대기업직원,미혼,보수적,691000,184000,휴식,"가격, 일정",CJ,마이리얼트립 여행 1046,마이리얼트립,여행,184000,,505.0,"마이리얼트립 여행 상품. 주요 특징: 가격, 일정, 숙소, 휴식, 가족, 기념일.",manual,35,5,18,0,N,0.316
female,51,4930000,공무원,기혼,진보적,1018000,381000,가족,"가격, 일정",클래스101,마이리얼트립 여행 1047,마이리얼트립,여행,381000,3.38,2777.0,"마이리얼트립 여행 상품. 주요 특징: 가격, 일정, 숙소, 휴식, 가족, 기념일.",user_input,44,2,22,5,N,0.368
female,27,1100000,취업준비생,기혼,보수적,169000,82000,취업,"강의품질, 가격",메가스터디,메가스터디 교육 1048,메가스터디,교육,82000,4.78,,"메가스터디 교육 상품. 주요 특징: 강의품질, 가격, 커리큘럼, 공부, 취업, 자기계발.",crawler,11,4,21,5,N,0.234
male,38,4050000,자영업,미혼,진보적,521000,200000,소장,"내구성, 크기",CJ,한샘 가구 1049,한샘,가구,200000,4.54,1449.0,"한샘 가구 상품. 주요 특징: 내구성, 크기, 디자인, 이사, 인테리어, 생활.",naver_api,50,2,18,1,N,0.563
male,33,3480000,프리랜서,미혼,진보적,736000,31000,회복,"희소성, 감성",샤넬,종근당 건강관리 1050,종근당,건강관리,31000,4.8,3387.0,"종근당 건강관리 상품. 주요 특징: 성분, 후기, 안전성, 건강, 부모님, 회복.",crawler,45,6,17,0,N,0.644
female,54,11320000,전문직,기혼,보수적,795000,53000,여행,"희소성, 감성",유한킴벌리,ZARA 패션 1051,ZARA,패션,53000,,,"ZARA 패션 상품. 주요 특징: 디자인, 착용감, 브랜드, 출근, 데이트, 여행.",crawler,3,1,10,4,N,0.684
female,54,6270000,전문직,기혼,진보적,1266000,36000,식사,"가격, 신선도",샤넬,동원 식품 1052,동원,식품,36000,3.61,,"동원 식품 상품. 주요 특징: 가격, 신선도, 배송, 생활, 식사, 가족.",naver_api,12,1,17,4,N,0.303
female,35,4580000,사무직,미혼,진보적,156000,22000,가족,"희소성, 감성",설화수,동원 식품 1053,동원,식품,22000,3.76,2414.0,"동원 식품 상품. 주요 특징: 가격, 신선도, 배송, 생활, 식사, 가족.",manual,40,5,11,0,N,0.656
male,45,7320000,자영업,기혼,보수적,1448000,7000,가정,"희소성, 감성",다이소,다이소 생활용품 1054,다이소,생활용품,7000,,2191.0,"다이소 생활용품 상품. 주요 특징: 가격, 내구성, 용량, 생활, 청소, 가정.",user_input,42,5,19,1,N,0.583
female,20,550000,학생,기혼,진보적,83000,26000,식사,"희소성, 감성",동원,동원 식품 1055,동원,식품,26000,3.73,,"동원 식품 상품. 주요 특징: 가격, 신선도, 배송, 생활, 식사, 가족.",manual,7,4,11,0,N,0.371
female,41,3900000,사무직,기혼,진보적,315000,540000,유행,"강의품질, 가격",구찌,메가스터디 교육 1056,메가스터디,교육,540000,4.34,3441.0,"메가스터디 교육 상품. 주요 특징: 강의품질, 가격, 커리큘럼, 공부, 취업, 자기계발.",crawler,44,5,16,1,Y,0.672
female,57,1940000,주부,기혼,진보적,66000,13000,데일리,"희소성, 감성",아디다스,설화수 화장품 1057,설화수,화장품,13000,3.35,,"설화수 화장품 상품. 주요 특징: 성분, 가격, 후기, 피부관리, 선물, 데일리.",naver_api,13,2,20,2,N,0.636
female,49,2770000,주부,기혼,진보적,304000,80000,선물,"디자인, 착용감",마이리얼트립,아디다스 패션 1058,아디다스,패션,80000,4.84,495.0,"아디다스 패션 상품. 주요 특징: 디자인, 착용감, 브랜드, 출근, 데이트, 여행.",image_estimate,46,2,22,4,N,0.571
female,27,4210000,사무직,미혼,진보적,709000,589000,보상,"브랜드, 희소성",클래스101,샤넬 명품 1059,샤넬,명품,589000,,454.0,"샤넬 명품 상품. 주요 특징: 브랜드, 희소성, 디자인, 선물, 보상, 소장.",image_estimate,43,2,21,2,Y,0.37
male,40,4890000,자영업,기혼,보수적,989000,39000,회복,"희소성, 감성",리바트,센트룸 건강관리 1060,센트룸,건강관리,39000,4.62,2844.0,"센트룸 건강관리 상품. 주요 특징: 성분, 후기, 안전성, 건강, 부모님, 회복.",manual,52,3,14,3,N,0.649
male,32,1040000,취업준비생,미혼,진보적,81000,312000,생활,"희소성, 감성",리바트,리바트 가구 1061,리바트,가구,312000,3.43,270.0,"리바트 가구 상품. 주요 특징: 내구성, 크기, 디자인, 이사, 인테리어, 생활.",manual,38,6,17,4,Y,0.823
male,29,8240000,전문직,기혼,진보적,1541000,111000,데이트,"디자인, 착용감",대한항공,아디다스 패션 1062,아디다스,패션,111000,,265.0,"아디다스 패션 상품. 주요 특징: 디자인, 착용감, 브랜드, 출근, 데이트, 여행.",user_input,33,2,13,4,N,0.377
male,48,4940000,공무원,기혼,보수적,348000,19000,소장,"성분, 가격",라네즈,라네즈 화장품 1063,라네즈,화장품,19000,4.54,,"라네즈 화장품 상품. 주요 특징: 성분, 가격, 후기, 피부관리, 선물, 데일리.",image_estimate,4,1,13,4,N,0.481
female,19,850000,학생,미혼,진보적,184000,50000,생활,"희소성, 감성",유한킴벌리,유한킴벌리 생활용품 1064,유한킴벌리,생활용품,50000,3.42,,"유한킴벌리 생활용품 상품. 주요 특징: 가격, 내구성, 용량, 생활, 청소, 가정.",image_estimate,8,5,13,3,N,0.366
female,24,880000,취업준비생,기혼,진보적,88000,1568000,선물,"내구성, 크기",리바트,리바트 가구 1065,리바트,가구,1568000,4.58,2907.0,"리바트 가구 상품. 주요 특징: 내구성, 크기, 디자인, 이사, 인테리어, 생활.",naver_api,50,24,2,15,Y,0.684
male,52,7540000,전문직,기혼,보수적,1064000,17000,생활,"가격, 내구성",메가스터디,유한킴벌리 생활용품 1066,유한킴벌리,생활용품,17000,3.57,,"유한킴벌리 생활용품 상품. 주요 특징: 가격, 내구성, 용량, 생활, 청소, 가정.",image_estimate,14,4,15,0,N,0.303
male,47,2220000,주부,기혼,진보적,141000,229000,출근,"디자인, 착용감",COS,COS 패션 1067,COS,패션,229000,3.22,3080.0,"COS 패션 상품. 주요 특징: 디자인, 착용감, 브랜드, 출근, 데이트, 여행.",naver_api,53,6,13,2,N,0.386
male,51,7480000,자영업,기혼,진보적,1620000,68000,선물,"성분, 가격",이니스프리,이니스프리 화장품 1068,이니스프리,화장품,68000,4.17,3561.0,"이니스프리 화장품 상품. 주요 특징: 성분, 가격, 후기, 피부관리, 선물, 데일리.",naver_api,50,4,10,3,N,0.197
male,35,7870000,대기업직원,기혼,진보적,611000,41000,선물,"가격, 신선도",한샘,동원 식품 1069,동원,식품,41000,4.26,,"동원 식품 상품. 주요 특징: 가격, 신선도, 배송, 생활, 식사, 가족.",image_estimate,14,4,1,1,N,0.508
male,32,4600000,사무직,미혼,진보적,183000,758000,선물,"브랜드, 희소성",레노버,구찌 명품 1070,구찌,명품,758000,4.73,,"구찌 명품 상품. 주요 특징: 브랜드, 희소성, 디자인, 선물, 보상, 소장.",naver_api,13,6,15,4,Y,0.618
male,58,2400000,주부,미혼,진보적,489000,54000,선물,"희소성, 감성",라네즈,클래스101 교육 1071,클래스101,교육,54000,3.39,,"클래스101 교육 상품. 주요 특징: 강의품질, 가격, 커리큘럼, 공부, 취업, 자기계발.",user_input,9,0,11,3,N,0.69
male,40,2360000,주부,미혼,보수적,289000,420000,소장,"브랜드, 희소성",프라다,프라다 명품 1072,프라다,명품,420000,3.83,635.0,"프라다 명품 상품. 주요 특징: 브랜드, 희소성, 디자인, 선물, 보상, 소장.",image_estimate,47,7,17,6,N,0.587
male,46,5250000,프리랜서,기혼,보수적,1058000,24000,청소,"희소성, 감성",다이소,다이소 생활용품 1073,다이소,생활용품,24000,4.63,,"다이소 생활용품 상품. 주요 특징: 가격, 내구성, 용량, 생활, 청소, 가정.",crawler,4,2,18,3,N,0.371
female,58,9910000,전문직,미혼,진보적,1113000,137000,콘텐츠,"성능, 배터리",센트룸,소니 전자기기 1074,소니,전자기기,137000,4.49,,"소니 전자기기 상품. 주요 특징: 성능, 배터리, 휴대성, 업무, 공부, 게임, 콘텐츠.",user_input,7,5,13,0,N,0.52
female,51,7680000,대기업직원,기혼,진보적,1019000,154000,게임,"희소성, 감성",소니,소니 전자기기 1075,소니,전자기기,154000,4.47,3497.0,"소니 전자기기 상품. 주요 특징: 성능, 배터리, 휴대성, 업무, 공부, 게임, 콘텐츠.",crawler,56,3,13,1,N,0.412
male,46,2170000,주부,미혼,진보적,365000,1102000,회복,"희소성, 감성",다이소,센트룸 건강관리 1076,센트룸,건강관리,1102000,4.46,1322.0,"센트룸 건강관리 상품. 주요 특징: 성분, 후기, 안전성, 건강, 부모님, 회복.",manual,43,6,13,8,Y,0.863
male,23,630000,학생,미혼,진보적,135000,3235000,유행,"희소성, 감성",대한항공,리바트 가구 1077,리바트,가구,3235000,3.99,2194.0,"리바트 가구 상품. 주요 특징: 내구성, 크기, 디자인, 이사, 인테리어, 생활.",user_input,44,60,9,44,Y,0.881
male,50,10050000,전문직,기혼,보수적,2155000,391000,기념일,"가격, 일정",대한항공,대한항공 여행 1078,대한항공,여행,391000,3.8,3155.0,"대한항공 여행 상품. 주요 특징: 가격, 일정, 숙소, 휴식, 가족, 기념일.",manual,53,0,13,1,N,0.459
male,65,3710000,은퇴자,기혼,보수적,769000,47000,휴식,"희소성, 감성",ZARA,종근당 건강관리 1079,종근당,건강관리,47000,3.67,,"종근당 건강관리 상품. 주요 특징: 성분, 후기, 안전성, 건강, 부모님, 회복.",crawler,5,5,2,1,N,0.687
male,43,4110000,프리랜서,미혼,진보적,761000,69000,출근,"디자인, 착용감",ZARA,ZARA 패션 1080,ZARA,패션,69000,4.24,,"ZARA 패션 상품. 주요 특징: 디자인, 착용감, 브랜드, 출근, 데이트, 여행.",user_input,2,3,22,1,N,0.329
male,30,4520000,프리랜서,미혼,진보적,571000,101000,취업,"희소성, 감성",오뚜기,메가스터디 교육 1081,메가스터디,교육,101000,,,"메가스터디 교육 상품. 주요 특징: 강의품질, 가격, 커리큘럼, 공부, 취업, 자기계발.",image_estimate,11,1,2,0,N,0.476
female,28,1240000,취업준비생,미혼,진보적,265000,766000,건강,"희소성, 감성",샤넬,종근당 건강관리 1082,종근당,건강관리,766000,4.23,,"종근당 건강관리 상품. 주요 특징: 성분, 후기, 안전성, 건강, 부모님, 회복.",user_input,5,8,18,8,Y,0.676
female,48,6690000,자영업,미혼,보수적,944000,13000,피부관리,"성분, 가격",설화수,설화수 화장품 1083,설화수,화장품,13000,,,"설화수 화장품 상품. 주요 특징: 성분, 가격, 후기, 피부관리, 선물, 데일리.",naver_api,15,2,18,2,N,0.236
female,20,880000,학생,미혼,보수적,90000,229000,기념일,"희소성, 감성",마이리얼트립,마이리얼트립 여행 1084,마이리얼트립,여행,229000,4.26,,"마이리얼트립 여행 상품. 주요 특징: 가격, 일정, 숙소, 휴식, 가족, 기념일.",image_estimate,2,6,10,3,Y,0.798
male,69,3780000,은퇴자,기혼,진보적,391000,44000,생활,"가격, 신선도",한샘,오뚜기 식품 1085,오뚜기,식품,44000,3.52,476.0,"오뚜기 식품 상품. 주요 특징: 가격, 신선도, 배송, 생활, 식사, 가족.",naver_api,44,4,13,2,N,0.323
female,22,510000,학생,미혼,보수적,73000,4950000,게임,"성능, 배터리",리바트,삼성 전자기기 1086,삼성,전자기기,4950000,4.06,768.0,"삼성 전자기기 상품. 주요 특징: 성능, 배터리, 휴대성, 업무, 공부, 게임, 콘텐츠.",user_input,48,60,21,60,Y,0.547
female,38,5710000,자영업,미혼,보수적,429000,1043000,유행,"희소성, 감성",한샘,한샘 가구 1087,한샘,가구,1043000,,,"한샘 가구 상품. 주요 특징: 내구성, 크기, 디자인, 이사, 인테리어, 생활.",user_input,8,7,14,3,Y,0.843
female,24,1220000,취업준비생,미혼,진보적,213000,31000,휴식,"희소성, 감성",유한킴벌리,아디다스 패션 1088,아디다스,패션,31000,3.61,2689.0,"아디다스 패션 상품. 주요 특징: 디자인, 착용감, 브랜드, 출근, 데이트, 여행.",user_input,42,5,15,0,N,0.661
female,45,3350000,주부,기혼,진보적,155000,118000,휴식,"희소성, 감성",삼성,삼성 전자기기 1089,삼성,전자기기,118000,4.53,,"삼성 전자기기 상품. 주요 특징: 성능, 배터리, 휴대성, 업무, 공부, 게임, 콘텐츠.",manual,16,2,10,1,N,0.566
male,53,11270000,전문직,기혼,보수적,1542000,2437000,선물,"희소성, 감성",라네즈,LG 전자기기 1090,LG,전자기기,2437000,3.61,282.0,"LG 전자기기 상품. 주요 특징: 성능, 배터리, 휴대성, 업무, 공부, 게임, 콘텐츠.",naver_api,31,5,0,4,Y,0.805
female,54,5640000,공무원,기혼,진보적,524000,823000,소장,"희소성, 감성",LG,LG 전자기기 1091,LG,전자기기,823000,,2171.0,"LG 전자기기 상품. 주요 특징: 성능, 배터리, 휴대성, 업무, 공부, 게임, 콘텐츠.",image_estimate,40,7,15,2,Y,0.762
male,68,2470000,은퇴자,기혼,진보적,379000,133000,소장,"희소성, 감성",오뚜기,설화수 화장품 1092,설화수,화장품,133000,,804.0,"설화수 화장품 상품. 주요 특징: 성분, 가격, 후기, 피부관리, 선물, 데일리.",image_estimate,38,3,14,1,N,0.677
male,32,2590000,주부,기혼,진보적,411000,14000,소장,"희소성, 감성",3M,3M 생활용품 1093,3M,생활용품,14000,3.87,2982.0,"3M 생활용품 상품. 주요 특징: 가격, 내구성, 용량, 생활, 청소, 가정.",manual,41,0,10,3,N,0.578
female,37,3930000,사무직,기혼,보수적,847000,795000,공부,"성능, 배터리",애플,애플 전자기기 1094,애플,전자기기,795000,4.51,3487.0,"애플 전자기기 상품. 주요 특징: 성능, 배터리, 휴대성, 업무, 공부, 게임, 콘텐츠.",crawler,46,6,14,5,Y,0.196
female,27,8970000,대기업직원,미혼,진보적,991000,13000,선물,"희소성, 감성",마이리얼트립,설화수 화장품 1095,설화수,화장품,13000,,3306.0,"설화수 화장품 상품. 주요 특징: 성분, 가격, 후기, 피부관리, 선물, 데일리.",naver_api,46,5,11,1,N,0.453
female,24,590000,학생,미혼,진보적,57000,4075000,기념일,"가격, 일정",구찌,대한항공 여행 1096,대한항공,여행,4075000,3.85,29.0,"대한항공 여행 상품. 주요 특징: 가격, 일정, 숙소, 휴식, 가족, 기념일.",manual,33,60,21,57,Y,0.745
male,42,10050000,전문직,기혼,진보적,2133000,299000,취업,"희소성, 감성",설화수,메가스터디 교육 1097,메가스터디,교육,299000,4.02,1712.0,"메가스터디 교육 상품. 주요 특징: 강의품질, 가격, 커리큘럼, 공부, 취업, 자기계발.",crawler,46,2,3,1,N,0.471
female,70,2510000,은퇴자,기혼,보수적,442000,27000,소장,"성분, 가격",설화수,설화수 화장품 1098,설화수,화장품,27000,,,"설화수 화장품 상품. 주요 특징: 성분, 가격, 후기, 피부관리, 선물, 데일리.",crawler,9,4,19,4,N,0.42
male,48,2640000,주부,기혼,진보적,531000,196000,이사,"희소성, 감성",한샘,한샘 가구 1099,한샘,가구,196000,,2358.0,"한샘 가구 상품. 주요 특징: 내구성, 크기, 디자인, 이사, 인테리어, 생활.",image_estimate,46,5,18,3,N,0.388
male,69,3440000,은퇴자,미혼,진보적,544000,57000,생활,"가격, 내구성",종근당,다이소 생활용품 1100,다이소,생활용품,57000,4.52,,"다이소 생활용품 상품. 주요 특징: 가격, 내구성, 용량, 생활, 청소, 가정.",image_estimate,3,1,19,4,N,0.269
male,30,930000,취업준비생,기혼,보수적,72000,6035000,선물,"브랜드, 희소성",애플,샤넬 명품 1101,샤넬,명품,6035000,4.87,1992.0,"샤넬 명품 상품. 주요 특징: 브랜드, 희소성, 디자인, 선물, 보상, 소장.",crawler,44,60,9,55,Y,0.575
female,70,2730000,은퇴자,미혼,진보적,513000,1541000,인테리어,"내구성, 크기",이케아,리바트 가구 1102,리바트,가구,1541000,,,"리바트 가구 상품. 주요 특징: 내구성, 크기, 디자인, 이사, 인테리어, 생활.",crawler,15,7,1,7,Y,0.622
male,40,3390000,사무직,기혼,진보적,107000,1115000,건강,"희소성, 감성",종근당,종근당 건강관리 1103,종근당,건강관리,1115000,3.23,1107.0,"종근당 건강관리 상품. 주요 특징: 성분, 후기, 안전성, 건강, 부모님, 회복.",manual,47,6,9,5,Y,0.557
male,46,3420000,사무직,기혼,보수적,115000,598000,소장,"희소성, 감성",이케아,프라다 명품 1104,프라다,명품,598000,3.31,2422.0,"프라다 명품 상품. 주요 특징: 브랜드, 희소성, 디자인, 선물, 보상, 소장.",manual,48,3,13,5,Y,0.836
male,50,4850000,자영업,미혼,보수적,234000,18000,소장,"가격, 내구성",3M,3M 생활용품 1105,3M,생활용품,18000,3.48,,"3M 생활용품 상품. 주요 특징: 가격, 내구성, 용량, 생활, 청소, 가정.",manual,5,0,18,1,N,0.391
male,38,7450000,대기업직원,기혼,보수적,1559000,73000,유행,"성분, 후기",정관장,정관장 건강관리 1106,정관장,건강관리,73000,3.52,502.0,"정관장 건강관리 상품. 주요 특징: 성분, 후기, 안전성, 건강, 부모님, 회복.",naver_api,32,2,15,2,N,0.41
male,36,4780000,사무직,미혼,진보적,617000,3947000,기념일,"가격, 일정",마이리얼트립,마이리얼트립 여행 1107,마이리얼트립,여행,3947000,4.47,,"마이리얼트립 여행 상품. 주요 특징: 가격, 일정, 숙소, 휴식, 가족, 기념일.",crawler,3,11,0,10,Y,0.722
male,70,2730000,은퇴자,미혼,진보적,182000,369000,소장,"희소성, 감성",LG,종근당 건강관리 1108,종근당,건강관리,369000,4.84,,"종근당 건강관리 상품. 주요 특징: 성분, 후기, 안전성, 건강, 부모님, 회복.",image_estimate,5,2,18,5,N,0.921
male,29,8600000,대기업직원,미혼,보수적,918000,1207000,자기계발,"강의품질, 가격",메가스터디,메가스터디 교육 1109,메가스터디,교육,1207000,3.29,1312.0,"메가스터디 교육 상품. 주요 특징: 강의품질, 가격, 커리큘럼, 공부, 취업, 자기계발.",user_input,40,4,9,5,Y,0.482
male,61,7040000,자영업,기혼,보수적,403000,29000,데일리,"성분, 가격",CJ,이니스프리 화장품 1110,이니스프리,화장품,29000,,1332.0,"이니스프리 화장품 상품. 주요 특징: 성분, 가격, 후기, 피부관리, 선물, 데일리.",manual,47,5,18,2,N,0.507
male,33,2370000,주부,기혼,보수적,79000,671000,보상,"브랜드, 희소성",클래스101,샤넬 명품 1111,샤넬,명품,671000,4.12,3384.0,"샤넬 명품 상품. 주요 특징: 브랜드, 희소성, 디자인, 선물, 보상, 소장.",crawler,44,4,17,4,Y,0.607
male,34,4680000,자영업,미혼,진보적,749000,3565000,보상,"희소성, 감성",루이비통,루이비통 명품 1112,루이비통,명품,3565000,,2607.0,"루이비통 명품 상품. 주요 특징: 브랜드, 희소성, 디자인, 선물, 보상, 소장.",naver_api,40,14,18,9,Y,0.568
male,24,940000,학생,미혼,보수적,73000,2249000,휴식,"성능, 배터리",레노버,레노버 전자기기 1113,레노버,전자기기,2249000,3.98,,"레노버 전자기기 상품. 주요 특징: 성능, 배터리, 휴대성, 업무, 공부, 게임, 콘텐츠.",user_input,7,31,9,21,Y,0.705
female,23,690000,학생,기혼,진보적,147000,46000,자기계발,"강의품질, 가격",CJ,클래스101 교육 1114,클래스101,교육,46000,4.32,339.0,"클래스101 교육 상품. 주요 특징: 강의품질, 가격, 커리큘럼, 공부, 취업, 자기계발.",user_input,31,0,1,2,N,0.507
male,47,4050000,프리랜서,기혼,진보적,746000,1498000,유행,"희소성, 감성",한샘,이케아 가구 1115,이케아,가구,1498000,3.96,1144.0,"이케아 가구 상품. 주요 특징: 내구성, 크기, 디자인, 이사, 인테리어, 생활.",image_estimate,38,8,2,7,Y,0.892
female,60,2900000,주부,기혼,보수적,444000,86000,유행,"디자인, 착용감",나이키,나이키 패션 1116,나이키,패션,86000,4.56,798.0,"나이키 패션 상품. 주요 특징: 디자인, 착용감, 브랜드, 출근, 데이트, 여행.",image_estimate,42,2,13,4,N,0.487
female,28,590000,학생,미혼,보수적,61000,289000,취업,"강의품질, 가격",삼성,클래스101 교육 1117,클래스101,교육,289000,4.03,,"클래스101 교육 상품. 주요 특징: 강의품질, 가격, 커리큘럼, 공부, 취업, 자기계발.",naver_api,8,8,11,5,Y,0.55
male,42,3470000,프리랜서,기혼,진보적,131000,28000,청소,"가격, 내구성",설화수,유한킴벌리 생활용품 1118,유한킴벌리,생활용품,28000,3.91,1959.0,"유한킴벌리 생활용품 상품. 주요 특징: 가격, 내구성, 용량, 생활, 청소, 가정.",manual,44,3,12,2,N,0.253
female,33,5410000,대기업직원,미혼,보수적,297000,3602000,휴식,"희소성, 감성",레노버,샤넬 명품 1119,샤넬,명품,3602000,4.51,,"샤넬 명품 상품. 주요 특징: 브랜드, 희소성, 디자인, 선물, 보상, 소장.",crawler,8,13,13,6,Y,0.843
male,26,3430000,프리랜서,미혼,보수적,699000,929000,출근,"디자인, 착용감",마이리얼트립,아디다스 패션 1120,아디다스,패션,929000,3.78,3646.0,"아디다스 패션 상품. 주요 특징: 디자인, 착용감, 브랜드, 출근, 데이트, 여행.",naver_api,55,9,10,4,Y,0.441
female,33,880000,취업준비생,기혼,보수적,151000,108000,부모님,"성분, 후기",프라다,종근당 건강관리 1121,종근당,건강관리,108000,,,"종근당 건강관리 상품. 주요 특징: 성분, 후기, 안전성, 건강, 부모님, 회복.",crawler,11,6,16,4,N,0.379
female,52,4490000,공무원,기혼,보수적,935000,893000,공부,"성능, 배터리",레노버,레노버 전자기기 1122,레노버,전자기기,893000,4.19,19.0,"레노버 전자기기 상품. 주요 특징: 성능, 배터리, 휴대성, 업무, 공부, 게임, 콘텐츠.",manual,28,3,21,3,Y,0.261
male,54,3160000,사무직,기혼,진보적,602000,51000,청소,"희소성, 감성",라네즈,유한킴벌리 생활용품 1123,유한킴벌리,생활용품,51000,3.26,,"유한킴벌리 생활용품 상품. 주요 특징: 가격, 내구성, 용량, 생활, 청소, 가정.",manual,12,3,9,2,N,0.465
female,63,2980000,은퇴자,기혼,진보적,164000,299000,자기계발,"희소성, 감성",패스트캠퍼스,패스트캠퍼스 교육 1124,패스트캠퍼스,교육,299000,,,"패스트캠퍼스 교육 상품. 주요 특징: 강의품질, 가격, 커리큘럼, 공부, 취업, 자기계발.",user_input,5,4,18,1,N,0.775
male,52,2740000,주부,기혼,진보적,457000,218000,가족,"가격, 일정",설화수,하나투어 여행 1125,하나투어,여행,218000,,3329.0,"하나투어 여행 상품. 주요 특징: 가격, 일정, 숙소, 휴식, 가족, 기념일.",user_input,41,5,20,2,N,0.334
female,41,5630000,사무직,기혼,진보적,361000,1211000,인테리어,"희소성, 감성",소니,한샘 가구 1126,한샘,가구,1211000,4.44,3939.0,"한샘 가구 상품. 주요 특징: 내구성, 크기, 디자인, 이사, 인테리어, 생활.",naver_api,48,6,22,3,Y,0.696
male,53,9630000,대기업직원,기혼,보수적,1900000,1020000,유행,"희소성, 감성",한샘,COS 패션 1127,COS,패션,1020000,4.33,2973.0,"COS 패션 상품. 주요 특징: 디자인, 착용감, 브랜드, 출근, 데이트, 여행.",image_estimate,45,4,14,0,Y,0.671
female,34,5390000,프리랜서,기혼,진보적,1090000,36000,출근,"희소성, 감성",애플,ZARA 패션 1128,ZARA,패션,36000,,,"ZARA 패션 상품. 주요 특징: 디자인, 착용감, 브랜드, 출근, 데이트, 여행.",manual,11,1,15,4,N,0.476
male,49,9700000,대기업직원,미혼,보수적,781000,823000,휴식,"가격, 일정",루이비통,하나투어 여행 1129,하나투어,여행,823000,3.76,,"하나투어 여행 상품. 주요 특징: 가격, 일정, 숙소, 휴식, 가족, 기념일.",user_input,9,1,0,1,Y,0.38
male,53,2360000,주부,기혼,진보적,456000,354000,유행,"성분, 가격",이니스프리,이니스프리 화장품 1130,이니스프리,화장품,354000,3.86,,"이니스프리 화장품 상품. 주요 특징: 성분, 가격, 후기, 피부관리, 선물, 데일리.",image_estimate,9,4,11,2,N,0.484
female,60,2620000,은퇴자,기혼,진보적,402000,335000,선물,"희소성, 감성",3M,메가스터디 교육 1131,메가스터디,교육,335000,4.76,2771.0,"메가스터디 교육 상품. 주요 특징: 강의품질, 가격, 커리큘럼, 공부, 취업, 자기계발.",image_estimate,40,3,21,1,N,0.642
male,40,8580000,전문직,기혼,보수적,1104000,197000,유행,"강의품질, 가격",메가스터디,메가스터디 교육 1132,메가스터디,교육,197000,3.21,974.0,"메가스터디 교육 상품. 주요 특징: 강의품질, 가격, 커리큘럼, 공부, 취업, 자기계발.",image_estimate,38,2,17,4,N,0.411
female,34,3370000,프리랜서,기혼,보수적,635000,2679000,선물,"희소성, 감성",나이키,구찌 명품 1133,구찌,명품,2679000,,,"구찌 명품 상품. 주요 특징: 브랜드, 희소성, 디자인, 선물, 보상, 소장.",user_input,3,11,17,8,Y,0.694
female,22,580000,학생,미혼,진보적,67000,12000,소장,"희소성, 감성",오뚜기,오뚜기 식품 1134,오뚜기,식품,12000,4.32,56.0,"오뚜기 식품 상품. 주요 특징: 가격, 신선도, 배송, 생활, 식사, 가족.",manual,35,2,14,1,N,0.518
male,23,910000,학생,미혼,보수적,178000,1151000,회복,"성분, 후기",메가스터디,센트룸 건강관리 1135,센트룸,건강관리,1151000,4.24,2556.0,"센트룸 건강관리 상품. 주요 특징: 성분, 후기, 안전성, 건강, 부모님, 회복.",image_estimate,42,17,2,12,Y,0.776
male,55,8510000,대기업직원,미혼,진보적,1549000,31000,소장,"디자인, 착용감",나이키,나이키 패션 1136,나이키,패션,31000,4.7,786.0,"나이키 패션 상품. 주요 특징: 디자인, 착용감, 브랜드, 출근, 데이트, 여행.",naver_api,48,1,14,2,N,0.437
male,26,1200000,취업준비생,기혼,보수적,71000,125000,소장,"희소성, 감성",센트룸,클래스101 교육 1137,클래스101,교육,125000,,3278.0,"클래스101 교육 상품. 주요 특징: 강의품질, 가격, 커리큘럼, 공부, 취업, 자기계발.",crawler,46,6,17,5,N,0.816
female,49,3480000,주부,미혼,진보적,276000,895000,자기계발,"희소성, 감성",메가스터디,메가스터디 교육 1138,메가스터디,교육,895000,3.51,3751.0,"메가스터디 교육 상품. 주요 특징: 강의품질, 가격, 커리큘럼, 공부, 취업, 자기계발.",crawler,42,3,22,3,Y,0.782
female,60,5980000,공무원,미혼,보수적,900000,660000,출근,"디자인, 착용감",나이키,나이키 패션 1139,나이키,패션,660000,,2979.0,"나이키 패션 상품. 주요 특징: 디자인, 착용감, 브랜드, 출근, 데이트, 여행.",naver_api,52,4,14,4,Y,0.29
male,60,3480000,은퇴자,기혼,진보적,290000,60000,피부관리,"성분, 가격",라네즈,라네즈 화장품 1140,라네즈,화장품,60000,3.71,2738.0,"라네즈 화장품 상품. 주요 특징: 성분, 가격, 후기, 피부관리, 선물, 데일리.",crawler,44,3,10,4,N,0.245
male,56,3820000,공무원,기혼,진보적,373000,208000,취업,"강의품질, 가격",프라다,패스트캠퍼스 교육 1141,패스트캠퍼스,교육,208000,3.3,1254.0,"패스트캠퍼스 교육 상품. 주요 특징: 강의품질, 가격, 커리큘럼, 공부, 취업, 자기계발.",crawler,48,2,10,3,N,0.271
female,61,2060000,은퇴자,미혼,진보적,292000,157000,생활,"내구성, 크기",리바트,리바트 가구 1142,리바트,가구,157000,4.8,1850.0,"리바트 가구 상품. 주요 특징: 내구성, 크기, 디자인, 이사, 인테리어, 생활.",manual,40,2,11,0,N,0.46
male,41,3580000,사무직,기혼,진보적,203000,1029000,선물,"희소성, 감성",유한킴벌리,센트룸 건강관리 1143,센트룸,건강관리,1029000,,743.0,"센트룸 건강관리 상품. 주요 특징: 성분, 후기, 안전성, 건강, 부모님, 회복.",image_estimate,37,6,12,7,Y,0.849
male,72,3640000,은퇴자,미혼,진보적,431000,17000,유행,"가격, 내구성",패스트캠퍼스,다이소 생활용품 1144,다이소,생활용품,17000,,3082.0,"다이소 생활용품 상품. 주요 특징: 가격, 내구성, 용량, 생활, 청소, 가정.",naver_api,53,2,22,1,N,0.497
female,70,2080000,은퇴자,기혼,진보적,131000,95000,선물,"희소성, 감성",이니스프리,이니스프리 화장품 1145,이니스프리,화장품,95000,3.52,2121.0,"이니스프리 화장품 상품. 주요 특징: 성분, 가격, 후기, 피부관리, 선물, 데일리.",crawler,40,1,1,1,N,0.382
female,57,5410000,대기업직원,미혼,진보적,540000,2778000,선물,"희소성, 감성",3M,샤넬 명품 1146,샤넬,명품,2778000,4.3,,"샤넬 명품 상품. 주요 특징: 브랜드, 희소성, 디자인, 선물, 보상, 소장.",user_input,5,7,21,9,Y,0.687
female,41,8310000,전문직,기혼,보수적,1003000,22000,선물,"성분, 가격",하나투어,이니스프리 화장품 1147,이니스프리,화장품,22000,4.42,3196.0,"이니스프리 화장품 상품. 주요 특징: 성분, 가격, 후기, 피부관리, 선물, 데일리.",crawler,41,2,12,0,N,0.31
female,53,5350000,사무직,미혼,진보적,448000,3907000,가족,"가격, 일정",마이리얼트립,마이리얼트립 여행 1148,마이리얼트립,여행,3907000,3.36,3229.0,"마이리얼트립 여행 상품. 주요 특징: 가격, 일정, 숙소, 휴식, 가족, 기념일.",image_estimate,43,11,22,6,Y,0.485
female,25,1080000,취업준비생,미혼,진보적,103000,888000,콘텐츠,"성능, 배터리",애플,애플 전자기기 1149,애플,전자기기,888000,,1335.0,"애플 전자기기 상품. 주요 특징: 성능, 배터리, 휴대성, 업무, 공부, 게임, 콘텐츠.",manual,44,12,21,7,Y,0.676
male,32,1190000,취업준비생,기혼,보수적,203000,70000,식사,"가격, 신선도",정관장,오뚜기 식품 1150,오뚜기,식품,70000,3.63,,"오뚜기 식품 상품. 주요 특징: 가격, 신선도, 배송, 생활, 식사, 가족.",manual,4,2,19,5,N,0.304
male,32,8080000,대기업직원,기혼,진보적,1221000,20000,가정,"가격, 내구성",아디다스,다이소 생활용품 1151,다이소,생활용품,20000,4.56,,"다이소 생활용품 상품. 주요 특징: 가격, 내구성, 용량, 생활, 청소, 가정.",manual,4,1,13,2,N,0.475
male,34,2230000,주부,기혼,보수적,322000,574000,출근,"희소성, 감성",나이키,나이키 패션 1152,나이키,패션,574000,3.25,3625.0,"나이키 패션 상품. 주요 특징: 디자인, 착용감, 브랜드, 출근, 데이트, 여행.",manual,54,4,19,6,Y,0.594
male,44,3490000,사무직,미혼,보수적,509000,226000,선물,"희소성, 감성",대한항공,설화수 화장품 1153,설화수,화장품,226000,3.61,497.0,"설화수 화장품 상품. 주요 특징: 성분, 가격, 후기, 피부관리, 선물, 데일리.",naver_api,42,1,21,2,N,0.49
male,25,710000,학생,미혼,진보적,99000,19000,유행,"가격, 신선도",CJ,CJ 식품 1154,CJ,식품,19000,3.37,,"CJ 식품 상품. 주요 특징: 가격, 신선도, 배송, 생활, 식사, 가족.",naver_api,11,2,17,1,N,0.44
female,53,5350000,대기업직원,기혼,보수적,720000,364000,가족,"가격, 일정",하나투어,하나투어 여행 1155,하나투어,여행,364000,4.67,,"하나투어 여행 상품. 주요 특징: 가격, 일정, 숙소, 휴식, 가족, 기념일.",manual,9,1,20,2,N,0.299
male,25,1200000,취업준비생,미혼,보수적,234000,180000,유행,"희소성, 감성",ZARA,정관장 건강관리 1156,정관장,건강관리,180000,,,"정관장 건강관리 상품. 주요 특징: 성분, 후기, 안전성, 건강, 부모님, 회복.",crawler,7,2,21,2,N,0.625
male,48,3460000,사무직,미혼,보수적,420000,1588000,보상,"브랜드, 희소성",하나투어,프라다 명품 1157,프라다,명품,1588000,4.16,2864.0,"프라다 명품 상품. 주요 특징: 브랜드, 희소성, 디자인, 선물, 보상, 소장.",crawler,48,9,10,5,Y,0.597
male,32,2320000,주부,기혼,진보적,485000,870000,회복,"성분, 후기",정관장,정관장 건강관리 1158,정관장,건강관리,870000,4.49,,"정관장 건강관리 상품. 주요 특징: 성분, 후기, 안전성, 건강, 부모님, 회복.",naver_api,5,9,15,3,Y,0.645
male,46,2780000,주부,기혼,진보적,371000,199000,휴식,"디자인, 착용감",대한항공,나이키 패션 1159,나이키,패션,199000,,,"나이키 패션 상품. 주요 특징: 디자인, 착용감, 브랜드, 출근, 데이트, 여행.",image_estimate,11,5,10,4,N,0.585
female,35,5790000,대기업직원,기혼,보수적,426000,27000,가족,"가격, 신선도",동원,동원 식품 1160,동원,식품,27000,,,"동원 식품 상품. 주요 특징: 가격, 신선도, 배송, 생활, 식사, 가족.",naver_api,3,0,19,1,N,0.431
male,25,580000,학생,미혼,보수적,76000,1871000,소장,"브랜드, 희소성",구찌,구찌 명품 1161,구찌,명품,1871000,4.81,3635.0,"구찌 명품 상품. 주요 특징: 브랜드, 희소성, 디자인, 선물, 보상, 소장.",crawler,54,43,10,25,Y,0.725
female,41,8820000,대기업직원,기혼,보수적,1873000,793000,회복,"성분, 후기",3M,종근당 건강관리 1162,종근당,건강관리,793000,4.39,3408.0,"종근당 건강관리 상품. 주요 특징: 성분, 후기, 안전성, 건강, 부모님, 회복.",user_input,56,1,13,3,Y,0.539
male,35,6830000,자영업,기혼,보수적,761000,1088000,출근,"희소성, 감성",리바트,나이키 패션 1163,나이키,패션,1088000,3.31,,"나이키 패션 상품. 주요 특징: 디자인, 착용감, 브랜드, 출근, 데이트, 여행.",image_estimate,14,7,14,3,Y,0.596
female,54,2800000,주부,미혼,보수적,323000,723000,유행,"희소성, 감성",샤넬,샤넬 명품 1164,샤넬,명품,723000,4.5,2240.0,"샤넬 명품 상품. 주요 특징: 브랜드, 희소성, 디자인, 선물, 보상, 소장.",user_input,42,5,11,3,Y,0.726
female,25,720000,학생,미혼,진보적,71000,10000,가족,"희소성, 감성",동원,동원 식품 1165,동원,식품,10000,,,"동원 식품 상품. 주요 특징: 가격, 신선도, 배송, 생활, 식사, 가족.",user_input,8,0,21,2,N,0.565
female,46,5000000,공무원,기혼,보수적,160000,234000,유행,"희소성, 감성",레노버,레노버 전자기기 1166,레노버,전자기기,234000,,2837.0,"레노버 전자기기 상품. 주요 특징: 성능, 배터리, 휴대성, 업무, 공부, 게임, 콘텐츠.",manual,48,3,0,1,N,0.648
male,40,4790000,사무직,기혼,진보적,920000,32000,소장,"희소성, 감성",아디다스,아디다스 패션 1167,아디다스,패션,32000,3.23,3241.0,"아디다스 패션 상품. 주요 특징: 디자인, 착용감, 브랜드, 출근, 데이트, 여행.",crawler,44,1,17,3,N,0.595
female,24,510000,학생,미혼,보수적,58000,178000,취업,"강의품질, 가격",LG,클래스101 교육 1168,클래스101,교육,178000,4.38,3405.0,"클래스101 교육 상품. 주요 특징: 강의품질, 가격, 커리큘럼, 공부, 취업, 자기계발.",crawler,52,8,21,5,Y,0.505
male,61,2710000,은퇴자,미혼,진보적,511000,18000,생활,"가격, 신선도",CJ,CJ 식품 1169,CJ,식품,18000,3.21,304.0,"CJ 식품 상품. 주요 특징: 가격, 신선도, 배송, 생활, 식사, 가족.",image_estimate,38,0,11,2,N,0.225
male,35,1950000,주부,기혼,보수적,67000,9000,생활,"희소성, 감성",구찌,CJ 식품 1170,CJ,식품,9000,3.51,2404.0,"CJ 식품 상품. 주요 특징: 가격, 신선도, 배송, 생활, 식사, 가족.",user_input,48,3,15,2,N,0.428
male,35,3080000,사무직,기혼,보수적,560000,504000,공부,"희소성, 감성",메가스터디,메가스터디 교육 1171,메가스터디,교육,504000,3.57,,"메가스터디 교육 상품. 주요 특징: 강의품질, 가격, 커리큘럼, 공부, 취업, 자기계발.",naver_api,14,5,21,5,Y,0.395
male,31,5190000,공무원,기혼,진보적,580000,129000,취업,"강의품질, 가격",패스트캠퍼스,패스트캠퍼스 교육 1172,패스트캠퍼스,교육,129000,3.87,2034.0,"패스트캠퍼스 교육 상품. 주요 특징: 강의품질, 가격, 커리큘럼, 공부, 취업, 자기계발.",naver_api,50,4,0,1,N,0.207
female,32,3950000,공무원,기혼,진보적,364000,65000,소장,"강의품질, 가격",나이키,패스트캠퍼스 교육 1173,패스트캠퍼스,교육,65000,3.94,2373.0,"패스트캠퍼스 교육 상품. 주요 특징: 강의품질, 가격, 커리큘럼, 공부, 취업, 자기계발.",image_estimate,41,1,19,3,N,0.484
male,39,6580000,자영업,미혼,보수적,1224000,24000,선물,"성분, 가격",설화수,설화수 화장품 1174,설화수,화장품,24000,4.86,2998.0,"설화수 화장품 상품. 주요 특징: 성분, 가격, 후기, 피부관리, 선물, 데일리.",user_input,55,5,20,4,N,0.244
female,64,3540000,은퇴자,기혼,진보적,394000,38000,선물,"희소성, 감성",LG,라네즈 화장품 1175,라네즈,화장품,38000,4.37,,"라네즈 화장품 상품. 주요 특징: 성분, 가격, 후기, 피부관리, 선물, 데일리.",user_input,14,4,11,3,N,0.449
male,29,920000,취업준비생,미혼,보수적,61000,982000,소장,"디자인, 착용감",ZARA,나이키 패션 1176,나이키,패션,982000,4.25,2187.0,"나이키 패션 상품. 주요 특징: 디자인, 착용감, 브랜드, 출근, 데이트, 여행.",manual,48,13,21,11,Y,0.825
male,33,5670000,대기업직원,기혼,진보적,409000,94000,이사,"내구성, 크기",리바트,리바트 가구 1177,리바트,가구,94000,3.62,,"리바트 가구 상품. 주요 특징: 내구성, 크기, 디자인, 이사, 인테리어, 생활.",crawler,8,5,20,1,N,0.265
male,59,6900000,자영업,미혼,보수적,921000,1548000,소장,"내구성, 크기",리바트,리바트 가구 1178,리바트,가구,1548000,4.85,3202.0,"리바트 가구 상품. 주요 특징: 내구성, 크기, 디자인, 이사, 인테리어, 생활.",crawler,42,3,10,1,Y,0.606
male,40,5600000,대기업직원,기혼,진보적,1191000,9000,선물,"가격, 내구성",3M,3M 생활용품 1179,3M,생활용품,9000,4.81,3927.0,"3M 생활용품 상품. 주요 특징: 가격, 내구성, 용량, 생활, 청소, 가정.",user_input,48,4,21,2,N,0.407
female,71,2090000,은퇴자,기혼,보수적,273000,600000,휴식,"브랜드, 희소성",이케아,구찌 명품 1180,구찌,명품,600000,3.95,2795.0,"구찌 명품 상품. 주요 특징: 브랜드, 희소성, 디자인, 선물, 보상, 소장.",image_estimate,51,4,22,3,Y,0.789
female,57,4620000,공무원,미혼,보수적,291000,3382000,기념일,"가격, 일정",센트룸,대한항공 여행 1181,대한항공,여행,3382000,3.73,1958.0,"대한항공 여행 상품. 주요 특징: 가격, 일정, 숙소, 휴식, 가족, 기념일.",naver_api,40,9,18,9,Y,0.744
female,64,2750000,은퇴자,기혼,보수적,281000,3734000,선물,"희소성, 감성",구찌,구찌 명품 1182,구찌,명품,3734000,4.45,,"구찌 명품 상품. 주요 특징: 브랜드, 희소성, 디자인, 선물, 보상, 소장.",image_estimate,9,21,14,13,Y,0.578
female,26,740000,취업준비생,미혼,보수적,52000,1932000,소장,"가격, 일정",설화수,대한항공 여행 1183,대한항공,여행,1932000,4.71,,"대한항공 여행 상품. 주요 특징: 가격, 일정, 숙소, 휴식, 가족, 기념일.",crawler,5,33,17,21,Y,0.773
female,36,2690000,주부,기혼,진보적,448000,11000,청소,"희소성, 감성",대한항공,3M 생활용품 1184,3M,생활용품,11000,4.73,448.0,"3M 생활용품 상품. 주요 특징: 가격, 내구성, 용량, 생활, 청소, 가정.",user_input,39,1,11,2,N,0.426
female,37,4700000,자영업,기혼,진보적,946000,87000,생활,"내구성, 크기",리바트,리바트 가구 1185,리바트,가구,87000,3.76,3785.0,"리바트 가구 상품. 주요 특징: 내구성, 크기, 디자인, 이사, 인테리어, 생활.",naver_api,53,5,10,2,N,0.428
male,35,4340000,공무원,미혼,진보적,237000,2107000,선물,"성능, 배터리",하나투어,애플 전자기기 1186,애플,전자기기,2107000,4.16,,"애플 전자기기 상품. 주요 특징: 성능, 배터리, 휴대성, 업무, 공부, 게임, 콘텐츠.",crawler,13,7,19,6,Y,0.726
female,37,3710000,공무원,기혼,진보적,754000,663000,회복,"희소성, 감성",종근당,종근당 건강관리 1187,종근당,건강관리,663000,3.25,2334.0,"종근당 건강관리 상품. 주요 특징: 성분, 후기, 안전성, 건강, 부모님, 회복.",naver_api,45,4,9,2,Y,0.611
female,60,2520000,주부,기혼,진보적,239000,554000,소장,"내구성, 크기",한샘,한샘 가구 1188,한샘,가구,554000,4.58,1699.0,"한샘 가구 상품. 주요 특징: 내구성, 크기, 디자인, 이사, 인테리어, 생활.",manual,38,6,13,5,Y,0.656
female,43,5370000,자영업,기혼,진보적,596000,370000,선물,"가격, 일정",설화수,하나투어 여행 1189,하나투어,여행,370000,3.65,3498.0,"하나투어 여행 상품. 주요 특징: 가격, 일정, 숙소, 휴식, 가족, 기념일.",manual,48,1,2,1,N,0.545
female,34,1910000,주부,미혼,진보적,319000,1383000,휴식,"브랜드, 희소성",이니스프리,루이비통 명품 1190,루이비통,명품,1383000,3.54,3564.0,"루이비통 명품 상품. 주요 특징: 브랜드, 희소성, 디자인, 선물, 보상, 소장.",manual,56,8,11,8,Y,0.8
male,43,5690000,프리랜서,기혼,보수적,360000,28000,가정,"가격, 내구성",오뚜기,3M 생활용품 1191,3M,생활용품,28000,4.41,,"3M 생활용품 상품. 주요 특징: 가격, 내구성, 용량, 생활, 청소, 가정.",user_input,5,5,18,3,N,0.506
male,43,7210000,대기업직원,기혼,진보적,599000,1477000,유행,"내구성, 크기",리바트,리바트 가구 1192,리바트,가구,1477000,4.26,3398.0,"리바트 가구 상품. 주요 특징: 내구성, 크기, 디자인, 이사, 인테리어, 생활.",user_input,46,4,19,2,Y,0.702
male,50,7310000,대기업직원,미혼,보수적,829000,46000,가정,"가격, 내구성",다이소,다이소 생활용품 1193,다이소,생활용품,46000,4.32,3530.0,"다이소 생활용품 상품. 주요 특징: 가격, 내구성, 용량, 생활, 청소, 가정.",user_input,45,2,21,1,N,0.396
female,41,2200000,주부,기혼,진보적,401000,3843000,이사,"내구성, 크기",리바트,리바트 가구 1194,리바트,가구,3843000,4.43,880.0,"리바트 가구 상품. 주요 특징: 내구성, 크기, 디자인, 이사, 인테리어, 생활.",user_input,43,21,18,16,Y,0.487
female,36,6260000,대기업직원,미혼,진보적,818000,44000,소장,"희소성, 감성",애플,이니스프리 화장품 1195,이니스프리,화장품,44000,4.67,,"이니스프리 화장품 상품. 주요 특징: 성분, 가격, 후기, 피부관리, 선물, 데일리.",naver_api,17,5,16,2,N,0.638
male,44,6110000,공무원,미혼,진보적,940000,92000,인테리어,"내구성, 크기",한샘,한샘 가구 1196,한샘,가구,92000,3.43,,"한샘 가구 상품. 주요 특징: 내구성, 크기, 디자인, 이사, 인테리어, 생활.",naver_api,5,0,13,2,N,0.286
male,28,3580000,사무직,미혼,보수적,650000,378000,취업,"강의품질, 가격",아디다스,메가스터디 교육 1197,메가스터디,교육,378000,4.48,3980.0,"메가스터디 교육 상품. 주요 특징: 강의품질, 가격, 커리큘럼, 공부, 취업, 자기계발.",crawler,56,3,22,2,N,0.292
male,45,3690000,프리랜서,기혼,진보적,549000,112000,회복,"성분, 후기",정관장,센트룸 건강관리 1198,센트룸,건강관리,112000,4.89,370.0,"센트룸 건강관리 상품. 주요 특징: 성분, 후기, 안전성, 건강, 부모님, 회복.",manual,41,4,10,2,N,0.533
female,25,3550000,프리랜서,미혼,보수적,348000,86000,공부,"희소성, 감성",패스트캠퍼스,패스트캠퍼스 교육 1199,패스트캠퍼스,교육,86000,4.29,1002.0,"패스트캠퍼스 교육 상품. 주요 특징: 강의품질, 가격, 커리큘럼, 공부, 취업, 자기계발.",image_estimate,43,1,21,3,N,0.329
female,47,5480000,공무원,미혼,보수적,545000,262000,취업,"강의품질, 가격",마이리얼트립,클래스101 교육 1200,클래스101,교육,262000,,,"클래스101 교육 상품. 주요 특징: 강의품질, 가격, 커리큘럼, 공부, 취업, 자기계발.",naver_api,11,6,3,1,N,0.368
female,62,6000000,자영업,기혼,보수적,803000,109000,부모님,"성분, 후기",클래스101,종근당 건강관리 1201,종근당,건강관리,109000,4.26,3385.0,"종근당 건강관리 상품. 주요 특징: 성분, 후기, 안전성, 건강, 부모님, 회복.",manual,51,2,12,0,N,0.3
female,54,5340000,프리랜서,미혼,진보적,188000,2657000,가족,"가격, 일정",동원,대한항공 여행 1202,대한항공,여행,2657000,3.98,162.0,"대한항공 여행 상품. 주요 특징: 가격, 일정, 숙소, 휴식, 가족, 기념일.",naver_api,36,10,13,4,Y,0.551
female,38,3540000,사무직,기혼,보수적,182000,51000,회복,"희소성, 감성",종근당,종근당 건강관리 1203,종근당,건강관리,51000,,2781.0,"종근당 건강관리 상품. 주요 특징: 성분, 후기, 안전성, 건강, 부모님, 회복.",user_input,48,1,0,4,N,0.601
female,44,7390000,전문직,미혼,진보적,1589000,419000,휴식,"가격, 일정",리바트,대한항공 여행 1204,대한항공,여행,419000,3.82,,"대한항공 여행 상품. 주요 특징: 가격, 일정, 숙소, 휴식, 가족, 기념일.",naver_api,17,0,17,1,N,0.335
male,70,3190000,은퇴자,기혼,보수적,112000,362000,출근,"희소성, 감성",다이소,ZARA 패션 1205,ZARA,패션,362000,4.3,,"ZARA 패션 상품. 주요 특징: 디자인, 착용감, 브랜드, 출근, 데이트, 여행.",crawler,12,3,21,3,N,0.698
female,36,4860000,사무직,기혼,보수적,389000,1675000,콘텐츠,"성능, 배터리",레노버,애플 전자기기 1206,애플,전자기기,1675000,4.76,2257.0,"애플 전자기기 상품. 주요 특징: 성능, 배터리, 휴대성, 업무, 공부, 게임, 콘텐츠.",user_input,42,6,19,6,Y,0.731
female,29,9920000,전문직,기혼,진보적,1759000,60000,자기계발,"희소성, 감성",메가스터디,메가스터디 교육 1207,메가스터디,교육,60000,3.74,,"메가스터디 교육 상품. 주요 특징: 강의품질, 가격, 커리큘럼, 공부, 취업, 자기계발.",naver_api,11,3,9,3,N,0.624
male,38,8340000,전문직,미혼,진보적,896000,301000,가족,"가격, 일정",유한킴벌리,대한항공 여행 1208,대한항공,여행,301000,4.54,396.0,"대한항공 여행 상품. 주요 특징: 가격, 일정, 숙소, 휴식, 가족, 기념일.",manual,41,4,19,2,N,0.283
male,33,5620000,자영업,미혼,진보적,1214000,4839000,업무,"희소성, 감성",아디다스,LG 전자기기 1209,LG,전자기기,4839000,4.79,2974.0,"LG 전자기기 상품. 주요 특징: 성능, 배터리, 휴대성, 업무, 공부, 게임, 콘텐츠.",naver_api,45,14,17,11,Y,0.653
female,47,3280000,사무직,기혼,진보적,494000,1139000,휴식,"희소성, 감성",3M,마이리얼트립 여행 1210,마이리얼트립,여행,1139000,3.71,2051.0,"마이리얼트립 여행 상품. 주요 특징: 가격, 일정, 숙소, 휴식, 가족, 기념일.",manual,43,9,11,3,Y,0.676
female,28,4080000,프리랜서,미혼,보수적,258000,470000,선물,"가격, 일정",한샘,대한항공 여행 1211,대한항공,여행,470000,,1503.0,"대한항공 여행 상품. 주요 특징: 가격, 일정, 숙소, 휴식, 가족, 기념일.",manual,48,3,11,3,N,0.684
female,57,10190000,전문직,미혼,보수적,2240000,52000,생활,"희소성, 감성",마이리얼트립,다이소 생활용품 1212,다이소,생활용품,52000,4.36,596.0,"다이소 생활용품 상품. 주요 특징: 가격, 내구성, 용량, 생활, 청소, 가정.",naver_api,45,0,17,0,N,0.437
male,45,2500000,주부,미혼,보수적,85000,22000,유행,"희소성, 감성",패스트캠퍼스,CJ 식품 1213,CJ,식품,22000,3.41,,"CJ 식품 상품. 주요 특징: 가격, 신선도, 배송, 생활, 식사, 가족.",image_estimate,3,3,20,0,N,0.669
female,22,910000,취업준비생,기혼,진보적,184000,1453000,휴식,"가격, 일정",센트룸,대한항공 여행 1214,대한항공,여행,1453000,3.45,2244.0,"대한항공 여행 상품. 주요 특징: 가격, 일정, 숙소, 휴식, 가족, 기념일.",naver_api,39,22,14,14,Y,0.517
male,36,5010000,프리랜서,기혼,보수적,671000,916000,기념일,"가격, 일정",대한항공,대한항공 여행 1215,대한항공,여행,916000,4.54,420.0,"대한항공 여행 상품. 주요 특징: 가격, 일정, 숙소, 휴식, 가족, 기념일.",naver_api,43,6,13,5,Y,0.553
male,36,5160000,자영업,기혼,보수적,916000,8000,소장,"가격, 내구성",다이소,다이소 생활용품 1216,다이소,생활용품,8000,4.74,96.0,"다이소 생활용품 상품. 주요 특징: 가격, 내구성, 용량, 생활, 청소, 가정.",crawler,30,2,1,4,N,0.424
female,33,8620000,대기업직원,기혼,보수적,806000,257000,업무,"성능, 배터리",프라다,삼성 전자기기 1217,삼성,전자기기,257000,3.24,,"삼성 전자기기 상품. 주요 특징: 성능, 배터리, 휴대성, 업무, 공부, 게임, 콘텐츠.",naver_api,16,1,14,3,N,0.323
male,55,2660000,주부,기혼,진보적,412000,465000,인테리어,"희소성, 감성",마이리얼트립,이케아 가구 1218,이케아,가구,465000,3.35,1291.0,"이케아 가구 상품. 주요 특징: 내구성, 크기, 디자인, 이사, 인테리어, 생활.",crawler,38,3,12,2,N,0.487
female,43,5350000,공무원,기혼,보수적,472000,161000,회복,"희소성, 감성",대한항공,센트룸 건강관리 1219,센트룸,건강관리,161000,3.92,,"센트룸 건강관리 상품. 주요 특징: 성분, 후기, 안전성, 건강, 부모님, 회복.",manual,12,2,16,1,N,0.651
female,38,5810000,대기업직원,기혼,진보적,435000,669000,선물,"브랜드, 희소성",다이소,루이비통 명품 1220,루이비통,명품,669000,3.69,1385.0,"루이비통 명품 상품. 주요 특징: 브랜드, 희소성, 디자인, 선물, 보상, 소장.",user_input,52,3,19,2,Y,0.454
male,62,2330000,은퇴자,미혼,보수적,373000,322000,휴식,"희소성, 감성",패스트캠퍼스,패스트캠퍼스 교육 1221,패스트캠퍼스,교육,322000,3.69,2452.0,"패스트캠퍼스 교육 상품. 주요 특징: 강의품질, 가격, 커리큘럼, 공부, 취업, 자기계발.",naver_api,44,6,19,3,N,0.565
male,46,7000000,전문직,기혼,진보적,1102000,274000,선물,"성분, 후기",정관장,정관장 건강관리 1222,정관장,건강관리,274000,3.47,1065.0,"정관장 건강관리 상품. 주요 특징: 성분, 후기, 안전성, 건강, 부모님, 회복.",user_input,49,0,22,2,N,0.489
female,27,520000,학생,기혼,진보적,38000,599000,게임,"희소성, 감성",삼성,삼성 전자기기 1223,삼성,전자기기,599000,,3974.0,"삼성 전자기기 상품. 주요 특징: 성능, 배터리, 휴대성, 업무, 공부, 게임, 콘텐츠.",image_estimate,56,14,13,11,Y,0.59
male,28,1020000,취업준비생,미혼,보수적,71000,62000,선물,"강의품질, 가격",클래스101,클래스101 교육 1224,클래스101,교육,62000,4.64,937.0,"클래스101 교육 상품. 주요 특징: 강의품질, 가격, 커리큘럼, 공부, 취업, 자기계발.",crawler,47,5,0,0,N,0.418
male,32,3460000,프리랜서,미혼,보수적,235000,102000,선물,"성분, 가격",루이비통,이니스프리 화장품 1225,이니스프리,화장품,102000,3.82,2298.0,"이니스프리 화장품 상품. 주요 특징: 성분, 가격, 후기, 피부관리, 선물, 데일리.",image_estimate,41,5,3,4,N,0.295
female,45,6690000,자영업,기혼,보수적,595000,5000,생활,"가격, 신선도",CJ,CJ 식품 1226,CJ,식품,5000,4.35,101.0,"CJ 식품 상품. 주요 특징: 가격, 신선도, 배송, 생활, 식사, 가족.",manual,26,4,21,4,N,0.253
female,26,5630000,프리랜서,미혼,진보적,401000,179000,여행,"디자인, 착용감",소니,아디다스 패션 1227,아디다스,패션,179000,4.28,2336.0,"아디다스 패션 상품. 주요 특징: 디자인, 착용감, 브랜드, 출근, 데이트, 여행.",naver_api,41,5,21,3,N,0.559
female,24,1130000,취업준비생,기혼,보수적,63000,3519000,생활,"내구성, 크기",이케아,이케아 가구 1228,이케아,가구,3519000,3.81,2993.0,"이케아 가구 상품. 주요 특징: 내구성, 크기, 디자인, 이사, 인테리어, 생활.",crawler,40,40,13,25,Y,0.637
female,56,2240000,주부,기혼,보수적,255000,43000,부모님,"성분, 후기",프라다,센트룸 건강관리 1229,센트룸,건강관리,43000,3.8,3695.0,"센트룸 건강관리 상품. 주요 특징: 성분, 후기, 안전성, 건강, 부모님, 회복.",image_estimate,43,5,16,1,N,0.374
female,21,810000,학생,미혼,보수적,50000,501000,공부,"희소성, 감성",메가스터디,메가스터디 교육 1230,메가스터디,교육,501000,4.86,2881.0,"메가스터디 교육 상품. 주요 특징: 강의품질, 가격, 커리큘럼, 공부, 취업, 자기계발.",crawler,52,8,0,5,Y,0.584
male,58,7810000,전문직,기혼,보수적,1210000,3740000,휴식,"가격, 일정",하나투어,하나투어 여행 1231,하나투어,여행,3740000,4.49,107.0,"하나투어 여행 상품. 주요 특징: 가격, 일정, 숙소, 휴식, 가족, 기념일.",naver_api,40,5,20,8,Y,0.475
male,36,6890000,자영업,기혼,보수적,594000,72000,가족,"가격, 신선도",루이비통,오뚜기 식품 1232,오뚜기,식품,72000,4.49,890.0,"오뚜기 식품 상품. 주요 특징: 가격, 신선도, 배송, 생활, 식사, 가족.",naver_api,40,3,13,4,N,0.464
male,51,2750000,주부,기혼,보수적,532000,181000,유행,"희소성, 감성",프라다,한샘 가구 1233,한샘,가구,181000,4.81,366.0,"한샘 가구 상품. 주요 특징: 내구성, 크기, 디자인, 이사, 인테리어, 생활.",user_input,43,6,9,1,N,0.661
female,26,3290000,사무직,기혼,진보적,329000,1676000,소장,"브랜드, 희소성",샤넬,샤넬 명품 1234,샤넬,명품,1676000,,3029.0,"샤넬 명품 상품. 주요 특징: 브랜드, 희소성, 디자인, 선물, 보상, 소장.",crawler,45,11,17,4,Y,0.739
male,25,4470000,사무직,기혼,진보적,672000,5027000,업무,"성능, 배터리",구찌,LG 전자기기 1235,LG,전자기기,5027000,3.21,1001.0,"LG 전자기기 상품. 주요 특징: 성능, 배터리, 휴대성, 업무, 공부, 게임, 콘텐츠.",manual,40,18,16,11,Y,0.507
female,47,4690000,공무원,기혼,보수적,150000,601000,휴식,"브랜드, 희소성",CJ,샤넬 명품 1236,샤넬,명품,601000,4.37,,"샤넬 명품 상품. 주요 특징: 브랜드, 희소성, 디자인, 선물, 보상, 소장.",user_input,2,1,20,5,Y,0.791
female,42,11140000,전문직,미혼,진보적,1081000,30000,소장,"가격, 신선도",정관장,CJ 식품 1237,CJ,식품,30000,4.45,1985.0,"CJ 식품 상품. 주요 특징: 가격, 신선도, 배송, 생활, 식사, 가족.",crawler,45,2,19,4,N,0.463
female,54,5460000,대기업직원,기혼,진보적,193000,542000,선물,"브랜드, 희소성",레노버,샤넬 명품 1238,샤넬,명품,542000,3.33,969.0,"샤넬 명품 상품. 주요 특징: 브랜드, 희소성, 디자인, 선물, 보상, 소장.",image_estimate,38,3,13,1,Y,0.608
male,72,2580000,은퇴자,기혼,진보적,320000,36000,건강,"희소성, 감성",3M,종근당 건강관리 1239,종근당,건강관리,36000,,,"종근당 건강관리 상품. 주요 특징: 성분, 후기, 안전성, 건강, 부모님, 회복.",manual,17,2,1,5,N,0.459
male,19,590000,학생,기혼,진보적,89000,174000,생활,"내구성, 크기",라네즈,이케아 가구 1240,이케아,가구,174000,,1698.0,"이케아 가구 상품. 주요 특징: 내구성, 크기, 디자인, 이사, 인테리어, 생활.",naver_api,46,9,22,7,Y,0.771
female,53,5090000,프리랜서,기혼,진보적,191000,55000,자기계발,"희소성, 감성",ZARA,클래스101 교육 1241,클래스101,교육,55000,4.39,1008.0,"클래스101 교육 상품. 주요 특징: 강의품질, 가격, 커리큘럼, 공부, 취업, 자기계발.",manual,43,1,13,3,N,0.675
female,51,3490000,공무원,기혼,보수적,641000,86000,선물,"희소성, 감성",다이소,다이소 생활용품 1242,다이소,생활용품,86000,,,"다이소 생활용품 상품. 주요 특징: 가격, 내구성, 용량, 생활, 청소, 가정.",crawler,11,1,16,2,N,0.556
male,26,4430000,프리랜서,미혼,진보적,858000,223000,가족,"희소성, 감성",오뚜기,마이리얼트립 여행 1243,마이리얼트립,여행,223000,3.27,,"마이리얼트립 여행 상품. 주요 특징: 가격, 일정, 숙소, 휴식, 가족, 기념일.",naver_api,2,1,2,0,N,0.474
male,23,1080000,취업준비생,미혼,진보적,97000,2397000,이사,"희소성, 감성",유한킴벌리,리바트 가구 1244,리바트,가구,2397000,3.71,3246.0,"리바트 가구 상품. 주요 특징: 내구성, 크기, 디자인, 이사, 인테리어, 생활.",naver_api,42,29,21,18,Y,0.667
male,56,8810000,대기업직원,미혼,진보적,1891000,4589000,콘텐츠,"성능, 배터리",소니,소니 전자기기 1245,소니,전자기기,4589000,4.42,123.0,"소니 전자기기 상품. 주요 특징: 성능, 배터리, 휴대성, 업무, 공부, 게임, 콘텐츠.",crawler,32,11,15,4,Y,0.629
female,49,6470000,자영업,기혼,보수적,577000,1959000,소장,"브랜드, 희소성",패스트캠퍼스,구찌 명품 1246,구찌,명품,1959000,3.66,2903.0,"구찌 명품 상품. 주요 특징: 브랜드, 희소성, 디자인, 선물, 보상, 소장.",user_input,41,8,21,4,Y,0.77
female,59,4030000,공무원,미혼,보수적,567000,763000,취업,"희소성, 감성",이니스프리,클래스101 교육 1247,클래스101,교육,763000,3.35,3036.0,"클래스101 교육 상품. 주요 특징: 강의품질, 가격, 커리큘럼, 공부, 취업, 자기계발.",image_estimate,42,5,3,4,Y,0.535
female,22,600000,학생,미혼,보수적,88000,4320000,선물,"가격, 일정",정관장,마이리얼트립 여행 1248,마이리얼트립,여행,4320000,3.47,,"마이리얼트립 여행 상품. 주요 특징: 가격, 일정, 숙소, 휴식, 가족, 기념일.",image_estimate,15,60,18,60,Y,0.743
female,60,2090000,은퇴자,미혼,진보적,213000,163000,소장,"희소성, 감성",레노버,삼성 전자기기 1249,삼성,전자기기,163000,3.23,,"삼성 전자기기 상품. 주요 특징: 성능, 배터리, 휴대성, 업무, 공부, 게임, 콘텐츠.",manual,11,5,1,3,N,0.659
male,30,5210000,사무직,미혼,보수적,355000,27000,선물,"희소성, 감성",라네즈,라네즈 화장품 1250,라네즈,화장품,27000,,505.0,"라네즈 화장품 상품. 주요 특징: 성분, 가격, 후기, 피부관리, 선물, 데일리.",manual,45,1,21,4,N,0.366
male,75,2540000,은퇴자,기혼,보수적,553000,39000,식사,"가격, 신선도",정관장,동원 식품 1251,동원,식품,39000,4.61,2123.0,"동원 식품 상품. 주요 특징: 가격, 신선도, 배송, 생활, 식사, 가족.",crawler,48,3,13,4,N,0.332
female,28,9180000,대기업직원,미혼,진보적,480000,125000,선물,"희소성, 감성",이케아,이케아 가구 1252,이케아,가구,125000,,,"이케아 가구 상품. 주요 특징: 내구성, 크기, 디자인, 이사, 인테리어, 생활.",user_input,17,3,9,0,N,0.575
male,46,9280000,대기업직원,미혼,보수적,1493000,311000,휴식,"디자인, 착용감",아디다스,아디다스 패션 1253,아디다스,패션,311000,4.23,1508.0,"아디다스 패션 상품. 주요 특징: 디자인, 착용감, 브랜드, 출근, 데이트, 여행.",image_estimate,42,5,14,1,N,0.463
male,41,2360000,주부,미혼,진보적,90000,25000,휴식,"희소성, 감성",설화수,설화수 화장품 1254,설화수,화장품,25000,3.97,,"설화수 화장품 상품. 주요 특징: 성분, 가격, 후기, 피부관리, 선물, 데일리.",image_estimate,12,2,12,1,N,0.649
male,39,4220000,공무원,미혼,보수적,392000,488000,선물,"희소성, 감성",오뚜기,설화수 화장품 1255,설화수,화장품,488000,4.2,3618.0,"설화수 화장품 상품. 주요 특징: 성분, 가격, 후기, 피부관리, 선물, 데일리.",naver_api,42,2,22,1,N,0.513
female,24,890000,학생,미혼,진보적,143000,2188000,생활,"내구성, 크기",COS,이케아 가구 1256,이케아,가구,2188000,4.33,,"이케아 가구 상품. 주요 특징: 내구성, 크기, 디자인, 이사, 인테리어, 생활.",crawler,13,34,14,21,Y,0.771
male,28,4700000,프리랜서,기혼,보수적,481000,911000,이사,"내구성, 크기",한샘,한샘 가구 1257,한샘,가구,911000,4.47,784.0,"한샘 가구 상품. 주요 특징: 내구성, 크기, 디자인, 이사, 인테리어, 생활.",naver_api,39,7,3,3,Y,0.458
male,24,910000,취업준비생,미혼,보수적,150000,62000,인테리어,"내구성, 크기",이케아,이케아 가구 1258,이케아,가구,62000,4.53,,"이케아 가구 상품. 주요 특징: 내구성, 크기, 디자인, 이사, 인테리어, 생활.",crawler,13,4,21,3,N,0.267
male,56,2180000,주부,기혼,보수적,293000,13000,생활,"가격, 신선도",다이소,동원 식품 1259,동원,식품,13000,3.95,1833.0,"동원 식품 상품. 주요 특징: 가격, 신선도, 배송, 생활, 식사, 가족.",image_estimate,46,4,13,0,N,0.253
male,29,5500000,공무원,미혼,보수적,460000,1398000,소장,"브랜드, 희소성",ZARA,구찌 명품 1260,구찌,명품,1398000,3.33,873.0,"구찌 명품 상품. 주요 특징: 브랜드, 희소성, 디자인, 선물, 보상, 소장.",user_input,46,6,16,5,Y,0.798
female,70,3760000,은퇴자,미혼,진보적,467000,5000,유행,"희소성, 감성",LG,CJ 식품 1261,CJ,식품,5000,3.43,2877.0,"CJ 식품 상품. 주요 특징: 가격, 신선도, 배송, 생활, 식사, 가족.",crawler,42,2,16,1,N,0.629
female,59,6120000,공무원,미혼,보수적,805000,150000,휴식,"디자인, 착용감",샤넬,ZARA 패션 1262,ZARA,패션,150000,4.73,3796.0,"ZARA 패션 상품. 주요 특징: 디자인, 착용감, 브랜드, 출근, 데이트, 여행.",naver_api,57,3,1,2,N,0.547
female,38,1950000,주부,미혼,보수적,280000,2844000,보상,"희소성, 감성",샤넬,샤넬 명품 1263,샤넬,명품,2844000,4.58,609.0,"샤넬 명품 상품. 주요 특징: 브랜드, 희소성, 디자인, 선물, 보상, 소장.",user_input,45,20,16,12,Y,0.588
male,46,3780000,프리랜서,기혼,진보적,133000,47000,식사,"가격, 신선도",구찌,오뚜기 식품 1264,오뚜기,식품,47000,4.43,2415.0,"오뚜기 식품 상품. 주요 특징: 가격, 신선도, 배송, 생활, 식사, 가족.",manual,42,1,3,4,N,0.295
female,33,7340000,전문직,기혼,보수적,1345000,228000,업무,"성능, 배터리",애플,애플 전자기기 1265,애플,전자기기,228000,,,"애플 전자기기 상품. 주요 특징: 성능, 배터리, 휴대성, 업무, 공부, 게임, 콘텐츠.",manual,7,1,21,4,N,0.254
female,40,7390000,전문직,기혼,보수적,409000,3744000,공부,"성능, 배터리",소니,소니 전자기기 1266,소니,전자기기,3744000,,,"소니 전자기기 상품. 주요 특징: 성능, 배터리, 휴대성, 업무, 공부, 게임, 콘텐츠.",image_estimate,5,10,19,6,Y,0.481
female,28,4710000,사무직,미혼,진보적,929000,24000,선물,"희소성, 감성",하나투어,설화수 화장품 1267,설화수,화장품,24000,3.84,1172.0,"설화수 화장품 상품. 주요 특징: 성분, 가격, 후기, 피부관리, 선물, 데일리.",user_input,50,0,14,1,N,0.464
female,40,3740000,사무직,기혼,보수적,701000,725000,콘텐츠,"희소성, 감성",리바트,애플 전자기기 1268,애플,전자기기,725000,4.0,3528.0,"애플 전자기기 상품. 주요 특징: 성능, 배터리, 휴대성, 업무, 공부, 게임, 콘텐츠.",manual,46,5,13,3,Y,0.68
female,41,5050000,공무원,기혼,진보적,212000,151000,선물,"희소성, 감성",나이키,나이키 패션 1269,나이키,패션,151000,4.65,1587.0,"나이키 패션 상품. 주요 특징: 디자인, 착용감, 브랜드, 출근, 데이트, 여행.",manual,43,6,16,3,N,0.572
female,31,1260000,취업준비생,기혼,보수적,179000,77000,건강,"성분, 후기",메가스터디,종근당 건강관리 1270,종근당,건강관리,77000,3.59,14.0,"종근당 건강관리 상품. 주요 특징: 성분, 후기, 안전성, 건강, 부모님, 회복.",image_estimate,23,3,17,3,N,0.287
female,49,5610000,사무직,미혼,보수적,1210000,268000,소장,"희소성, 감성",한샘,한샘 가구 1271,한샘,가구,268000,4.29,1668.0,"한샘 가구 상품. 주요 특징: 내구성, 크기, 디자인, 이사, 인테리어, 생활.",image_estimate,38,6,20,0,N,0.573
male,29,8610000,대기업직원,미혼,보수적,410000,69000,유행,"내구성, 크기",한샘,한샘 가구 1272,한샘,가구,69000,3.97,558.0,"한샘 가구 상품. 주요 특징: 내구성, 크기, 디자인, 이사, 인테리어, 생활.",manual,36,5,12,2,N,0.442
male,47,3960000,사무직,미혼,보수적,624000,205000,취업,"강의품질, 가격",마이리얼트립,패스트캠퍼스 교육 1273,패스트캠퍼스,교육,205000,4.77,1083.0,"패스트캠퍼스 교육 상품. 주요 특징: 강의품질, 가격, 커리큘럼, 공부, 취업, 자기계발.",crawler,41,4,13,3,N,0.315
female,59,6820000,자영업,기혼,진보적,949000,850000,소장,"내구성, 크기",대한항공,리바트 가구 1274,리바트,가구,850000,4.5,,"리바트 가구 상품. 주요 특징: 내구성, 크기, 디자인, 이사, 인테리어, 생활.",manual,4,2,16,2,Y,0.59
male,44,6820000,자영업,기혼,진보적,1150000,1920000,소장,"브랜드, 희소성",샤넬,샤넬 명품 1275,샤넬,명품,1920000,4.83,,"샤넬 명품 상품. 주요 특징: 브랜드, 희소성, 디자인, 선물, 보상, 소장.",user_input,3,9,18,4,Y,0.707
female,58,6050000,공무원,기혼,보수적,673000,563000,건강,"성분, 후기",삼성,센트룸 건강관리 1276,센트룸,건강관리,563000,,3922.0,"센트룸 건강관리 상품. 주요 특징: 성분, 후기, 안전성, 건강, 부모님, 회복.",naver_api,46,5,10,4,Y,0.349
male,29,7130000,대기업직원,미혼,진보적,684000,2683000,휴식,"희소성, 감성",리바트,리바트 가구 1277,리바트,가구,2683000,,,"리바트 가구 상품. 주요 특징: 내구성, 크기, 디자인, 이사, 인테리어, 생활.",naver_api,5,8,14,3,Y,0.787
male,55,4880000,프리랜서,기혼,보수적,281000,249000,생활,"내구성, 크기",한샘,한샘 가구 1278,한샘,가구,249000,4.18,2413.0,"한샘 가구 상품. 주요 특징: 내구성, 크기, 디자인, 이사, 인테리어, 생활.",crawler,52,1,12,1,N,0.501
female,33,3600000,공무원,미혼,보수적,205000,3643000,휴식,"가격, 일정",대한항공,대한항공 여행 1279,대한항공,여행,3643000,,311.0,"대한항공 여행 상품. 주요 특징: 가격, 일정, 숙소, 휴식, 가족, 기념일.",image_estimate,42,16,18,11,Y,0.462
male,32,5190000,자영업,기혼,진보적,218000,11000,가정,"가격, 내구성",라네즈,유한킴벌리 생활용품 1280,유한킴벌리,생활용품,11000,3.52,1985.0,"유한킴벌리 생활용품 상품. 주요 특징: 가격, 내구성, 용량, 생활, 청소, 가정.",crawler,51,2,15,3,N,0.488
female,23,550000,학생,미혼,보수적,26000,697000,회복,"희소성, 감성",동원,종근당 건강관리 1281,종근당,건강관리,697000,4.19,,"종근당 건강관리 상품. 주요 특징: 성분, 후기, 안전성, 건강, 부모님, 회복.",crawler,17,16,21,11,Y,0.85
female,34,9760000,전문직,기혼,보수적,1163000,80000,유행,"희소성, 감성",한샘,한샘 가구 1282,한샘,가구,80000,4.8,537.0,"한샘 가구 상품. 주요 특징: 내구성, 크기, 디자인, 이사, 인테리어, 생활.",manual,46,4,11,2,N,0.57
female,53,5230000,사무직,미혼,진보적,933000,52000,선물,"강의품질, 가격",패스트캠퍼스,패스트캠퍼스 교육 1283,패스트캠퍼스,교육,52000,3.38,3480.0,"패스트캠퍼스 교육 상품. 주요 특징: 강의품질, 가격, 커리큘럼, 공부, 취업, 자기계발.",naver_api,54,0,10,4,N,0.438
female,43,3980000,공무원,기혼,보수적,223000,3001000,휴식,"가격, 일정",종근당,하나투어 여행 1284,하나투어,여행,3001000,4.31,3051.0,"하나투어 여행 상품. 주요 특징: 가격, 일정, 숙소, 휴식, 가족, 기념일.",image_estimate,42,10,15,8,Y,0.541
male,25,970000,취업준비생,미혼,보수적,176000,24000,생활,"희소성, 감성",오뚜기,오뚜기 식품 1285,오뚜기,식품,24000,3.96,3344.0,"오뚜기 식품 상품. 주요 특징: 가격, 신선도, 배송, 생활, 식사, 가족.",user_input,44,5,1,4,N,0.376
male,50,7990000,대기업직원,기혼,보수적,1703000,1898000,가족,"가격, 일정",하나투어,하나투어 여행 1286,하나투어,여행,1898000,3.99,2725.0,"하나투어 여행 상품. 주요 특징: 가격, 일정, 숙소, 휴식, 가족, 기념일.",crawler,40,5,0,5,Y,0.314
male,61,3570000,은퇴자,미혼,진보적,508000,583000,취업,"희소성, 감성",패스트캠퍼스,패스트캠퍼스 교육 1287,패스트캠퍼스,교육,583000,4.04,,"패스트캠퍼스 교육 상품. 주요 특징: 강의품질, 가격, 커리큘럼, 공부, 취업, 자기계발.",image_estimate,8,4,3,3,Y,0.413
male,21,670000,학생,미혼,보수적,145000,157000,피부관리,"성분, 가격",라네즈,라네즈 화장품 1288,라네즈,화장품,157000,3.51,,"라네즈 화장품 상품. 주요 특징: 성분, 가격, 후기, 피부관리, 선물, 데일리.",crawler,5,6,17,4,Y,0.262
male,35,9110000,대기업직원,기혼,진보적,665000,65000,가족,"희소성, 감성",오뚜기,오뚜기 식품 1289,오뚜기,식품,65000,3.33,1438.0,"오뚜기 식품 상품. 주요 특징: 가격, 신선도, 배송, 생활, 식사, 가족.",crawler,51,4,10,2,N,0.529
male,31,3130000,사무직,기혼,진보적,649000,376000,선물,"성분, 가격",라네즈,라네즈 화장품 1290,라네즈,화장품,376000,,3401.0,"라네즈 화장품 상품. 주요 특징: 성분, 가격, 후기, 피부관리, 선물, 데일리.",crawler,56,4,11,4,N,0.268
male,69,2470000,은퇴자,기혼,진보적,521000,2651000,유행,"내구성, 크기",이케아,이케아 가구 1291,이케아,가구,2651000,3.38,3292.0,"이케아 가구 상품. 주요 특징: 내구성, 크기, 디자인, 이사, 인테리어, 생활.",manual,54,13,12,9,Y,0.662
male,32,3140000,주부,미혼,보수적,116000,282000,데일리,"성분, 가격",이니스프리,이니스프리 화장품 1292,이니스프리,화장품,282000,4.27,,"이니스프리 화장품 상품. 주요 특징: 성분, 가격, 후기, 피부관리, 선물, 데일리.",image_estimate,9,4,16,5,N,0.644
male,53,6270000,자영업,기혼,보수적,731000,480000,공부,"희소성, 감성",마이리얼트립,메가스터디 교육 1293,메가스터디,교육,480000,3.72,2654.0,"메가스터디 교육 상품. 주요 특징: 강의품질, 가격, 커리큘럼, 공부, 취업, 자기계발.",image_estimate,45,4,22,1,N,0.439
male,53,3780000,프리랜서,기혼,보수적,252000,51000,유행,"가격, 내구성",3M,3M 생활용품 1294,3M,생활용품,51000,3.67,1977.0,"3M 생활용품 상품. 주요 특징: 가격, 내구성, 용량, 생활, 청소, 가정.",image_estimate,51,1,12,2,N,0.38
female,30,1060000,취업준비생,기혼,진보적,63000,3441000,유행,"희소성, 감성",리바트,리바트 가구 1295,리바트,가구,3441000,4.48,3720.0,"리바트 가구 상품. 주요 특징: 내구성, 크기, 디자인, 이사, 인테리어, 생활.",crawler,55,39,1,29,Y,0.763
male,43,3310000,프리랜서,기혼,보수적,349000,485000,유행,"희소성, 감성",대한항공,프라다 명품 1296,프라다,명품,485000,4.68,,"프라다 명품 상품. 주요 특징: 브랜드, 희소성, 디자인, 선물, 보상, 소장.",crawler,2,4,18,5,N,0.768
female,34,5730000,프리랜서,기혼,보수적,1165000,2358000,휴식,"희소성, 감성",프라다,프라다 명품 1297,프라다,명품,2358000,4.59,,"프라다 명품 상품. 주요 특징: 브랜드, 희소성, 디자인, 선물, 보상, 소장.",user_input,10,7,22,6,Y,0.813
female,45,6770000,자영업,기혼,진보적,1365000,20000,생활,"희소성, 감성",유한킴벌리,유한킴벌리 생활용품 1298,유한킴벌리,생활용품,20000,4.06,,"유한킴벌리 생활용품 상품. 주요 특징: 가격, 내구성, 용량, 생활, 청소, 가정.",crawler,14,3,18,1,N,0.374
female,30,4780000,자영업,미혼,보수적,301000,654000,유행,"브랜드, 희소성",대한항공,샤넬 명품 1299,샤넬,명품,654000,4.85,130.0,"샤넬 명품 상품. 주요 특징: 브랜드, 희소성, 디자인, 선물, 보상, 소장.",user_input,29,1,2,2,Y,0.772
male,40,9330000,대기업직원,미혼,진보적,852000,1994000,인테리어,"희소성, 감성",동원,이케아 가구 1300,이케아,가구,1994000,,,"이케아 가구 상품. 주요 특징: 내구성, 크기, 디자인, 이사, 인테리어, 생활.",crawler,12,5,16,5,Y,0.681
female,25,910000,취업준비생,미혼,보수적,199000,6000,청소,"가격, 내구성",유한킴벌리,유한킴벌리 생활용품 1301,유한킴벌리,생활용품,6000,3.35,2166.0,"유한킴벌리 생활용품 상품. 주요 특징: 가격, 내구성, 용량, 생활, 청소, 가정.",image_estimate,53,0,9,3,N,0.254
female,25,5630000,프리랜서,기혼,보수적,438000,6000,소장,"가격, 신선도",하나투어,CJ 식품 1302,CJ,식품,6000,3.56,3716.0,"CJ 식품 상품. 주요 특징: 가격, 신선도, 배송, 생활, 식사, 가족.",manual,56,2,18,4,N,0.47
female,31,3350000,공무원,미혼,보수적,216000,47000,건강,"성분, 후기",COS,정관장 건강관리 1303,정관장,건강관리,47000,4.34,2470.0,"정관장 건강관리 상품. 주요 특징: 성분, 후기, 안전성, 건강, 부모님, 회복.",user_input,44,5,11,4,N,0.335
female,30,4250000,프리랜서,기혼,진보적,545000,650000,피부관리,"성분, 가격",LG,이니스프리 화장품 1304,이니스프리,화장품,650000,,,"이니스프리 화장품 상품. 주요 특징: 성분, 가격, 후기, 피부관리, 선물, 데일리.",naver_api,3,5,18,5,Y,0.373
female,20,910000,학생,기혼,진보적,109000,2923000,선물,"성능, 배터리",소니,소니 전자기기 1305,소니,전자기기,2923000,4.02,28.0,"소니 전자기기 상품. 주요 특징: 성능, 배터리, 휴대성, 업무, 공부, 게임, 콘텐츠.",naver_api,23,39,12,29,Y,0.617
female,37,2590000,주부,미혼,진보적,95000,126000,청소,"가격, 내구성",라네즈,다이소 생활용품 1306,다이소,생활용품,126000,4.63,372.0,"다이소 생활용품 상품. 주요 특징: 가격, 내구성, 용량, 생활, 청소, 가정.",user_input,36,0,11,3,N,0.341
male,56,9700000,대기업직원,기혼,진보적,1799000,726000,공부,"희소성, 감성",마이리얼트립,클래스101 교육 1307,클래스101,교육,726000,4.68,,"클래스101 교육 상품. 주요 특징: 강의품질, 가격, 커리큘럼, 공부, 취업, 자기계발.",crawler,6,1,19,4,Y,0.417
female,43,6090000,대기업직원,기혼,보수적,221000,738000,유행,"브랜드, 희소성",샤넬,샤넬 명품 1308,샤넬,명품,738000,,1729.0,"샤넬 명품 상품. 주요 특징: 브랜드, 희소성, 디자인, 선물, 보상, 소장.",manual,44,3,15,2,Y,0.767
female,42,8600000,대기업직원,기혼,보수적,929000,155000,부모님,"희소성, 감성",이니스프리,종근당 건강관리 1309,종근당,건강관리,155000,4.1,2037.0,"종근당 건강관리 상품. 주요 특징: 성분, 후기, 안전성, 건강, 부모님, 회복.",naver_api,47,4,22,4,N,0.431
female,22,850000,취업준비생,미혼,진보적,136000,190000,선물,"희소성, 감성",애플,대한항공 여행 1310,대한항공,여행,190000,3.53,2223.0,"대한항공 여행 상품. 주요 특징: 가격, 일정, 숙소, 휴식, 가족, 기념일.",crawler,52,3,19,4,Y,0.785
female,39,3200000,주부,기혼,보수적,332000,30000,가족,"희소성, 감성",다이소,CJ 식품 1311,CJ,식품,30000,,,"CJ 식품 상품. 주요 특징: 가격, 신선도, 배송, 생활, 식사, 가족.",crawler,4,6,0,0,N,0.649
female,59,5890000,공무원,기혼,보수적,1181000,276000,소장,"희소성, 감성",삼성,레노버 전자기기 1312,레노버,전자기기,276000,4.4,,"레노버 전자기기 상품. 주요 특징: 성능, 배터리, 휴대성, 업무, 공부, 게임, 콘텐츠.",crawler,16,4,14,0,N,0.655
female,50,3260000,사무직,미혼,진보적,644000,217000,휴식,"디자인, 착용감",3M,ZARA 패션 1313,ZARA,패션,217000,3.65,2520.0,"ZARA 패션 상품. 주요 특징: 디자인, 착용감, 브랜드, 출근, 데이트, 여행.",image_estimate,41,4,15,1,N,0.574
female,56,3320000,주부,기혼,진보적,235000,3126000,공부,"희소성, 감성",레노버,애플 전자기기 1314,애플,전자기기,3126000,,2290.0,"애플 전자기기 상품. 주요 특징: 성능, 배터리, 휴대성, 업무, 공부, 게임, 콘텐츠.",naver_api,50,12,10,10,Y,0.666
male,56,6640000,대기업직원,기혼,진보적,453000,1718000,이사,"내구성, 크기",이케아,이케아 가구 1315,이케아,가구,1718000,4.28,3968.0,"이케아 가구 상품. 주요 특징: 내구성, 크기, 디자인, 이사, 인테리어, 생활.",crawler,48,8,18,5,Y,0.454
male,73,3570000,은퇴자,기혼,보수적,754000,4180000,소장,"브랜드, 희소성",샤넬,프라다 명품 1316,프라다,명품,4180000,3.52,2875.0,"프라다 명품 상품. 주요 특징: 브랜드, 희소성, 디자인, 선물, 보상, 소장.",crawler,53,15,15,10,Y,0.803
male,41,4690000,사무직,기혼,보수적,308000,65000,공부,"희소성, 감성",한샘,클래스101 교육 1317,클래스101,교육,65000,3.46,,"클래스101 교육 상품. 주요 특징: 강의품질, 가격, 커리큘럼, 공부, 취업, 자기계발.",crawler,10,2,12,0,N,0.469
male,58,3010000,주부,미혼,보수적,112000,18000,식사,"가격, 신선도",이니스프리,오뚜기 식품 1318,오뚜기,식품,18000,3.63,436.0,"오뚜기 식품 상품. 주요 특징: 가격, 신선도, 배송, 생활, 식사, 가족.",naver_api,34,4,22,1,N,0.339
male,42,2310000,주부,기혼,진보적,458000,676000,생활,"희소성, 감성",대한항공,이케아 가구 1319,이케아,가구,676000,3.47,,"이케아 가구 상품. 주요 특징: 내구성, 크기, 디자인, 이사, 인테리어, 생활.",naver_api,6,5,19,2,Y,0.765
male,30,4020000,공무원,기혼,진보적,279000,1153000,건강,"희소성, 감성",센트룸,센트룸 건강관리 1320,센트룸,건강관리,1153000,3.25,962.0,"센트룸 건강관리 상품. 주요 특징: 성분, 후기, 안전성, 건강, 부모님, 회복.",manual,35,8,10,2,Y,0.599
female,41,4500000,자영업,미혼,진보적,316000,569000,선물,"희소성, 감성",메가스터디,메가스터디 교육 1321,메가스터디,교육,569000,3.71,,"메가스터디 교육 상품. 주요 특징: 강의품질, 가격, 커리큘럼, 공부, 취업, 자기계발.",crawler,7,4,9,2,Y,0.747
female,46,10320000,전문직,기혼,보수적,2150000,739000,공부,"희소성, 감성",클래스101,클래스101 교육 1322,클래스101,교육,739000,3.47,154.0,"클래스101 교육 상품. 주요 특징: 강의품질, 가격, 커리큘럼, 공부, 취업, 자기계발.",naver_api,27,5,14,2,Y,0.385
male,41,6450000,대기업직원,기혼,보수적,1125000,113000,자기계발,"강의품질, 가격",메가스터디,메가스터디 교육 1323,메가스터디,교육,113000,4.74,,"메가스터디 교육 상품. 주요 특징: 강의품질, 가격, 커리큘럼, 공부, 취업, 자기계발.",user_input,9,2,12,3,N,0.418
female,33,3010000,주부,기혼,보수적,266000,94000,소장,"가격, 내구성",하나투어,유한킴벌리 생활용품 1324,유한킴벌리,생활용품,94000,3.31,,"유한킴벌리 생활용품 상품. 주요 특징: 가격, 내구성, 용량, 생활, 청소, 가정.",naver_api,8,0,15,4,N,0.501
female,75,2240000,은퇴자,미혼,진보적,146000,609000,휴식,"브랜드, 희소성",CJ,샤넬 명품 1325,샤넬,명품,609000,,2654.0,"샤넬 명품 상품. 주요 특징: 브랜드, 희소성, 디자인, 선물, 보상, 소장.",manual,52,7,19,3,Y,0.83
male,40,4520000,사무직,기혼,보수적,441000,1282000,생활,"내구성, 크기",이케아,이케아 가구 1326,이케아,가구,1282000,3.52,1023.0,"이케아 가구 상품. 주요 특징: 내구성, 크기, 디자인, 이사, 인테리어, 생활.",crawler,45,4,2,5,Y,0.684
male,58,2870000,은퇴자,미혼,보수적,246000,1771000,업무,"희소성, 감성",LG,LG 전자기기 1327,LG,전자기기,1771000,4.13,1069.0,"LG 전자기기 상품. 주요 특징: 성능, 배터리, 휴대성, 업무, 공부, 게임, 콘텐츠.",user_input,36,9,17,8,Y,0.626
female,32,960000,취업준비생,기혼,보수적,38000,1702000,보상,"브랜드, 희소성",이니스프리,루이비통 명품 1328,루이비통,명품,1702000,,2407.0,"루이비통 명품 상품. 주요 특징: 브랜드, 희소성, 디자인, 선물, 보상, 소장.",naver_api,50,21,0,19,Y,0.622
female,19,540000,학생,기혼,진보적,73000,827000,회복,"성분, 후기",오뚜기,종근당 건강관리 1329,종근당,건강관리,827000,3.83,2831.0,"종근당 건강관리 상품. 주요 특징: 성분, 후기, 안전성, 건강, 부모님, 회복.",crawler,44,18,20,15,Y,0.744
female,49,4680000,공무원,기혼,진보적,516000,103000,휴식,"성분, 가격",설화수,설화수 화장품 1330,설화수,화장품,103000,4.62,,"설화수 화장품 상품. 주요 특징: 성분, 가격, 후기, 피부관리, 선물, 데일리.",crawler,9,5,18,0,N,0.464
male,54,2010000,주부,기혼,보수적,405000,1445000,회복,"희소성, 감성",이니스프리,종근당 건강관리 1331,종근당,건강관리,1445000,3.55,,"종근당 건강관리 상품. 주요 특징: 성분, 후기, 안전성, 건강, 부모님, 회복.",naver_api,2,10,10,6,Y,0.881
female,47,5350000,공무원,기혼,진보적,560000,44000,휴식,"가격, 신선도",마이리얼트립,CJ 식품 1332,CJ,식품,44000,3.71,1949.0,"CJ 식품 상품. 주요 특징: 가격, 신선도, 배송, 생활, 식사, 가족.",image_estimate,41,4,18,3,N,0.471
female,75,2120000,은퇴자,기혼,진보적,435000,91000,출근,"희소성, 감성",라네즈,나이키 패션 1333,나이키,패션,91000,3.3,3127.0,"나이키 패션 상품. 주요 특징: 디자인, 착용감, 브랜드, 출근, 데이트, 여행.",manual,43,6,20,1,N,0.477
male,42,6430000,전문직,미혼,진보적,586000,115000,선물,"내구성, 크기",대한항공,리바트 가구 1334,리바트,가구,115000,,3049.0,"리바트 가구 상품. 주요 특징: 내구성, 크기, 디자인, 이사, 인테리어, 생활.",naver_api,52,0,9,4,N,0.493
male,32,3130000,주부,기혼,보수적,130000,2905000,소장,"브랜드, 희소성",동원,프라다 명품 1335,프라다,명품,2905000,3.61,2312.0,"프라다 명품 상품. 주요 특징: 브랜드, 희소성, 디자인, 선물, 보상, 소장.",user_input,41,11,13,12,Y,0.804
male,47,4070000,자영업,기혼,보수적,376000,7000,선물,"희소성, 감성",유한킴벌리,동원 식품 1336,동원,식품,7000,,270.0,"동원 식품 상품. 주요 특징: 가격, 신선도, 배송, 생활, 식사, 가족.",manual,38,5,13,0,N,0.688
male,40,5450000,프리랜서,기혼,보수적,1038000,24000,청소,"희소성, 감성",동원,유한킴벌리 생활용품 1337,유한킴벌리,생활용품,24000,3.77,3106.0,"유한킴벌리 생활용품 상품. 주요 특징: 가격, 내구성, 용량, 생활, 청소, 가정.",naver_api,52,1,13,4,N,0.466
female,47,8210000,대기업직원,미혼,보수적,1233000,2082000,회복,"성분, 후기",센트룸,센트룸 건강관리 1338,센트룸,건강관리,2082000,3.52,1644.0,"센트룸 건강관리 상품. 주요 특징: 성분, 후기, 안전성, 건강, 부모님, 회복.",manual,52,5,17,5,Y,0.555
female,25,3720000,사무직,기혼,보수적,159000,118000,여행,"희소성, 감성",COS,COS 패션 1339,COS,패션,118000,4.63,,"COS 패션 상품. 주요 특징: 디자인, 착용감, 브랜드, 출근, 데이트, 여행.",image_estimate,3,1,18,3,N,0.606
female,51,9620000,대기업직원,미혼,진보적,2115000,214000,출근,"디자인, 착용감",한샘,ZARA 패션 1340,ZARA,패션,214000,4.48,,"ZARA 패션 상품. 주요 특징: 디자인, 착용감, 브랜드, 출근, 데이트, 여행.",manual,17,0,16,1,N,0.438
female,44,5450000,사무직,미혼,보수적,785000,1816000,휴식,"희소성, 감성",ZARA,대한항공 여행 1341,대한항공,여행,1816000,3.7,,"대한항공 여행 상품. 주요 특징: 가격, 일정, 숙소, 휴식, 가족, 기념일.",manual,3,5,3,3,Y,0.747
female,30,1220000,취업준비생,미혼,보수적,152000,47000,생활,"가격, 신선도",동원,동원 식품 1342,동원,식품,47000,4.41,1051.0,"동원 식품 상품. 주요 특징: 가격, 신선도, 배송, 생활, 식사, 가족.",crawler,49,5,9,0,N,0.211
female,56,8850000,전문직,미혼,보수적,1676000,59000,출근,"디자인, 착용감",하나투어,나이키 패션 1343,나이키,패션,59000,,2849.0,"나이키 패션 상품. 주요 특징: 디자인, 착용감, 브랜드, 출근, 데이트, 여행.",crawler,48,0,1,2,N,0.348
male,38,10080000,전문직,미혼,보수적,661000,344000,소장,"성능, 배터리",프라다,애플 전자기기 1344,애플,전자기기,344000,3.52,,"애플 전자기기 상품. 주요 특징: 성능, 배터리, 휴대성, 업무, 공부, 게임, 콘텐츠.",image_estimate,16,3,16,3,N,0.524
female,25,830000,취업준비생,기혼,진보적,142000,783000,생활,"희소성, 감성",한샘,한샘 가구 1345,한샘,가구,783000,3.29,1825.0,"한샘 가구 상품. 주요 특징: 내구성, 크기, 디자인, 이사, 인테리어, 생활.",image_estimate,38,13,13,11,Y,0.804
female,23,1230000,취업준비생,미혼,진보적,194000,123000,유행,"강의품질, 가격",클래스101,클래스101 교육 1346,클래스101,교육,123000,3.4,3699.0,"클래스101 교육 상품. 주요 특징: 강의품질, 가격, 커리큘럼, 공부, 취업, 자기계발.",manual,54,1,20,4,N,0.483
male,41,5620000,자영업,기혼,보수적,922000,622000,공부,"강의품질, 가격",프라다,패스트캠퍼스 교육 1347,패스트캠퍼스,교육,622000,4.58,3735.0,"패스트캠퍼스 교육 상품. 주요 특징: 강의품질, 가격, 커리큘럼, 공부, 취업, 자기계발.",image_estimate,56,6,10,2,Y,0.272
female,50,6440000,자영업,미혼,진보적,454000,44000,가족,"가격, 신선도",소니,오뚜기 식품 1348,오뚜기,식품,44000,4.38,2247.0,"오뚜기 식품 상품. 주요 특징: 가격, 신선도, 배송, 생활, 식사, 가족.",user_input,46,5,19,3,N,0.481
male,35,7300000,대기업직원,기혼,진보적,474000,3809000,소장,"브랜드, 희소성",구찌,루이비통 명품 1349,루이비통,명품,3809000,4.36,754.0,"루이비통 명품 상품. 주요 특징: 브랜드, 희소성, 디자인, 선물, 보상, 소장.",naver_api,38,6,15,8,Y,0.843
male,43,3450000,프리랜서,기혼,보수적,560000,32000,선물,"성분, 가격",설화수,설화수 화장품 1350,설화수,화장품,32000,3.74,1694.0,"설화수 화장품 상품. 주요 특징: 성분, 가격, 후기, 피부관리, 선물, 데일리.",manual,46,2,12,1,N,0.222
female,63,5140000,자영업,미혼,진보적,618000,41000,취업,"희소성, 감성",패스트캠퍼스,패스트캠퍼스 교육 1351,패스트캠퍼스,교육,41000,,1866.0,"패스트캠퍼스 교육 상품. 주요 특징: 강의품질, 가격, 커리큘럼, 공부, 취업, 자기계발.",manual,52,2,14,0,N,0.39
male,41,5380000,사무직,기혼,진보적,895000,539000,게임,"성능, 배터리",루이비통,삼성 전자기기 1352,삼성,전자기기,539000,,2863.0,"삼성 전자기기 상품. 주요 특징: 성능, 배터리, 휴대성, 업무, 공부, 게임, 콘텐츠.",crawler,46,1,3,1,Y,0.321
male,58,2870000,은퇴자,기혼,진보적,107000,901000,휴식,"희소성, 감성",오뚜기,하나투어 여행 1353,하나투어,여행,901000,4.02,,"하나투어 여행 상품. 주요 특징: 가격, 일정, 숙소, 휴식, 가족, 기념일.",naver_api,8,9,13,2,Y,0.741
female,23,870000,취업준비생,기혼,진보적,165000,2023000,게임,"희소성, 감성",COS,LG 전자기기 1354,LG,전자기기,2023000,3.33,2260.0,"LG 전자기기 상품. 주요 특징: 성능, 배터리, 휴대성, 업무, 공부, 게임, 콘텐츠.",image_estimate,53,30,0,20,Y,0.69
male,73,3660000,은퇴자,기혼,보수적,756000,3172000,휴식,"희소성, 감성",이케아,구찌 명품 1355,구찌,명품,3172000,4.84,3516.0,"구찌 명품 상품. 주요 특징: 브랜드, 희소성, 디자인, 선물, 보상, 소장.",crawler,45,13,19,10,Y,0.809
female,28,560000,학생,미혼,보수적,24000,3423000,가족,"가격, 일정",동원,하나투어 여행 1356,하나투어,여행,3423000,3.93,3748.0,"하나투어 여행 상품. 주요 특징: 가격, 일정, 숙소, 휴식, 가족, 기념일.",crawler,56,60,11,50,Y,0.566
female,28,610000,학생,미혼,보수적,51000,115000,생활,"가격, 내구성",3M,유한킴벌리 생활용품 1357,유한킴벌리,생활용품,115000,4.58,1825.0,"유한킴벌리 생활용품 상품. 주요 특징: 가격, 내구성, 용량, 생활, 청소, 가정.",image_estimate,44,5,15,1,Y,0.533
male,25,650000,학생,미혼,보수적,103000,201000,회복,"희소성, 감성",종근당,종근당 건강관리 1358,종근당,건강관리,201000,,604.0,"종근당 건강관리 상품. 주요 특징: 성분, 후기, 안전성, 건강, 부모님, 회복.",naver_api,42,3,21,2,Y,0.763
female,31,6790000,전문직,기혼,진보적,752000,991000,휴식,"디자인, 착용감",나이키,나이키 패션 1359,나이키,패션,991000,3.31,,"나이키 패션 상품. 주요 특징: 디자인, 착용감, 브랜드, 출근, 데이트, 여행.",user_input,4,5,20,3,Y,0.574
male,38,6240000,자영업,미혼,진보적,669000,107000,생활,"내구성, 크기",센트룸,리바트 가구 1360,리바트,가구,107000,4.27,3988.0,"리바트 가구 상품. 주요 특징: 내구성, 크기, 디자인, 이사, 인테리어, 생활.",user_input,44,3,18,3,N,0.51
male,32,6260000,자영업,기혼,진보적,1256000,1620000,콘텐츠,"성능, 배터리",라네즈,애플 전자기기 1361,애플,전자기기,1620000,3.79,,"애플 전자기기 상품. 주요 특징: 성능, 배터리, 휴대성, 업무, 공부, 게임, 콘텐츠.",image_estimate,4,3,20,5,Y,0.593
male,57,2480000,주부,기혼,보수적,395000,609000,이사,"내구성, 크기",이케아,이케아 가구 1362,이케아,가구,609000,3.91,3570.0,"이케아 가구 상품. 주요 특징: 내구성, 크기, 디자인, 이사, 인테리어, 생활.",manual,56,8,14,6,Y,0.379
male,35,5400000,프리랜서,기혼,진보적,1149000,859000,여행,"희소성, 감성",아디다스,아디다스 패션 1363,아디다스,패션,859000,3.92,1962.0,"아디다스 패션 상품. 주요 특징: 디자인, 착용감, 브랜드, 출근, 데이트, 여행.",manual,40,4,10,2,Y,0.555
male,26,690000,학생,미혼,보수적,45000,104000,건강,"희소성, 감성",오뚜기,종근당 건강관리 1364,종근당,건강관리,104000,3.82,1887.0,"종근당 건강관리 상품. 주요 특징: 성분, 후기, 안전성, 건강, 부모님, 회복.",crawler,47,2,0,2,N,0.648
female,55,10180000,전문직,미혼,진보적,1797000,50000,피부관리,"성분, 가격",라네즈,라네즈 화장품 1365,라네즈,화장품,50000,4.25,2308.0,"라네즈 화장품 상품. 주요 특징: 성분, 가격, 후기, 피부관리, 선물, 데일리.",crawler,49,1,14,0,N,0.241
male,47,11100000,전문직,기혼,보수적,1834000,3999000,기념일,"희소성, 감성",하나투어,하나투어 여행 1366,하나투어,여행,3999000,,2630.0,"하나투어 여행 상품. 주요 특징: 가격, 일정, 숙소, 휴식, 가족, 기념일.",naver_api,48,4,17,7,Y,0.783
male,45,4580000,프리랜서,기혼,진보적,346000,827000,선물,"강의품질, 가격",클래스101,클래스101 교육 1367,클래스101,교육,827000,3.3,2067.0,"클래스101 교육 상품. 주요 특징: 강의품질, 가격, 커리큘럼, 공부, 취업, 자기계발.",manual,41,5,19,6,Y,0.658
male,28,840000,취업준비생,미혼,진보적,108000,9000,생활,"가격, 내구성",ZARA,유한킴벌리 생활용품 1368,유한킴벌리,생활용품,9000,3.84,1161.0,"유한킴벌리 생활용품 상품. 주요 특징: 가격, 내구성, 용량, 생활, 청소, 가정.",image_estimate,51,0,0,2,N,0.342
male,32,9640000,전문직,미혼,보수적,1794000,90000,선물,"디자인, 착용감",아디다스,아디다스 패션 1369,아디다스,패션,90000,3.34,2233.0,"아디다스 패션 상품. 주요 특징: 디자인, 착용감, 브랜드, 출근, 데이트, 여행.",user_input,46,5,2,3,N,0.513
female,61,2330000,은퇴자,기혼,보수적,161000,59000,생활,"희소성, 감성",라네즈,오뚜기 식품 1370,오뚜기,식품,59000,3.53,,"오뚜기 식품 상품. 주요 특징: 가격, 신선도, 배송, 생활, 식사, 가족.",naver_api,12,6,17,4,N,0.466
male,50,5800000,프리랜서,기혼,보수적,348000,1836000,소장,"브랜드, 희소성",프라다,프라다 명품 1371,프라다,명품,1836000,3.77,,"프라다 명품 상품. 주요 특징: 브랜드, 희소성, 디자인, 선물, 보상, 소장.",image_estimate,13,9,11,2,Y,0.755
female,44,5370000,사무직,미혼,진보적,247000,43000,청소,"가격, 내구성",COS,다이소 생활용품 1372,다이소,생활용품,43000,3.41,95.0,"다이소 생활용품 상품. 주요 특징: 가격, 내구성, 용량, 생활, 청소, 가정.",user_input,38,0,1,1,N,0.341
male,66,3440000,은퇴자,미혼,보수적,712000,31000,식사,"가격, 신선도",한샘,오뚜기 식품 1373,오뚜기,식품,31000,3.74,,"오뚜기 식품 상품. 주요 특징: 가격, 신선도, 배송, 생활, 식사, 가족.",crawler,10,1,14,2,N,0.259
male,35,4750000,공무원,기혼,진보적,296000,260000,인테리어,"내구성, 크기",리바트,리바트 가구 1374,리바트,가구,260000,4.84,,"리바트 가구 상품. 주요 특징: 내구성, 크기, 디자인, 이사, 인테리어, 생활.",user_input,12,1,20,3,N,0.262
male,53,2310000,주부,기혼,보수적,434000,566000,소장,"강의품질, 가격",메가스터디,메가스터디 교육 1375,메가스터디,교육,566000,4.33,,"메가스터디 교육 상품. 주요 특징: 강의품질, 가격, 커리큘럼, 공부, 취업, 자기계발.",crawler,10,3,18,3,Y,0.483
male,26,5790000,대기업직원,미혼,진보적,355000,16000,선물,"성분, 가격",동원,이니스프리 화장품 1376,이니스프리,화장품,16000,3.39,3397.0,"이니스프리 화장품 상품. 주요 특징: 성분, 가격, 후기, 피부관리, 선물, 데일리.",image_estimate,53,2,17,4,N,0.357
male,24,1240000,취업준비생,미혼,진보적,222000,2361000,선물,"성분, 후기",종근당,종근당 건강관리 1377,종근당,건강관리,2361000,4.46,648.0,"종근당 건강관리 상품. 주요 특징: 성분, 후기, 안전성, 건강, 부모님, 회복.",crawler,38,22,9,18,Y,0.691
male,47,9690000,전문직,기혼,진보적,1065000,31000,부모님,"성분, 후기",정관장,정관장 건강관리 1378,정관장,건강관리,31000,3.74,,"정관장 건강관리 상품. 주요 특징: 성분, 후기, 안전성, 건강, 부모님, 회복.",manual,17,5,10,1,N,0.265
female,58,4330000,공무원,기혼,보수적,346000,136000,유행,"희소성, 감성",CJ,나이키 패션 1379,나이키,패션,136000,3.26,,"나이키 패션 상품. 주요 특징: 디자인, 착용감, 브랜드, 출근, 데이트, 여행.",image_estimate,17,4,11,4,N,0.692
male,50,2000000,주부,기혼,보수적,380000,1577000,이사,"내구성, 크기",하나투어,이케아 가구 1380,이케아,가구,1577000,4.59,1973.0,"이케아 가구 상품. 주요 특징: 내구성, 크기, 디자인, 이사, 인테리어, 생활.",user_input,45,14,22,7,Y,0.619
female,47,4730000,프리랜서,미혼,보수적,347000,321000,휴식,"가격, 일정",하나투어,하나투어 여행 1381,하나투어,여행,321000,3.97,3873.0,"하나투어 여행 상품. 주요 특징: 가격, 일정, 숙소, 휴식, 가족, 기념일.",crawler,54,0,11,2,N,0.28
female,20,620000,학생,미혼,진보적,45000,37000,취업,"강의품질, 가격",CJ,패스트캠퍼스 교육 1382,패스트캠퍼스,교육,37000,3.39,1240.0,"패스트캠퍼스 교육 상품. 주요 특징: 강의품질, 가격, 커리큘럼, 공부, 취업, 자기계발.",naver_api,43,6,13,1,N,0.28
female,26,1070000,취업준비생,미혼,보수적,43000,33000,여행,"희소성, 감성",CJ,나이키 패션 1383,나이키,패션,33000,3.4,413.0,"나이키 패션 상품. 주요 특징: 디자인, 착용감, 브랜드, 출근, 데이트, 여행.",naver_api,36,2,11,1,N,0.651
female,60,10270000,전문직,기혼,보수적,824000,28000,소장,"가격, 신선도",CJ,CJ 식품 1384,CJ,식품,28000,3.62,2883.0,"CJ 식품 상품. 주요 특징: 가격, 신선도, 배송, 생활, 식사, 가족.",manual,48,1,22,2,N,0.399
female,47,3990000,사무직,기혼,보수적,305000,583000,여행,"희소성, 감성",LG,나이키 패션 1385,나이키,패션,583000,3.75,1808.0,"나이키 패션 상품. 주요 특징: 디자인, 착용감, 브랜드, 출근, 데이트, 여행.",manual,47,7,18,2,Y,0.893
female,57,3360000,주부,기혼,보수적,407000,8000,가정,"가격, 내구성",설화수,다이소 생활용품 1386,다이소,생활용품,8000,3.93,234.0,"다이소 생활용품 상품. 주요 특징: 가격, 내구성, 용량, 생활, 청소, 가정.",user_input,43,3,18,2,N,0.491
female,27,770000,취업준비생,미혼,진보적,66000,163000,유행,"성분, 가격",아디다스,이니스프리 화장품 1387,이니스프리,화장품,163000,,,"이니스프리 화장품 상품. 주요 특징: 성분, 가격, 후기, 피부관리, 선물, 데일리.",manual,12,3,1,3,Y,0.733
female,32,7140000,전문직,미혼,진보적,790000,358000,인테리어,"희소성, 감성",리바트,리바트 가구 1388,리바트,가구,358000,,1908.0,"리바트 가구 상품. 주요 특징: 내구성, 크기, 디자인, 이사, 인테리어, 생활.",user_input,50,5,9,1,N,0.41
male,27,3790000,공무원,미혼,진보적,572000,53000,청소,"희소성, 감성",유한킴벌리,유한킴벌리 생활용품 1389,유한킴벌리,생활용품,53000,,2264.0,"유한킴벌리 생활용품 상품. 주요 특징: 가격, 내구성, 용량, 생활, 청소, 가정.",manual,40,5,11,1,N,0.37
male,21,730000,학생,미혼,진보적,43000,891000,가족,"가격, 일정",라네즈,하나투어 여행 1390,하나투어,여행,891000,4.84,,"하나투어 여행 상품. 주요 특징: 가격, 일정, 숙소, 휴식, 가족, 기념일.",user_input,17,18,11,14,Y,0.583
male,24,840000,학생,미혼,보수적,140000,33000,회복,"성분, 후기",삼성,정관장 건강관리 1391,정관장,건강관리,33000,4.9,686.0,"정관장 건강관리 상품. 주요 특징: 성분, 후기, 안전성, 건강, 부모님, 회복.",manual,35,1,18,3,N,0.513
female,32,4680000,프리랜서,기혼,진보적,406000,1278000,선물,"가격, 일정",하나투어,하나투어 여행 1392,하나투어,여행,1278000,3.28,2617.0,"하나투어 여행 상품. 주요 특징: 가격, 일정, 숙소, 휴식, 가족, 기념일.",manual,52,9,17,4,Y,0.696
male,25,680000,학생,미혼,진보적,92000,4623000,소장,"브랜드, 희소성",리바트,샤넬 명품 1393,샤넬,명품,4623000,,1781.0,"샤넬 명품 상품. 주요 특징: 브랜드, 희소성, 디자인, 선물, 보상, 소장.",manual,40,60,22,55,Y,0.811
male,55,5540000,프리랜서,기혼,진보적,769000,54000,소장,"희소성, 감성",클래스101,클래스101 교육 1394,클래스101,교육,54000,3.9,,"클래스101 교육 상품. 주요 특징: 강의품질, 가격, 커리큘럼, 공부, 취업, 자기계발.",naver_api,7,2,13,1,N,0.568
male,60,3410000,은퇴자,미혼,보수적,745000,16000,식사,"가격, 신선도",CJ,CJ 식품 1395,CJ,식품,16000,4.7,,"CJ 식품 상품. 주요 특징: 가격, 신선도, 배송, 생활, 식사, 가족.",naver_api,15,1,19,2,N,0.238
male,64,5620000,자영업,미혼,진보적,1160000,7000,식사,"가격, 신선도",CJ,CJ 식품 1396,CJ,식품,7000,,,"CJ 식품 상품. 주요 특징: 가격, 신선도, 배송, 생활, 식사, 가족.",user_input,4,5,15,2,N,0.238
male,23,690000,학생,미혼,보수적,131000,667000,공부,"성능, 배터리",애플,애플 전자기기 1397,애플,전자기기,667000,4.72,3371.0,"애플 전자기기 상품. 주요 특징: 성능, 배터리, 휴대성, 업무, 공부, 게임, 콘텐츠.",image_estimate,54,17,12,9,Y,0.451
female,35,4530000,사무직,기혼,진보적,234000,1336000,휴식,"가격, 일정",하나투어,하나투어 여행 1398,하나투어,여행,1336000,4.36,,"하나투어 여행 상품. 주요 특징: 가격, 일정, 숙소, 휴식, 가족, 기념일.",image_estimate,5,6,3,5,Y,0.479
male,54,6180000,전문직,기혼,진보적,1105000,153000,출근,"디자인, 착용감",마이리얼트립,ZARA 패션 1399,ZARA,패션,153000,4.77,168.0,"ZARA 패션 상품. 주요 특징: 디자인, 착용감, 브랜드, 출근, 데이트, 여행.",crawler,33,5,18,2,N,0.388
male,48,7520000,전문직,미혼,보수적,277000,2462000,선물,"성능, 배터리",레노버,레노버 전자기기 1400,레노버,전자기기,2462000,,3250.0,"레노버 전자기기 상품. 주요 특징: 성능, 배터리, 휴대성, 업무, 공부, 게임, 콘텐츠.",image_estimate,44,4,20,4,Y,0.676
female,33,760000,취업준비생,미혼,진보적,101000,19000,소장,"성분, 가격",유한킴벌리,설화수 화장품 1401,설화수,화장품,19000,3.79,1574.0,"설화수 화장품 상품. 주요 특징: 성분, 가격, 후기, 피부관리, 선물, 데일리.",image_estimate,40,1,10,3,N,0.517
female,47,5140000,프리랜서,미혼,진보적,1023000,1895000,건강,"희소성, 감성",COS,종근당 건강관리 1402,종근당,건강관리,1895000,3.2,1340.0,"종근당 건강관리 상품. 주요 특징: 성분, 후기, 안전성, 건강, 부모님, 회복.",manual,46,7,16,6,Y,0.634
male,58,3360000,은퇴자,기혼,진보적,437000,17000,가족,"희소성, 감성",하나투어,동원 식품 1403,동원,식품,17000,3.22,3237.0,"동원 식품 상품. 주요 특징: 가격, 신선도, 배송, 생활, 식사, 가족.",crawler,50,0,14,1,N,0.653
male,35,4210000,프리랜서,미혼,진보적,641000,9000,청소,"희소성, 감성",루이비통,3M 생활용품 1404,3M,생활용품,9000,3.4,2173.0,"3M 생활용품 상품. 주요 특징: 가격, 내구성, 용량, 생활, 청소, 가정.",naver_api,50,1,17,3,N,0.439
female,35,3460000,프리랜서,기혼,진보적,643000,318000,피부관리,"희소성, 감성",설화수,설화수 화장품 1405,설화수,화장품,318000,4.03,2900.0,"설화수 화장품 상품. 주요 특징: 성분, 가격, 후기, 피부관리, 선물, 데일리.",crawler,43,4,20,2,N,0.358
female,69,2560000,은퇴자,기혼,진보적,389000,76000,생활,"희소성, 감성",동원,동원 식품 1406,동원,식품,76000,3.89,3919.0,"동원 식품 상품. 주요 특징: 가격, 신선도, 배송, 생활, 식사, 가족.",crawler,44,1,18,1,N,0.399
male,33,8040000,전문직,기혼,보수적,673000,3297000,유행,"희소성, 감성",CJ,샤넬 명품 1407,샤넬,명품,3297000,4.46,3688.0,"샤넬 명품 상품. 주요 특징: 브랜드, 희소성, 디자인, 선물, 보상, 소장.",image_estimate,45,5,10,7,Y,0.842
male,38,3090000,주부,기혼,진보적,417000,107000,공부,"희소성, 감성",유한킴벌리,메가스터디 교육 1408,메가스터디,교육,107000,4.54,,"메가스터디 교육 상품. 주요 특징: 강의품질, 가격, 커리큘럼, 공부, 취업, 자기계발.",image_estimate,9,5,11,1,N,0.443
female,31,1200000,취업준비생,기혼,진보적,157000,6000,휴식,"가격, 내구성",3M,3M 생활용품 1409,3M,생활용품,6000,3.72,1046.0,"3M 생활용품 상품. 주요 특징: 가격, 내구성, 용량, 생활, 청소, 가정.",image_estimate,36,5,10,3,N,0.4
male,22,1230000,취업준비생,미혼,진보적,152000,54000,선물,"희소성, 감성",정관장,오뚜기 식품 1410,오뚜기,식품,54000,4.73,1509.0,"오뚜기 식품 상품. 주요 특징: 가격, 신선도, 배송, 생활, 식사, 가족.",user_input,52,5,20,0,N,0.622
female,56,4060000,공무원,미혼,진보적,558000,900000,게임,"희소성, 감성",애플,애플 전자기기 1411,애플,전자기기,900000,4.61,,"애플 전자기기 상품. 주요 특징: 성능, 배터리, 휴대성, 업무, 공부, 게임, 콘텐츠.",user_input,17,4,15,4,Y,0.532
female,48,5760000,공무원,미혼,보수적,1069000,315000,휴식,"희소성, 감성",COS,COS 패션 1412,COS,패션,315000,4.57,2771.0,"COS 패션 상품. 주요 특징: 디자인, 착용감, 브랜드, 출근, 데이트, 여행.",naver_api,53,5,17,3,N,0.568
female,55,7890000,전문직,기혼,보수적,938000,86000,선물,"성분, 가격",라네즈,라네즈 화장품 1413,라네즈,화장품,86000,4.07,2966.0,"라네즈 화장품 상품. 주요 특징: 성분, 가격, 후기, 피부관리, 선물, 데일리.",user_input,47,2,17,3,N,0.238
male,74,3590000,은퇴자,기혼,진보적,693000,14000,생활,"가격, 신선도",이니스프리,동원 식품 1414,동원,식품,14000,4.1,3495.0,"동원 식품 상품. 주요 특징: 가격, 신선도, 배송, 생활, 식사, 가족.",image_estimate,43,4,10,4,N,0.274
male,46,5450000,대기업직원,기혼,보수적,1037000,6236000,공부,"희소성, 감성",다이소,레노버 전자기기 1415,레노버,전자기기,6236000,3.78,,"레노버 전자기기 상품. 주요 특징: 성능, 배터리, 휴대성, 업무, 공부, 게임, 콘텐츠.",naver_api,14,14,9,13,Y,0.683
male,73,3320000,은퇴자,미혼,진보적,695000,450000,업무,"희소성, 감성",다이소,레노버 전자기기 1416,레노버,전자기기,450000,,,"레노버 전자기기 상품. 주요 특징: 성능, 배터리, 휴대성, 업무, 공부, 게임, 콘텐츠.",manual,7,5,20,2,N,0.499
female,34,2670000,주부,기혼,진보적,229000,807000,소장,"희소성, 감성",리바트,샤넬 명품 1417,샤넬,명품,807000,,1006.0,"샤넬 명품 상품. 주요 특징: 브랜드, 희소성, 디자인, 선물, 보상, 소장.",image_estimate,47,7,12,3,Y,0.865
male,37,6550000,대기업직원,기혼,진보적,1089000,34000,선물,"디자인, 착용감",루이비통,나이키 패션 1418,나이키,패션,34000,4.22,,"나이키 패션 상품. 주요 특징: 디자인, 착용감, 브랜드, 출근, 데이트, 여행.",naver_api,17,5,11,4,N,0.578
female,26,730000,학생,미혼,진보적,30000,1050000,보상,"브랜드, 희소성",구찌,루이비통 명품 1419,루이비통,명품,1050000,4.45,3923.0,"루이비통 명품 상품. 주요 특징: 브랜드, 희소성, 디자인, 선물, 보상, 소장.",manual,54,19,21,16,Y,0.557
female,56,10840000,전문직,미혼,보수적,1512000,405000,보상,"브랜드, 희소성",동원,루이비통 명품 1420,루이비통,명품,405000,3.79,3841.0,"루이비통 명품 상품. 주요 특징: 브랜드, 희소성, 디자인, 선물, 보상, 소장.",crawler,48,3,15,1,N,0.428
male,50,10700000,전문직,기혼,보수적,2007000,948000,데이트,"디자인, 착용감",나이키,나이키 패션 1421,나이키,패션,948000,3.45,2733.0,"나이키 패션 상품. 주요 특징: 디자인, 착용감, 브랜드, 출근, 데이트, 여행.",crawler,54,5,22,1,Y,0.278
male,36,10090000,전문직,기혼,보수적,1372000,45000,휴식,"희소성, 감성",라네즈,라네즈 화장품 1422,라네즈,화장품,45000,,3328.0,"라네즈 화장품 상품. 주요 특징: 성분, 가격, 후기, 피부관리, 선물, 데일리.",manual,44,0,19,1,N,0.575
female,26,4860000,프리랜서,미혼,진보적,256000,192000,피부관리,"성분, 가격",동원,설화수 화장품 1423,설화수,화장품,192000,3.71,317.0,"설화수 화장품 상품. 주요 특징: 성분, 가격, 후기, 피부관리, 선물, 데일리.",crawler,29,3,22,3,N,0.366
male,22,990000,취업준비생,미혼,보수적,93000,765000,데이트,"희소성, 감성",나이키,나이키 패션 1424,나이키,패션,765000,3.81,3923.0,"나이키 패션 상품. 주요 특징: 디자인, 착용감, 브랜드, 출근, 데이트, 여행.",crawler,53,14,11,6,Y,0.594
female,54,2350000,주부,기혼,진보적,202000,1512000,선물,"희소성, 감성",애플,애플 전자기기 1425,애플,전자기기,1512000,,194.0,"애플 전자기기 상품. 주요 특징: 성능, 배터리, 휴대성, 업무, 공부, 게임, 콘텐츠.",manual,28,10,18,5,Y,0.788
female,32,1330000,취업준비생,미혼,진보적,225000,135000,휴식,"희소성, 감성",리바트,아디다스 패션 1426,아디다스,패션,135000,3.59,,"아디다스 패션 상품. 주요 특징: 디자인, 착용감, 브랜드, 출근, 데이트, 여행.",image_estimate,12,5,10,5,N,0.679
female,27,890000,취업준비생,미혼,진보적,125000,417000,소장,"성분, 가격",샤넬,설화수 화장품 1427,설화수,화장품,417000,3.61,240.0,"설화수 화장품 상품. 주요 특징: 성분, 가격, 후기, 피부관리, 선물, 데일리.",crawler,44,10,13,6,Y,0.699
female,58,6400000,자영업,기혼,진보적,688000,1303000,소장,"성능, 배터리",LG,LG 전자기기 1428,LG,전자기기,1303000,3.62,1941.0,"LG 전자기기 상품. 주요 특징: 성능, 배터리, 휴대성, 업무, 공부, 게임, 콘텐츠.",naver_api,48,4,17,3,Y,0.59
female,58,5340000,공무원,미혼,보수적,683000,345000,유행,"희소성, 감성",COS,COS 패션 1429,COS,패션,345000,3.48,,"COS 패션 상품. 주요 특징: 디자인, 착용감, 브랜드, 출근, 데이트, 여행.",manual,13,1,1,2,N,0.609
male,45,3370000,프리랜서,기혼,진보적,328000,132000,자기계발,"강의품질, 가격",샤넬,패스트캠퍼스 교육 1430,패스트캠퍼스,교육,132000,,,"패스트캠퍼스 교육 상품. 주요 특징: 강의품질, 가격, 커리큘럼, 공부, 취업, 자기계발.",user_input,4,3,18,1,N,0.494
male,58,9590000,전문직,기혼,보수적,1534000,175000,이사,"내구성, 크기",이니스프리,이케아 가구 1431,이케아,가구,175000,4.01,270.0,"이케아 가구 상품. 주요 특징: 내구성, 크기, 디자인, 이사, 인테리어, 생활.",manual,43,4,22,1,N,0.383
male,33,3480000,사무직,기혼,진보적,742000,571000,생활,"희소성, 감성",한샘,한샘 가구 1432,한샘,가구,571000,4.12,2942.0,"한샘 가구 상품. 주요 특징: 내구성, 크기, 디자인, 이사, 인테리어, 생활.",crawler,50,3,10,6,Y,0.562
female,36,3470000,주부,기혼,보수적,332000,53000,선물,"가격, 신선도",프라다,동원 식품 1433,동원,식품,53000,4.15,,"동원 식품 상품. 주요 특징: 가격, 신선도, 배송, 생활, 식사, 가족.",user_input,13,2,18,4,N,0.487
female,24,570000,학생,미혼,보수적,123000,1219000,보상,"브랜드, 희소성",루이비통,루이비통 명품 1434,루이비통,명품,1219000,,1783.0,"루이비통 명품 상품. 주요 특징: 브랜드, 희소성, 디자인, 선물, 보상, 소장.",user_input,46,29,22,21,Y,0.529
female,56,9320000,대기업직원,미혼,진보적,450000,134000,유행,"희소성, 감성",애플,애플 전자기기 1435,애플,전자기기,134000,4.89,3826.0,"애플 전자기기 상품. 주요 특징: 성능, 배터리, 휴대성, 업무, 공부, 게임, 콘텐츠.",image_estimate,46,0,0,1,N,0.612
female,28,760000,학생,미혼,진보적,39000,82000,건강,"희소성, 감성",센트룸,센트룸 건강관리 1436,센트룸,건강관리,82000,4.76,682.0,"센트룸 건강관리 상품. 주요 특징: 성분, 후기, 안전성, 건강, 부모님, 회복.",user_input,42,4,20,1,N,0.535
male,59,6380000,전문직,미혼,보수적,1351000,1489000,소장,"내구성, 크기",나이키,이케아 가구 1437,이케아,가구,1489000,4.22,,"이케아 가구 상품. 주요 특징: 내구성, 크기, 디자인, 이사, 인테리어, 생활.",image_estimate,4,6,1,3,Y,0.582
female,30,6830000,자영업,기혼,보수적,925000,2336000,생활,"내구성, 크기",이케아,이케아 가구 1438,이케아,가구,2336000,3.21,,"이케아 가구 상품. 주요 특징: 내구성, 크기, 디자인, 이사, 인테리어, 생활.",naver_api,3,4,20,6,Y,0.731
male,60,11450000,전문직,미혼,보수적,2381000,1177000,회복,"성분, 후기",아디다스,종근당 건강관리 1439,종근당,건강관리,1177000,,409.0,"종근당 건강관리 상품. 주요 특징: 성분, 후기, 안전성, 건강, 부모님, 회복.",user_input,39,2,2,1,Y,0.565
male,59,4130000,공무원,미혼,보수적,586000,65000,휴식,"가격, 신선도",오뚜기,오뚜기 식품 1440,오뚜기,식품,65000,,1979.0,"오뚜기 식품 상품. 주요 특징: 가격, 신선도, 배송, 생활, 식사, 가족.",manual,43,2,15,4,N,0.387
female,51,10240000,전문직,미혼,보수적,1042000,744000,선물,"성분, 후기",한샘,종근당 건강관리 1441,종근당,건강관리,744000,3.59,,"종근당 건강관리 상품. 주요 특징: 성분, 후기, 안전성, 건강, 부모님, 회복.",user_input,9,1,10,3,Y,0.606
female,29,780000,학생,기혼,진보적,108000,3930000,소장,"희소성, 감성",대한항공,구찌 명품 1442,구찌,명품,3930000,3.49,,"구찌 명품 상품. 주요 특징: 브랜드, 희소성, 디자인, 선물, 보상, 소장.",user_input,9,60,9,44,Y,0.837
female,31,3760000,프리랜서,기혼,진보적,137000,4172000,휴식,"브랜드, 희소성",루이비통,루이비통 명품 1443,루이비통,명품,4172000,,1981.0,"루이비통 명품 상품. 주요 특징: 브랜드, 희소성, 디자인, 선물, 보상, 소장.",image_estimate,39,15,18,12,Y,0.704
female,53,4710000,자영업,기혼,보수적,261000,11000,휴식,"가격, 신선도",구찌,오뚜기 식품 1444,오뚜기,식품,11000,4.7,239.0,"오뚜기 식품 상품. 주요 특징: 가격, 신선도, 배송, 생활, 식사, 가족.",crawler,36,1,21,0,N,0.498
male,48,4080000,사무직,기혼,진보적,770000,190000,생활,"내구성, 크기",애플,한샘 가구 1445,한샘,가구,190000,3.88,1000.0,"한샘 가구 상품. 주요 특징: 내구성, 크기, 디자인, 이사, 인테리어, 생활.",naver_api,44,5,13,3,N,0.529
male,54,5270000,프리랜서,기혼,진보적,1085000,5000,식사,"가격, 신선도",한샘,CJ 식품 1446,CJ,식품,5000,4.84,808.0,"CJ 식품 상품. 주요 특징: 가격, 신선도, 배송, 생활, 식사, 가족.",manual,35,2,15,3,N,0.267
female,29,880000,학생,미혼,진보적,151000,89000,휴식,"희소성, 감성",설화수,설화수 화장품 1447,설화수,화장품,89000,4.75,2075.0,"설화수 화장품 상품. 주요 특징: 성분, 가격, 후기, 피부관리, 선물, 데일리.",user_input,42,4,18,0,N,0.577
female,55,9470000,전문직,미혼,보수적,876000,114000,소장,"희소성, 감성",이케아,센트룸 건강관리 1448,센트룸,건강관리,114000,3.67,909.0,"센트룸 건강관리 상품. 주요 특징: 성분, 후기, 안전성, 건강, 부모님, 회복.",manual,45,2,21,2,N,0.593
female,72,3260000,은퇴자,미혼,보수적,264000,200000,선물,"희소성, 감성",COS,이케아 가구 1449,이케아,가구,200000,4.47,,"이케아 가구 상품. 주요 특징: 내구성, 크기, 디자인, 이사, 인테리어, 생활.",user_input,11,4,19,1,N,0.642
female,35,7170000,대기업직원,기혼,보수적,1030000,868000,휴식,"가격, 일정",마이리얼트립,대한항공 여행 1450,대한항공,여행,868000,4.89,3052.0,"대한항공 여행 상품. 주요 특징: 가격, 일정, 숙소, 휴식, 가족, 기념일.",crawler,40,2,21,3,Y,0.304
female,32,5800000,프리랜서,기혼,보수적,1195000,431000,선물,"희소성, 감성",다이소,메가스터디 교육 1451,메가스터디,교육,431000,,,"메가스터디 교육 상품. 주요 특징: 강의품질, 가격, 커리큘럼, 공부, 취업, 자기계발.",manual,17,6,18,1,N,0.638
male,63,5890000,자영업,미혼,진보적,1192000,1047000,유행,"희소성, 감성",대한항공,대한항공 여행 1452,대한항공,여행,1047000,4.3,,"대한항공 여행 상품. 주요 특징: 가격, 일정, 숙소, 휴식, 가족, 기념일.",user_input,6,4,14,4,Y,0.649
male,59,3290000,주부,기혼,보수적,346000,693000,선물,"강의품질, 가격",애플,패스트캠퍼스 교육 1453,패스트캠퍼스,교육,693000,4.82,1900.0,"패스트캠퍼스 교육 상품. 주요 특징: 강의품질, 가격, 커리큘럼, 공부, 취업, 자기계발.",manual,41,3,13,2,Y,0.699
male,29,3370000,사무직,기혼,진보적,172000,35000,선물,"희소성, 감성",라네즈,라네즈 화장품 1454,라네즈,화장품,35000,3.74,,"라네즈 화장품 상품. 주요 특징: 성분, 가격, 후기, 피부관리, 선물, 데일리.",naver_api,12,2,19,4,N,0.398
female,63,3560000,은퇴자,기혼,보수적,549000,1162000,회복,"희소성, 감성",종근당,종근당 건강관리 1455,종근당,건강관리,1162000,4.26,2280.0,"종근당 건강관리 상품. 주요 특징: 성분, 후기, 안전성, 건강, 부모님, 회복.",naver_api,43,4,16,6,Y,0.782
male,50,9560000,전문직,미혼,보수적,1633000,87000,출근,"디자인, 착용감",ZARA,ZARA 패션 1456,ZARA,패션,87000,3.31,3631.0,"ZARA 패션 상품. 주요 특징: 디자인, 착용감, 브랜드, 출근, 데이트, 여행.",crawler,41,3,17,0,N,0.249
female,48,5200000,대기업직원,미혼,진보적,157000,37000,선물,"강의품질, 가격",패스트캠퍼스,패스트캠퍼스 교육 1457,패스트캠퍼스,교육,37000,4.16,3016.0,"패스트캠퍼스 교육 상품. 주요 특징: 강의품질, 가격, 커리큘럼, 공부, 취업, 자기계발.",user_input,41,0,1,2,N,0.441
male,37,4750000,프리랜서,미혼,진보적,920000,66000,식사,"가격, 신선도",삼성,동원 식품 1458,동원,식품,66000,3.79,2586.0,"동원 식품 상품. 주요 특징: 가격, 신선도, 배송, 생활, 식사, 가족.",image_estimate,47,4,10,4,N,0.304
male,61,2870000,은퇴자,기혼,진보적,207000,7030000,게임,"성능, 배터리",프라다,LG 전자기기 1459,LG,전자기기,7030000,4.23,,"LG 전자기기 상품. 주요 특징: 성능, 배터리, 휴대성, 업무, 공부, 게임, 콘텐츠.",image_estimate,14,35,19,22,Y,0.587
male,30,8860000,전문직,기혼,보수적,1084000,664000,소장,"성능, 배터리",다이소,LG 전자기기 1460,LG,전자기기,664000,4.84,,"LG 전자기기 상품. 주요 특징: 성능, 배터리, 휴대성, 업무, 공부, 게임, 콘텐츠.",image_estimate,10,2,16,3,Y,0.499
male,23,1340000,취업준비생,미혼,진보적,90000,33000,유행,"디자인, 착용감",레노버,아디다스 패션 1461,아디다스,패션,33000,4.01,1286.0,"아디다스 패션 상품. 주요 특징: 디자인, 착용감, 브랜드, 출근, 데이트, 여행.",image_estimate,52,0,14,4,N,0.568
male,25,830000,취업준비생,미혼,진보적,133000,586000,휴식,"내구성, 크기",하나투어,한샘 가구 1462,한샘,가구,586000,4.4,,"한샘 가구 상품. 주요 특징: 내구성, 크기, 디자인, 이사, 인테리어, 생활.",manual,10,12,9,5,Y,0.806
male,21,670000,학생,기혼,진보적,39000,87000,유행,"가격, 내구성",다이소,다이소 생활용품 1463,다이소,생활용품,87000,,1367.0,"다이소 생활용품 상품. 주요 특징: 가격, 내구성, 용량, 생활, 청소, 가정.",image_estimate,48,3,13,1,N,0.585
male,43,11420000,전문직,미혼,진보적,1833000,119000,휴식,"강의품질, 가격",클래스101,클래스101 교육 1464,클래스101,교육,119000,,2288.0,"클래스101 교육 상품. 주요 특징: 강의품질, 가격, 커리큘럼, 공부, 취업, 자기계발.",manual,47,4,19,0,N,0.419
female,69,2490000,은퇴자,미혼,보수적,301000,540000,선물,"성분, 가격",패스트캠퍼스,이니스프리 화장품 1465,이니스프리,화장품,540000,,1397.0,"이니스프리 화장품 상품. 주요 특징: 성분, 가격, 후기, 피부관리, 선물, 데일리.",crawler,42,7,21,3,Y,0.514
male,58,5310000,공무원,미혼,진보적,343000,281000,데일리,"성분, 가격",설화수,설화수 화장품 1466,설화수,화장품,281000,,,"설화수 화장품 상품. 주요 특징: 성분, 가격, 후기, 피부관리, 선물, 데일리.",manual,12,1,21,3,N,0.476
female,23,1190000,취업준비생,미혼,보수적,155000,2751000,휴식,"가격, 일정",프라다,대한항공 여행 1467,대한항공,여행,2751000,,1532.0,"대한항공 여행 상품. 주요 특징: 가격, 일정, 숙소, 휴식, 가족, 기념일.",image_estimate,38,30,10,20,Y,0.534
female,27,590000,학생,미혼,보수적,96000,6000,가족,"희소성, 감성",CJ,CJ 식품 1468,CJ,식품,6000,,448.0,"CJ 식품 상품. 주요 특징: 가격, 신선도, 배송, 생활, 식사, 가족.",image_estimate,42,4,11,3,N,0.54
male,36,2270000,주부,미혼,진보적,419000,61000,출근,"희소성, 감성",구찌,나이키 패션 1469,나이키,패션,61000,,1654.0,"나이키 패션 상품. 주요 특징: 디자인, 착용감, 브랜드, 출근, 데이트, 여행.",naver_api,39,5,20,2,N,0.487
female,43,5030000,프리랜서,미혼,보수적,1035000,1290000,소장,"희소성, 감성",CJ,구찌 명품 1470,구찌,명품,1290000,4.14,1515.0,"구찌 명품 상품. 주요 특징: 브랜드, 희소성, 디자인, 선물, 보상, 소장.",user_input,47,8,21,4,Y,0.683
female,25,960000,취업준비생,기혼,진보적,132000,4000,생활,"희소성, 감성",오뚜기,오뚜기 식품 1471,오뚜기,식품,4000,4.11,3887.0,"오뚜기 식품 상품. 주요 특징: 가격, 신선도, 배송, 생활, 식사, 가족.",user_input,44,5,10,1,N,0.311
male,35,9030000,대기업직원,기혼,보수적,785000,53000,선물,"가격, 신선도",하나투어,동원 식품 1472,동원,식품,53000,3.45,,"동원 식품 상품. 주요 특징: 가격, 신선도, 배송, 생활, 식사, 가족.",manual,3,0,22,2,N,0.511
male,46,5410000,프리랜서,미혼,진보적,565000,3100000,보상,"희소성, 감성",패스트캠퍼스,샤넬 명품 1473,샤넬,명품,3100000,4.27,,"샤넬 명품 상품. 주요 특징: 브랜드, 희소성, 디자인, 선물, 보상, 소장.",crawler,6,9,17,5,Y,0.682
male,27,1160000,취업준비생,미혼,보수적,108000,189000,여행,"디자인, 착용감",아디다스,아디다스 패션 1474,아디다스,패션,189000,4.0,710.0,"아디다스 패션 상품. 주요 특징: 디자인, 착용감, 브랜드, 출근, 데이트, 여행.",manual,41,3,3,1,N,0.635
female,22,910000,학생,미혼,보수적,118000,1270000,가족,"가격, 일정",아디다스,하나투어 여행 1475,하나투어,여행,1270000,3.71,,"하나투어 여행 상품. 주요 특징: 가격, 일정, 숙소, 휴식, 가족, 기념일.",manual,8,20,13,15,Y,0.548
female,42,5220000,사무직,미혼,진보적,635000,27000,데일리,"희소성, 감성",구찌,이니스프리 화장품 1476,이니스프리,화장품,27000,4.7,3899.0,"이니스프리 화장품 상품. 주요 특징: 성분, 가격, 후기, 피부관리, 선물, 데일리.",user_input,53,2,20,4,N,0.621
male,49,4250000,공무원,기혼,보수적,743000,3110000,유행,"가격, 일정",COS,마이리얼트립 여행 1477,마이리얼트립,여행,3110000,,,"마이리얼트립 여행 상품. 주요 특징: 가격, 일정, 숙소, 휴식, 가족, 기념일.",naver_api,17,12,19,10,Y,0.798
male,35,3630000,사무직,기혼,진보적,259000,1975000,콘텐츠,"성능, 배터리",레노버,레노버 전자기기 1478,레노버,전자기기,1975000,4.2,3686.0,"레노버 전자기기 상품. 주요 특징: 성능, 배터리, 휴대성, 업무, 공부, 게임, 콘텐츠.",crawler,47,10,12,7,Y,0.627
male,38,6480000,대기업직원,기혼,보수적,599000,9000,생활,"가격, 내구성",소니,유한킴벌리 생활용품 1479,유한킴벌리,생활용품,9000,4.73,203.0,"유한킴벌리 생활용품 상품. 주요 특징: 가격, 내구성, 용량, 생활, 청소, 가정.",naver_api,27,0,19,4,N,0.284
female,74,3140000,은퇴자,기혼,진보적,408000,143000,회복,"성분, 후기",종근당,종근당 건강관리 1480,종근당,건강관리,143000,4.66,,"종근당 건강관리 상품. 주요 특징: 성분, 후기, 안전성, 건강, 부모님, 회복.",manual,9,2,0,5,N,0.446
female,32,1330000,취업준비생,미혼,보수적,215000,893000,공부,"희소성, 감성",센트룸,패스트캠퍼스 교육 1481,패스트캠퍼스,교육,893000,,170.0,"패스트캠퍼스 교육 상품. 주요 특징: 강의품질, 가격, 커리큘럼, 공부, 취업, 자기계발.",image_estimate,32,13,10,7,Y,0.66
female,25,1090000,취업준비생,기혼,보수적,82000,865000,선물,"강의품질, 가격",패스트캠퍼스,패스트캠퍼스 교육 1482,패스트캠퍼스,교육,865000,4.55,137.0,"패스트캠퍼스 교육 상품. 주요 특징: 강의품질, 가격, 커리큘럼, 공부, 취업, 자기계발.",crawler,35,13,11,11,Y,0.61
male,38,5200000,프리랜서,미혼,진보적,289000,227000,부모님,"희소성, 감성",정관장,정관장 건강관리 1483,정관장,건강관리,227000,4.44,1783.0,"정관장 건강관리 상품. 주요 특징: 성분, 후기, 안전성, 건강, 부모님, 회복.",naver_api,38,6,17,3,N,0.391
male,73,3680000,은퇴자,기혼,진보적,516000,6000,가정,"가격, 내구성",유한킴벌리,3M 생활용품 1484,3M,생활용품,6000,3.72,2001.0,"3M 생활용품 상품. 주요 특징: 가격, 내구성, 용량, 생활, 청소, 가정.",crawler,44,2,14,2,N,0.521
male,29,990000,취업준비생,미혼,진보적,204000,558000,피부관리,"희소성, 감성",이케아,이니스프리 화장품 1485,이니스프리,화장품,558000,4.48,3851.0,"이니스프리 화장품 상품. 주요 특징: 성분, 가격, 후기, 피부관리, 선물, 데일리.",naver_api,46,7,15,6,Y,0.695
male,63,5580000,자영업,기혼,보수적,343000,734000,이사,"희소성, 감성",이케아,이케아 가구 1486,이케아,가구,734000,4.53,,"이케아 가구 상품. 주요 특징: 내구성, 크기, 디자인, 이사, 인테리어, 생활.",manual,17,3,18,3,Y,0.629
female,46,4610000,자영업,미혼,보수적,765000,94000,데이트,"희소성, 감성",하나투어,ZARA 패션 1487,ZARA,패션,94000,3.77,827.0,"ZARA 패션 상품. 주요 특징: 디자인, 착용감, 브랜드, 출근, 데이트, 여행.",user_input,46,5,15,2,N,0.482
male,38,6410000,대기업직원,기혼,보수적,1373000,4000,식사,"희소성, 감성",오뚜기,오뚜기 식품 1488,오뚜기,식품,4000,4.41,9.0,"오뚜기 식품 상품. 주요 특징: 가격, 신선도, 배송, 생활, 식사, 가족.",image_estimate,16,0,11,4,N,0.378
female,31,7020000,자영업,기혼,진보적,1246000,129000,인테리어,"희소성, 감성",리바트,리바트 가구 1489,리바트,가구,129000,3.35,1352.0,"리바트 가구 상품. 주요 특징: 내구성, 크기, 디자인, 이사, 인테리어, 생활.",crawler,52,0,11,1,N,0.414
male,39,5370000,대기업직원,기혼,진보적,651000,130000,소장,"희소성, 감성",이케아,이케아 가구 1490,이케아,가구,130000,4.26,,"이케아 가구 상품. 주요 특징: 내구성, 크기, 디자인, 이사, 인테리어, 생활.",image_estimate,7,5,20,2,N,0.526
female,20,860000,학생,미혼,보수적,39000,116000,생활,"내구성, 크기",이케아,이케아 가구 1491,이케아,가구,116000,,559.0,"이케아 가구 상품. 주요 특징: 내구성, 크기, 디자인, 이사, 인테리어, 생활.",manual,38,2,10,5,N,0.688
female,22,830000,학생,기혼,보수적,70000,51000,취업,"희소성, 감성",클래스101,클래스101 교육 1492,클래스101,교육,51000,4.08,2110.0,"클래스101 교육 상품. 주요 특징: 강의품질, 가격, 커리큘럼, 공부, 취업, 자기계발.",image_estimate,40,5,21,4,N,0.354
female,45,4010000,사무직,기혼,보수적,858000,163000,회복,"성분, 후기",COS,종근당 건강관리 1493,종근당,건강관리,163000,,,"종근당 건강관리 상품. 주요 특징: 성분, 후기, 안전성, 건강, 부모님, 회복.",manual,7,0,21,2,N,0.571
female,26,640000,학생,미혼,보수적,102000,2493000,생활,"내구성, 크기",이케아,이케아 가구 1494,이케아,가구,2493000,,1553.0,"이케아 가구 상품. 주요 특징: 내구성, 크기, 디자인, 이사, 인테리어, 생활.",manual,45,50,10,31,Y,0.69
female,40,4090000,사무직,기혼,보수적,525000,60000,휴식,"성분, 가격",이니스프리,이니스프리 화장품 1495,이니스프리,화장품,60000,4.02,781.0,"이니스프리 화장품 상품. 주요 특징: 성분, 가격, 후기, 피부관리, 선물, 데일리.",crawler,40,0,21,4,N,0.427
female,41,2690000,주부,기혼,보수적,323000,1001000,소장,"희소성, 감성",동원,샤넬 명품 1496,샤넬,명품,1001000,3.46,,"샤넬 명품 상품. 주요 특징: 브랜드, 희소성, 디자인, 선물, 보상, 소장.",crawler,11,4,18,5,Y,0.868
female,47,6210000,전문직,미혼,진보적,264000,219000,휴식,"희소성, 감성",아디다스,마이리얼트립 여행 1497,마이리얼트립,여행,219000,4.86,832.0,"마이리얼트립 여행 상품. 주요 특징: 가격, 일정, 숙소, 휴식, 가족, 기념일.",manual,47,4,9,4,N,0.466
male,47,11470000,전문직,기혼,진보적,1942000,1060000,유행,"가격, 일정",나이키,마이리얼트립 여행 1498,마이리얼트립,여행,1060000,4.06,154.0,"마이리얼트립 여행 상품. 주요 특징: 가격, 일정, 숙소, 휴식, 가족, 기념일.",user_input,39,6,3,5,Y,0.519
female,30,1220000,취업준비생,미혼,진보적,41000,66000,휴식,"가격, 내구성",동원,3M 생활용품 1499,3M,생활용품,66000,4.1,1517.0,"3M 생활용품 상품. 주요 특징: 가격, 내구성, 용량, 생활, 청소, 가정.",crawler,40,3,19,1,N,0.599
male,32,2570000,주부,기혼,진보적,322000,524000,가족,"희소성, 감성",대한항공,대한항공 여행 1500,대한항공,여행,524000,3.98,3134.0,"대한항공 여행 상품. 주요 특징: 가격, 일정, 숙소, 휴식, 가족, 기념일.",user_input,54,2,18,1,Y,0.517
male,55,9400000,대기업직원,미혼,진보적,793000,21000,휴식,"가격, 내구성",센트룸,3M 생활용품 1501,3M,생활용품,21000,,2067.0,"3M 생활용품 상품. 주요 특징: 가격, 내구성, 용량, 생활, 청소, 가정.",naver_api,39,4,21,4,N,0.477
female,45,2850000,주부,미혼,보수적,358000,804000,소장,"브랜드, 희소성",루이비통,루이비통 명품 1502,루이비통,명품,804000,,1374.0,"루이비통 명품 상품. 주요 특징: 브랜드, 희소성, 디자인, 선물, 보상, 소장.",naver_api,48,4,19,6,Y,0.739
male,24,810000,취업준비생,미혼,보수적,46000,4116000,업무,"희소성, 감성",애플,애플 전자기기 1503,애플,전자기기,4116000,3.83,195.0,"애플 전자기기 상품. 주요 특징: 성능, 배터리, 휴대성, 업무, 공부, 게임, 콘텐츠.",image_estimate,36,60,11,42,Y,0.566
female,28,9140000,대기업직원,미혼,진보적,1940000,60000,자기계발,"강의품질, 가격",3M,패스트캠퍼스 교육 1504,패스트캠퍼스,교육,60000,3.71,1046.0,"패스트캠퍼스 교육 상품. 주요 특징: 강의품질, 가격, 커리큘럼, 공부, 취업, 자기계발.",image_estimate,40,1,16,1,N,0.536
male,30,720000,취업준비생,기혼,보수적,99000,371000,선물,"희소성, 감성",프라다,프라다 명품 1505,프라다,명품,371000,,3279.0,"프라다 명품 상품. 주요 특징: 브랜드, 희소성, 디자인, 선물, 보상, 소장.",image_estimate,47,10,22,5,Y,0.547
male,26,530000,학생,미혼,보수적,71000,1347000,휴식,"성분, 후기",프라다,센트룸 건강관리 1506,센트룸,건강관리,1347000,4.63,,"센트룸 건강관리 상품. 주요 특징: 성분, 후기, 안전성, 건강, 부모님, 회복.",naver_api,13,34,12,23,Y,0.762
female,37,4380000,공무원,기혼,보수적,229000,779000,데이트,"희소성, 감성",COS,COS 패션 1507,COS,패션,779000,4.13,,"COS 패션 상품. 주요 특징: 디자인, 착용감, 브랜드, 출근, 데이트, 여행.",manual,9,6,14,3,Y,0.646
female,66,3680000,은퇴자,기혼,진보적,667000,20000,소장,"가격, 신선도",대한항공,오뚜기 식품 1508,오뚜기,식품,20000,4.59,,"오뚜기 식품 상품. 주요 특징: 가격, 신선도, 배송, 생활, 식사, 가족.",user_input,7,1,11,3,N,0.487
female,39,10730000,전문직,미혼,진보적,605000,44000,취업,"희소성, 감성",클래스101,클래스101 교육 1509,클래스101,교육,44000,4.35,3212.0,"클래스101 교육 상품. 주요 특징: 강의품질, 가격, 커리큘럼, 공부, 취업, 자기계발.",crawler,51,0,12,0,N,0.364
male,59,3230000,은퇴자,미혼,보수적,562000,359000,가족,"가격, 일정",루이비통,하나투어 여행 1510,하나투어,여행,359000,4.48,,"하나투어 여행 상품. 주요 특징: 가격, 일정, 숙소, 휴식, 가족, 기념일.",naver_api,5,3,11,4,N,0.306
female,55,4980000,사무직,미혼,보수적,187000,190000,공부,"희소성, 감성",소니,소니 전자기기 1511,소니,전자기기,190000,3.24,3902.0,"소니 전자기기 상품. 주요 특징: 성능, 배터리, 휴대성, 업무, 공부, 게임, 콘텐츠.",user_input,50,5,19,3,N,0.391
male,53,7740000,전문직,기혼,보수적,624000,98000,회복,"성분, 후기",하나투어,정관장 건강관리 1512,정관장,건강관리,98000,3.87,3033.0,"정관장 건강관리 상품. 주요 특징: 성분, 후기, 안전성, 건강, 부모님, 회복.",manual,53,1,22,0,N,0.516
female,30,2970000,주부,기혼,진보적,311000,386000,인테리어,"내구성, 크기",이케아,한샘 가구 1513,한샘,가구,386000,,3492.0,"한샘 가구 상품. 주요 특징: 내구성, 크기, 디자인, 이사, 인테리어, 생활.",crawler,48,3,17,3,N,0.396
male,47,3780000,프리랜서,기혼,보수적,262000,696000,이사,"희소성, 감성",LG,이케아 가구 1514,이케아,가구,696000,4.29,,"이케아 가구 상품. 주요 특징: 내구성, 크기, 디자인, 이사, 인테리어, 생활.",crawler,15,7,14,5,Y,0.679
female,57,9240000,대기업직원,기혼,진보적,961000,1858000,선물,"가격, 일정",하나투어,하나투어 여행 1515,하나투어,여행,1858000,4.13,418.0,"하나투어 여행 상품. 주요 특징: 가격, 일정, 숙소, 휴식, 가족, 기념일.",image_estimate,38,6,14,2,Y,0.689
male,37,3630000,공무원,기혼,진보적,627000,7131000,소장,"희소성, 감성",삼성,삼성 전자기기 1516,삼성,전자기기,7131000,3.98,20.0,"삼성 전자기기 상품. 주요 특징: 성능, 배터리, 휴대성, 업무, 공부, 게임, 콘텐츠.",image_estimate,18,23,11,19,Y,0.838
male,50,8420000,전문직,기혼,보수적,984000,365000,보상,"브랜드, 희소성",샤넬,샤넬 명품 1517,샤넬,명품,365000,4.28,,"샤넬 명품 상품. 주요 특징: 브랜드, 희소성, 디자인, 선물, 보상, 소장.",naver_api,15,4,1,4,N,0.344
female,40,2840000,주부,기혼,보수적,444000,202000,선물,"희소성, 감성",소니,라네즈 화장품 1518,라네즈,화장품,202000,3.49,,"라네즈 화장품 상품. 주요 특징: 성분, 가격, 후기, 피부관리, 선물, 데일리.",crawler,11,6,3,2,N,0.509
female,20,790000,학생,미혼,보수적,74000,293000,업무,"성능, 배터리",ZARA,소니 전자기기 1519,소니,전자기기,293000,4.87,3665.0,"소니 전자기기 상품. 주요 특징: 성능, 배터리, 휴대성, 업무, 공부, 게임, 콘텐츠.",manual,48,5,20,7,Y,0.518
male,27,1340000,취업준비생,기혼,보수적,241000,530000,소장,"희소성, 감성",아디다스,이니스프리 화장품 1520,이니스프리,화장품,530000,3.39,,"이니스프리 화장품 상품. 주요 특징: 성분, 가격, 후기, 피부관리, 선물, 데일리.",manual,15,5,2,4,Y,0.87
male,55,4470000,자영업,기혼,보수적,560000,475000,데이트,"희소성, 감성",COS,COS 패션 1521,COS,패션,475000,4.19,3990.0,"COS 패션 상품. 주요 특징: 디자인, 착용감, 브랜드, 출근, 데이트, 여행.",crawler,57,4,13,4,N,0.375
female,37,3730000,프리랜서,기혼,보수적,719000,16000,선물,"희소성, 감성",나이키,오뚜기 식품 1522,오뚜기,식품,16000,4.89,1077.0,"오뚜기 식품 상품. 주요 특징: 가격, 신선도, 배송, 생활, 식사, 가족.",user_input,43,0,22,4,N,0.633
female,25,1040000,취업준비생,미혼,진보적,47000,204000,소장,"희소성, 감성",오뚜기,LG 전자기기 1523,LG,전자기기,204000,4.61,,"LG 전자기기 상품. 주요 특징: 성능, 배터리, 휴대성, 업무, 공부, 게임, 콘텐츠.",naver_api,9,7,19,5,Y,0.884
male,65,3620000,은퇴자,기혼,진보적,316000,66000,이사,"희소성, 감성",이케아,이케아 가구 1524,이케아,가구,66000,3.78,2279.0,"이케아 가구 상품. 주요 특징: 내구성, 크기, 디자인, 이사, 인테리어, 생활.",crawler,41,2,15,1,N,0.412
female,21,700000,학생,미혼,진보적,67000,5625000,게임,"성능, 배터리",소니,소니 전자기기 1525,소니,전자기기,5625000,3.57,354.0,"소니 전자기기 상품. 주요 특징: 성능, 배터리, 휴대성, 업무, 공부, 게임, 콘텐츠.",crawler,34,60,22,60,Y,0.46
female,60,10180000,전문직,미혼,진보적,503000,28000,소장,"희소성, 감성",설화수,설화수 화장품 1526,설화수,화장품,28000,3.55,2496.0,"설화수 화장품 상품. 주요 특징: 성분, 가격, 후기, 피부관리, 선물, 데일리.",manual,42,3,17,2,N,0.582
female,29,820000,학생,미혼,진보적,95000,27000,식사,"가격, 신선도",루이비통,CJ 식품 1527,CJ,식품,27000,,2384.0,"CJ 식품 상품. 주요 특징: 가격, 신선도, 배송, 생활, 식사, 가족.",image_estimate,44,5,14,1,N,0.311
male,73,3020000,은퇴자,미혼,진보적,110000,322000,유행,"희소성, 감성",레노버,레노버 전자기기 1528,레노버,전자기기,322000,4.05,3838.0,"레노버 전자기기 상품. 주요 특징: 성능, 배터리, 휴대성, 업무, 공부, 게임, 콘텐츠.",naver_api,53,4,3,5,N,0.788
male,25,820000,취업준비생,미혼,보수적,26000,57000,건강,"희소성, 감성",소니,센트룸 건강관리 1529,센트룸,건강관리,57000,4.51,2906.0,"센트룸 건강관리 상품. 주요 특징: 성분, 후기, 안전성, 건강, 부모님, 회복.",manual,55,6,19,1,N,0.664
female,47,3340000,사무직,기혼,보수적,367000,199000,휴식,"희소성, 감성",COS,COS 패션 1530,COS,패션,199000,3.86,3509.0,"COS 패션 상품. 주요 특징: 디자인, 착용감, 브랜드, 출근, 데이트, 여행.",crawler,41,2,14,3,N,0.59
female,53,5050000,프리랜서,미혼,보수적,474000,403000,피부관리,"성분, 가격",설화수,설화수 화장품 1531,설화수,화장품,403000,,1465.0,"설화수 화장품 상품. 주요 특징: 성분, 가격, 후기, 피부관리, 선물, 데일리.",user_input,38,1,9,1,N,0.268
male,29,4820000,프리랜서,기혼,보수적,1059000,911000,공부,"희소성, 감성",레노버,레노버 전자기기 1532,레노버,전자기기,911000,3.42,1893.0,"레노버 전자기기 상품. 주요 특징: 성능, 배터리, 휴대성, 업무, 공부, 게임, 콘텐츠.",image_estimate,46,4,10,5,Y,0.425
female,41,6730000,자영업,기혼,보수적,549000,28000,휴식,"성분, 가격",ZARA,설화수 화장품 1533,설화수,화장품,28000,4.54,1000.0,"설화수 화장품 상품. 주요 특징: 성분, 가격, 후기, 피부관리, 선물, 데일리.",naver_api,50,3,11,4,N,0.495
male,32,6620000,자영업,미혼,진보적,263000,236000,생활,"희소성, 감성",소니,리바트 가구 1534,리바트,가구,236000,,1915.0,"리바트 가구 상품. 주요 특징: 내구성, 크기, 디자인, 이사, 인테리어, 생활.",naver_api,47,5,3,1,N,0.654
male,65,5810000,자영업,미혼,진보적,236000,1894000,선물,"희소성, 감성",정관장,정관장 건강관리 1535,정관장,건강관리,1894000,4.39,,"정관장 건강관리 상품. 주요 특징: 성분, 후기, 안전성, 건강, 부모님, 회복.",crawler,16,7,19,5,Y,0.769
male,36,4060000,자영업,미혼,보수적,175000,1112000,이사,"내구성, 크기",동원,이케아 가구 1536,이케아,가구,1112000,3.39,2819.0,"이케아 가구 상품. 주요 특징: 내구성, 크기, 디자인, 이사, 인테리어, 생활.",image_estimate,46,7,17,5,Y,0.537
female,30,7360000,자영업,기혼,진보적,703000,1048000,보상,"브랜드, 희소성",루이비통,루이비통 명품 1537,루이비통,명품,1048000,,1263.0,"루이비통 명품 상품. 주요 특징: 브랜드, 희소성, 디자인, 선물, 보상, 소장.",user_input,41,2,3,2,Y,0.44
male,43,5570000,프리랜서,기혼,진보적,1058000,591000,휴식,"디자인, 착용감",ZARA,ZARA 패션 1538,ZARA,패션,591000,4.71,,"ZARA 패션 상품. 주요 특징: 디자인, 착용감, 브랜드, 출근, 데이트, 여행.",image_estimate,2,5,3,5,Y,0.511
female,44,10130000,전문직,미혼,보수적,1216000,8000,식사,"희소성, 감성",동원,동원 식품 1539,동원,식품,8000,4.39,3661.0,"동원 식품 상품. 주요 특징: 가격, 신선도, 배송, 생활, 식사, 가족.",manual,57,2,15,0,N,0.336
male,54,4640000,자영업,기혼,보수적,722000,1301000,소장,"성분, 후기",동원,센트룸 건강관리 1540,센트룸,건강관리,1301000,4.23,1924.0,"센트룸 건강관리 상품. 주요 특징: 성분, 후기, 안전성, 건강, 부모님, 회복.",crawler,48,8,20,2,Y,0.714
male,23,780000,취업준비생,미혼,보수적,51000,116000,공부,"강의품질, 가격",패스트캠퍼스,패스트캠퍼스 교육 1541,패스트캠퍼스,교육,116000,4.56,,"패스트캠퍼스 교육 상품. 주요 특징: 강의품질, 가격, 커리큘럼, 공부, 취업, 자기계발.",naver_api,14,7,22,2,N,0.42
male,57,6480000,자영업,미혼,진보적,686000,24000,피부관리,"희소성, 감성",라네즈,라네즈 화장품 1542,라네즈,화장품,24000,,,"라네즈 화장품 상품. 주요 특징: 성분, 가격, 후기, 피부관리, 선물, 데일리.",manual,8,3,12,1,N,0.402
male,22,760000,취업준비생,미혼,보수적,138000,164000,회복,"성분, 후기",대한항공,정관장 건강관리 1543,정관장,건강관리,164000,3.91,3574.0,"정관장 건강관리 상품. 주요 특징: 성분, 후기, 안전성, 건강, 부모님, 회복.",image_estimate,49,2,20,3,Y,0.601
female,33,7310000,전문직,기혼,진보적,339000,212000,자기계발,"강의품질, 가격",패스트캠퍼스,패스트캠퍼스 교육 1544,패스트캠퍼스,교육,212000,3.91,1725.0,"패스트캠퍼스 교육 상품. 주요 특징: 강의품질, 가격, 커리큘럼, 공부, 취업, 자기계발.",crawler,41,5,13,1,N,0.399
male,34,4700000,공무원,기혼,진보적,311000,53000,소장,"희소성, 감성",애플,유한킴벌리 생활용품 1545,유한킴벌리,생활용품,53000,3.86,,"유한킴벌리 생활용품 상품. 주요 특징: 가격, 내구성, 용량, 생활, 청소, 가정.",image_estimate,2,5,16,2,N,0.618
female,20,530000,학생,미혼,보수적,95000,5000,유행,"가격, 신선도",한샘,CJ 식품 1546,CJ,식품,5000,4.69,1153.0,"CJ 식품 상품. 주요 특징: 가격, 신선도, 배송, 생활, 식사, 가족.",naver_api,38,4,19,2,N,0.516
female,39,4090000,사무직,기혼,보수적,712000,71000,회복,"성분, 후기",센트룸,센트룸 건강관리 1547,센트룸,건강관리,71000,4.9,3829.0,"센트룸 건강관리 상품. 주요 특징: 성분, 후기, 안전성, 건강, 부모님, 회복.",manual,47,5,1,4,N,0.477
female,44,3250000,사무직,미혼,진보적,461000,355000,부모님,"성분, 후기",종근당,종근당 건강관리 1548,종근당,건강관리,355000,4.49,,"종근당 건강관리 상품. 주요 특징: 성분, 후기, 안전성, 건강, 부모님, 회복.",user_input,12,4,20,4,N,0.268
male,27,4950000,사무직,미혼,보수적,1022000,545000,소장,"희소성, 감성",정관장,정관장 건강관리 1549,정관장,건강관리,545000,4.39,604.0,"정관장 건강관리 상품. 주요 특징: 성분, 후기, 안전성, 건강, 부모님, 회복.",image_estimate,38,2,10,3,Y,0.559
male,59,8140000,전문직,미혼,진보적,554000,436000,소장,"희소성, 감성",COS,루이비통 명품 1550,루이비통,명품,436000,3.31,2357.0,"루이비통 명품 상품. 주요 특징: 브랜드, 희소성, 디자인, 선물, 보상, 소장.",naver_api,48,2,17,2,N,0.626
male,20,510000,학생,미혼,진보적,99000,290000,소장,"가격, 일정",소니,마이리얼트립 여행 1551,마이리얼트립,여행,290000,4.6,,"마이리얼트립 여행 상품. 주요 특징: 가격, 일정, 숙소, 휴식, 가족, 기념일.",naver_api,14,8,12,7,Y,0.795
male,46,4580000,공무원,기혼,보수적,215000,37000,소장,"희소성, 감성",3M,3M 생활용품 1552,3M,생활용품,37000,4.66,,"3M 생활용품 상품. 주요 특징: 가격, 내구성, 용량, 생활, 청소, 가정.",crawler,9,1,14,2,N,0.545
female,69,2300000,은퇴자,기혼,보수적,214000,71000,데일리,"성분, 가격",프라다,이니스프리 화장품 1553,이니스프리,화장품,71000,4.9,3988.0,"이니스프리 화장품 상품. 주요 특징: 성분, 가격, 후기, 피부관리, 선물, 데일리.",crawler,48,3,10,3,N,0.464
female,32,7270000,대기업직원,기혼,보수적,593000,18000,가정,"희소성, 감성",3M,3M 생활용품 1554,3M,생활용품,18000,4.68,,"3M 생활용품 상품. 주요 특징: 가격, 내구성, 용량, 생활, 청소, 가정.",naver_api,7,4,22,4,N,0.553
male,42,8770000,전문직,기혼,보수적,905000,53000,출근,"디자인, 착용감",클래스101,ZARA 패션 1555,ZARA,패션,53000,4.67,2122.0,"ZARA 패션 상품. 주요 특징: 디자인, 착용감, 브랜드, 출근, 데이트, 여행.",user_input,54,4,18,3,N,0.404
male,46,5400000,프리랜서,기혼,진보적,860000,36000,유행,"성분, 후기",종근당,종근당 건강관리 1556,종근당,건강관리,36000,4.64,1954.0,"종근당 건강관리 상품. 주요 특징: 성분, 후기, 안전성, 건강, 부모님, 회복.",naver_api,54,3,10,0,N,0.466
female,65,2300000,은퇴자,미혼,보수적,181000,889000,유행,"가격, 일정",LG,하나투어 여행 1557,하나투어,여행,889000,,147.0,"하나투어 여행 상품. 주요 특징: 가격, 일정, 숙소, 휴식, 가족, 기념일.",manual,26,10,20,6,Y,0.766
female,32,1270000,취업준비생,기혼,보수적,142000,62000,취업,"강의품질, 가격",패스트캠퍼스,패스트캠퍼스 교육 1558,패스트캠퍼스,교육,62000,,,"패스트캠퍼스 교육 상품. 주요 특징: 강의품질, 가격, 커리큘럼, 공부, 취업, 자기계발.",naver_api,14,6,20,4,N,0.229
female,27,3830000,프리랜서,미혼,보수적,440000,69000,선물,"성분, 후기",하나투어,정관장 건강관리 1559,정관장,건강관리,69000,4.87,,"정관장 건강관리 상품. 주요 특징: 성분, 후기, 안전성, 건강, 부모님, 회복.",manual,3,3,1,3,N,0.586
male,26,5230000,대기업직원,기혼,보수적,594000,964000,유행,"가격, 일정",정관장,하나투어 여행 1560,하나투어,여행,964000,4.17,3675.0,"하나투어 여행 상품. 주요 특징: 가격, 일정, 숙소, 휴식, 가족, 기념일.",user_input,43,2,16,3,Y,0.636
female,33,1130000,취업준비생,기혼,진보적,151000,12000,선물,"가격, 신선도",오뚜기,오뚜기 식품 1561,오뚜기,식품,12000,4.15,,"오뚜기 식품 상품. 주요 특징: 가격, 신선도, 배송, 생활, 식사, 가족.",manual,13,2,14,2,N,0.423
male,28,920000,학생,기혼,진보적,177000,20000,가족,"희소성, 감성",하나투어,동원 식품 1562,동원,식품,20000,3.79,2636.0,"동원 식품 상품. 주요 특징: 가격, 신선도, 배송, 생활, 식사, 가족.",crawler,51,1,16,2,N,0.617
female,30,4430000,프리랜서,미혼,진보적,210000,65000,청소,"가격, 내구성",애플,다이소 생활용품 1563,다이소,생활용품,65000,3.48,927.0,"다이소 생활용품 상품. 주요 특징: 가격, 내구성, 용량, 생활, 청소, 가정.",manual,35,0,0,0,N,0.312
male,43,4970000,자영업,기혼,진보적,661000,19000,생활,"희소성, 감성",라네즈,유한킴벌리 생활용품 1564,유한킴벌리,생활용품,19000,4.13,2829.0,"유한킴벌리 생활용품 상품. 주요 특징: 가격, 내구성, 용량, 생활, 청소, 가정.",naver_api,42,5,10,2,N,0.411
female,34,3720000,사무직,기혼,보수적,369000,23000,소장,"성분, 가격",설화수,설화수 화장품 1565,설화수,화장품,23000,4.52,2835.0,"설화수 화장품 상품. 주요 특징: 성분, 가격, 후기, 피부관리, 선물, 데일리.",crawler,52,1,15,1,N,0.445
male,28,1200000,취업준비생,미혼,진보적,233000,13000,피부관리,"희소성, 감성",라네즈,라네즈 화장품 1566,라네즈,화장품,13000,4.1,2072.0,"라네즈 화장품 상품. 주요 특징: 성분, 가격, 후기, 피부관리, 선물, 데일리.",crawler,42,0,12,2,N,0.426
male,30,8710000,전문직,기혼,진보적,980000,547000,콘텐츠,"희소성, 감성",애플,소니 전자기기 1567,소니,전자기기,547000,,,"소니 전자기기 상품. 주요 특징: 성능, 배터리, 휴대성, 업무, 공부, 게임, 콘텐츠.",crawler,16,5,21,1,Y,0.695
male,35,5620000,사무직,기혼,진보적,401000,237000,휴식,"내구성, 크기",CJ,한샘 가구 1568,한샘,가구,237000,4.15,,"한샘 가구 상품. 주요 특징: 내구성, 크기, 디자인, 이사, 인테리어, 생활.",crawler,15,1,17,4,N,0.555
male,34,7420000,전문직,미혼,진보적,264000,945000,보상,"희소성, 감성",루이비통,루이비통 명품 1569,루이비통,명품,945000,,2018.0,"루이비통 명품 상품. 주요 특징: 브랜드, 희소성, 디자인, 선물, 보상, 소장.",manual,50,1,10,2,Y,0.568
female,35,5420000,사무직,기혼,보수적,1049000,40000,피부관리,"희소성, 감성",소니,설화수 화장품 1570,설화수,화장품,40000,4.58,514.0,"설화수 화장품 상품. 주요 특징: 성분, 가격, 후기, 피부관리, 선물, 데일리.",naver_api,40,0,9,1,N,0.484
female,42,2870000,주부,기혼,진보적,311000,229000,데일리,"성분, 가격",메가스터디,라네즈 화장품 1571,라네즈,화장품,229000,,1230.0,"라네즈 화장품 상품. 주요 특징: 성분, 가격, 후기, 피부관리, 선물, 데일리.",manual,49,6,12,5,N,0.502
male,22,1250000,취업준비생,미혼,보수적,41000,491000,소장,"희소성, 감성",설화수,프라다 명품 1572,프라다,명품,491000,3.99,,"프라다 명품 상품. 주요 특징: 브랜드, 희소성, 디자인, 선물, 보상, 소장.",crawler,4,5,12,3,Y,0.89
female,28,1210000,취업준비생,미혼,진보적,145000,370000,기념일,"희소성, 감성",이니스프리,하나투어 여행 1573,하나투어,여행,370000,4.6,3960.0,"하나투어 여행 상품. 주요 특징: 가격, 일정, 숙소, 휴식, 가족, 기념일.",crawler,44,3,20,3,Y,0.899
female,39,4160000,공무원,미혼,진보적,434000,371000,기념일,"가격, 일정",마이리얼트립,마이리얼트립 여행 1574,마이리얼트립,여행,371000,3.86,,"마이리얼트립 여행 상품. 주요 특징: 가격, 일정, 숙소, 휴식, 가족, 기념일.",user_input,15,6,18,5,N,0.426
female,30,4670000,공무원,미혼,보수적,530000,457000,휴식,"강의품질, 가격",메가스터디,메가스터디 교육 1575,메가스터디,교육,457000,4.38,2426.0,"메가스터디 교육 상품. 주요 특징: 강의품질, 가격, 커리큘럼, 공부, 취업, 자기계발.",manual,54,2,14,1,N,0.422
male,25,4640000,공무원,미혼,진보적,343000,455000,선물,"희소성, 감성",마이리얼트립,정관장 건강관리 1576,정관장,건강관리,455000,4.9,,"정관장 건강관리 상품. 주요 특징: 성분, 후기, 안전성, 건강, 부모님, 회복.",user_input,16,6,9,0,N,0.699
male,41,7520000,전문직,기혼,보수적,444000,411000,출근,"디자인, 착용감",이케아,COS 패션 1577,COS,패션,411000,3.47,759.0,"COS 패션 상품. 주요 특징: 디자인, 착용감, 브랜드, 출근, 데이트, 여행.",manual,42,3,0,1,N,0.347
male,23,790000,취업준비생,미혼,보수적,52000,936000,공부,"성능, 배터리",소니,소니 전자기기 1578,소니,전자기기,936000,3.67,677.0,"소니 전자기기 상품. 주요 특징: 성능, 배터리, 휴대성, 업무, 공부, 게임, 콘텐츠.",image_estimate,36,16,17,11,Y,0.44
male,46,7570000,전문직,미혼,진보적,807000,128000,선물,"디자인, 착용감",ZARA,ZARA 패션 1579,ZARA,패션,128000,4.48,281.0,"ZARA 패션 상품. 주요 특징: 디자인, 착용감, 브랜드, 출근, 데이트, 여행.",user_input,38,1,19,4,N,0.444
male,21,670000,학생,미혼,진보적,35000,12000,유행,"가격, 내구성",다이소,다이소 생활용품 1580,다이소,생활용품,12000,,,"다이소 생활용품 상품. 주요 특징: 가격, 내구성, 용량, 생활, 청소, 가정.",user_input,7,1,13,3,N,0.434
male,75,3320000,은퇴자,기혼,보수적,600000,1165000,자기계발,"희소성, 감성",메가스터디,패스트캠퍼스 교육 1581,패스트캠퍼스,교육,1165000,3.23,3886.0,"패스트캠퍼스 교육 상품. 주요 특징: 강의품질, 가격, 커리큘럼, 공부, 취업, 자기계발.",crawler,54,6,1,3,Y,0.87
male,47,6650000,자영업,기혼,보수적,409000,538000,이사,"희소성, 감성",한샘,한샘 가구 1582,한샘,가구,538000,3.88,2153.0,"한샘 가구 상품. 주요 특징: 내구성, 크기, 디자인, 이사, 인테리어, 생활.",crawler,39,2,21,3,Y,0.47
male,51,4710000,사무직,기혼,진보적,227000,108000,생활,"가격, 내구성",종근당,3M 생활용품 1583,3M,생활용품,108000,3.47,3965.0,"3M 생활용품 상품. 주요 특징: 가격, 내구성, 용량, 생활, 청소, 가정.",manual,42,3,14,1,N,0.298
male,27,720000,학생,미혼,진보적,33000,48000,휴식,"희소성, 감성",라네즈,패스트캠퍼스 교육 1584,패스트캠퍼스,교육,48000,4.72,,"패스트캠퍼스 교육 상품. 주요 특징: 강의품질, 가격, 커리큘럼, 공부, 취업, 자기계발.",naver_api,9,6,15,3,N,0.701
male,34,4790000,공무원,미혼,보수적,358000,26000,유행,"성분, 가격",라네즈,라네즈 화장품 1585,라네즈,화장품,26000,,,"라네즈 화장품 상품. 주요 특징: 성분, 가격, 후기, 피부관리, 선물, 데일리.",image_estimate,2,0,11,0,N,0.44
male,42,6480000,전문직,기혼,보수적,1022000,343000,데이트,"디자인, 착용감",센트룸,나이키 패션 1586,나이키,패션,343000,,1494.0,"나이키 패션 상품. 주요 특징: 디자인, 착용감, 브랜드, 출근, 데이트, 여행.",naver_api,47,1,19,5,N,0.326
male,56,8720000,전문직,기혼,진보적,653000,402000,휴식,"성능, 배터리",레노버,삼성 전자기기 1587,삼성,전자기기,402000,,,"삼성 전자기기 상품. 주요 특징: 성능, 배터리, 휴대성, 업무, 공부, 게임, 콘텐츠.",crawler,10,2,18,0,N,0.527
female,59,3280000,은퇴자,기혼,보수적,171000,1245000,선물,"브랜드, 희소성",프라다,샤넬 명품 1588,샤넬,명품,1245000,4.05,1730.0,"샤넬 명품 상품. 주요 특징: 브랜드, 희소성, 디자인, 선물, 보상, 소장.",naver_api,49,7,19,7,Y,0.591
male,30,6000000,대기업직원,미혼,보수적,959000,113000,선물,"내구성, 크기",이케아,이케아 가구 1589,이케아,가구,113000,4.17,706.0,"이케아 가구 상품. 주요 특징: 내구성, 크기, 디자인, 이사, 인테리어, 생활.",image_estimate,44,3,12,2,N,0.464
male,31,5350000,프리랜서,기혼,보수적,279000,47000,선물,"성분, 가격",리바트,라네즈 화장품 1590,라네즈,화장품,47000,3.32,2975.0,"라네즈 화장품 상품. 주요 특징: 성분, 가격, 후기, 피부관리, 선물, 데일리.",crawler,52,0,14,1,N,0.33
male,49,4450000,자영업,미혼,보수적,263000,781000,콘텐츠,"성능, 배터리",LG,소니 전자기기 1591,소니,전자기기,781000,4.08,1739.0,"소니 전자기기 상품. 주요 특징: 성능, 배터리, 휴대성, 업무, 공부, 게임, 콘텐츠.",user_input,50,7,11,2,Y,0.742
male,71,2230000,은퇴자,미혼,보수적,350000,2003000,보상,"브랜드, 희소성",프라다,프라다 명품 1592,프라다,명품,2003000,,3139.0,"프라다 명품 상품. 주요 특징: 브랜드, 희소성, 디자인, 선물, 보상, 소장.",crawler,51,12,16,11,Y,0.513
male,28,3560000,프리랜서,기혼,보수적,186000,38000,데이트,"희소성, 감성",아디다스,아디다스 패션 1593,아디다스,패션,38000,3.96,,"아디다스 패션 상품. 주요 특징: 디자인, 착용감, 브랜드, 출근, 데이트, 여행.",crawler,4,5,21,3,N,0.343
male,43,5820000,대기업직원,미혼,진보적,1224000,173000,자기계발,"희소성, 감성",샤넬,클래스101 교육 1594,클래스101,교육,173000,,,"클래스101 교육 상품. 주요 특징: 강의품질, 가격, 커리큘럼, 공부, 취업, 자기계발.",image_estimate,11,2,1,3,N,0.689
male,42,6840000,전문직,기혼,보수적,540000,1251000,선물,"성분, 후기",패스트캠퍼스,정관장 건강관리 1595,정관장,건강관리,1251000,3.28,3054.0,"정관장 건강관리 상품. 주요 특징: 성분, 후기, 안전성, 건강, 부모님, 회복.",user_input,52,5,18,3,Y,0.786
male,53,3170000,주부,기혼,진보적,368000,7000,가족,"가격, 신선도",CJ,동원 식품 1596,동원,식품,7000,3.62,,"동원 식품 상품. 주요 특징: 가격, 신선도, 배송, 생활, 식사, 가족.",crawler,16,2,13,4,N,0.489
female,27,780000,학생,미혼,보수적,83000,32000,소장,"가격, 신선도",삼성,CJ 식품 1597,CJ,식품,32000,4.58,,"CJ 식품 상품. 주요 특징: 가격, 신선도, 배송, 생활, 식사, 가족.",image_estimate,13,0,20,2,N,0.519
female,36,4950000,사무직,미혼,보수적,189000,664000,휴식,"내구성, 크기",종근당,한샘 가구 1598,한샘,가구,664000,3.99,,"한샘 가구 상품. 주요 특징: 내구성, 크기, 디자인, 이사, 인테리어, 생활.",manual,2,4,16,5,Y,0.765
female,42,4070000,사무직,기혼,보수적,143000,662000,보상,"희소성, 감성",삼성,구찌 명품 1599,구찌,명품,662000,3.22,149.0,"구찌 명품 상품. 주요 특징: 브랜드, 희소성, 디자인, 선물, 보상, 소장.",image_estimate,36,3,19,5,Y,0.663
female,44,6290000,대기업직원,기혼,보수적,1319000,4000,가족,"가격, 신선도",CJ,CJ 식품 1600,CJ,식품,4000,4.17,,"CJ 식품 상품. 주요 특징: 가격, 신선도, 배송, 생활, 식사, 가족.",naver_api,2,1,15,1,N,0.398
female,22,900000,학생,미혼,보수적,116000,33000,소장,"가격, 신선도",CJ,CJ 식품 1601,CJ,식품,33000,3.91,2766.0,"CJ 식품 상품. 주요 특징: 가격, 신선도, 배송, 생활, 식사, 가족.",manual,47,4,15,3,N,0.394
female,54,6480000,자영업,기혼,진보적,720000,1193000,콘텐츠,"성능, 배터리",애플,애플 전자기기 1602,애플,전자기기,1193000,3.86,1575.0,"애플 전자기기 상품. 주요 특징: 성능, 배터리, 휴대성, 업무, 공부, 게임, 콘텐츠.",image_estimate,44,4,17,4,Y,0.564
male,50,3320000,프리랜서,미혼,보수적,461000,31000,선물,"희소성, 감성",설화수,설화수 화장품 1603,설화수,화장품,31000,4.89,2715.0,"설화수 화장품 상품. 주요 특징: 성분, 가격, 후기, 피부관리, 선물, 데일리.",user_input,49,5,22,4,N,0.351
male,51,3920000,사무직,기혼,진보적,311000,416000,유행,"희소성, 감성",구찌,구찌 명품 1604,구찌,명품,416000,,1487.0,"구찌 명품 상품. 주요 특징: 브랜드, 희소성, 디자인, 선물, 보상, 소장.",naver_api,41,1,19,1,N,0.609
male,47,3600000,사무직,기혼,진보적,519000,536000,여행,"디자인, 착용감",삼성,나이키 패션 1605,나이키,패션,536000,4.24,760.0,"나이키 패션 상품. 주요 특징: 디자인, 착용감, 브랜드, 출근, 데이트, 여행.",crawler,41,2,13,1,Y,0.546
male,56,8000000,전문직,기혼,진보적,330000,2557000,선물,"성능, 배터리",레노버,레노버 전자기기 1606,레노버,전자기기,2557000,3.32,1376.0,"레노버 전자기기 상품. 주요 특징: 성능, 배터리, 휴대성, 업무, 공부, 게임, 콘텐츠.",image_estimate,52,6,14,3,Y,0.645
female,54,9060000,대기업직원,미혼,진보적,1394000,288000,회복,"성분, 후기",애플,정관장 건강관리 1607,정관장,건강관리,288000,4.24,2361.0,"정관장 건강관리 상품. 주요 특징: 성분, 후기, 안전성, 건강, 부모님, 회복.",manual,40,2,22,3,N,0.501
female,59,4500000,자영업,기혼,진보적,427000,7000,생활,"가격, 내구성",다이소,다이소 생활용품 1608,다이소,생활용품,7000,4.12,120.0,"다이소 생활용품 상품. 주요 특징: 가격, 내구성, 용량, 생활, 청소, 가정.",user_input,33,0,14,3,N,0.213
male,64,2930000,은퇴자,기혼,보수적,555000,1202000,가족,"희소성, 감성",정관장,마이리얼트립 여행 1609,마이리얼트립,여행,1202000,,686.0,"마이리얼트립 여행 상품. 주요 특징: 가격, 일정, 숙소, 휴식, 가족, 기념일.",user_input,38,5,17,6,Y,0.719
male,56,2170000,주부,기혼,보수적,253000,1129000,가족,"가격, 일정",하나투어,하나투어 여행 1610,하나투어,여행,1129000,3.63,3546.0,"하나투어 여행 상품. 주요 특징: 가격, 일정, 숙소, 휴식, 가족, 기념일.",user_input,49,10,20,7,Y,0.435
male,36,3500000,사무직,미혼,진보적,602000,3555000,소장,"성능, 배터리",리바트,레노버 전자기기 1611,레노버,전자기기,3555000,4.41,796.0,"레노버 전자기기 상품. 주요 특징: 성능, 배터리, 휴대성, 업무, 공부, 게임, 콘텐츠.",crawler,46,18,10,8,Y,0.689
male,25,4790000,공무원,미혼,진보적,988000,236000,취업,"강의품질, 가격",애플,메가스터디 교육 1612,메가스터디,교육,236000,4.44,152.0,"메가스터디 교육 상품. 주요 특징: 강의품질, 가격, 커리큘럼, 공부, 취업, 자기계발.",user_input,35,1,20,5,N,0.263
male,36,6820000,전문직,기혼,보수적,1375000,36000,선물,"희소성, 감성",종근당,종근당 건강관리 1613,종근당,건강관리,36000,3.29,,"종근당 건강관리 상품. 주요 특징: 성분, 후기, 안전성, 건강, 부모님, 회복.",image_estimate,9,1,9,1,N,0.63
female,48,3200000,프리랜서,기혼,진보적,331000,262000,유행,"성능, 배터리",대한항공,LG 전자기기 1614,LG,전자기기,262000,,,"LG 전자기기 상품. 주요 특징: 성능, 배터리, 휴대성, 업무, 공부, 게임, 콘텐츠.",naver_api,9,3,10,4,N,0.545
male,55,3710000,사무직,미혼,진보적,508000,2564000,업무,"성능, 배터리",프라다,소니 전자기기 1615,소니,전자기기,2564000,3.96,1740.0,"소니 전자기기 상품. 주요 특징: 성능, 배터리, 휴대성, 업무, 공부, 게임, 콘텐츠.",naver_api,53,10,20,9,Y,0.548
female,47,5140000,사무직,미혼,진보적,643000,29000,유행,"희소성, 감성",오뚜기,오뚜기 식품 1616,오뚜기,식품,29000,,2681.0,"오뚜기 식품 상품. 주요 특징: 가격, 신선도, 배송, 생활, 식사, 가족.",image_estimate,43,5,13,1,N,0.55
male,44,7590000,대기업직원,기혼,보수적,683000,19000,청소,"희소성, 감성",라네즈,다이소 생활용품 1617,다이소,생활용품,19000,4.03,3567.0,"다이소 생활용품 상품. 주요 특징: 가격, 내구성, 용량, 생활, 청소, 가정.",user_input,44,3,3,0,N,0.439
female,39,5620000,공무원,기혼,진보적,665000,426000,업무,"희소성, 감성",샤넬,LG 전자기기 1618,LG,전자기기,426000,3.3,238.0,"LG 전자기기 상품. 주요 특징: 성능, 배터리, 휴대성, 업무, 공부, 게임, 콘텐츠.",manual,28,2,18,1,N,0.436
female,30,2600000,주부,기혼,보수적,153000,118000,취업,"희소성, 감성",메가스터디,메가스터디 교육 1619,메가스터디,교육,118000,3.24,3242.0,"메가스터디 교육 상품. 주요 특징: 강의품질, 가격, 커리큘럼, 공부, 취업, 자기계발.",crawler,46,6,22,2,N,0.378
female,42,5780000,공무원,기혼,진보적,1129000,14000,유행,"가격, 신선도",동원,동원 식품 1620,동원,식품,14000,4.42,,"동원 식품 상품. 주요 특징: 가격, 신선도, 배송, 생활, 식사, 가족.",image_estimate,14,5,20,0,N,0.471
female,39,7130000,대기업직원,기혼,보수적,308000,30000,휴식,"성분, 가격",설화수,라네즈 화장품 1621,라네즈,화장품,30000,4.45,,"라네즈 화장품 상품. 주요 특징: 성분, 가격, 후기, 피부관리, 선물, 데일리.",manual,10,1,14,2,N,0.537
male,52,6370000,자영업,미혼,보수적,1088000,161000,자기계발,"희소성, 감성",메가스터디,메가스터디 교육 1622,메가스터디,교육,161000,3.76,1447.0,"메가스터디 교육 상품. 주요 특징: 강의품질, 가격, 커리큘럼, 공부, 취업, 자기계발.",crawler,52,5,18,3,N,0.592
male,54,5080000,프리랜서,기혼,진보적,1026000,623000,부모님,"희소성, 감성",하나투어,센트룸 건강관리 1623,센트룸,건강관리,623000,3.58,1125.0,"센트룸 건강관리 상품. 주요 특징: 성분, 후기, 안전성, 건강, 부모님, 회복.",user_input,46,2,11,3,Y,0.495
male,42,6080000,대기업직원,기혼,진보적,204000,6000,생활,"가격, 신선도",샤넬,오뚜기 식품 1624,오뚜기,식품,6000,3.63,2427.0,"오뚜기 식품 상품. 주요 특징: 가격, 신선도, 배송, 생활, 식사, 가족.",manual,49,3,9,3,N,0.298
female,23,1070000,취업준비생,미혼,진보적,194000,432000,휴식,"희소성, 감성",대한항공,대한항공 여행 1625,대한항공,여행,432000,4.06,,"대한항공 여행 상품. 주요 특징: 가격, 일정, 숙소, 휴식, 가족, 기념일.",image_estimate,9,6,9,4,Y,0.633
male,60,2250000,은퇴자,미혼,진보적,205000,48000,소장,"강의품질, 가격",마이리얼트립,클래스101 교육 1626,클래스101,교육,48000,4.57,1297.0,"클래스101 교육 상품. 주요 특징: 강의품질, 가격, 커리큘럼, 공부, 취업, 자기계발.",user_input,43,3,17,2,N,0.47
male,30,6400000,자영업,기혼,진보적,586000,203000,공부,"성능, 배터리",이케아,레노버 전자기기 1627,레노버,전자기기,203000,3.45,2373.0,"레노버 전자기기 상품. 주요 특징: 성능, 배터리, 휴대성, 업무, 공부, 게임, 콘텐츠.",manual,46,2,0,1,N,0.347
male,46,8160000,전문직,미혼,보수적,375000,203000,휴식,"희소성, 감성",마이리얼트립,마이리얼트립 여행 1628,마이리얼트립,여행,203000,4.59,3706.0,"마이리얼트립 여행 상품. 주요 특징: 가격, 일정, 숙소, 휴식, 가족, 기념일.",manual,56,4,19,0,N,0.386
female,54,5710000,프리랜서,미혼,진보적,960000,87000,피부관리,"희소성, 감성",애플,이니스프리 화장품 1629,이니스프리,화장품,87000,3.22,,"이니스프리 화장품 상품. 주요 특징: 성분, 가격, 후기, 피부관리, 선물, 데일리.",naver_api,12,3,9,3,N,0.443
male,35,2400000,주부,기혼,진보적,207000,41000,데일리,"희소성, 감성",설화수,설화수 화장품 1630,설화수,화장품,41000,,3769.0,"설화수 화장품 상품. 주요 특징: 성분, 가격, 후기, 피부관리, 선물, 데일리.",crawler,53,6,20,1,N,0.575
female,50,5750000,대기업직원,기혼,보수적,189000,6000,생활,"가격, 신선도",동원,동원 식품 1631,동원,식품,6000,3.81,,"동원 식품 상품. 주요 특징: 가격, 신선도, 배송, 생활, 식사, 가족.",user_input,12,4,9,3,N,0.222
female,49,4230000,자영업,기혼,보수적,666000,65000,휴식,"디자인, 착용감",패스트캠퍼스,나이키 패션 1632,나이키,패션,65000,3.35,3730.0,"나이키 패션 상품. 주요 특징: 디자인, 착용감, 브랜드, 출근, 데이트, 여행.",image_estimate,49,5,17,3,N,0.562
female,53,2540000,주부,기혼,보수적,508000,326000,휴식,"희소성, 감성",클래스101,클래스101 교육 1633,클래스101,교육,326000,4.75,,"클래스101 교육 상품. 주요 특징: 강의품질, 가격, 커리큘럼, 공부, 취업, 자기계발.",naver_api,4,3,11,3,N,0.556
female,47,3160000,주부,미혼,진보적,449000,138000,유행,"내구성, 크기",리바트,리바트 가구 1634,리바트,가구,138000,3.69,580.0,"리바트 가구 상품. 주요 특징: 내구성, 크기, 디자인, 이사, 인테리어, 생활.",crawler,44,1,14,1,N,0.447
female,41,2830000,주부,미혼,보수적,280000,5000,가족,"가격, 신선도",유한킴벌리,오뚜기 식품 1635,오뚜기,식품,5000,4.57,,"오뚜기 식품 상품. 주요 특징: 가격, 신선도, 배송, 생활, 식사, 가족.",naver_api,12,2,15,0,N,0.527
female,33,720000,취업준비생,미혼,진보적,44000,26000,유행,"성분, 가격",설화수,설화수 화장품 1636,설화수,화장품,26000,4.24,3939.0,"설화수 화장품 상품. 주요 특징: 성분, 가격, 후기, 피부관리, 선물, 데일리.",crawler,52,3,21,4,N,0.44
male,55,4320000,공무원,기혼,보수적,512000,2164000,콘텐츠,"희소성, 감성",설화수,소니 전자기기 1637,소니,전자기기,2164000,,2036.0,"소니 전자기기 상품. 주요 특징: 성능, 배터리, 휴대성, 업무, 공부, 게임, 콘텐츠.",image_estimate,46,11,0,7,Y,0.913
female,32,4210000,프리랜서,기혼,보수적,450000,565000,유행,"디자인, 착용감",ZARA,ZARA 패션 1638,ZARA,패션,565000,,2959.0,"ZARA 패션 상품. 주요 특징: 디자인, 착용감, 브랜드, 출근, 데이트, 여행.",crawler,41,3,17,2,Y,0.5
male,52,6750000,자영업,미혼,진보적,1430000,16000,휴식,"가격, 내구성",다이소,다이소 생활용품 1639,다이소,생활용품,16000,,938.0,"다이소 생활용품 상품. 주요 특징: 가격, 내구성, 용량, 생활, 청소, 가정.",user_input,46,5,16,2,N,0.364
female,40,6750000,자영업,미혼,진보적,1325000,39000,선물,"강의품질, 가격",애플,패스트캠퍼스 교육 1640,패스트캠퍼스,교육,39000,,3762.0,"패스트캠퍼스 교육 상품. 주요 특징: 강의품질, 가격, 커리큘럼, 공부, 취업, 자기계발.",image_estimate,53,3,16,2,N,0.501
male,37,4140000,프리랜서,기혼,진보적,616000,609000,소장,"디자인, 착용감",아디다스,아디다스 패션 1641,아디다스,패션,609000,3.68,3133.0,"아디다스 패션 상품. 주요 특징: 디자인, 착용감, 브랜드, 출근, 데이트, 여행.",manual,44,7,13,1,Y,0.46
male,33,1120000,취업준비생,기혼,진보적,238000,171000,출근,"희소성, 감성",COS,COS 패션 1642,COS,패션,171000,,2048.0,"COS 패션 상품. 주요 특징: 디자인, 착용감, 브랜드, 출근, 데이트, 여행.",manual,50,5,20,4,N,0.391
female,59,2140000,은퇴자,기혼,진보적,162000,213000,자기계발,"강의품질, 가격",샤넬,클래스101 교육 1643,클래스101,교육,213000,,3505.0,"클래스101 교육 상품. 주요 특징: 강의품질, 가격, 커리큘럼, 공부, 취업, 자기계발.",manual,43,4,12,3,N,0.577
female,52,2890000,주부,미혼,보수적,527000,1051000,생활,"내구성, 크기",이케아,리바트 가구 1644,리바트,가구,1051000,4.69,846.0,"리바트 가구 상품. 주요 특징: 내구성, 크기, 디자인, 이사, 인테리어, 생활.",crawler,38,9,19,5,Y,0.775
female,25,750000,학생,미혼,진보적,49000,524000,가족,"가격, 일정",COS,대한항공 여행 1645,대한항공,여행,524000,4.32,,"대한항공 여행 상품. 주요 특징: 가격, 일정, 숙소, 휴식, 가족, 기념일.",user_input,11,12,15,5,Y,0.543
male,46,7400000,전문직,미혼,보수적,1553000,128000,공부,"성능, 배터리",이니스프리,레노버 전자기기 1646,레노버,전자기기,128000,4.42,,"레노버 전자기기 상품. 주요 특징: 성능, 배터리, 휴대성, 업무, 공부, 게임, 콘텐츠.",image_estimate,5,5,19,1,N,0.343
male,57,4200000,자영업,기혼,보수적,451000,333000,이사,"희소성, 감성",이케아,이케아 가구 1647,이케아,가구,333000,4.02,,"이케아 가구 상품. 주요 특징: 내구성, 크기, 디자인, 이사, 인테리어, 생활.",image_estimate,8,2,15,3,N,0.42
female,60,4880000,공무원,미혼,진보적,943000,275000,생활,"희소성, 감성",한샘,한샘 가구 1648,한샘,가구,275000,3.68,,"한샘 가구 상품. 주요 특징: 내구성, 크기, 디자인, 이사, 인테리어, 생활.",crawler,7,2,14,2,N,0.621
female,57,3020000,주부,미혼,보수적,589000,912000,휴식,"가격, 일정",오뚜기,마이리얼트립 여행 1649,마이리얼트립,여행,912000,3.86,,"마이리얼트립 여행 상품. 주요 특징: 가격, 일정, 숙소, 휴식, 가족, 기념일.",crawler,12,8,1,4,Y,0.466
female,25,1190000,취업준비생,미혼,보수적,168000,40000,여행,"디자인, 착용감",COS,COS 패션 1650,COS,패션,40000,,372.0,"COS 패션 상품. 주요 특징: 디자인, 착용감, 브랜드, 출근, 데이트, 여행.",manual,32,5,13,3,N,0.448
female,40,4600000,공무원,기혼,보수적,403000,625000,보상,"브랜드, 희소성",설화수,루이비통 명품 1651,루이비통,명품,625000,4.3,,"루이비통 명품 상품. 주요 특징: 브랜드, 희소성, 디자인, 선물, 보상, 소장.",image_estimate,11,5,22,3,Y,0.56
male,58,3130000,은퇴자,기혼,보수적,109000,17000,유행,"성분, 가격",레노버,이니스프리 화장품 1652,이니스프리,화장품,17000,3.89,2456.0,"이니스프리 화장품 상품. 주요 특징: 성분, 가격, 후기, 피부관리, 선물, 데일리.",manual,49,4,21,0,N,0.469
female,69,3220000,은퇴자,미혼,보수적,501000,175000,콘텐츠,"성능, 배터리",레노버,레노버 전자기기 1653,레노버,전자기기,175000,,3084.0,"레노버 전자기기 상품. 주요 특징: 성능, 배터리, 휴대성, 업무, 공부, 게임, 콘텐츠.",manual,46,5,15,4,N,0.397
female,61,2680000,주부,기혼,보수적,373000,4718000,소장,"희소성, 감성",루이비통,애플 전자기기 1654,애플,전자기기,4718000,3.83,1558.0,"애플 전자기기 상품. 주요 특징: 성능, 배터리, 휴대성, 업무, 공부, 게임, 콘텐츠.",manual,43,24,10,16,Y,0.902
male,31,7640000,대기업직원,기혼,진보적,491000,241000,선물,"디자인, 착용감",COS,COS 패션 1655,COS,패션,241000,4.49,198.0,"COS 패션 상품. 주요 특징: 디자인, 착용감, 브랜드, 출근, 데이트, 여행.",naver_api,31,6,11,2,N,0.433
male,23,1190000,취업준비생,미혼,보수적,149000,202000,부모님,"성분, 후기",ZARA,정관장 건강관리 1656,정관장,건강관리,202000,4.05,1679.0,"정관장 건강관리 상품. 주요 특징: 성분, 후기, 안전성, 건강, 부모님, 회복.",naver_api,47,6,17,4,N,0.423
male,46,9110000,전문직,기혼,보수적,1909000,93000,자기계발,"희소성, 감성",메가스터디,메가스터디 교육 1657,메가스터디,교육,93000,4.39,2181.0,"메가스터디 교육 상품. 주요 특징: 강의품질, 가격, 커리큘럼, 공부, 취업, 자기계발.",user_input,44,4,20,4,N,0.525
female,45,5230000,프리랜서,기혼,진보적,428000,260000,생활,"내구성, 크기",한샘,한샘 가구 1658,한샘,가구,260000,4.2,401.0,"한샘 가구 상품. 주요 특징: 내구성, 크기, 디자인, 이사, 인테리어, 생활.",user_input,31,2,9,1,N,0.47
male,59,3460000,은퇴자,미혼,보수적,746000,39000,데일리,"성분, 가격",메가스터디,이니스프리 화장품 1659,이니스프리,화장품,39000,3.36,525.0,"이니스프리 화장품 상품. 주요 특징: 성분, 가격, 후기, 피부관리, 선물, 데일리.",image_estimate,35,6,15,1,N,0.477
male,47,2350000,주부,미혼,진보적,310000,91000,휴식,"희소성, 감성",클래스101,설화수 화장품 1660,설화수,화장품,91000,4.66,,"설화수 화장품 상품. 주요 특징: 성분, 가격, 후기, 피부관리, 선물, 데일리.",naver_api,3,3,10,1,N,0.665
male,30,5570000,프리랜서,미혼,진보적,609000,166000,게임,"성능, 배터리",리바트,애플 전자기기 1661,애플,전자기기,166000,3.23,,"애플 전자기기 상품. 주요 특징: 성능, 배터리, 휴대성, 업무, 공부, 게임, 콘텐츠.",manual,14,3,17,2,N,0.339
female,58,2920000,주부,기혼,보수적,199000,7024000,소장,"브랜드, 희소성",종근당,구찌 명품 1662,구찌,명품,7024000,3.58,99.0,"구찌 명품 상품. 주요 특징: 브랜드, 희소성, 디자인, 선물, 보상, 소장.",naver_api,36,32,9,21,Y,0.828
male,30,10580000,전문직,기혼,보수적,1279000,126000,소장,"내구성, 크기",한샘,한샘 가구 1663,한샘,가구,126000,,1579.0,"한샘 가구 상품. 주요 특징: 내구성, 크기, 디자인, 이사, 인테리어, 생활.",crawler,46,1,22,2,N,0.503
female,36,5090000,사무직,기혼,진보적,332000,117000,휴식,"가격, 내구성",유한킴벌리,유한킴벌리 생활용품 1664,유한킴벌리,생활용품,117000,3.81,,"유한킴벌리 생활용품 상품. 주요 특징: 가격, 내구성, 용량, 생활, 청소, 가정.",image_estimate,17,1,17,2,N,0.437
male,39,5570000,프리랜서,기혼,진보적,248000,339000,휴식,"가격, 일정",나이키,마이리얼트립 여행 1665,마이리얼트립,여행,339000,,3896.0,"마이리얼트립 여행 상품. 주요 특징: 가격, 일정, 숙소, 휴식, 가족, 기념일.",manual,49,3,14,4,N,0.423
female,29,1190000,취업준비생,미혼,진보적,185000,87000,데이트,"디자인, 착용감",클래스101,아디다스 패션 1666,아디다스,패션,87000,3.52,2296.0,"아디다스 패션 상품. 주요 특징: 디자인, 착용감, 브랜드, 출근, 데이트, 여행.",naver_api,41,2,2,1,N,0.357
female,41,5980000,공무원,미혼,진보적,857000,258000,게임,"희소성, 감성",CJ,애플 전자기기 1667,애플,전자기기,258000,,,"애플 전자기기 상품. 주요 특징: 성능, 배터리, 휴대성, 업무, 공부, 게임, 콘텐츠.",naver_api,3,5,18,3,N,0.505
female,42,3450000,공무원,기혼,진보적,508000,795000,기념일,"가격, 일정",마이리얼트립,마이리얼트립 여행 1668,마이리얼트립,여행,795000,,,"마이리얼트립 여행 상품. 주요 특징: 가격, 일정, 숙소, 휴식, 가족, 기념일.",naver_api,8,6,11,6,Y,0.598
female,27,750000,학생,미혼,보수적,34000,869000,생활,"희소성, 감성",종근당,한샘 가구 1669,한샘,가구,869000,4.2,102.0,"한샘 가구 상품. 주요 특징: 내구성, 크기, 디자인, 이사, 인테리어, 생활.",manual,25,15,14,13,Y,0.902
male,30,2480000,주부,미혼,보수적,335000,5000,생활,"희소성, 감성",동원,동원 식품 1670,동원,식품,5000,,,"동원 식품 상품. 주요 특징: 가격, 신선도, 배송, 생활, 식사, 가족.",naver_api,2,1,11,3,N,0.394
male,49,2870000,주부,미혼,진보적,295000,2081000,회복,"성분, 후기",구찌,종근당 건강관리 1671,종근당,건강관리,2081000,4.51,746.0,"종근당 건강관리 상품. 주요 특징: 성분, 후기, 안전성, 건강, 부모님, 회복.",image_estimate,38,12,22,6,Y,0.779
female,75,2040000,은퇴자,기혼,보수적,204000,431000,소장,"희소성, 감성",루이비통,LG 전자기기 1672,LG,전자기기,431000,4.65,1784.0,"LG 전자기기 상품. 주요 특징: 성능, 배터리, 휴대성, 업무, 공부, 게임, 콘텐츠.",user_input,53,7,16,4,Y,0.826
female,19,760000,학생,미혼,보수적,90000,169000,공부,"강의품질, 가격",정관장,클래스101 교육 1673,클래스101,교육,169000,,3129.0,"클래스101 교육 상품. 주요 특징: 강의품질, 가격, 커리큘럼, 공부, 취업, 자기계발.",image_estimate,43,7,13,2,Y,0.468
female,45,6520000,자영업,기혼,진보적,275000,77000,휴식,"희소성, 감성",CJ,센트룸 건강관리 1674,센트룸,건강관리,77000,,151.0,"센트룸 건강관리 상품. 주요 특징: 성분, 후기, 안전성, 건강, 부모님, 회복.",naver_api,31,3,10,3,N,0.653
male,31,4350000,프리랜서,미혼,진보적,735000,304000,선물,"성분, 가격",설화수,설화수 화장품 1675,설화수,화장품,304000,4.31,1456.0,"설화수 화장품 상품. 주요 특징: 성분, 가격, 후기, 피부관리, 선물, 데일리.",image_estimate,37,3,16,1,N,0.237
male,30,3510000,사무직,기혼,보수적,345000,503000,유행,"강의품질, 가격",루이비통,메가스터디 교육 1676,메가스터디,교육,503000,4.33,,"메가스터디 교육 상품. 주요 특징: 강의품질, 가격, 커리큘럼, 공부, 취업, 자기계발.",manual,15,6,19,6,Y,0.618
female,52,3130000,주부,미혼,보수적,94000,32000,생활,"희소성, 감성",아디다스,오뚜기 식품 1677,오뚜기,식품,32000,,2837.0,"오뚜기 식품 상품. 주요 특징: 가격, 신선도, 배송, 생활, 식사, 가족.",crawler,52,1,20,0,N,0.439
female,60,2130000,은퇴자,기혼,보수적,269000,790000,출근,"디자인, 착용감",클래스101,ZARA 패션 1678,ZARA,패션,790000,4.2,3796.0,"ZARA 패션 상품. 주요 특징: 디자인, 착용감, 브랜드, 출근, 데이트, 여행.",user_input,55,9,10,7,Y,0.622
male,53,3400000,사무직,미혼,보수적,163000,268000,휴식,"희소성, 감성",대한항공,대한항공 여행 1679,대한항공,여행,268000,3.34,803.0,"대한항공 여행 상품. 주요 특징: 가격, 일정, 숙소, 휴식, 가족, 기념일.",image_estimate,39,1,2,3,N,0.558
male,69,3000000,은퇴자,미혼,보수적,124000,198000,기념일,"가격, 일정",마이리얼트립,마이리얼트립 여행 1680,마이리얼트립,여행,198000,,,"마이리얼트립 여행 상품. 주요 특징: 가격, 일정, 숙소, 휴식, 가족, 기념일.",user_input,14,2,9,4,N,0.592
male,49,2560000,주부,기혼,진보적,173000,91000,선물,"강의품질, 가격",레노버,클래스101 교육 1681,클래스101,교육,91000,,,"클래스101 교육 상품. 주요 특징: 강의품질, 가격, 커리큘럼, 공부, 취업, 자기계발.",crawler,14,3,16,3,N,0.499
male,63,2620000,은퇴자,기혼,보수적,394000,112000,출근,"디자인, 착용감",아디다스,아디다스 패션 1682,아디다스,패션,112000,3.58,322.0,"아디다스 패션 상품. 주요 특징: 디자인, 착용감, 브랜드, 출근, 데이트, 여행.",image_estimate,36,2,16,4,N,0.263
male,27,690000,학생,미혼,진보적,51000,2178000,휴식,"내구성, 크기",라네즈,리바트 가구 1683,리바트,가구,2178000,3.3,3916.0,"리바트 가구 상품. 주요 특징: 내구성, 크기, 디자인, 이사, 인테리어, 생활.",manual,53,38,19,29,Y,0.761
male,36,6550000,대기업직원,미혼,진보적,481000,144000,데이트,"희소성, 감성",나이키,나이키 패션 1684,나이키,패션,144000,,,"나이키 패션 상품. 주요 특징: 디자인, 착용감, 브랜드, 출근, 데이트, 여행.",manual,2,0,18,1,N,0.411
male,36,7120000,자영업,기혼,진보적,1126000,154000,휴식,"성분, 가격",이니스프리,이니스프리 화장품 1685,이니스프리,화장품,154000,4.7,613.0,"이니스프리 화장품 상품. 주요 특징: 성분, 가격, 후기, 피부관리, 선물, 데일리.",naver_api,33,1,13,3,N,0.444
female,28,850000,학생,미혼,진보적,117000,646000,유행,"성능, 배터리",애플,애플 전자기기 1686,애플,전자기기,646000,,2010.0,"애플 전자기기 상품. 주요 특징: 성능, 배터리, 휴대성, 업무, 공부, 게임, 콘텐츠.",crawler,42,12,12,8,Y,0.645
male,28,640000,학생,미혼,보수적,78000,2622000,생활,"희소성, 감성",한샘,리바트 가구 1687,리바트,가구,2622000,,884.0,"리바트 가구 상품. 주요 특징: 내구성, 크기, 디자인, 이사, 인테리어, 생활.",crawler,40,55,15,34,Y,0.859
male,40,6880000,자영업,기혼,보수적,1196000,4000,가족,"가격, 신선도",CJ,CJ 식품 1688,CJ,식품,4000,4.64,614.0,"CJ 식품 상품. 주요 특징: 가격, 신선도, 배송, 생활, 식사, 가족.",naver_api,45,1,19,0,N,0.442
female,30,3940000,사무직,기혼,보수적,156000,1551000,이사,"희소성, 감성",이케아,이케아 가구 1689,이케아,가구,1551000,3.82,1398.0,"이케아 가구 상품. 주요 특징: 내구성, 크기, 디자인, 이사, 인테리어, 생활.",user_input,37,9,10,5,Y,0.62
male,58,5300000,자영업,기혼,진보적,820000,438000,업무,"희소성, 감성",클래스101,레노버 전자기기 1690,레노버,전자기기,438000,4.17,2771.0,"레노버 전자기기 상품. 주요 특징: 성능, 배터리, 휴대성, 업무, 공부, 게임, 콘텐츠.",crawler,40,4,12,4,N,0.473
male,39,6170000,대기업직원,미혼,보수적,393000,90000,유행,"내구성, 크기",리바트,리바트 가구 1691,리바트,가구,90000,4.17,1989.0,"리바트 가구 상품. 주요 특징: 내구성, 크기, 디자인, 이사, 인테리어, 생활.",image_estimate,39,1,22,1,N,0.454
female,55,2090000,주부,기혼,진보적,74000,299000,취업,"희소성, 감성",패스트캠퍼스,패스트캠퍼스 교육 1692,패스트캠퍼스,교육,299000,,3116.0,"패스트캠퍼스 교육 상품. 주요 특징: 강의품질, 가격, 커리큘럼, 공부, 취업, 자기계발.",user_input,50,6,14,6,N,0.59
female,23,1020000,취업준비생,미혼,보수적,111000,142000,부모님,"성분, 후기",종근당,종근당 건강관리 1693,종근당,건강관리,142000,4.31,,"종근당 건강관리 상품. 주요 특징: 성분, 후기, 안전성, 건강, 부모님, 회복.",manual,17,5,11,2,N,0.31
female,24,1100000,취업준비생,미혼,진보적,199000,133000,콘텐츠,"성능, 배터리",소니,소니 전자기기 1694,소니,전자기기,133000,4.32,3036.0,"소니 전자기기 상품. 주요 특징: 성능, 배터리, 휴대성, 업무, 공부, 게임, 콘텐츠.",naver_api,42,3,20,2,N,0.428
male,73,2760000,은퇴자,미혼,진보적,374000,458000,유행,"성분, 후기",종근당,종근당 건강관리 1695,종근당,건강관리,458000,3.53,3364.0,"종근당 건강관리 상품. 주요 특징: 성분, 후기, 안전성, 건강, 부모님, 회복.",manual,48,7,14,4,N,0.549
male,29,1050000,취업준비생,미혼,보수적,215000,586000,피부관리,"성분, 가격",COS,설화수 화장품 1696,설화수,화장품,586000,4.84,,"설화수 화장품 상품. 주요 특징: 성분, 가격, 후기, 피부관리, 선물, 데일리.",naver_api,6,12,20,7,Y,0.524
male,51,9050000,대기업직원,기혼,진보적,1849000,350000,휴식,"희소성, 감성",LG,대한항공 여행 1697,대한항공,여행,350000,4.14,3553.0,"대한항공 여행 상품. 주요 특징: 가격, 일정, 숙소, 휴식, 가족, 기념일.",user_input,44,3,13,2,N,0.495
female,20,740000,학생,미혼,진보적,106000,1223000,선물,"브랜드, 희소성",샤넬,샤넬 명품 1698,샤넬,명품,1223000,3.98,,"샤넬 명품 상품. 주요 특징: 브랜드, 희소성, 디자인, 선물, 보상, 소장.",user_input,16,25,9,14,Y,0.528
female,41,10370000,전문직,기혼,진보적,1803000,300000,기념일,"희소성, 감성",하나투어,하나투어 여행 1699,하나투어,여행,300000,3.61,2252.0,"하나투어 여행 상품. 주요 특징: 가격, 일정, 숙소, 휴식, 가족, 기념일.",image_estimate,42,3,21,4,N,0.61
female,37,3430000,프리랜서,기혼,진보적,445000,48000,선물,"희소성, 감성",한샘,라네즈 화장품 1700,라네즈,화장품,48000,3.87,303.0,"라네즈 화장품 상품. 주요 특징: 성분, 가격, 후기, 피부관리, 선물, 데일리.",user_input,30,0,16,1,N,0.49
male,55,3390000,주부,미혼,진보적,691000,3858000,콘텐츠,"성능, 배터리",루이비통,소니 전자기기 1701,소니,전자기기,3858000,,,"소니 전자기기 상품. 주요 특징: 성능, 배터리, 휴대성, 업무, 공부, 게임, 콘텐츠.",image_estimate,12,14,15,12,Y,0.756
male,50,2410000,주부,기혼,보수적,158000,106000,선물,"성분, 가격",설화수,설화수 화장품 1702,설화수,화장품,106000,4.61,114.0,"설화수 화장품 상품. 주요 특징: 성분, 가격, 후기, 피부관리, 선물, 데일리.",image_estimate,25,4,2,2,N,0.235
male,27,7180000,대기업직원,기혼,진보적,673000,802000,부모님,"성분, 후기",센트룸,센트룸 건강관리 1703,센트룸,건강관리,802000,4.37,1784.0,"센트룸 건강관리 상품. 주요 특징: 성분, 후기, 안전성, 건강, 부모님, 회복.",crawler,46,3,16,2,Y,0.292
female,45,6670000,자영업,기혼,진보적,227000,3878000,가족,"가격, 일정",LG,대한항공 여행 1704,대한항공,여행,3878000,3.47,716.0,"대한항공 여행 상품. 주요 특징: 가격, 일정, 숙소, 휴식, 가족, 기념일.",manual,35,8,20,6,Y,0.543
female,36,4660000,프리랜서,기혼,보수적,469000,8000,생활,"희소성, 감성",동원,동원 식품 1705,동원,식품,8000,,432.0,"동원 식품 상품. 주요 특징: 가격, 신선도, 배송, 생활, 식사, 가족.",manual,34,3,16,3,N,0.337
male,19,690000,학생,미혼,진보적,58000,519000,공부,"강의품질, 가격",클래스101,클래스101 교육 1706,클래스101,교육,519000,,230.0,"클래스101 교육 상품. 주요 특징: 강의품질, 가격, 커리큘럼, 공부, 취업, 자기계발.",naver_api,28,10,10,7,Y,0.464
male,19,640000,학생,미혼,보수적,106000,1075000,유행,"희소성, 감성",ZARA,ZARA 패션 1707,ZARA,패션,1075000,4.6,3560.0,"ZARA 패션 상품. 주요 특징: 디자인, 착용감, 브랜드, 출근, 데이트, 여행.",image_estimate,57,21,0,15,Y,0.799
male,45,4570000,자영업,기혼,보수적,732000,1593000,휴식,"브랜드, 희소성",이니스프리,루이비통 명품 1708,루이비통,명품,1593000,,1623.0,"루이비통 명품 상품. 주요 특징: 브랜드, 희소성, 디자인, 선물, 보상, 소장.",crawler,38,7,15,3,Y,0.769
female,59,2200000,주부,기혼,진보적,340000,403000,선물,"성분, 가격",설화수,설화수 화장품 1709,설화수,화장품,403000,3.37,,"설화수 화장품 상품. 주요 특징: 성분, 가격, 후기, 피부관리, 선물, 데일리.",crawler,9,2,17,6,Y,0.304
male,45,6580000,자영업,기혼,보수적,1416000,106000,유행,"희소성, 감성",ZARA,ZARA 패션 1710,ZARA,패션,106000,,2939.0,"ZARA 패션 상품. 주요 특징: 디자인, 착용감, 브랜드, 출근, 데이트, 여행.",user_input,47,5,12,4,N,0.546
male,55,6770000,자영업,기혼,보수적,588000,54000,휴식,"성분, 가격",LG,설화수 화장품 1711,설화수,화장품,54000,4.11,3075.0,"설화수 화장품 상품. 주요 특징: 성분, 가격, 후기, 피부관리, 선물, 데일리.",crawler,53,1,14,4,N,0.51
female,45,8790000,대기업직원,미혼,진보적,1322000,829000,자기계발,"강의품질, 가격",유한킴벌리,메가스터디 교육 1712,메가스터디,교육,829000,,,"메가스터디 교육 상품. 주요 특징: 강의품질, 가격, 커리큘럼, 공부, 취업, 자기계발.",naver_api,5,4,19,4,Y,0.532
male,47,2960000,주부,기혼,보수적,477000,549000,기념일,"희소성, 감성",하나투어,하나투어 여행 1713,하나투어,여행,549000,3.83,,"하나투어 여행 상품. 주요 특징: 가격, 일정, 숙소, 휴식, 가족, 기념일.",manual,10,6,11,3,Y,0.654
male,33,2490000,주부,기혼,진보적,377000,4416000,소장,"희소성, 감성",샤넬,샤넬 명품 1714,샤넬,명품,4416000,4.16,2018.0,"샤넬 명품 상품. 주요 특징: 브랜드, 희소성, 디자인, 선물, 보상, 소장.",image_estimate,40,23,18,16,Y,0.78
female,68,2180000,은퇴자,기혼,진보적,408000,507000,건강,"성분, 후기",패스트캠퍼스,정관장 건강관리 1715,정관장,건강관리,507000,4.44,156.0,"정관장 건강관리 상품. 주요 특징: 성분, 후기, 안전성, 건강, 부모님, 회복.",crawler,31,4,18,4,Y,0.408
male,58,2470000,주부,기혼,보수적,509000,389000,소장,"브랜드, 희소성",루이비통,루이비통 명품 1716,루이비통,명품,389000,3.79,,"루이비통 명품 상품. 주요 특징: 브랜드, 희소성, 디자인, 선물, 보상, 소장.",user_input,16,4,14,1,N,0.513
female,51,7140000,대기업직원,미혼,진보적,1468000,86000,인테리어,"내구성, 크기",유한킴벌리,리바트 가구 1717,리바트,가구,86000,3.89,,"리바트 가구 상품. 주요 특징: 내구성, 크기, 디자인, 이사, 인테리어, 생활.",image_estimate,6,5,22,1,N,0.387
female,49,6580000,자영업,기혼,보수적,555000,46000,선물,"희소성, 감성",프라다,패스트캠퍼스 교육 1718,패스트캠퍼스,교육,46000,,1991.0,"패스트캠퍼스 교육 상품. 주요 특징: 강의품질, 가격, 커리큘럼, 공부, 취업, 자기계발.",naver_api,54,1,13,0,N,0.636
female,25,1260000,취업준비생,기혼,보수적,38000,386000,출근,"디자인, 착용감",ZARA,ZARA 패션 1719,ZARA,패션,386000,3.45,1783.0,"ZARA 패션 상품. 주요 특징: 디자인, 착용감, 브랜드, 출근, 데이트, 여행.",user_input,39,8,9,7,Y,0.505
female,25,5290000,공무원,미혼,보수적,803000,698000,유행,"성분, 후기",종근당,종근당 건강관리 1720,종근당,건강관리,698000,3.39,2240.0,"종근당 건강관리 상품. 주요 특징: 성분, 후기, 안전성, 건강, 부모님, 회복.",manual,51,3,21,1,Y,0.446
male,49,5730000,프리랜서,기혼,보수적,400000,353000,보상,"브랜드, 희소성",CJ,구찌 명품 1721,구찌,명품,353000,3.9,,"구찌 명품 상품. 주요 특징: 브랜드, 희소성, 디자인, 선물, 보상, 소장.",manual,4,6,20,1,N,0.381
male,60,10200000,전문직,미혼,진보적,1748000,484000,유행,"희소성, 감성",샤넬,메가스터디 교육 1722,메가스터디,교육,484000,3.38,,"메가스터디 교육 상품. 주요 특징: 강의품질, 가격, 커리큘럼, 공부, 취업, 자기계발.",naver_api,16,5,20,3,N,0.637
male,50,9150000,대기업직원,기혼,보수적,941000,83000,소장,"디자인, 착용감",ZARA,ZARA 패션 1723,ZARA,패션,83000,4.45,272.0,"ZARA 패션 상품. 주요 특징: 디자인, 착용감, 브랜드, 출근, 데이트, 여행.",naver_api,39,0,13,1,N,0.456
male,30,8530000,전문직,미혼,진보적,776000,22000,생활,"가격, 신선도",CJ,CJ 식품 1724,CJ,식품,22000,4.11,3334.0,"CJ 식품 상품. 주요 특징: 가격, 신선도, 배송, 생활, 식사, 가족.",crawler,51,0,2,1,N,0.193
female,51,4640000,공무원,미혼,보수적,312000,50000,유행,"희소성, 감성",한샘,메가스터디 교육 1725,메가스터디,교육,50000,4.05,290.0,"메가스터디 교육 상품. 주요 특징: 강의품질, 가격, 커리큘럼, 공부, 취업, 자기계발.",crawler,38,3,16,2,N,0.638
female,55,7820000,대기업직원,미혼,진보적,603000,59000,여행,"디자인, 착용감",아디다스,아디다스 패션 1726,아디다스,패션,59000,3.91,,"아디다스 패션 상품. 주요 특징: 디자인, 착용감, 브랜드, 출근, 데이트, 여행.",manual,3,0,9,0,N,0.501
male,60,5130000,공무원,기혼,보수적,163000,32000,선물,"가격, 신선도",이니스프리,동원 식품 1727,동원,식품,32000,3.29,2325.0,"동원 식품 상품. 주요 특징: 가격, 신선도, 배송, 생활, 식사, 가족.",manual,51,5,13,2,N,0.48
female,55,3690000,프리랜서,기혼,진보적,680000,6000,휴식,"가격, 신선도",CJ,오뚜기 식품 1728,오뚜기,식품,6000,4.59,,"오뚜기 식품 상품. 주요 특징: 가격, 신선도, 배송, 생활, 식사, 가족.",naver_api,10,4,18,4,N,0.505
male,70,2490000,은퇴자,기혼,진보적,383000,974000,부모님,"성분, 후기",정관장,정관장 건강관리 1729,정관장,건강관리,974000,3.48,1899.0,"정관장 건강관리 상품. 주요 특징: 성분, 후기, 안전성, 건강, 부모님, 회복.",manual,46,10,19,3,Y,0.489
male,32,980000,취업준비생,미혼,진보적,137000,813000,기념일,"희소성, 감성",샤넬,하나투어 여행 1730,하나투어,여행,813000,4.34,3906.0,"하나투어 여행 상품. 주요 특징: 가격, 일정, 숙소, 휴식, 가족, 기념일.",crawler,42,14,0,10,Y,0.861
female,46,5420000,프리랜서,기혼,보수적,1132000,1445000,가족,"가격, 일정",하나투어,하나투어 여행 1731,하나투어,여행,1445000,4.23,,"하나투어 여행 상품. 주요 특징: 가격, 일정, 숙소, 휴식, 가족, 기념일.",manual,15,7,20,4,Y,0.309
female,41,2980000,주부,기혼,보수적,639000,14000,식사,"가격, 신선도",이니스프리,CJ 식품 1732,CJ,식품,14000,4.71,1363.0,"CJ 식품 상품. 주요 특징: 가격, 신선도, 배송, 생활, 식사, 가족.",crawler,40,2,1,0,N,0.291
male,46,5630000,프리랜서,기혼,진보적,484000,34000,소장,"희소성, 감성",ZARA,ZARA 패션 1733,ZARA,패션,34000,4.48,,"ZARA 패션 상품. 주요 특징: 디자인, 착용감, 브랜드, 출근, 데이트, 여행.",crawler,16,3,22,4,N,0.611
female,42,7160000,전문직,기혼,진보적,1450000,123000,소장,"가격, 내구성",다이소,다이소 생활용품 1734,다이소,생활용품,123000,3.36,2276.0,"다이소 생활용품 상품. 주요 특징: 가격, 내구성, 용량, 생활, 청소, 가정.",crawler,52,3,19,4,N,0.43
male,59,9090000,전문직,기혼,진보적,1822000,35000,유행,"희소성, 감성",유한킴벌리,유한킴벌리 생활용품 1735,유한킴벌리,생활용품,35000,3.26,265.0,"유한킴벌리 생활용품 상품. 주요 특징: 가격, 내구성, 용량, 생활, 청소, 가정.",naver_api,33,3,12,3,N,0.528
male,55,3750000,프리랜서,기혼,보수적,133000,1716000,휴식,"희소성, 감성",정관장,정관장 건강관리 1736,정관장,건강관리,1716000,3.34,634.0,"정관장 건강관리 상품. 주요 특징: 성분, 후기, 안전성, 건강, 부모님, 회복.",naver_api,36,9,13,8,Y,0.764
male,47,4250000,공무원,미혼,보수적,917000,745000,취업,"희소성, 감성",패스트캠퍼스,패스트캠퍼스 교육 1737,패스트캠퍼스,교육,745000,4.77,,"패스트캠퍼스 교육 상품. 주요 특징: 강의품질, 가격, 커리큘럼, 공부, 취업, 자기계발.",image_estimate,13,7,9,1,Y,0.399
male,60,2780000,주부,기혼,보수적,293000,172000,피부관리,"성분, 가격",LG,설화수 화장품 1738,설화수,화장품,172000,4.42,937.0,"설화수 화장품 상품. 주요 특징: 성분, 가격, 후기, 피부관리, 선물, 데일리.",user_input,37,5,11,0,N,0.326
male,32,1260000,취업준비생,기혼,진보적,110000,506000,게임,"희소성, 감성",한샘,소니 전자기기 1739,소니,전자기기,506000,4.25,3931.0,"소니 전자기기 상품. 주요 특징: 성능, 배터리, 휴대성, 업무, 공부, 게임, 콘텐츠.",user_input,56,7,18,4,Y,0.683
female,24,860000,취업준비생,미혼,보수적,133000,483000,선물,"디자인, 착용감",레노버,ZARA 패션 1740,ZARA,패션,483000,4.87,3999.0,"ZARA 패션 상품. 주요 특징: 디자인, 착용감, 브랜드, 출근, 데이트, 여행.",crawler,45,8,15,5,Y,0.77
male,26,750000,학생,미혼,진보적,95000,636000,피부관리,"성분, 가격",설화수,설화수 화장품 1741,설화수,화장품,636000,3.74,,"설화수 화장품 상품. 주요 특징: 성분, 가격, 후기, 피부관리, 선물, 데일리.",user_input,5,13,20,11,Y,0.478
female,42,5420000,공무원,미혼,보수적,408000,49000,가정,"희소성, 감성",유한킴벌리,유한킴벌리 생활용품 1742,유한킴벌리,생활용품,49000,4.85,,"유한킴벌리 생활용품 상품. 주요 특징: 가격, 내구성, 용량, 생활, 청소, 가정.",manual,6,0,15,3,N,0.57
female,47,8610000,대기업직원,기혼,보수적,1104000,20000,선물,"성분, 가격",이니스프리,이니스프리 화장품 1743,이니스프리,화장품,20000,,,"이니스프리 화장품 상품. 주요 특징: 성분, 가격, 후기, 피부관리, 선물, 데일리.",user_input,13,4,16,2,N,0.246
female,32,800000,취업준비생,기혼,진보적,116000,33000,피부관리,"성분, 가격",COS,설화수 화장품 1744,설화수,화장품,33000,3.82,,"설화수 화장품 상품. 주요 특징: 성분, 가격, 후기, 피부관리, 선물, 데일리.",image_estimate,5,0,15,2,N,0.349
male,39,3590000,사무직,기혼,보수적,284000,490000,소장,"가격, 일정",대한항공,대한항공 여행 1745,대한항공,여행,490000,3.97,911.0,"대한항공 여행 상품. 주요 특징: 가격, 일정, 숙소, 휴식, 가족, 기념일.",crawler,37,5,9,4,N,0.593
male,27,4480000,공무원,미혼,진보적,183000,70000,건강,"성분, 후기",대한항공,정관장 건강관리 1746,정관장,건강관리,70000,3.58,1241.0,"정관장 건강관리 상품. 주요 특징: 성분, 후기, 안전성, 건강, 부모님, 회복.",image_estimate,49,4,13,2,N,0.364
female,20,710000,학생,미혼,보수적,90000,86000,가정,"희소성, 감성",리바트,유한킴벌리 생활용품 1747,유한킴벌리,생활용품,86000,,1528.0,"유한킴벌리 생활용품 상품. 주요 특징: 가격, 내구성, 용량, 생활, 청소, 가정.",manual,37,2,10,4,N,0.66
female,28,620000,학생,미혼,진보적,118000,37000,가족,"가격, 신선도",동원,동원 식품 1748,동원,식품,37000,,877.0,"동원 식품 상품. 주요 특징: 가격, 신선도, 배송, 생활, 식사, 가족.",naver_api,45,4,20,2,N,0.425
male,33,890000,취업준비생,기혼,진보적,121000,80000,공부,"희소성, 감성",패스트캠퍼스,패스트캠퍼스 교육 1749,패스트캠퍼스,교육,80000,3.6,,"패스트캠퍼스 교육 상품. 주요 특징: 강의품질, 가격, 커리큘럼, 공부, 취업, 자기계발.",manual,14,1,20,2,N,0.395
female,57,8250000,전문직,기혼,보수적,1296000,450000,선물,"성분, 후기",클래스101,종근당 건강관리 1750,종근당,건강관리,450000,3.37,2204.0,"종근당 건강관리 상품. 주요 특징: 성분, 후기, 안전성, 건강, 부모님, 회복.",crawler,49,6,13,2,N,0.525
male,50,6090000,공무원,미혼,진보적,422000,68000,생활,"희소성, 감성",CJ,유한킴벌리 생활용품 1751,유한킴벌리,생활용품,68000,4.42,,"유한킴벌리 생활용품 상품. 주요 특징: 가격, 내구성, 용량, 생활, 청소, 가정.",manual,5,2,21,2,N,0.446
female,52,4760000,공무원,미혼,보수적,614000,4000,가족,"가격, 신선도",CJ,CJ 식품 1752,CJ,식품,4000,4.31,984.0,"CJ 식품 상품. 주요 특징: 가격, 신선도, 배송, 생활, 식사, 가족.",crawler,43,3,16,3,N,0.445
female,40,2860000,주부,기혼,보수적,204000,62000,소장,"가격, 신선도",메가스터디,오뚜기 식품 1753,오뚜기,식품,62000,3.86,984.0,"오뚜기 식품 상품. 주요 특징: 가격, 신선도, 배송, 생활, 식사, 가족.",image_estimate,38,5,17,1,N,0.474
male,24,5530000,프리랜서,미혼,진보적,758000,9000,식사,"희소성, 감성",오뚜기,오뚜기 식품 1754,오뚜기,식품,9000,,128.0,"오뚜기 식품 상품. 주요 특징: 가격, 신선도, 배송, 생활, 식사, 가족.",image_estimate,34,4,12,3,N,0.375
female,43,8940000,대기업직원,기혼,진보적,1902000,733000,휴식,"내구성, 크기",한샘,한샘 가구 1755,한샘,가구,733000,3.43,2565.0,"한샘 가구 상품. 주요 특징: 내구성, 크기, 디자인, 이사, 인테리어, 생활.",image_estimate,48,1,16,1,Y,0.467
female,37,2080000,주부,기혼,보수적,457000,40000,유행,"희소성, 감성",패스트캠퍼스,패스트캠퍼스 교육 1756,패스트캠퍼스,교육,40000,3.87,,"패스트캠퍼스 교육 상품. 주요 특징: 강의품질, 가격, 커리큘럼, 공부, 취업, 자기계발.",naver_api,17,0,14,0,N,0.599
female,31,6090000,공무원,미혼,보수적,852000,158000,자기계발,"희소성, 감성",다이소,패스트캠퍼스 교육 1757,패스트캠퍼스,교육,158000,,120.0,"패스트캠퍼스 교육 상품. 주요 특징: 강의품질, 가격, 커리큘럼, 공부, 취업, 자기계발.",crawler,38,5,3,3,N,0.677
female,25,560000,학생,미혼,진보적,69000,31000,생활,"희소성, 감성",이니스프리,3M 생활용품 1758,3M,생활용품,31000,4.81,865.0,"3M 생활용품 상품. 주요 특징: 가격, 내구성, 용량, 생활, 청소, 가정.",manual,36,1,10,2,N,0.452
male,51,3580000,공무원,기혼,보수적,281000,492000,회복,"희소성, 감성",이케아,정관장 건강관리 1759,정관장,건강관리,492000,4.41,,"정관장 건강관리 상품. 주요 특징: 성분, 후기, 안전성, 건강, 부모님, 회복.",naver_api,8,3,16,3,N,0.803
male,28,770000,학생,미혼,진보적,79000,395000,유행,"브랜드, 희소성",설화수,루이비통 명품 1760,루이비통,명품,395000,,,"루이비통 명품 상품. 주요 특징: 브랜드, 희소성, 디자인, 선물, 보상, 소장.",crawler,14,10,11,6,Y,0.842
male,68,3240000,은퇴자,기혼,진보적,711000,4000,식사,"가격, 신선도",LG,오뚜기 식품 1761,오뚜기,식품,4000,4.07,2553.0,"오뚜기 식품 상품. 주요 특징: 가격, 신선도, 배송, 생활, 식사, 가족.",image_estimate,44,4,22,4,N,0.256
male,30,6070000,자영업,기혼,진보적,1164000,121000,여행,"디자인, 착용감",한샘,나이키 패션 1762,나이키,패션,121000,3.65,1107.0,"나이키 패션 상품. 주요 특징: 디자인, 착용감, 브랜드, 출근, 데이트, 여행.",crawler,38,3,18,3,N,0.558
male,58,8350000,전문직,기혼,보수적,1391000,3146000,휴식,"가격, 일정",마이리얼트립,마이리얼트립 여행 1763,마이리얼트립,여행,3146000,4.78,612.0,"마이리얼트립 여행 상품. 주요 특징: 가격, 일정, 숙소, 휴식, 가족, 기념일.",naver_api,47,8,12,5,Y,0.474
male,44,2310000,주부,미혼,진보적,472000,3535000,가족,"가격, 일정",종근당,하나투어 여행 1764,하나투어,여행,3535000,4.31,2695.0,"하나투어 여행 상품. 주요 특징: 가격, 일정, 숙소, 휴식, 가족, 기념일.",naver_api,44,23,9,14,Y,0.587
male,51,6790000,자영업,기혼,보수적,1207000,467000,선물,"희소성, 감성",COS,한샘 가구 1765,한샘,가구,467000,4.08,,"한샘 가구 상품. 주요 특징: 내구성, 크기, 디자인, 이사, 인테리어, 생활.",crawler,4,2,21,0,N,0.679
male,24,3380000,사무직,미혼,보수적,370000,547000,선물,"성분, 가격",LG,이니스프리 화장품 1766,이니스프리,화장품,547000,3.94,1734.0,"이니스프리 화장품 상품. 주요 특징: 성분, 가격, 후기, 피부관리, 선물, 데일리.",crawler,42,7,9,4,Y,0.396
male,43,4970000,사무직,기혼,보수적,498000,2916000,선물,"내구성, 크기",구찌,이케아 가구 1767,이케아,가구,2916000,4.23,763.0,"이케아 가구 상품. 주요 특징: 내구성, 크기, 디자인, 이사, 인테리어, 생활.",user_input,39,11,17,5,Y,0.801
male,53,4210000,프리랜서,기혼,보수적,749000,56000,생활,"가격, 신선도",LG,오뚜기 식품 1768,오뚜기,식품,56000,4.55,1413.0,"오뚜기 식품 상품. 주요 특징: 가격, 신선도, 배송, 생활, 식사, 가족.",naver_api,44,2,19,3,N,0.281
female,25,700000,학생,미혼,진보적,121000,130000,가정,"희소성, 감성",3M,3M 생활용품 1769,3M,생활용품,130000,4.55,1721.0,"3M 생활용품 상품. 주요 특징: 가격, 내구성, 용량, 생활, 청소, 가정.",user_input,49,5,11,5,Y,0.563
female,33,7010000,자영업,미혼,진보적,624000,15000,피부관리,"성분, 가격",설화수,설화수 화장품 1770,설화수,화장품,15000,4.32,,"설화수 화장품 상품. 주요 특징: 성분, 가격, 후기, 피부관리, 선물, 데일리.",manual,10,4,3,1,N,0.238
female,35,8880000,대기업직원,미혼,진보적,762000,83000,건강,"성분, 후기",리바트,정관장 건강관리 1771,정관장,건강관리,83000,3.5,1144.0,"정관장 건강관리 상품. 주요 특징: 성분, 후기, 안전성, 건강, 부모님, 회복.",image_estimate,48,5,21,1,N,0.363
female,47,3480000,프리랜서,기혼,보수적,421000,59000,취업,"강의품질, 가격",하나투어,클래스101 교육 1772,클래스101,교육,59000,3.23,1425.0,"클래스101 교육 상품. 주요 특징: 강의품질, 가격, 커리큘럼, 공부, 취업, 자기계발.",crawler,40,2,11,3,N,0.314
male,30,5500000,프리랜서,미혼,진보적,757000,1132000,취업,"강의품질, 가격",샤넬,패스트캠퍼스 교육 1773,패스트캠퍼스,교육,1132000,3.36,2075.0,"패스트캠퍼스 교육 상품. 주요 특징: 강의품질, 가격, 커리큘럼, 공부, 취업, 자기계발.",naver_api,47,5,18,6,Y,0.424
female,60,3380000,공무원,미혼,보수적,523000,51000,데이트,"희소성, 감성",다이소,ZARA 패션 1774,ZARA,패션,51000,3.7,2006.0,"ZARA 패션 상품. 주요 특징: 디자인, 착용감, 브랜드, 출근, 데이트, 여행.",crawler,46,5,17,2,N,0.441
male,54,7270000,대기업직원,미혼,진보적,314000,80000,선물,"희소성, 감성",3M,리바트 가구 1775,리바트,가구,80000,3.48,,"리바트 가구 상품. 주요 특징: 내구성, 크기, 디자인, 이사, 인테리어, 생활.",crawler,17,0,22,2,N,0.667
male,30,860000,취업준비생,기혼,진보적,183000,244000,공부,"강의품질, 가격",메가스터디,메가스터디 교육 1776,메가스터디,교육,244000,4.29,,"메가스터디 교육 상품. 주요 특징: 강의품질, 가격, 커리큘럼, 공부, 취업, 자기계발.",naver_api,11,6,10,4,Y,0.302
female,32,1030000,취업준비생,기혼,보수적,148000,853000,소장,"희소성, 감성",설화수,이케아 가구 1777,이케아,가구,853000,4.38,644.0,"이케아 가구 상품. 주요 특징: 내구성, 크기, 디자인, 이사, 인테리어, 생활.",user_input,36,10,12,9,Y,0.897
male,53,4740000,공무원,기혼,보수적,394000,9000,청소,"희소성, 감성",오뚜기,3M 생활용품 1778,3M,생활용품,9000,3.73,2772.0,"3M 생활용품 상품. 주요 특징: 가격, 내구성, 용량, 생활, 청소, 가정.",crawler,55,4,11,4,N,0.387
female,51,4560000,사무직,기혼,진보적,886000,20000,청소,"가격, 내구성",다이소,다이소 생활용품 1779,다이소,생활용품,20000,4.44,635.0,"다이소 생활용품 상품. 주요 특징: 가격, 내구성, 용량, 생활, 청소, 가정.",user_input,35,0,1,2,N,0.172
female,47,3560000,사무직,미혼,진보적,772000,989000,선물,"희소성, 감성",리바트,리바트 가구 1780,리바트,가구,989000,3.59,851.0,"리바트 가구 상품. 주요 특징: 내구성, 크기, 디자인, 이사, 인테리어, 생활.",crawler,40,5,12,5,Y,0.65
male,19,830000,학생,미혼,보수적,56000,18000,생활,"가격, 신선도",오뚜기,동원 식품 1781,동원,식품,18000,,,"동원 식품 상품. 주요 특징: 가격, 신선도, 배송, 생활, 식사, 가족.",naver_api,9,3,10,1,N,0.323
male,53,3310000,사무직,미혼,진보적,114000,2131000,보상,"희소성, 감성",3M,샤넬 명품 1782,샤넬,명품,2131000,4.88,3186.0,"샤넬 명품 상품. 주요 특징: 브랜드, 희소성, 디자인, 선물, 보상, 소장.",manual,41,11,17,7,Y,0.64
female,48,4080000,프리랜서,기혼,진보적,895000,984000,휴식,"희소성, 감성",마이리얼트립,마이리얼트립 여행 1783,마이리얼트립,여행,984000,3.68,2630.0,"마이리얼트립 여행 상품. 주요 특징: 가격, 일정, 숙소, 휴식, 가족, 기념일.",naver_api,48,7,16,2,Y,0.38
male,43,3690000,프리랜서,기혼,진보적,276000,656000,선물,"희소성, 감성",마이리얼트립,프라다 명품 1784,프라다,명품,656000,4.32,355.0,"프라다 명품 상품. 주요 특징: 브랜드, 희소성, 디자인, 선물, 보상, 소장.",naver_api,37,4,1,5,Y,0.697
male,27,6350000,대기업직원,미혼,보수적,1136000,218000,자기계발,"강의품질, 가격",구찌,메가스터디 교육 1785,메가스터디,교육,218000,,,"메가스터디 교육 상품. 주요 특징: 강의품질, 가격, 커리큘럼, 공부, 취업, 자기계발.",crawler,7,0,0,1,N,0.544
male,28,5050000,프리랜서,미혼,진보적,201000,930000,휴식,"희소성, 감성",다이소,대한항공 여행 1786,대한항공,여행,930000,4.67,1063.0,"대한항공 여행 상품. 주요 특징: 가격, 일정, 숙소, 휴식, 가족, 기념일.",image_estimate,41,4,17,5,Y,0.69
female,65,5580000,자영업,기혼,보수적,601000,889000,유행,"성분, 후기",샤넬,종근당 건강관리 1787,종근당,건강관리,889000,,3092.0,"종근당 건강관리 상품. 주요 특징: 성분, 후기, 안전성, 건강, 부모님, 회복.",crawler,43,2,11,3,Y,0.656
female,48,4230000,자영업,기혼,진보적,626000,1220000,건강,"성분, 후기",센트룸,센트룸 건강관리 1788,센트룸,건강관리,1220000,3.33,2828.0,"센트룸 건강관리 상품. 주요 특징: 성분, 후기, 안전성, 건강, 부모님, 회복.",user_input,50,8,20,2,Y,0.476
male,62,2370000,은퇴자,기혼,보수적,430000,2117000,선물,"성능, 배터리",마이리얼트립,LG 전자기기 1789,LG,전자기기,2117000,3.21,3099.0,"LG 전자기기 상품. 주요 특징: 성능, 배터리, 휴대성, 업무, 공부, 게임, 콘텐츠.",user_input,49,11,1,7,Y,0.761
male,27,1250000,취업준비생,기혼,진보적,40000,2349000,건강,"성분, 후기",종근당,종근당 건강관리 1790,종근당,건강관리,2349000,3.25,,"종근당 건강관리 상품. 주요 특징: 성분, 후기, 안전성, 건강, 부모님, 회복.",manual,8,23,12,16,Y,0.481
female,32,7660000,전문직,미혼,진보적,1614000,117000,소장,"성능, 배터리",삼성,삼성 전자기기 1791,삼성,전자기기,117000,3.5,1420.0,"삼성 전자기기 상품. 주요 특징: 성능, 배터리, 휴대성, 업무, 공부, 게임, 콘텐츠.",image_estimate,43,1,10,1,N,0.473
female,38,8660000,대기업직원,기혼,진보적,810000,284000,기념일,"가격, 일정",대한항공,대한항공 여행 1792,대한항공,여행,284000,3.83,2673.0,"대한항공 여행 상품. 주요 특징: 가격, 일정, 숙소, 휴식, 가족, 기념일.",image_estimate,50,5,11,3,N,0.441
female,47,7170000,자영업,기혼,보수적,409000,8000,가정,"희소성, 감성",3M,3M 생활용품 1793,3M,생활용품,8000,4.07,1199.0,"3M 생활용품 상품. 주요 특징: 가격, 내구성, 용량, 생활, 청소, 가정.",naver_api,50,3,21,2,N,0.537
male,39,7060000,대기업직원,기혼,보수적,445000,3091000,유행,"희소성, 감성",대한항공,대한항공 여행 1794,대한항공,여행,3091000,3.5,1258.0,"대한항공 여행 상품. 주요 특징: 가격, 일정, 숙소, 휴식, 가족, 기념일.",crawler,45,8,21,5,Y,0.827
female,40,4550000,프리랜서,기혼,보수적,154000,8000,휴식,"가격, 내구성",3M,3M 생활용품 1795,3M,생활용품,8000,4.89,283.0,"3M 생활용품 상품. 주요 특징: 가격, 내구성, 용량, 생활, 청소, 가정.",image_estimate,42,2,12,2,N,0.351
male,32,5470000,공무원,기혼,보수적,579000,36000,청소,"가격, 내구성",유한킴벌리,유한킴벌리 생활용품 1796,유한킴벌리,생활용품,36000,4.78,112.0,"유한킴벌리 생활용품 상품. 주요 특징: 가격, 내구성, 용량, 생활, 청소, 가정.",user_input,32,2,9,0,N,0.172
female,23,600000,학생,미혼,보수적,79000,199000,출근,"희소성, 감성",나이키,나이키 패션 1797,나이키,패션,199000,3.48,715.0,"나이키 패션 상품. 주요 특징: 디자인, 착용감, 브랜드, 출근, 데이트, 여행.",image_estimate,40,4,21,4,Y,0.619
female,20,630000,학생,미혼,진보적,82000,382000,유행,"희소성, 감성",구찌,구찌 명품 1798,구찌,명품,382000,4.89,,"구찌 명품 상품. 주요 특징: 브랜드, 희소성, 디자인, 선물, 보상, 소장.",naver_api,5,9,16,8,Y,0.786
female,29,940000,취업준비생,미혼,진보적,91000,340000,휴식,"성능, 배터리",레노버,레노버 전자기기 1799,레노버,전자기기,340000,,,"레노버 전자기기 상품. 주요 특징: 성능, 배터리, 휴대성, 업무, 공부, 게임, 콘텐츠.",image_estimate,17,7,17,7,Y,0.701
female,49,4520000,사무직,기혼,보수적,291000,435000,건강,"성분, 후기",센트룸,센트룸 건강관리 1800,센트룸,건강관리,435000,4.74,2925.0,"센트룸 건강관리 상품. 주요 특징: 성분, 후기, 안전성, 건강, 부모님, 회복.",naver_api,43,5,19,1,N,0.323
male,29,860000,학생,미혼,보수적,125000,6553000,공부,"성능, 배터리",소니,소니 전자기기 1801,소니,전자기기,6553000,4.56,,"소니 전자기기 상품. 주요 특징: 성능, 배터리, 휴대성, 업무, 공부, 게임, 콘텐츠.",crawler,11,60,17,60,Y,0.47
male,47,4100000,자영업,미혼,보수적,312000,286000,이사,"내구성, 크기",아디다스,한샘 가구 1802,한샘,가구,286000,3.69,2751.0,"한샘 가구 상품. 주요 특징: 내구성, 크기, 디자인, 이사, 인테리어, 생활.",image_estimate,47,2,17,5,N,0.339
female,28,610000,학생,기혼,진보적,78000,183000,유행,"희소성, 감성",소니,소니 전자기기 1803,소니,전자기기,183000,4.03,2721.0,"소니 전자기기 상품. 주요 특징: 성능, 배터리, 휴대성, 업무, 공부, 게임, 콘텐츠.",user_input,44,3,9,5,Y,0.776
male,67,2890000,은퇴자,미혼,보수적,587000,348000,선물,"브랜드, 희소성",종근당,루이비통 명품 1804,루이비통,명품,348000,4.8,1022.0,"루이비통 명품 상품. 주요 특징: 브랜드, 희소성, 디자인, 선물, 보상, 소장.",manual,42,2,3,1,N,0.367
female,44,6510000,대기업직원,미혼,진보적,433000,5496000,소장,"성능, 배터리",소니,소니 전자기기 1805,소니,전자기기,5496000,3.56,,"소니 전자기기 상품. 주요 특징: 성능, 배터리, 휴대성, 업무, 공부, 게임, 콘텐츠.",user_input,9,11,16,11,Y,0.659
female,71,2230000,은퇴자,기혼,보수적,314000,67000,유행,"가격, 내구성",다이소,3M 생활용품 1806,3M,생활용품,67000,3.97,,"3M 생활용품 상품. 주요 특징: 가격, 내구성, 용량, 생활, 청소, 가정.",crawler,2,3,22,1,N,0.526
male,35,5160000,공무원,미혼,보수적,1030000,6101000,소장,"희소성, 감성",프라다,프라다 명품 1807,프라다,명품,6101000,3.2,2324.0,"프라다 명품 상품. 주요 특징: 브랜드, 희소성, 디자인, 선물, 보상, 소장.",crawler,45,20,19,9,Y,0.793
female,42,5140000,사무직,기혼,진보적,284000,40000,자기계발,"강의품질, 가격",이니스프리,메가스터디 교육 1808,메가스터디,교육,40000,3.22,3704.0,"메가스터디 교육 상품. 주요 특징: 강의품질, 가격, 커리큘럼, 공부, 취업, 자기계발.",user_input,57,3,19,3,N,0.544
male,28,5130000,사무직,미혼,보수적,402000,175000,여행,"디자인, 착용감",나이키,나이키 패션 1809,나이키,패션,175000,3.96,3484.0,"나이키 패션 상품. 주요 특징: 디자인, 착용감, 브랜드, 출근, 데이트, 여행.",crawler,54,3,21,2,N,0.452
female,31,1320000,취업준비생,기혼,보수적,42000,208000,가족,"희소성, 감성",나이키,하나투어 여행 1810,하나투어,여행,208000,3.66,3024.0,"하나투어 여행 상품. 주요 특징: 가격, 일정, 숙소, 휴식, 가족, 기념일.",manual,47,6,14,5,N,0.696
male,28,1060000,취업준비생,미혼,보수적,122000,894000,기념일,"희소성, 감성",동원,대한항공 여행 1811,대한항공,여행,894000,3.39,1740.0,"대한항공 여행 상품. 주요 특징: 가격, 일정, 숙소, 휴식, 가족, 기념일.",image_estimate,48,12,9,7,Y,0.848
female,57,5500000,대기업직원,기혼,보수적,505000,27000,식사,"희소성, 감성",오뚜기,오뚜기 식품 1812,오뚜기,식품,27000,4.84,1651.0,"오뚜기 식품 상품. 주요 특징: 가격, 신선도, 배송, 생활, 식사, 가족.",image_estimate,38,5,18,2,N,0.387
female,52,6820000,전문직,미혼,진보적,427000,1388000,선물,"내구성, 크기",이케아,이케아 가구 1813,이케아,가구,1388000,3.89,2049.0,"이케아 가구 상품. 주요 특징: 내구성, 크기, 디자인, 이사, 인테리어, 생활.",manual,44,5,2,3,Y,0.706
male,33,4610000,프리랜서,기혼,진보적,773000,93000,부모님,"성분, 후기",종근당,센트룸 건강관리 1814,센트룸,건강관리,93000,,,"센트룸 건강관리 상품. 주요 특징: 성분, 후기, 안전성, 건강, 부모님, 회복.",naver_api,3,4,11,2,N,0.376
female,56,2960000,주부,기혼,보수적,237000,1915000,기념일,"가격, 일정",대한항공,대한항공 여행 1815,대한항공,여행,1915000,3.58,1275.0,"대한항공 여행 상품. 주요 특징: 가격, 일정, 숙소, 휴식, 가족, 기념일.",image_estimate,41,13,14,6,Y,0.707
male,52,3060000,사무직,기혼,보수적,492000,2684000,가족,"가격, 일정",마이리얼트립,마이리얼트립 여행 1816,마이리얼트립,여행,2684000,4.02,2976.0,"마이리얼트립 여행 상품. 주요 특징: 가격, 일정, 숙소, 휴식, 가족, 기념일.",manual,50,12,9,8,Y,0.452
female,51,3660000,사무직,미혼,진보적,663000,955000,유행,"가격, 일정",센트룸,대한항공 여행 1817,대한항공,여행,955000,,3854.0,"대한항공 여행 상품. 주요 특징: 가격, 일정, 숙소, 휴식, 가족, 기념일.",manual,42,8,10,2,Y,0.599
female,53,6740000,자영업,기혼,진보적,1194000,537000,선물,"가격, 일정",하나투어,마이리얼트립 여행 1818,마이리얼트립,여행,537000,3.35,1789.0,"마이리얼트립 여행 상품. 주요 특징: 가격, 일정, 숙소, 휴식, 가족, 기념일.",user_input,50,3,0,3,Y,0.545
male,28,790000,학생,미혼,진보적,79000,26000,식사,"희소성, 감성",ZARA,동원 식품 1819,동원,식품,26000,3.5,2653.0,"동원 식품 상품. 주요 특징: 가격, 신선도, 배송, 생활, 식사, 가족.",crawler,52,6,1,0,N,0.455
female,53,3900000,공무원,기혼,진보적,771000,2859000,선물,"성능, 배터리",한샘,LG 전자기기 1820,LG,전자기기,2859000,,1035.0,"LG 전자기기 상품. 주요 특징: 성능, 배터리, 휴대성, 업무, 공부, 게임, 콘텐츠.",crawler,37,10,21,8,Y,0.769
male,40,9530000,전문직,기혼,진보적,702000,1251000,출근,"디자인, 착용감",3M,ZARA 패션 1821,ZARA,패션,1251000,,,"ZARA 패션 상품. 주요 특징: 디자인, 착용감, 브랜드, 출근, 데이트, 여행.",crawler,7,4,16,1,Y,0.571
male,55,10360000,전문직,기혼,보수적,554000,5483000,휴식,"브랜드, 희소성",프라다,프라다 명품 1822,프라다,명품,5483000,,1469.0,"프라다 명품 상품. 주요 특징: 브랜드, 희소성, 디자인, 선물, 보상, 소장.",naver_api,49,11,17,9,Y,0.73
female,28,750000,학생,미혼,보수적,107000,3519000,공부,"성능, 배터리",정관장,레노버 전자기기 1823,레노버,전자기기,3519000,,,"레노버 전자기기 상품. 주요 특징: 성능, 배터리, 휴대성, 업무, 공부, 게임, 콘텐츠.",user_input,9,57,9,39,Y,0.558
female,55,6140000,공무원,기혼,보수적,1011000,5461000,선물,"희소성, 감성",프라다,프라다 명품 1824,프라다,명품,5461000,3.9,,"프라다 명품 상품. 주요 특징: 브랜드, 희소성, 디자인, 선물, 보상, 소장.",crawler,15,12,21,7,Y,0.567
female,60,3510000,은퇴자,기혼,진보적,752000,286000,이사,"희소성, 감성",마이리얼트립,리바트 가구 1825,리바트,가구,286000,4.7,,"리바트 가구 상품. 주요 특징: 내구성, 크기, 디자인, 이사, 인테리어, 생활.",crawler,8,5,14,2,N,0.433
female,40,5740000,대기업직원,미혼,진보적,819000,1633000,유행,"성분, 후기",애플,정관장 건강관리 1826,정관장,건강관리,1633000,4.26,,"정관장 건강관리 상품. 주요 특징: 성분, 후기, 안전성, 건강, 부모님, 회복.",manual,6,5,22,3,Y,0.81
female,37,4320000,공무원,미혼,진보적,472000,132000,회복,"성분, 후기",메가스터디,센트룸 건강관리 1827,센트룸,건강관리,132000,4.41,,"센트룸 건강관리 상품. 주요 특징: 성분, 후기, 안전성, 건강, 부모님, 회복.",image_estimate,11,3,19,0,N,0.561
female,60,3450000,은퇴자,미혼,진보적,713000,67000,취업,"희소성, 감성",클래스101,클래스101 교육 1828,클래스101,교육,67000,3.38,,"클래스101 교육 상품. 주요 특징: 강의품질, 가격, 커리큘럼, 공부, 취업, 자기계발.",image_estimate,17,1,11,4,N,0.364
female,31,9370000,대기업직원,기혼,진보적,871000,171000,휴식,"강의품질, 가격",메가스터디,패스트캠퍼스 교육 1829,패스트캠퍼스,교육,171000,3.61,,"패스트캠퍼스 교육 상품. 주요 특징: 강의품질, 가격, 커리큘럼, 공부, 취업, 자기계발.",user_input,3,5,20,0,N,0.512
male,57,6870000,전문직,미혼,진보적,553000,116000,데일리,"성분, 가격",라네즈,라네즈 화장품 1830,라네즈,화장품,116000,4.3,3123.0,"라네즈 화장품 상품. 주요 특징: 성분, 가격, 후기, 피부관리, 선물, 데일리.",user_input,46,5,12,3,N,0.398
female,45,4130000,자영업,기혼,진보적,204000,238000,선물,"성분, 가격",설화수,설화수 화장품 1831,설화수,화장품,238000,4.0,3294.0,"설화수 화장품 상품. 주요 특징: 성분, 가격, 후기, 피부관리, 선물, 데일리.",crawler,46,1,21,3,N,0.26
female,53,6380000,자영업,기혼,진보적,612000,78000,인테리어,"내구성, 크기",이케아,이케아 가구 1832,이케아,가구,78000,4.37,719.0,"이케아 가구 상품. 주요 특징: 내구성, 크기, 디자인, 이사, 인테리어, 생활.",naver_api,41,4,22,4,N,0.263
male,49,4060000,사무직,기혼,진보적,513000,4000,생활,"가격, 신선도",패스트캠퍼스,오뚜기 식품 1833,오뚜기,식품,4000,4.29,,"오뚜기 식품 상품. 주요 특징: 가격, 신선도, 배송, 생활, 식사, 가족.",naver_api,15,0,18,4,N,0.301
female,33,10310000,전문직,기혼,보수적,615000,498000,소장,"가격, 일정",마이리얼트립,마이리얼트립 여행 1834,마이리얼트립,여행,498000,4.72,,"마이리얼트립 여행 상품. 주요 특징: 가격, 일정, 숙소, 휴식, 가족, 기념일.",user_input,9,3,9,0,N,0.454
male,36,5200000,자영업,기혼,보수적,210000,1417000,소장,"내구성, 크기",애플,이케아 가구 1835,이케아,가구,1417000,3.26,3489.0,"이케아 가구 상품. 주요 특징: 내구성, 크기, 디자인, 이사, 인테리어, 생활.",user_input,52,5,9,4,Y,0.741
female,21,560000,학생,미혼,보수적,76000,485000,휴식,"가격, 일정",하나투어,하나투어 여행 1836,하나투어,여행,485000,,3143.0,"하나투어 여행 상품. 주요 특징: 가격, 일정, 숙소, 휴식, 가족, 기념일.",user_input,50,15,14,7,Y,0.494
female,32,4450000,사무직,기혼,보수적,715000,493000,출근,"디자인, 착용감",3M,COS 패션 1837,COS,패션,493000,3.44,3890.0,"COS 패션 상품. 주요 특징: 디자인, 착용감, 브랜드, 출근, 데이트, 여행.",user_input,56,3,15,3,N,0.332
female,34,1980000,주부,미혼,진보적,263000,3605000,선물,"브랜드, 희소성",ZARA,프라다 명품 1838,프라다,명품,3605000,,2963.0,"프라다 명품 상품. 주요 특징: 브랜드, 희소성, 디자인, 선물, 보상, 소장.",manual,49,24,1,18,Y,0.618
female,51,6180000,공무원,기혼,진보적,1265000,1033000,자기계발,"희소성, 감성",이니스프리,클래스101 교육 1839,클래스101,교육,1033000,3.76,2910.0,"클래스101 교육 상품. 주요 특징: 강의품질, 가격, 커리큘럼, 공부, 취업, 자기계발.",crawler,43,2,22,4,Y,0.627
male,66,2790000,은퇴자,기혼,진보적,340000,335000,취업,"강의품질, 가격",메가스터디,메가스터디 교육 1840,메가스터디,교육,335000,4.79,676.0,"메가스터디 교육 상품. 주요 특징: 강의품질, 가격, 커리큘럼, 공부, 취업, 자기계발.",manual,48,1,21,1,N,0.212
female,67,2560000,은퇴자,기혼,진보적,382000,1849000,게임,"성능, 배터리",삼성,삼성 전자기기 1841,삼성,전자기기,1849000,3.39,,"삼성 전자기기 상품. 주요 특징: 성능, 배터리, 휴대성, 업무, 공부, 게임, 콘텐츠.",naver_api,13,14,15,6,Y,0.496
female,21,570000,학생,미혼,보수적,115000,72000,자기계발,"강의품질, 가격",CJ,패스트캠퍼스 교육 1842,패스트캠퍼스,교육,72000,3.58,2977.0,"패스트캠퍼스 교육 상품. 주요 특징: 강의품질, 가격, 커리큘럼, 공부, 취업, 자기계발.",crawler,43,2,21,5,N,0.476
male,19,720000,학생,미혼,진보적,24000,10000,유행,"가격, 내구성",삼성,3M 생활용품 1843,3M,생활용품,10000,,2602.0,"3M 생활용품 상품. 주요 특징: 가격, 내구성, 용량, 생활, 청소, 가정.",crawler,48,5,20,0,N,0.465
male,20,530000,학생,미혼,보수적,108000,69000,공부,"희소성, 감성",메가스터디,메가스터디 교육 1844,메가스터디,교육,69000,,,"메가스터디 교육 상품. 주요 특징: 강의품질, 가격, 커리큘럼, 공부, 취업, 자기계발.",image_estimate,14,2,21,4,N,0.393
female,50,3760000,프리랜서,미혼,진보적,521000,275000,선물,"가격, 일정",마이리얼트립,마이리얼트립 여행 1845,마이리얼트립,여행,275000,3.74,1554.0,"마이리얼트립 여행 상품. 주요 특징: 가격, 일정, 숙소, 휴식, 가족, 기념일.",manual,51,3,22,5,N,0.47
male,54,4270000,프리랜서,미혼,보수적,534000,1326000,유행,"가격, 일정",유한킴벌리,대한항공 여행 1846,대한항공,여행,1326000,3.47,,"대한항공 여행 상품. 주요 특징: 가격, 일정, 숙소, 휴식, 가족, 기념일.",naver_api,13,7,18,4,Y,0.768
female,25,780000,취업준비생,미혼,보수적,140000,717000,휴식,"가격, 일정",대한항공,대한항공 여행 1847,대한항공,여행,717000,,2447.0,"대한항공 여행 상품. 주요 특징: 가격, 일정, 숙소, 휴식, 가족, 기념일.",image_estimate,50,14,20,9,Y,0.488
female,52,8340000,전문직,미혼,진보적,626000,24000,식사,"희소성, 감성",설화수,오뚜기 식품 1848,오뚜기,식품,24000,4.19,3708.0,"오뚜기 식품 상품. 주요 특징: 가격, 신선도, 배송, 생활, 식사, 가족.",image_estimate,55,2,22,2,N,0.432
female,47,4120000,프리랜서,기혼,보수적,290000,76000,유행,"가격, 내구성",종근당,유한킴벌리 생활용품 1849,유한킴벌리,생활용품,76000,3.84,1274.0,"유한킴벌리 생활용품 상품. 주요 특징: 가격, 내구성, 용량, 생활, 청소, 가정.",manual,37,0,21,3,N,0.492
male,33,6630000,자영업,기혼,진보적,569000,35000,가족,"가격, 신선도",메가스터디,오뚜기 식품 1850,오뚜기,식품,35000,4.12,2506.0,"오뚜기 식품 상품. 주요 특징: 가격, 신선도, 배송, 생활, 식사, 가족.",naver_api,48,0,12,2,N,0.472
female,41,8400000,전문직,기혼,보수적,449000,31000,식사,"가격, 신선도",소니,오뚜기 식품 1851,오뚜기,식품,31000,4.88,1740.0,"오뚜기 식품 상품. 주요 특징: 가격, 신선도, 배송, 생활, 식사, 가족.",naver_api,44,2,19,4,N,0.271
male,33,5820000,공무원,기혼,보수적,1044000,288000,휴식,"가격, 일정",클래스101,대한항공 여행 1852,대한항공,여행,288000,3.25,2181.0,"대한항공 여행 상품. 주요 특징: 가격, 일정, 숙소, 휴식, 가족, 기념일.",crawler,44,4,12,3,N,0.307
male,58,5470000,자영업,기혼,진보적,345000,62000,취업,"강의품질, 가격",패스트캠퍼스,패스트캠퍼스 교육 1853,패스트캠퍼스,교육,62000,4.02,,"패스트캠퍼스 교육 상품. 주요 특징: 강의품질, 가격, 커리큘럼, 공부, 취업, 자기계발.",user_input,14,3,21,2,N,0.253
male,41,4560000,자영업,미혼,진보적,887000,40000,선물,"희소성, 감성",이니스프리,이니스프리 화장품 1854,이니스프리,화장품,40000,4.89,3466.0,"이니스프리 화장품 상품. 주요 특징: 성분, 가격, 후기, 피부관리, 선물, 데일리.",user_input,45,4,18,0,N,0.44
male,34,5290000,대기업직원,미혼,진보적,806000,3614000,인테리어,"희소성, 감성",리바트,리바트 가구 1855,리바트,가구,3614000,3.89,44.0,"리바트 가구 상품. 주요 특징: 내구성, 크기, 디자인, 이사, 인테리어, 생활.",manual,21,12,22,7,Y,0.656
male,52,4950000,공무원,기혼,진보적,1012000,2099000,소장,"희소성, 감성",이니스프리,레노버 전자기기 1856,레노버,전자기기,2099000,,,"레노버 전자기기 상품. 주요 특징: 성능, 배터리, 휴대성, 업무, 공부, 게임, 콘텐츠.",user_input,17,7,19,4,Y,0.925
male,57,5940000,공무원,미혼,진보적,324000,14000,피부관리,"성분, 가격",COS,설화수 화장품 1857,설화수,화장품,14000,3.47,,"설화수 화장품 상품. 주요 특징: 성분, 가격, 후기, 피부관리, 선물, 데일리.",crawler,5,0,0,3,N,0.323
male,23,750000,학생,미혼,진보적,83000,210000,유행,"희소성, 감성",다이소,메가스터디 교육 1858,메가스터디,교육,210000,3.63,1518.0,"메가스터디 교육 상품. 주요 특징: 강의품질, 가격, 커리큘럼, 공부, 취업, 자기계발.",crawler,48,3,15,6,Y,0.894
male,73,3040000,은퇴자,기혼,진보적,599000,23000,휴식,"가격, 신선도",오뚜기,오뚜기 식품 1859,오뚜기,식품,23000,,2314.0,"오뚜기 식품 상품. 주요 특징: 가격, 신선도, 배송, 생활, 식사, 가족.",manual,54,0,15,1,N,0.445
male,23,1120000,취업준비생,미혼,진보적,157000,1084000,휴식,"강의품질, 가격",아디다스,클래스101 교육 1860,클래스101,교육,1084000,,3686.0,"클래스101 교육 상품. 주요 특징: 강의품질, 가격, 커리큘럼, 공부, 취업, 자기계발.",naver_api,48,15,14,10,Y,0.729
female,36,3150000,주부,기혼,보수적,582000,2184000,이사,"희소성, 감성",라네즈,이케아 가구 1861,이케아,가구,2184000,4.69,1030.0,"이케아 가구 상품. 주요 특징: 내구성, 크기, 디자인, 이사, 인테리어, 생활.",user_input,36,10,17,6,Y,0.678
male,58,3220000,은퇴자,미혼,진보적,456000,423000,업무,"성능, 배터리",애플,애플 전자기기 1862,애플,전자기기,423000,3.35,,"애플 전자기기 상품. 주요 특징: 성능, 배터리, 휴대성, 업무, 공부, 게임, 콘텐츠.",image_estimate,3,1,11,4,N,0.262
male,45,10260000,전문직,미혼,보수적,1041000,90000,여행,"희소성, 감성",나이키,ZARA 패션 1863,ZARA,패션,90000,,,"ZARA 패션 상품. 주요 특징: 디자인, 착용감, 브랜드, 출근, 데이트, 여행.",naver_api,11,3,20,3,N,0.663
male,34,8900000,전문직,기혼,보수적,861000,255000,유행,"강의품질, 가격",라네즈,패스트캠퍼스 교육 1864,패스트캠퍼스,교육,255000,3.93,,"패스트캠퍼스 교육 상품. 주요 특징: 강의품질, 가격, 커리큘럼, 공부, 취업, 자기계발.",crawler,17,2,22,3,N,0.538
female,38,7410000,자영업,기혼,보수적,291000,243000,출근,"디자인, 착용감",마이리얼트립,ZARA 패션 1865,ZARA,패션,243000,4.42,,"ZARA 패션 상품. 주요 특징: 디자인, 착용감, 브랜드, 출근, 데이트, 여행.",image_estimate,10,2,14,4,N,0.364
male,43,4210000,자영업,기혼,진보적,487000,31000,생활,"희소성, 감성",아디다스,유한킴벌리 생활용품 1866,유한킴벌리,생활용품,31000,4.22,,"유한킴벌리 생활용품 상품. 주요 특징: 가격, 내구성, 용량, 생활, 청소, 가정.",manual,15,6,9,3,N,0.455
female,25,1150000,취업준비생,미혼,진보적,105000,56000,공부,"강의품질, 가격",클래스101,클래스101 교육 1867,클래스101,교육,56000,3.62,666.0,"클래스101 교육 상품. 주요 특징: 강의품질, 가격, 커리큘럼, 공부, 취업, 자기계발.",user_input,35,1,21,3,N,0.251
female,24,870000,학생,미혼,진보적,64000,686000,유행,"가격, 일정",리바트,하나투어 여행 1868,하나투어,여행,686000,4.61,3256.0,"하나투어 여행 상품. 주요 특징: 가격, 일정, 숙소, 휴식, 가족, 기념일.",image_estimate,54,14,15,9,Y,0.755
male,46,3350000,사무직,미혼,진보적,222000,66000,데이트,"희소성, 감성",아디다스,아디다스 패션 1869,아디다스,패션,66000,4.4,,"아디다스 패션 상품. 주요 특징: 디자인, 착용감, 브랜드, 출근, 데이트, 여행.",user_input,14,2,18,0,N,0.391
male,31,990000,취업준비생,기혼,진보적,102000,275000,유행,"성분, 후기",클래스101,종근당 건강관리 1870,종근당,건강관리,275000,3.32,2187.0,"종근당 건강관리 상품. 주요 특징: 성분, 후기, 안전성, 건강, 부모님, 회복.",image_estimate,43,6,3,5,Y,0.769
male,55,3440000,프리랜서,미혼,진보적,171000,767000,선물,"브랜드, 희소성",유한킴벌리,구찌 명품 1871,구찌,명품,767000,3.79,,"구찌 명품 상품. 주요 특징: 브랜드, 희소성, 디자인, 선물, 보상, 소장.",manual,14,5,10,4,Y,0.643
female,64,3280000,은퇴자,기혼,진보적,303000,1552000,건강,"성분, 후기",센트룸,센트룸 건강관리 1872,센트룸,건강관리,1552000,,2093.0,"센트룸 건강관리 상품. 주요 특징: 성분, 후기, 안전성, 건강, 부모님, 회복.",user_input,50,6,16,4,Y,0.483
male,33,8650000,대기업직원,미혼,보수적,641000,949000,보상,"브랜드, 희소성",하나투어,구찌 명품 1873,구찌,명품,949000,,,"구찌 명품 상품. 주요 특징: 브랜드, 희소성, 디자인, 선물, 보상, 소장.",naver_api,7,2,16,1,Y,0.554
male,59,3510000,은퇴자,미혼,보수적,420000,553000,기념일,"가격, 일정",라네즈,하나투어 여행 1874,하나투어,여행,553000,4.36,3279.0,"하나투어 여행 상품. 주요 특징: 가격, 일정, 숙소, 휴식, 가족, 기념일.",image_estimate,55,6,22,1,Y,0.601
male,54,2820000,주부,기혼,보수적,465000,4767000,유행,"브랜드, 희소성",ZARA,샤넬 명품 1875,샤넬,명품,4767000,,,"샤넬 명품 상품. 주요 특징: 브랜드, 희소성, 디자인, 선물, 보상, 소장.",naver_api,12,24,22,14,Y,0.818
female,46,4330000,공무원,기혼,진보적,545000,362000,출근,"디자인, 착용감",유한킴벌리,나이키 패션 1876,나이키,패션,362000,,,"나이키 패션 상품. 주요 특징: 디자인, 착용감, 브랜드, 출근, 데이트, 여행.",crawler,16,3,21,1,N,0.373
male,68,2340000,은퇴자,기혼,보수적,229000,467000,휴식,"내구성, 크기",리바트,리바트 가구 1877,리바트,가구,467000,4.25,,"리바트 가구 상품. 주요 특징: 내구성, 크기, 디자인, 이사, 인테리어, 생활.",manual,11,5,22,2,Y,0.715
male,29,5700000,프리랜서,미혼,보수적,516000,239000,게임,"성능, 배터리",LG,삼성 전자기기 1878,삼성,전자기기,239000,4.22,436.0,"삼성 전자기기 상품. 주요 특징: 성능, 배터리, 휴대성, 업무, 공부, 게임, 콘텐츠.",manual,37,4,12,0,N,0.29
female,66,3440000,은퇴자,기혼,보수적,141000,506000,취업,"강의품질, 가격",클래스101,클래스101 교육 1879,클래스101,교육,506000,4.9,822.0,"클래스101 교육 상품. 주요 특징: 강의품질, 가격, 커리큘럼, 공부, 취업, 자기계발.",naver_api,40,3,9,3,Y,0.393
male,36,7420000,전문직,기혼,보수적,1309000,178000,선물,"희소성, 감성",패스트캠퍼스,패스트캠퍼스 교육 1880,패스트캠퍼스,교육,178000,3.64,2964.0,"패스트캠퍼스 교육 상품. 주요 특징: 강의품질, 가격, 커리큘럼, 공부, 취업, 자기계발.",manual,42,5,22,4,N,0.56
male,57,5890000,공무원,기혼,진보적,686000,51000,유행,"성분, 후기",종근당,종근당 건강관리 1881,종근당,건강관리,51000,3.33,3515.0,"종근당 건강관리 상품. 주요 특징: 성분, 후기, 안전성, 건강, 부모님, 회복.",manual,52,3,12,3,N,0.482
female,19,610000,학생,미혼,진보적,62000,311000,소장,"강의품질, 가격",메가스터디,메가스터디 교육 1882,메가스터디,교육,311000,4.59,2064.0,"메가스터디 교육 상품. 주요 특징: 강의품질, 가격, 커리큘럼, 공부, 취업, 자기계발.",manual,54,9,20,7,Y,0.658
female,28,990000,취업준비생,미혼,보수적,78000,47000,가정,"희소성, 감성",3M,3M 생활용품 1883,3M,생활용품,47000,4.24,,"3M 생활용품 상품. 주요 특징: 가격, 내구성, 용량, 생활, 청소, 가정.",crawler,5,1,12,1,N,0.607
male,34,2430000,주부,기혼,진보적,131000,270000,데일리,"희소성, 감성",이니스프리,이니스프리 화장품 1884,이니스프리,화장품,270000,,,"이니스프리 화장품 상품. 주요 특징: 성분, 가격, 후기, 피부관리, 선물, 데일리.",image_estimate,17,3,20,1,N,0.818
male,50,2810000,주부,미혼,진보적,465000,650000,부모님,"성분, 후기",유한킴벌리,정관장 건강관리 1885,정관장,건강관리,650000,,,"정관장 건강관리 상품. 주요 특징: 성분, 후기, 안전성, 건강, 부모님, 회복.",image_estimate,16,5,21,4,Y,0.449
male,49,5180000,프리랜서,기혼,보수적,538000,236000,선물,"성분, 가격",라네즈,라네즈 화장품 1886,라네즈,화장품,236000,4.79,2011.0,"라네즈 화장품 상품. 주요 특징: 성분, 가격, 후기, 피부관리, 선물, 데일리.",manual,50,2,19,4,N,0.229
female,62,2890000,은퇴자,기혼,진보적,110000,166000,이사,"희소성, 감성",리바트,리바트 가구 1887,리바트,가구,166000,4.56,2201.0,"리바트 가구 상품. 주요 특징: 내구성, 크기, 디자인, 이사, 인테리어, 생활.",manual,46,1,9,3,N,0.502
female,40,10740000,전문직,기혼,진보적,1837000,1051000,공부,"성능, 배터리",설화수,소니 전자기기 1888,소니,전자기기,1051000,4.42,1727.0,"소니 전자기기 상품. 주요 특징: 성능, 배터리, 휴대성, 업무, 공부, 게임, 콘텐츠.",user_input,39,6,22,1,Y,0.341
male,41,8160000,대기업직원,기혼,진보적,923000,3930000,게임,"성능, 배터리",LG,LG 전자기기 1889,LG,전자기기,3930000,3.35,1791.0,"LG 전자기기 상품. 주요 특징: 성능, 배터리, 휴대성, 업무, 공부, 게임, 콘텐츠.",user_input,39,5,15,8,Y,0.468
female,33,750000,취업준비생,기혼,보수적,89000,341000,소장,"강의품질, 가격",패스트캠퍼스,패스트캠퍼스 교육 1890,패스트캠퍼스,교육,341000,3.27,1824.0,"패스트캠퍼스 교육 상품. 주요 특징: 강의품질, 가격, 커리큘럼, 공부, 취업, 자기계발.",user_input,39,11,12,8,Y,0.674
male,65,5300000,자영업,미혼,보수적,324000,4765000,보상,"희소성, 감성",프라다,프라다 명품 1891,프라다,명품,4765000,,,"프라다 명품 상품. 주요 특징: 브랜드, 희소성, 디자인, 선물, 보상, 소장.",naver_api,7,13,0,7,Y,0.611
male,22,910000,학생,미혼,진보적,38000,55000,소장,"가격, 내구성",센트룸,유한킴벌리 생활용품 1892,유한킴벌리,생활용품,55000,,2296.0,"유한킴벌리 생활용품 상품. 주요 특징: 가격, 내구성, 용량, 생활, 청소, 가정.",image_estimate,42,3,2,4,N,0.56
male,28,5310000,프리랜서,미혼,보수적,756000,4000,선물,"희소성, 감성",정관장,CJ 식품 1893,CJ,식품,4000,3.52,3762.0,"CJ 식품 상품. 주요 특징: 가격, 신선도, 배송, 생활, 식사, 가족.",crawler,50,1,1,0,N,0.639
male,32,7770000,전문직,기혼,보수적,1212000,314000,공부,"강의품질, 가격",라네즈,패스트캠퍼스 교육 1894,패스트캠퍼스,교육,314000,3.85,3537.0,"패스트캠퍼스 교육 상품. 주요 특징: 강의품질, 가격, 커리큘럼, 공부, 취업, 자기계발.",image_estimate,45,3,20,4,N,0.324
female,22,1220000,취업준비생,미혼,보수적,222000,3111000,휴식,"희소성, 감성",나이키,마이리얼트립 여행 1895,마이리얼트립,여행,3111000,4.02,3976.0,"마이리얼트립 여행 상품. 주요 특징: 가격, 일정, 숙소, 휴식, 가족, 기념일.",user_input,44,33,13,22,Y,0.667
male,33,2830000,주부,미혼,보수적,446000,929000,기념일,"가격, 일정",하나투어,하나투어 여행 1896,하나투어,여행,929000,3.57,3073.0,"하나투어 여행 상품. 주요 특징: 가격, 일정, 숙소, 휴식, 가족, 기념일.",manual,42,8,17,4,Y,0.662
male,60,10910000,전문직,미혼,보수적,2348000,198000,선물,"성분, 후기",정관장,정관장 건강관리 1897,정관장,건강관리,198000,,,"정관장 건강관리 상품. 주요 특징: 성분, 후기, 안전성, 건강, 부모님, 회복.",manual,16,3,13,1,N,0.478
male,59,5310000,공무원,기혼,보수적,362000,5000,휴식,"가격, 신선도",동원,동원 식품 1898,동원,식품,5000,4.85,1570.0,"동원 식품 상품. 주요 특징: 가격, 신선도, 배송, 생활, 식사, 가족.",naver_api,45,2,15,2,N,0.412
male,29,720000,학생,미혼,진보적,139000,3476000,선물,"내구성, 크기",레노버,이케아 가구 1899,이케아,가구,3476000,3.5,2617.0,"이케아 가구 상품. 주요 특징: 내구성, 크기, 디자인, 이사, 인테리어, 생활.",image_estimate,47,60,9,39,Y,0.786
female,52,7270000,대기업직원,기혼,보수적,1264000,2615000,선물,"희소성, 감성",마이리얼트립,마이리얼트립 여행 1900,마이리얼트립,여행,2615000,4.43,223.0,"마이리얼트립 여행 상품. 주요 특징: 가격, 일정, 숙소, 휴식, 가족, 기념일.",image_estimate,40,9,20,6,Y,0.811
male,37,4850000,사무직,기혼,보수적,665000,78000,소장,"희소성, 감성",샤넬,패스트캠퍼스 교육 1901,패스트캠퍼스,교육,78000,,1989.0,"패스트캠퍼스 교육 상품. 주요 특징: 강의품질, 가격, 커리큘럼, 공부, 취업, 자기계발.",naver_api,43,3,15,4,N,0.675
female,48,6620000,대기업직원,기혼,진보적,631000,2570000,가족,"희소성, 감성",마이리얼트립,마이리얼트립 여행 1902,마이리얼트립,여행,2570000,4.44,252.0,"마이리얼트립 여행 상품. 주요 특징: 가격, 일정, 숙소, 휴식, 가족, 기념일.",crawler,38,10,14,4,Y,0.638
female,40,3870000,프리랜서,기혼,진보적,163000,339000,선물,"성분, 후기",센트룸,센트룸 건강관리 1903,센트룸,건강관리,339000,3.57,,"센트룸 건강관리 상품. 주요 특징: 성분, 후기, 안전성, 건강, 부모님, 회복.",naver_api,4,6,20,4,N,0.652
male,20,610000,학생,미혼,보수적,89000,521000,보상,"브랜드, 희소성",프라다,프라다 명품 1904,프라다,명품,521000,4.35,,"프라다 명품 상품. 주요 특징: 브랜드, 희소성, 디자인, 선물, 보상, 소장.",naver_api,5,12,21,10,Y,0.534
male,28,10100000,전문직,기혼,보수적,1275000,664000,게임,"희소성, 감성",레노버,레노버 전자기기 1905,레노버,전자기기,664000,3.6,,"레노버 전자기기 상품. 주요 특징: 성능, 배터리, 휴대성, 업무, 공부, 게임, 콘텐츠.",user_input,11,5,12,4,Y,0.41
male,23,850000,취업준비생,미혼,보수적,147000,52000,생활,"가격, 내구성",3M,3M 생활용품 1906,3M,생활용품,52000,3.34,,"3M 생활용품 상품. 주요 특징: 가격, 내구성, 용량, 생활, 청소, 가정.",crawler,3,3,20,5,N,0.183
male,51,6440000,전문직,기혼,보수적,1156000,28000,가족,"가격, 신선도",오뚜기,동원 식품 1907,동원,식품,28000,3.75,1753.0,"동원 식품 상품. 주요 특징: 가격, 신선도, 배송, 생활, 식사, 가족.",user_input,42,2,12,3,N,0.508
male,56,5470000,공무원,기혼,진보적,319000,12000,청소,"가격, 내구성",대한항공,다이소 생활용품 1908,다이소,생활용품,12000,3.5,1427.0,"다이소 생활용품 상품. 주요 특징: 가격, 내구성, 용량, 생활, 청소, 가정.",manual,49,5,20,1,N,0.313
female,36,5750000,공무원,미혼,진보적,688000,751000,선물,"성능, 배터리",클래스101,애플 전자기기 1909,애플,전자기기,751000,4.63,1011.0,"애플 전자기기 상품. 주요 특징: 성능, 배터리, 휴대성, 업무, 공부, 게임, 콘텐츠.",crawler,38,7,14,4,Y,0.519
male,50,8200000,대기업직원,기혼,보수적,1342000,1083000,휴식,"희소성, 감성",설화수,리바트 가구 1910,리바트,가구,1083000,3.49,,"리바트 가구 상품. 주요 특징: 내구성, 크기, 디자인, 이사, 인테리어, 생활.",manual,10,3,0,5,Y,0.697
male,23,1030000,취업준비생,기혼,진보적,222000,1775000,인테리어,"내구성, 크기",이케아,이케아 가구 1911,이케아,가구,1775000,4.77,1276.0,"이케아 가구 상품. 주요 특징: 내구성, 크기, 디자인, 이사, 인테리어, 생활.",naver_api,44,26,21,13,Y,0.528
male,26,5640000,공무원,미혼,보수적,558000,3773000,휴식,"희소성, 감성",이니스프리,마이리얼트립 여행 1912,마이리얼트립,여행,3773000,,,"마이리얼트립 여행 상품. 주요 특징: 가격, 일정, 숙소, 휴식, 가족, 기념일.",crawler,11,10,21,8,Y,0.682
male,26,750000,학생,미혼,보수적,94000,50000,유행,"디자인, 착용감",ZARA,ZARA 패션 1913,ZARA,패션,50000,,3178.0,"ZARA 패션 상품. 주요 특징: 디자인, 착용감, 브랜드, 출근, 데이트, 여행.",manual,54,6,17,0,N,0.447
female,31,2870000,주부,미혼,진보적,96000,132000,부모님,"희소성, 감성",마이리얼트립,종근당 건강관리 1914,종근당,건강관리,132000,3.71,,"종근당 건강관리 상품. 주요 특징: 성분, 후기, 안전성, 건강, 부모님, 회복.",crawler,3,3,17,1,N,0.545
male,27,810000,학생,미혼,진보적,110000,20000,피부관리,"희소성, 감성",설화수,라네즈 화장품 1915,라네즈,화장품,20000,4.03,288.0,"라네즈 화장품 상품. 주요 특징: 성분, 가격, 후기, 피부관리, 선물, 데일리.",crawler,34,6,14,4,N,0.482
female,43,4370000,공무원,미혼,진보적,191000,257000,유행,"내구성, 크기",센트룸,리바트 가구 1916,리바트,가구,257000,3.53,796.0,"리바트 가구 상품. 주요 특징: 내구성, 크기, 디자인, 이사, 인테리어, 생활.",user_input,41,3,3,1,N,0.627
female,58,2780000,은퇴자,기혼,보수적,514000,2624000,콘텐츠,"희소성, 감성",리바트,애플 전자기기 1917,애플,전자기기,2624000,4.18,2838.0,"애플 전자기기 상품. 주요 특징: 성능, 배터리, 휴대성, 업무, 공부, 게임, 콘텐츠.",user_input,45,11,17,10,Y,0.889
male,25,4980000,프리랜서,미혼,보수적,169000,425000,소장,"희소성, 감성",패스트캠퍼스,패스트캠퍼스 교육 1918,패스트캠퍼스,교육,425000,,3406.0,"패스트캠퍼스 교육 상품. 주요 특징: 강의품질, 가격, 커리큘럼, 공부, 취업, 자기계발.",crawler,41,6,21,3,N,0.782
female,48,5330000,사무직,기혼,진보적,571000,374000,취업,"강의품질, 가격",이니스프리,클래스101 교육 1919,클래스101,교육,374000,,348.0,"클래스101 교육 상품. 주요 특징: 강의품질, 가격, 커리큘럼, 공부, 취업, 자기계발.",manual,38,6,14,1,N,0.285
female,37,4400000,공무원,기혼,진보적,477000,91000,선물,"희소성, 감성",ZARA,다이소 생활용품 1920,다이소,생활용품,91000,3.71,,"다이소 생활용품 상품. 주요 특징: 가격, 내구성, 용량, 생활, 청소, 가정.",crawler,4,0,11,1,N,0.639
male,27,770000,학생,미혼,진보적,165000,1301000,소장,"희소성, 감성",정관장,정관장 건강관리 1921,정관장,건강관리,1301000,4.03,3429.0,"정관장 건강관리 상품. 주요 특징: 성분, 후기, 안전성, 건강, 부모님, 회복.",naver_api,46,23,18,17,Y,0.829
female,30,8010000,대기업직원,미혼,진보적,475000,1228000,공부,"희소성, 감성",종근당,메가스터디 교육 1922,메가스터디,교육,1228000,,,"메가스터디 교육 상품. 주요 특징: 강의품질, 가격, 커리큘럼, 공부, 취업, 자기계발.",naver_api,13,3,14,1,Y,0.687
female,39,3440000,주부,미혼,보수적,680000,191000,소장,"성분, 가격",동원,이니스프리 화장품 1923,이니스프리,화장품,191000,4.01,3801.0,"이니스프리 화장품 상품. 주요 특징: 성분, 가격, 후기, 피부관리, 선물, 데일리.",manual,43,1,13,0,N,0.537
male,35,3200000,주부,기혼,진보적,570000,24000,선물,"가격, 신선도",오뚜기,오뚜기 식품 1924,오뚜기,식품,24000,4.85,589.0,"오뚜기 식품 상품. 주요 특징: 가격, 신선도, 배송, 생활, 식사, 가족.",naver_api,36,0,0,1,N,0.438
female,47,3700000,프리랜서,기혼,진보적,583000,75000,유행,"성분, 가격",이니스프리,이니스프리 화장품 1925,이니스프리,화장품,75000,4.31,1061.0,"이니스프리 화장품 상품. 주요 특징: 성분, 가격, 후기, 피부관리, 선물, 데일리.",image_estimate,37,5,18,0,N,0.459
male,55,5510000,자영업,미혼,진보적,1121000,12000,가족,"가격, 신선도",CJ,CJ 식품 1926,CJ,식품,12000,4.37,266.0,"CJ 식품 상품. 주요 특징: 가격, 신선도, 배송, 생활, 식사, 가족.",image_estimate,34,5,2,2,N,0.422
female,43,5130000,프리랜서,미혼,진보적,626000,655000,콘텐츠,"성능, 배터리",LG,LG 전자기기 1927,LG,전자기기,655000,4.32,2728.0,"LG 전자기기 상품. 주요 특징: 성능, 배터리, 휴대성, 업무, 공부, 게임, 콘텐츠.",user_input,46,2,19,3,Y,0.471
female,48,8250000,대기업직원,미혼,진보적,803000,480000,휴식,"희소성, 감성",레노버,마이리얼트립 여행 1928,마이리얼트립,여행,480000,4.03,,"마이리얼트립 여행 상품. 주요 특징: 가격, 일정, 숙소, 휴식, 가족, 기념일.",manual,14,1,12,2,N,0.476
male,47,6800000,자영업,기혼,보수적,305000,1248000,여행,"희소성, 감성",샤넬,COS 패션 1929,COS,패션,1248000,4.38,,"COS 패션 상품. 주요 특징: 디자인, 착용감, 브랜드, 출근, 데이트, 여행.",naver_api,10,7,2,3,Y,0.897
male,34,7740000,대기업직원,미혼,보수적,1163000,22000,청소,"희소성, 감성",유한킴벌리,유한킴벌리 생활용품 1930,유한킴벌리,생활용품,22000,4.19,472.0,"유한킴벌리 생활용품 상품. 주요 특징: 가격, 내구성, 용량, 생활, 청소, 가정.",image_estimate,40,0,21,1,N,0.375
male,52,4950000,공무원,기혼,보수적,151000,158000,부모님,"성분, 후기",센트룸,센트룸 건강관리 1931,센트룸,건강관리,158000,4.68,3920.0,"센트룸 건강관리 상품. 주요 특징: 성분, 후기, 안전성, 건강, 부모님, 회복.",image_estimate,47,6,22,0,N,0.278
male,62,4600000,자영업,기혼,보수적,708000,581000,생활,"내구성, 크기",CJ,한샘 가구 1932,한샘,가구,581000,4.71,3809.0,"한샘 가구 상품. 주요 특징: 내구성, 크기, 디자인, 이사, 인테리어, 생활.",image_estimate,46,1,20,5,Y,0.529
male,29,800000,학생,미혼,진보적,50000,278000,공부,"강의품질, 가격",동원,패스트캠퍼스 교육 1933,패스트캠퍼스,교육,278000,3.37,2005.0,"패스트캠퍼스 교육 상품. 주요 특징: 강의품질, 가격, 커리큘럼, 공부, 취업, 자기계발.",user_input,40,9,11,6,Y,0.552
male,30,4540000,사무직,기혼,진보적,453000,18000,데일리,"성분, 가격",설화수,설화수 화장품 1934,설화수,화장품,18000,3.82,2642.0,"설화수 화장품 상품. 주요 특징: 성분, 가격, 후기, 피부관리, 선물, 데일리.",manual,51,5,3,1,N,0.426
male,33,1330000,취업준비생,기혼,진보적,222000,1247000,휴식,"희소성, 감성",대한항공,리바트 가구 1935,리바트,가구,1247000,4.06,2237.0,"리바트 가구 상품. 주요 특징: 내구성, 크기, 디자인, 이사, 인테리어, 생활.",crawler,52,13,17,9,Y,0.859
female,32,830000,취업준비생,미혼,보수적,91000,375000,피부관리,"성분, 가격",ZARA,설화수 화장품 1936,설화수,화장품,375000,4.8,3116.0,"설화수 화장품 상품. 주요 특징: 성분, 가격, 후기, 피부관리, 선물, 데일리.",naver_api,53,8,0,4,Y,0.554
male,30,3900000,프리랜서,미혼,진보적,118000,172000,이사,"희소성, 감성",한샘,한샘 가구 1937,한샘,가구,172000,4.8,1429.0,"한샘 가구 상품. 주요 특징: 내구성, 크기, 디자인, 이사, 인테리어, 생활.",manual,39,4,19,3,N,0.477
female,28,7210000,전문직,미혼,보수적,724000,54000,선물,"성분, 가격",구찌,이니스프리 화장품 1938,이니스프리,화장품,54000,4.2,,"이니스프리 화장품 상품. 주요 특징: 성분, 가격, 후기, 피부관리, 선물, 데일리.",manual,6,5,10,4,N,0.338
male,41,5710000,자영업,기혼,보수적,341000,35000,소장,"성분, 가격",유한킴벌리,이니스프리 화장품 1939,이니스프리,화장품,35000,4.59,2045.0,"이니스프리 화장품 상품. 주요 특징: 성분, 가격, 후기, 피부관리, 선물, 데일리.",image_estimate,54,0,9,0,N,0.567
male,36,9570000,전문직,기혼,보수적,1125000,4215000,선물,"희소성, 감성",마이리얼트립,마이리얼트립 여행 1940,마이리얼트립,여행,4215000,4.69,3260.0,"마이리얼트립 여행 상품. 주요 특징: 가격, 일정, 숙소, 휴식, 가족, 기념일.",image_estimate,55,5,16,7,Y,0.858
female,54,5420000,프리랜서,기혼,보수적,1084000,74000,출근,"디자인, 착용감",레노버,나이키 패션 1941,나이키,패션,74000,4.05,624.0,"나이키 패션 상품. 주요 특징: 디자인, 착용감, 브랜드, 출근, 데이트, 여행.",image_estimate,38,5,13,0,N,0.365
female,61,4620000,자영업,기혼,보수적,612000,1214000,여행,"희소성, 감성",ZARA,ZARA 패션 1942,ZARA,패션,1214000,3.45,1203.0,"ZARA 패션 상품. 주요 특징: 디자인, 착용감, 브랜드, 출근, 데이트, 여행.",user_input,45,3,15,6,Y,0.8
male,27,880000,학생,미혼,진보적,189000,28000,휴식,"희소성, 감성",오뚜기,오뚜기 식품 1943,오뚜기,식품,28000,4.86,3165.0,"오뚜기 식품 상품. 주요 특징: 가격, 신선도, 배송, 생활, 식사, 가족.",manual,43,3,15,3,N,0.593
female,31,3730000,사무직,미혼,진보적,579000,38000,생활,"희소성, 감성",3M,3M 생활용품 1944,3M,생활용품,38000,3.98,3495.0,"3M 생활용품 상품. 주요 특징: 가격, 내구성, 용량, 생활, 청소, 가정.",image_estimate,57,5,18,2,N,0.349
female,57,9360000,전문직,기혼,보수적,465000,417000,공부,"강의품질, 가격",이케아,클래스101 교육 1945,클래스101,교육,417000,3.71,,"클래스101 교육 상품. 주요 특징: 강의품질, 가격, 커리큘럼, 공부, 취업, 자기계발.",naver_api,12,3,17,3,N,0.323
female,52,5340000,프리랜서,기혼,보수적,314000,472000,여행,"희소성, 감성",소니,나이키 패션 1946,나이키,패션,472000,4.71,,"나이키 패션 상품. 주요 특징: 디자인, 착용감, 브랜드, 출근, 데이트, 여행.",user_input,6,1,17,3,N,0.794
female,28,4370000,사무직,미혼,보수적,135000,101000,선물,"성분, 가격",이니스프리,이니스프리 화장품 1947,이니스프리,화장품,101000,4.34,2579.0,"이니스프리 화장품 상품. 주요 특징: 성분, 가격, 후기, 피부관리, 선물, 데일리.",naver_api,54,3,16,2,N,0.276
female,54,4040000,공무원,기혼,진보적,370000,329000,선물,"희소성, 감성",ZARA,ZARA 패션 1948,ZARA,패션,329000,3.89,,"ZARA 패션 상품. 주요 특징: 디자인, 착용감, 브랜드, 출근, 데이트, 여행.",naver_api,17,4,16,5,N,0.594
female,29,8830000,대기업직원,미혼,보수적,1221000,1120000,선물,"내구성, 크기",이케아,이케아 가구 1949,이케아,가구,1120000,4.77,1970.0,"이케아 가구 상품. 주요 특징: 내구성, 크기, 디자인, 이사, 인테리어, 생활.",user_input,43,1,11,3,Y,0.451
female,38,8460000,대기업직원,기혼,진보적,566000,281000,기념일,"가격, 일정",마이리얼트립,마이리얼트립 여행 1950,마이리얼트립,여행,281000,4.19,3201.0,"마이리얼트립 여행 상품. 주요 특징: 가격, 일정, 숙소, 휴식, 가족, 기념일.",image_estimate,46,2,15,2,N,0.427
male,41,6030000,대기업직원,기혼,진보적,669000,5530000,선물,"성능, 배터리",이케아,애플 전자기기 1951,애플,전자기기,5530000,,328.0,"애플 전자기기 상품. 주요 특징: 성능, 배터리, 휴대성, 업무, 공부, 게임, 콘텐츠.",naver_api,36,15,17,8,Y,0.725
male,36,3520000,사무직,미혼,보수적,114000,75000,공부,"희소성, 감성",메가스터디,메가스터디 교육 1952,메가스터디,교육,75000,4.52,3370.0,"메가스터디 교육 상품. 주요 특징: 강의품질, 가격, 커리큘럼, 공부, 취업, 자기계발.",crawler,49,2,19,0,N,0.363
female,29,630000,학생,미혼,진보적,137000,1786000,업무,"희소성, 감성",라네즈,애플 전자기기 1953,애플,전자기기,1786000,3.61,1950.0,"애플 전자기기 상품. 주요 특징: 성능, 배터리, 휴대성, 업무, 공부, 게임, 콘텐츠.",image_estimate,41,37,15,26,Y,0.708
female,55,6950000,대기업직원,기혼,보수적,1036000,413000,피부관리,"성분, 가격",LG,이니스프리 화장품 1954,이니스프리,화장품,413000,4.58,1026.0,"이니스프리 화장품 상품. 주요 특징: 성분, 가격, 후기, 피부관리, 선물, 데일리.",image_estimate,47,6,19,4,N,0.342
female,48,2400000,주부,기혼,진보적,210000,458000,콘텐츠,"희소성, 감성",ZARA,소니 전자기기 1955,소니,전자기기,458000,3.67,78.0,"소니 전자기기 상품. 주요 특징: 성능, 배터리, 휴대성, 업무, 공부, 게임, 콘텐츠.",user_input,36,5,21,3,Y,0.896
male,56,8450000,대기업직원,기혼,진보적,986000,632000,인테리어,"내구성, 크기",하나투어,리바트 가구 1956,리바트,가구,632000,4.63,2896.0,"리바트 가구 상품. 주요 특징: 내구성, 크기, 디자인, 이사, 인테리어, 생활.",manual,52,2,16,1,Y,0.364
male,39,5300000,사무직,미혼,보수적,320000,253000,데일리,"성분, 가격",이니스프리,이니스프리 화장품 1957,이니스프리,화장품,253000,4.41,929.0,"이니스프리 화장품 상품. 주요 특징: 성분, 가격, 후기, 피부관리, 선물, 데일리.",image_estimate,43,5,9,2,N,0.446
male,49,6450000,대기업직원,미혼,진보적,1069000,162000,데일리,"희소성, 감성",이니스프리,이니스프리 화장품 1958,이니스프리,화장품,162000,3.47,1559.0,"이니스프리 화장품 상품. 주요 특징: 성분, 가격, 후기, 피부관리, 선물, 데일리.",crawler,47,5,22,2,N,0.617
male,49,5910000,공무원,기혼,보수적,1112000,123000,선물,"성분, 가격",이케아,이니스프리 화장품 1959,이니스프리,화장품,123000,4.33,2512.0,"이니스프리 화장품 상품. 주요 특징: 성분, 가격, 후기, 피부관리, 선물, 데일리.",crawler,54,1,21,4,N,0.345
female,41,5690000,대기업직원,미혼,보수적,636000,2668000,선물,"희소성, 감성",프라다,프라다 명품 1960,프라다,명품,2668000,3.36,215.0,"프라다 명품 상품. 주요 특징: 브랜드, 희소성, 디자인, 선물, 보상, 소장.",manual,40,7,0,4,Y,0.629
female,44,8670000,대기업직원,기혼,보수적,1588000,1252000,유행,"브랜드, 희소성",샤넬,샤넬 명품 1961,샤넬,명품,1252000,4.67,1776.0,"샤넬 명품 상품. 주요 특징: 브랜드, 희소성, 디자인, 선물, 보상, 소장.",image_estimate,46,4,16,6,Y,0.494
female,19,680000,학생,미혼,보수적,63000,4404000,콘텐츠,"성능, 배터리",LG,LG 전자기기 1962,LG,전자기기,4404000,,,"LG 전자기기 상품. 주요 특징: 성능, 배터리, 휴대성, 업무, 공부, 게임, 콘텐츠.",naver_api,17,60,14,54,Y,0.685
female,51,7080000,전문직,기혼,보수적,1384000,496000,가족,"희소성, 감성",3M,대한항공 여행 1963,대한항공,여행,496000,4.6,,"대한항공 여행 상품. 주요 특징: 가격, 일정, 숙소, 휴식, 가족, 기념일.",manual,15,2,11,2,N,0.475
female,38,2160000,주부,기혼,보수적,310000,905000,건강,"성분, 후기",루이비통,종근당 건강관리 1964,종근당,건강관리,905000,4.82,,"종근당 건강관리 상품. 주요 특징: 성분, 후기, 안전성, 건강, 부모님, 회복.",crawler,12,5,20,4,Y,0.57
female,57,5920000,자영업,기혼,보수적,680000,65000,휴식,"희소성, 감성",소니,오뚜기 식품 1965,오뚜기,식품,65000,,,"오뚜기 식품 상품. 주요 특징: 가격, 신선도, 배송, 생활, 식사, 가족.",manual,14,3,20,0,N,0.663
female,54,4820000,사무직,기혼,진보적,927000,219000,가족,"가격, 일정",정관장,하나투어 여행 1966,하나투어,여행,219000,3.3,884.0,"하나투어 여행 상품. 주요 특징: 가격, 일정, 숙소, 휴식, 가족, 기념일.",crawler,41,2,16,4,N,0.308
female,24,5280000,프리랜서,미혼,보수적,374000,23000,휴식,"성분, 가격",이니스프리,이니스프리 화장품 1967,이니스프리,화장품,23000,,1041.0,"이니스프리 화장품 상품. 주요 특징: 성분, 가격, 후기, 피부관리, 선물, 데일리.",image_estimate,38,2,10,0,N,0.417
male,49,8950000,전문직,미혼,보수적,1648000,224000,출근,"디자인, 착용감",ZARA,ZARA 패션 1968,ZARA,패션,224000,3.93,2030.0,"ZARA 패션 상품. 주요 특징: 디자인, 착용감, 브랜드, 출근, 데이트, 여행.",manual,46,0,13,1,N,0.299
female,31,4970000,사무직,미혼,진보적,907000,917000,선물,"희소성, 감성",대한항공,대한항공 여행 1969,대한항공,여행,917000,,,"대한항공 여행 상품. 주요 특징: 가격, 일정, 숙소, 휴식, 가족, 기념일.",manual,7,8,21,5,Y,0.619
male,58,2930000,은퇴자,기혼,진보적,350000,269000,부모님,"희소성, 감성",동원,센트룸 건강관리 1970,센트룸,건강관리,269000,3.24,,"센트룸 건강관리 상품. 주요 특징: 성분, 후기, 안전성, 건강, 부모님, 회복.",image_estimate,11,1,19,3,N,0.477
male,40,3810000,사무직,기혼,진보적,386000,350000,가족,"가격, 일정",하나투어,하나투어 여행 1971,하나투어,여행,350000,4.67,3602.0,"하나투어 여행 상품. 주요 특징: 가격, 일정, 숙소, 휴식, 가족, 기념일.",image_estimate,55,2,13,2,N,0.185
female,28,820000,취업준비생,미혼,보수적,144000,25000,데일리,"성분, 가격",라네즈,라네즈 화장품 1972,라네즈,화장품,25000,4.55,3315.0,"라네즈 화장품 상품. 주요 특징: 성분, 가격, 후기, 피부관리, 선물, 데일리.",manual,46,3,3,0,N,0.476
male,33,750000,취업준비생,미혼,진보적,141000,120000,이사,"내구성, 크기",설화수,리바트 가구 1973,리바트,가구,120000,3.44,,"리바트 가구 상품. 주요 특징: 내구성, 크기, 디자인, 이사, 인테리어, 생활.",naver_api,14,4,21,5,N,0.328
female,34,6550000,자영업,기혼,진보적,1243000,52000,데이트,"디자인, 착용감",루이비통,나이키 패션 1974,나이키,패션,52000,,657.0,"나이키 패션 상품. 주요 특징: 디자인, 착용감, 브랜드, 출근, 데이트, 여행.",manual,44,2,15,4,N,0.378
female,56,6490000,대기업직원,미혼,진보적,447000,2518000,이사,"희소성, 감성",종근당,이케아 가구 1975,이케아,가구,2518000,3.96,139.0,"이케아 가구 상품. 주요 특징: 내구성, 크기, 디자인, 이사, 인테리어, 생활.",manual,32,6,3,3,Y,0.713
male,24,710000,학생,미혼,보수적,38000,21000,데일리,"성분, 가격",설화수,설화수 화장품 1976,설화수,화장품,21000,,2006.0,"설화수 화장품 상품. 주요 특징: 성분, 가격, 후기, 피부관리, 선물, 데일리.",image_estimate,39,2,9,0,N,0.465
male,32,2520000,주부,미혼,보수적,190000,86000,여행,"희소성, 감성",COS,COS 패션 1977,COS,패션,86000,3.84,3557.0,"COS 패션 상품. 주요 특징: 디자인, 착용감, 브랜드, 출근, 데이트, 여행.",naver_api,53,5,9,1,N,0.551
female,49,9490000,전문직,기혼,진보적,387000,18000,데일리,"성분, 가격",하나투어,설화수 화장품 1978,설화수,화장품,18000,4.27,,"설화수 화장품 상품. 주요 특징: 성분, 가격, 후기, 피부관리, 선물, 데일리.",image_estimate,12,1,14,2,N,0.574
female,39,4990000,공무원,기혼,진보적,558000,228000,피부관리,"성분, 가격",이니스프리,이니스프리 화장품 1979,이니스프리,화장품,228000,4.8,2518.0,"이니스프리 화장품 상품. 주요 특징: 성분, 가격, 후기, 피부관리, 선물, 데일리.",naver_api,45,2,9,2,N,0.232
male,27,650000,학생,미혼,보수적,89000,39000,청소,"가격, 내구성",클래스101,유한킴벌리 생활용품 1980,유한킴벌리,생활용품,39000,3.22,,"유한킴벌리 생활용품 상품. 주요 특징: 가격, 내구성, 용량, 생활, 청소, 가정.",naver_api,5,2,17,5,N,0.305
female,29,560000,학생,기혼,보수적,50000,491000,소장,"내구성, 크기",이케아,이케아 가구 1981,이케아,가구,491000,,192.0,"이케아 가구 상품. 주요 특징: 내구성, 크기, 디자인, 이사, 인테리어, 생활.",naver_api,27,11,12,8,Y,0.669
female,42,3680000,프리랜서,미혼,진보적,529000,65000,건강,"희소성, 감성",센트룸,센트룸 건강관리 1982,센트룸,건강관리,65000,3.31,,"센트룸 건강관리 상품. 주요 특징: 성분, 후기, 안전성, 건강, 부모님, 회복.",crawler,2,3,20,1,N,0.359
female,34,5910000,공무원,미혼,보수적,412000,953000,여행,"디자인, 착용감",구찌,ZARA 패션 1983,ZARA,패션,953000,,565.0,"ZARA 패션 상품. 주요 특징: 디자인, 착용감, 브랜드, 출근, 데이트, 여행.",user_input,47,4,21,5,Y,0.798
male,45,4460000,자영업,미혼,진보적,755000,516000,휴식,"강의품질, 가격",대한항공,패스트캠퍼스 교육 1984,패스트캠퍼스,교육,516000,3.63,2183.0,"패스트캠퍼스 교육 상품. 주요 특징: 강의품질, 가격, 커리큘럼, 공부, 취업, 자기계발.",user_input,50,6,12,2,Y,0.498
female,33,4130000,공무원,기혼,보수적,571000,3386000,선물,"브랜드, 희소성",레노버,프라다 명품 1985,프라다,명품,3386000,3.64,3353.0,"프라다 명품 상품. 주요 특징: 브랜드, 희소성, 디자인, 선물, 보상, 소장.",image_estimate,53,15,14,10,Y,0.574
male,29,680000,학생,미혼,진보적,131000,1597000,게임,"성능, 배터리",레노버,레노버 전자기기 1986,레노버,전자기기,1597000,4.38,3641.0,"레노버 전자기기 상품. 주요 특징: 성능, 배터리, 휴대성, 업무, 공부, 게임, 콘텐츠.",manual,55,29,19,23,Y,0.476
female,64,3100000,은퇴자,기혼,진보적,649000,861000,소장,"브랜드, 희소성",패스트캠퍼스,구찌 명품 1987,구찌,명품,861000,,2188.0,"구찌 명품 상품. 주요 특징: 브랜드, 희소성, 디자인, 선물, 보상, 소장.",naver_api,39,6,9,3,Y,0.636
female,40,5820000,대기업직원,기혼,보수적,974000,42000,식사,"희소성, 감성",LG,CJ 식품 1988,CJ,식품,42000,4.25,2605.0,"CJ 식품 상품. 주요 특징: 가격, 신선도, 배송, 생활, 식사, 가족.",image_estimate,44,5,13,0,N,0.434
female,23,1040000,취업준비생,미혼,진보적,164000,393000,소장,"브랜드, 희소성",라네즈,구찌 명품 1989,구찌,명품,393000,3.28,2579.0,"구찌 명품 상품. 주요 특징: 브랜드, 희소성, 디자인, 선물, 보상, 소장.",user_input,55,6,18,6,Y,0.815
male,46,9700000,전문직,미혼,보수적,1108000,14000,청소,"가격, 내구성",레노버,유한킴벌리 생활용품 1990,유한킴벌리,생활용품,14000,3.92,1449.0,"유한킴벌리 생활용품 상품. 주요 특징: 가격, 내구성, 용량, 생활, 청소, 가정.",crawler,41,5,13,2,N,0.312
male,70,2320000,은퇴자,기혼,진보적,501000,55000,소장,"강의품질, 가격",이케아,패스트캠퍼스 교육 1991,패스트캠퍼스,교육,55000,4.07,,"패스트캠퍼스 교육 상품. 주요 특징: 강의품질, 가격, 커리큘럼, 공부, 취업, 자기계발.",user_input,3,0,22,3,N,0.556
female,60,3170000,주부,미혼,진보적,309000,99000,인테리어,"희소성, 감성",이케아,이케아 가구 1992,이케아,가구,99000,3.7,2857.0,"이케아 가구 상품. 주요 특징: 내구성, 크기, 디자인, 이사, 인테리어, 생활.",image_estimate,50,1,14,2,N,0.382
male,30,9470000,대기업직원,미혼,보수적,1092000,499000,소장,"성분, 가격",정관장,이니스프리 화장품 1993,이니스프리,화장품,499000,4.82,2678.0,"이니스프리 화장품 상품. 주요 특징: 성분, 가격, 후기, 피부관리, 선물, 데일리.",crawler,50,5,17,2,N,0.462
male,24,770000,취업준비생,미혼,진보적,130000,181000,여행,"디자인, 착용감",루이비통,COS 패션 1994,COS,패션,181000,3.6,,"COS 패션 상품. 주요 특징: 디자인, 착용감, 브랜드, 출근, 데이트, 여행.",naver_api,6,6,11,6,Y,0.693
male,25,820000,학생,미혼,보수적,103000,50000,유행,"가격, 내구성",대한항공,유한킴벌리 생활용품 1995,유한킴벌리,생활용품,50000,4.39,92.0,"유한킴벌리 생활용품 상품. 주요 특징: 가격, 내구성, 용량, 생활, 청소, 가정.",image_estimate,33,5,16,4,N,0.491
female,47,3990000,프리랜서,미혼,보수적,594000,1551000,소장,"희소성, 감성",프라다,프라다 명품 1996,프라다,명품,1551000,3.79,3977.0,"프라다 명품 상품. 주요 특징: 브랜드, 희소성, 디자인, 선물, 보상, 소장.",crawler,54,8,14,7,Y,0.762
male,29,1030000,취업준비생,기혼,보수적,114000,77000,데일리,"희소성, 감성",설화수,설화수 화장품 1997,설화수,화장품,77000,3.38,2037.0,"설화수 화장품 상품. 주요 특징: 성분, 가격, 후기, 피부관리, 선물, 데일리.",manual,42,3,20,4,N,0.57
male,55,3160000,주부,미혼,보수적,367000,385000,콘텐츠,"성능, 배터리",프라다,삼성 전자기기 1998,삼성,전자기기,385000,4.16,1184.0,"삼성 전자기기 상품. 주요 특징: 성능, 배터리, 휴대성, 업무, 공부, 게임, 콘텐츠.",manual,47,3,11,3,N,0.468
male,55,10970000,전문직,미혼,보수적,841000,65000,공부,"희소성, 감성",다이소,메가스터디 교육 1999,메가스터디,교육,65000,3.32,1974.0,"메가스터디 교육 상품. 주요 특징: 강의품질, 가격, 커리큘럼, 공부, 취업, 자기계발.",crawler,51,1,15,4,N,0.414
female,72,3320000,은퇴자,기혼,보수적,610000,21000,가정,"가격, 내구성",정관장,다이소 생활용품 2000,다이소,생활용품,21000,4.44,3501.0,"다이소 생활용품 상품. 주요 특징: 가격, 내구성, 용량, 생활, 청소, 가정.",naver_api,57,3,17,3,N,0.525
male,23,890000,학생,미혼,진보적,150000,2260000,선물,"내구성, 크기",메가스터디,이케아 가구 2001,이케아,가구,2260000,3.26,,"이케아 가구 상품. 주요 특징: 내구성, 크기, 디자인, 이사, 인테리어, 생활.",naver_api,17,33,10,22,Y,0.782
male,53,3370000,사무직,기혼,보수적,506000,273000,유행,"희소성, 감성",아디다스,아디다스 패션 2002,아디다스,패션,273000,3.58,2024.0,"아디다스 패션 상품. 주요 특징: 디자인, 착용감, 브랜드, 출근, 데이트, 여행.",image_estimate,39,4,1,3,N,0.582
male,35,3790000,사무직,기혼,보수적,312000,7388000,업무,"희소성, 감성",3M,애플 전자기기 2003,애플,전자기기,7388000,,3364.0,"애플 전자기기 상품. 주요 특징: 성능, 배터리, 휴대성, 업무, 공부, 게임, 콘텐츠.",naver_api,46,26,12,18,Y,0.691
female,23,520000,학생,미혼,진보적,22000,46000,선물,"디자인, 착용감",CJ,아디다스 패션 2004,아디다스,패션,46000,3.76,1699.0,"아디다스 패션 상품. 주요 특징: 디자인, 착용감, 브랜드, 출근, 데이트, 여행.",crawler,47,5,15,5,N,0.77
female,75,2500000,은퇴자,미혼,보수적,239000,18000,유행,"희소성, 감성",다이소,다이소 생활용품 2005,다이소,생활용품,18000,,3001.0,"다이소 생활용품 상품. 주요 특징: 가격, 내구성, 용량, 생활, 청소, 가정.",user_input,52,4,20,4,N,0.54
female,19,610000,학생,미혼,진보적,70000,1691000,휴식,"희소성, 감성",애플,삼성 전자기기 2006,삼성,전자기기,1691000,3.63,,"삼성 전자기기 상품. 주요 특징: 성능, 배터리, 휴대성, 업무, 공부, 게임, 콘텐츠.",user_input,7,36,19,26,Y,0.899
female,35,8180000,대기업직원,기혼,진보적,1006000,128000,생활,"희소성, 감성",패스트캠퍼스,유한킴벌리 생활용품 2007,유한킴벌리,생활용품,128000,4.53,,"유한킴벌리 생활용품 상품. 주요 특징: 가격, 내구성, 용량, 생활, 청소, 가정.",naver_api,13,2,9,4,N,0.435
female,33,5190000,공무원,기혼,보수적,902000,45000,건강,"성분, 후기",정관장,센트룸 건강관리 2008,센트룸,건강관리,45000,3.81,2527.0,"센트룸 건강관리 상품. 주요 특징: 성분, 후기, 안전성, 건강, 부모님, 회복.",crawler,42,1,16,3,N,0.346
female,56,7550000,자영업,기혼,보수적,297000,413000,휴식,"희소성, 감성",삼성,삼성 전자기기 2009,삼성,전자기기,413000,3.92,3878.0,"삼성 전자기기 상품. 주요 특징: 성능, 배터리, 휴대성, 업무, 공부, 게임, 콘텐츠.",user_input,49,2,19,3,N,0.688
female,25,810000,취업준비생,미혼,보수적,174000,43000,소장,"성분, 후기",메가스터디,정관장 건강관리 2010,정관장,건강관리,43000,4.1,1996.0,"정관장 건강관리 상품. 주요 특징: 성분, 후기, 안전성, 건강, 부모님, 회복.",user_input,38,4,20,3,N,0.532
male,22,800000,취업준비생,미혼,진보적,54000,5742000,유행,"성능, 배터리",설화수,삼성 전자기기 2011,삼성,전자기기,5742000,3.67,2478.0,"삼성 전자기기 상품. 주요 특징: 성능, 배터리, 휴대성, 업무, 공부, 게임, 콘텐츠.",naver_api,49,60,18,60,Y,0.691
female,66,2710000,은퇴자,기혼,보수적,389000,15000,식사,"희소성, 감성",아디다스,동원 식품 2012,동원,식품,15000,3.88,3688.0,"동원 식품 상품. 주요 특징: 가격, 신선도, 배송, 생활, 식사, 가족.",naver_api,43,4,13,2,N,0.414
female,34,5360000,사무직,기혼,진보적,550000,646000,선물,"브랜드, 희소성",구찌,구찌 명품 2013,구찌,명품,646000,,2780.0,"구찌 명품 상품. 주요 특징: 브랜드, 희소성, 디자인, 선물, 보상, 소장.",image_estimate,45,4,18,3,Y,0.285
female,29,810000,학생,미혼,보수적,114000,667000,선물,"브랜드, 희소성",루이비통,루이비통 명품 2014,루이비통,명품,667000,,2563.0,"루이비통 명품 상품. 주요 특징: 브랜드, 희소성, 디자인, 선물, 보상, 소장.",manual,53,10,15,9,Y,0.558
male,50,9380000,전문직,기혼,진보적,631000,105000,휴식,"희소성, 감성",애플,한샘 가구 2015,한샘,가구,105000,3.96,2315.0,"한샘 가구 상품. 주요 특징: 내구성, 크기, 디자인, 이사, 인테리어, 생활.",manual,42,3,9,0,N,0.693
female,53,9280000,대기업직원,기혼,보수적,418000,200000,휴식,"성능, 배터리",CJ,소니 전자기기 2016,소니,전자기기,200000,4.48,3095.0,"소니 전자기기 상품. 주요 특징: 성능, 배터리, 휴대성, 업무, 공부, 게임, 콘텐츠.",naver_api,54,3,11,4,N,0.532
male,41,2020000,주부,미혼,보수적,193000,71000,휴식,"내구성, 크기",한샘,이케아 가구 2017,이케아,가구,71000,3.44,183.0,"이케아 가구 상품. 주요 특징: 내구성, 크기, 디자인, 이사, 인테리어, 생활.",user_input,30,4,11,1,N,0.542
female,40,5790000,프리랜서,기혼,진보적,336000,207000,선물,"희소성, 감성",정관장,리바트 가구 2018,리바트,가구,207000,3.84,2453.0,"리바트 가구 상품. 주요 특징: 내구성, 크기, 디자인, 이사, 인테리어, 생활.",image_estimate,41,1,12,0,N,0.65
female,35,3740000,프리랜서,기혼,진보적,473000,528000,유행,"희소성, 감성",COS,소니 전자기기 2019,소니,전자기기,528000,3.59,941.0,"소니 전자기기 상품. 주요 특징: 성능, 배터리, 휴대성, 업무, 공부, 게임, 콘텐츠.",crawler,39,7,10,3,Y,0.681
male,30,1220000,취업준비생,미혼,보수적,191000,664000,유행,"희소성, 감성",클래스101,클래스101 교육 2020,클래스101,교육,664000,3.68,983.0,"클래스101 교육 상품. 주요 특징: 강의품질, 가격, 커리큘럼, 공부, 취업, 자기계발.",crawler,43,9,12,7,Y,0.74
male,66,2890000,은퇴자,기혼,진보적,320000,69000,유행,"희소성, 감성",COS,COS 패션 2021,COS,패션,69000,4.31,444.0,"COS 패션 상품. 주요 특징: 디자인, 착용감, 브랜드, 출근, 데이트, 여행.",crawler,38,1,18,2,N,0.554
male,32,930000,취업준비생,미혼,보수적,40000,5000,가족,"가격, 신선도",유한킴벌리,오뚜기 식품 2022,오뚜기,식품,5000,,2490.0,"오뚜기 식품 상품. 주요 특징: 가격, 신선도, 배송, 생활, 식사, 가족.",naver_api,46,3,9,0,N,0.507
female,53,3780000,공무원,기혼,보수적,674000,184000,가족,"희소성, 감성",대한항공,대한항공 여행 2023,대한항공,여행,184000,,3567.0,"대한항공 여행 상품. 주요 특징: 가격, 일정, 숙소, 휴식, 가족, 기념일.",user_input,51,5,20,4,N,0.42
male,36,2600000,주부,기혼,진보적,252000,2277000,보상,"브랜드, 희소성",아디다스,프라다 명품 2024,프라다,명품,2277000,4.37,2851.0,"프라다 명품 상품. 주요 특징: 브랜드, 희소성, 디자인, 선물, 보상, 소장.",manual,52,13,21,11,Y,0.609
male,57,9590000,대기업직원,기혼,보수적,621000,359000,휴식,"희소성, 감성",구찌,마이리얼트립 여행 2025,마이리얼트립,여행,359000,3.96,3889.0,"마이리얼트립 여행 상품. 주요 특징: 가격, 일정, 숙소, 휴식, 가족, 기념일.",user_input,47,5,16,0,N,0.496
female,55,4950000,사무직,기혼,진보적,892000,779000,여행,"희소성, 감성",프라다,ZARA 패션 2026,ZARA,패션,779000,,2641.0,"ZARA 패션 상품. 주요 특징: 디자인, 착용감, 브랜드, 출근, 데이트, 여행.",naver_api,53,4,19,1,Y,0.646
female,58,4820000,공무원,기혼,진보적,672000,1996000,가족,"희소성, 감성",마이리얼트립,마이리얼트립 여행 2027,마이리얼트립,여행,1996000,3.91,2611.0,"마이리얼트립 여행 상품. 주요 특징: 가격, 일정, 숙소, 휴식, 가족, 기념일.",user_input,52,6,16,5,Y,0.606
male,27,830000,학생,기혼,보수적,113000,101000,데일리,"성분, 가격",레노버,라네즈 화장품 2028,라네즈,화장품,101000,4.1,2782.0,"라네즈 화장품 상품. 주요 특징: 성분, 가격, 후기, 피부관리, 선물, 데일리.",user_input,55,4,19,1,N,0.503
female,30,4640000,공무원,기혼,보수적,356000,19000,생활,"가격, 내구성",다이소,다이소 생활용품 2029,다이소,생활용품,19000,3.6,271.0,"다이소 생활용품 상품. 주요 특징: 가격, 내구성, 용량, 생활, 청소, 가정.",naver_api,39,0,17,2,N,0.195
male,30,3630000,프리랜서,기혼,보수적,541000,174000,데이트,"희소성, 감성",리바트,ZARA 패션 2030,ZARA,패션,174000,4.66,,"ZARA 패션 상품. 주요 특징: 디자인, 착용감, 브랜드, 출근, 데이트, 여행.",crawler,6,4,9,1,N,0.492
female,48,2090000,주부,기혼,보수적,292000,607000,건강,"희소성, 감성",유한킴벌리,정관장 건강관리 2031,정관장,건강관리,607000,,2853.0,"정관장 건강관리 상품. 주요 특징: 성분, 후기, 안전성, 건강, 부모님, 회복.",manual,51,6,21,4,Y,0.672
female,24,730000,학생,미혼,진보적,106000,12000,유행,"가격, 신선도",하나투어,동원 식품 2032,동원,식품,12000,3.37,1843.0,"동원 식품 상품. 주요 특징: 가격, 신선도, 배송, 생활, 식사, 가족.",image_estimate,43,3,12,3,N,0.511
male,50,5200000,자영업,미혼,보수적,501000,399000,선물,"희소성, 감성",유한킴벌리,설화수 화장품 2033,설화수,화장품,399000,3.95,2310.0,"설화수 화장품 상품. 주요 특징: 성분, 가격, 후기, 피부관리, 선물, 데일리.",naver_api,41,5,12,3,N,0.507
male,28,6110000,대기업직원,미혼,보수적,1296000,33000,유행,"성분, 가격",설화수,설화수 화장품 2034,설화수,화장품,33000,4.71,3647.0,"설화수 화장품 상품. 주요 특징: 성분, 가격, 후기, 피부관리, 선물, 데일리.",manual,55,0,10,1,N,0.445
female,35,8140000,대기업직원,미혼,진보적,262000,3200000,선물,"내구성, 크기",한샘,한샘 가구 2035,한샘,가구,3200000,3.52,2757.0,"한샘 가구 상품. 주요 특징: 내구성, 크기, 디자인, 이사, 인테리어, 생활.",image_estimate,45,10,21,7,Y,0.71
male,61,3330000,은퇴자,미혼,보수적,559000,168000,선물,"희소성, 감성",설화수,이니스프리 화장품 2036,이니스프리,화장품,168000,4.14,,"이니스프리 화장품 상품. 주요 특징: 성분, 가격, 후기, 피부관리, 선물, 데일리.",image_estimate,14,4,9,1,N,0.494
female,23,560000,학생,미혼,진보적,47000,1258000,선물,"희소성, 감성",리바트,리바트 가구 2037,리바트,가구,1258000,4.37,727.0,"리바트 가구 상품. 주요 특징: 내구성, 크기, 디자인, 이사, 인테리어, 생활.",image_estimate,34,29,20,20,Y,0.793
female,40,5550000,사무직,기혼,보수적,965000,51000,유행,"희소성, 감성",패스트캠퍼스,다이소 생활용품 2038,다이소,생활용품,51000,,1061.0,"다이소 생활용품 상품. 주요 특징: 가격, 내구성, 용량, 생활, 청소, 가정.",crawler,49,4,22,1,N,0.67
female,41,5890000,공무원,미혼,보수적,1254000,34000,생활,"희소성, 감성",종근당,동원 식품 2039,동원,식품,34000,4.83,2371.0,"동원 식품 상품. 주요 특징: 가격, 신선도, 배송, 생활, 식사, 가족.",user_input,45,2,1,3,N,0.449
female,63,3380000,은퇴자,기혼,보수적,188000,1816000,유행,"희소성, 감성",ZARA,마이리얼트립 여행 2040,마이리얼트립,여행,1816000,3.41,1917.0,"마이리얼트립 여행 상품. 주요 특징: 가격, 일정, 숙소, 휴식, 가족, 기념일.",naver_api,52,9,19,4,Y,0.901
female,57,1910000,주부,기혼,진보적,286000,450000,기념일,"가격, 일정",마이리얼트립,마이리얼트립 여행 2041,마이리얼트립,여행,450000,3.46,2773.0,"마이리얼트립 여행 상품. 주요 특징: 가격, 일정, 숙소, 휴식, 가족, 기념일.",manual,42,8,12,6,Y,0.547
male,70,2660000,은퇴자,기혼,보수적,455000,8000,유행,"가격, 신선도",애플,CJ 식품 2042,CJ,식품,8000,4.27,,"CJ 식품 상품. 주요 특징: 가격, 신선도, 배송, 생활, 식사, 가족.",user_input,6,3,17,3,N,0.5
male,24,650000,학생,미혼,진보적,112000,673000,소장,"가격, 일정",LG,하나투어 여행 2043,하나투어,여행,673000,3.42,1001.0,"하나투어 여행 상품. 주요 특징: 가격, 일정, 숙소, 휴식, 가족, 기념일.",user_input,49,18,1,12,Y,0.776
male,35,1980000,주부,기혼,보수적,136000,2022000,선물,"가격, 일정",이케아,대한항공 여행 2044,대한항공,여행,2022000,,1511.0,"대한항공 여행 상품. 주요 특징: 가격, 일정, 숙소, 휴식, 가족, 기념일.",naver_api,50,13,15,9,Y,0.741
male,55,6150000,대기업직원,미혼,보수적,308000,1055000,가족,"희소성, 감성",대한항공,대한항공 여행 2045,대한항공,여행,1055000,3.78,,"대한항공 여행 상품. 주요 특징: 가격, 일정, 숙소, 휴식, 가족, 기념일.",user_input,9,4,18,5,Y,0.588
female,40,5690000,프리랜서,기혼,진보적,561000,1574000,유행,"희소성, 감성",오뚜기,하나투어 여행 2046,하나투어,여행,1574000,4.54,,"하나투어 여행 상품. 주요 특징: 가격, 일정, 숙소, 휴식, 가족, 기념일.",crawler,10,8,16,7,Y,0.916
male,44,5620000,자영업,기혼,보수적,506000,384000,유행,"희소성, 감성",아디다스,아디다스 패션 2047,아디다스,패션,384000,4.49,3057.0,"아디다스 패션 상품. 주요 특징: 디자인, 착용감, 브랜드, 출근, 데이트, 여행.",crawler,49,3,10,5,N,0.597
male,37,8280000,전문직,기혼,보수적,1187000,6534000,소장,"희소성, 감성",패스트캠퍼스,샤넬 명품 2048,샤넬,명품,6534000,4.51,3584.0,"샤넬 명품 상품. 주요 특징: 브랜드, 희소성, 디자인, 선물, 보상, 소장.",user_input,50,11,21,6,Y,0.838
male,52,5790000,프리랜서,미혼,진보적,337000,460000,휴식,"희소성, 감성",하나투어,하나투어 여행 2049,하나투어,여행,460000,4.02,3426.0,"하나투어 여행 상품. 주요 특징: 가격, 일정, 숙소, 휴식, 가족, 기념일.",crawler,42,2,9,1,N,0.464
female,46,4810000,사무직,미혼,진보적,714000,3998000,이사,"희소성, 감성",종근당,이케아 가구 2050,이케아,가구,3998000,3.26,,"이케아 가구 상품. 주요 특징: 내구성, 크기, 디자인, 이사, 인테리어, 생활.",crawler,11,15,18,8,Y,0.669
female,41,5190000,프리랜서,미혼,보수적,182000,60000,회복,"성분, 후기",3M,센트룸 건강관리 2051,센트룸,건강관리,60000,4.51,,"센트룸 건강관리 상품. 주요 특징: 성분, 후기, 안전성, 건강, 부모님, 회복.",naver_api,2,5,19,0,N,0.545
female,42,6140000,대기업직원,기혼,진보적,369000,134000,공부,"강의품질, 가격",클래스101,클래스101 교육 2052,클래스101,교육,134000,3.53,889.0,"클래스101 교육 상품. 주요 특징: 강의품질, 가격, 커리큘럼, 공부, 취업, 자기계발.",naver_api,46,0,21,2,N,0.22
female,43,5450000,사무직,미혼,보수적,585000,576000,선물,"성분, 가격",아디다스,이니스프리 화장품 2053,이니스프리,화장품,576000,,2502.0,"이니스프리 화장품 상품. 주요 특징: 성분, 가격, 후기, 피부관리, 선물, 데일리.",user_input,44,3,10,1,Y,0.374
female,42,5170000,사무직,미혼,진보적,873000,3124000,소장,"내구성, 크기",리바트,리바트 가구 2054,리바트,가구,3124000,3.5,3711.0,"리바트 가구 상품. 주요 특징: 내구성, 크기, 디자인, 이사, 인테리어, 생활.",naver_api,45,9,13,6,Y,0.66
female,26,4350000,사무직,미혼,보수적,250000,34000,식사,"희소성, 감성",CJ,CJ 식품 2055,CJ,식품,34000,3.21,210.0,"CJ 식품 상품. 주요 특징: 가격, 신선도, 배송, 생활, 식사, 가족.",crawler,34,5,0,3,N,0.338
female,19,680000,학생,미혼,보수적,143000,38000,유행,"가격, 신선도",CJ,CJ 식품 2056,CJ,식품,38000,4.61,,"CJ 식품 상품. 주요 특징: 가격, 신선도, 배송, 생활, 식사, 가족.",naver_api,7,6,11,4,N,0.399
female,44,11280000,전문직,미혼,보수적,2152000,6000,선물,"희소성, 감성",3M,3M 생활용품 2057,3M,생활용품,6000,4.77,2274.0,"3M 생활용품 상품. 주요 특징: 가격, 내구성, 용량, 생활, 청소, 가정.",manual,44,4,21,2,N,0.551
female,55,3410000,주부,기혼,보수적,129000,14000,식사,"가격, 신선도",메가스터디,오뚜기 식품 2058,오뚜기,식품,14000,4.46,3705.0,"오뚜기 식품 상품. 주요 특징: 가격, 신선도, 배송, 생활, 식사, 가족.",naver_api,48,1,3,0,N,0.285
male,49,4560000,사무직,기혼,진보적,249000,37000,부모님,"성분, 후기",정관장,정관장 건강관리 2059,정관장,건강관리,37000,,2474.0,"정관장 건강관리 상품. 주요 특징: 성분, 후기, 안전성, 건강, 부모님, 회복.",naver_api,48,2,18,4,N,0.245
male,45,8120000,전문직,기혼,보수적,1748000,53000,취업,"희소성, 감성",메가스터디,클래스101 교육 2060,클래스101,교육,53000,4.59,2029.0,"클래스101 교육 상품. 주요 특징: 강의품질, 가격, 커리큘럼, 공부, 취업, 자기계발.",crawler,50,4,12,1,N,0.47
male,43,5730000,프리랜서,기혼,진보적,680000,494000,자기계발,"강의품질, 가격",클래스101,클래스101 교육 2061,클래스101,교육,494000,4.54,1951.0,"클래스101 교육 상품. 주요 특징: 강의품질, 가격, 커리큘럼, 공부, 취업, 자기계발.",user_input,54,6,18,2,N,0.372
male,32,1210000,취업준비생,미혼,보수적,134000,3528000,유행,"브랜드, 희소성",루이비통,샤넬 명품 2062,샤넬,명품,3528000,4.11,,"샤넬 명품 상품. 주요 특징: 브랜드, 희소성, 디자인, 선물, 보상, 소장.",crawler,10,37,12,23,Y,0.856
female,33,1250000,취업준비생,기혼,보수적,242000,1109000,콘텐츠,"성능, 배터리",LG,소니 전자기기 2063,소니,전자기기,1109000,4.2,,"소니 전자기기 상품. 주요 특징: 성능, 배터리, 휴대성, 업무, 공부, 게임, 콘텐츠.",user_input,10,16,21,7,Y,0.774
male,27,8300000,대기업직원,미혼,보수적,501000,86000,생활,"희소성, 감성",리바트,리바트 가구 2064,리바트,가구,86000,3.86,2552.0,"리바트 가구 상품. 주요 특징: 내구성, 크기, 디자인, 이사, 인테리어, 생활.",image_estimate,47,2,18,4,N,0.541
male,46,5360000,사무직,기혼,보수적,1072000,199000,휴식,"희소성, 감성",이니스프리,이니스프리 화장품 2065,이니스프리,화장품,199000,3.75,2472.0,"이니스프리 화장품 상품. 주요 특징: 성분, 가격, 후기, 피부관리, 선물, 데일리.",manual,40,4,16,0,N,0.549
male,41,5570000,대기업직원,미혼,보수적,1159000,87000,생활,"내구성, 크기",삼성,한샘 가구 2066,한샘,가구,87000,3.64,1750.0,"한샘 가구 상품. 주요 특징: 내구성, 크기, 디자인, 이사, 인테리어, 생활.",manual,38,3,15,1,N,0.554
female,52,5520000,프리랜서,기혼,보수적,995000,82000,건강,"희소성, 감성",한샘,센트룸 건강관리 2067,센트룸,건강관리,82000,4.66,,"센트룸 건강관리 상품. 주요 특징: 성분, 후기, 안전성, 건강, 부모님, 회복.",user_input,15,6,14,1,N,0.461
female,35,3200000,주부,기혼,보수적,180000,2661000,소장,"성능, 배터리",소니,소니 전자기기 2068,소니,전자기기,2661000,3.64,,"소니 전자기기 상품. 주요 특징: 성능, 배터리, 휴대성, 업무, 공부, 게임, 콘텐츠.",crawler,16,14,0,7,Y,0.696
male,65,2730000,은퇴자,미혼,진보적,488000,406000,자기계발,"강의품질, 가격",정관장,메가스터디 교육 2069,메가스터디,교육,406000,3.28,,"메가스터디 교육 상품. 주요 특징: 강의품질, 가격, 커리큘럼, 공부, 취업, 자기계발.",image_estimate,16,7,15,6,N,0.517
male,46,2850000,주부,기혼,보수적,331000,193000,공부,"희소성, 감성",클래스101,클래스101 교육 2070,클래스101,교육,193000,4.86,3177.0,"클래스101 교육 상품. 주요 특징: 강의품질, 가격, 커리큘럼, 공부, 취업, 자기계발.",user_input,52,5,22,2,N,0.353
female,65,3730000,은퇴자,기혼,보수적,286000,31000,생활,"희소성, 감성",동원,동원 식품 2071,동원,식품,31000,3.21,,"동원 식품 상품. 주요 특징: 가격, 신선도, 배송, 생활, 식사, 가족.",image_estimate,7,5,17,1,N,0.352
male,45,3810000,사무직,미혼,보수적,493000,603000,유행,"성분, 후기",센트룸,센트룸 건강관리 2072,센트룸,건강관리,603000,,,"센트룸 건강관리 상품. 주요 특징: 성분, 후기, 안전성, 건강, 부모님, 회복.",image_estimate,4,3,21,4,Y,0.533
female,49,3690000,프리랜서,기혼,진보적,394000,509000,유행,"희소성, 감성",구찌,대한항공 여행 2073,대한항공,여행,509000,4.45,,"대한항공 여행 상품. 주요 특징: 가격, 일정, 숙소, 휴식, 가족, 기념일.",user_input,15,6,13,5,Y,0.734
female,48,4330000,공무원,미혼,진보적,315000,182000,건강,"희소성, 감성",정관장,정관장 건강관리 2074,정관장,건강관리,182000,3.96,3817.0,"정관장 건강관리 상품. 주요 특징: 성분, 후기, 안전성, 건강, 부모님, 회복.",user_input,44,5,22,2,N,0.402
female,29,4550000,프리랜서,미혼,보수적,833000,340000,소장,"희소성, 감성",ZARA,클래스101 교육 2075,클래스101,교육,340000,3.65,109.0,"클래스101 교육 상품. 주요 특징: 강의품질, 가격, 커리큘럼, 공부, 취업, 자기계발.",crawler,33,2,15,3,N,0.643
male,64,2850000,은퇴자,미혼,진보적,559000,224000,부모님,"희소성, 감성",샤넬,센트룸 건강관리 2076,센트룸,건강관리,224000,4.59,821.0,"센트룸 건강관리 상품. 주요 특징: 성분, 후기, 안전성, 건강, 부모님, 회복.",naver_api,40,5,21,3,N,0.461
male,31,5800000,공무원,미혼,진보적,876000,43000,식사,"희소성, 감성",동원,동원 식품 2077,동원,식품,43000,4.66,,"동원 식품 상품. 주요 특징: 가격, 신선도, 배송, 생활, 식사, 가족.",naver_api,13,1,12,3,N,0.353
male,49,4730000,공무원,기혼,보수적,430000,7389000,소장,"희소성, 감성",루이비통,루이비통 명품 2078,루이비통,명품,7389000,3.77,,"루이비통 명품 상품. 주요 특징: 브랜드, 희소성, 디자인, 선물, 보상, 소장.",image_estimate,4,23,3,15,Y,0.791
female,43,5740000,공무원,기혼,보수적,187000,401000,선물,"가격, 일정",마이리얼트립,마이리얼트립 여행 2079,마이리얼트립,여행,401000,,659.0,"마이리얼트립 여행 상품. 주요 특징: 가격, 일정, 숙소, 휴식, 가족, 기념일.",naver_api,43,1,19,2,N,0.645
female,57,6120000,공무원,기혼,진보적,554000,218000,선물,"희소성, 감성",센트룸,이케아 가구 2080,이케아,가구,218000,3.89,2913.0,"이케아 가구 상품. 주요 특징: 내구성, 크기, 디자인, 이사, 인테리어, 생활.",user_input,47,3,20,4,N,0.624
female,50,5480000,프리랜서,미혼,진보적,454000,176000,선물,"희소성, 감성",패스트캠퍼스,리바트 가구 2081,리바트,가구,176000,,3720.0,"리바트 가구 상품. 주요 특징: 내구성, 크기, 디자인, 이사, 인테리어, 생활.",image_estimate,49,6,0,3,N,0.64
male,28,7220000,대기업직원,미혼,보수적,1010000,22000,소장,"희소성, 감성",아디다스,3M 생활용품 2082,3M,생활용품,22000,3.51,518.0,"3M 생활용품 상품. 주요 특징: 가격, 내구성, 용량, 생활, 청소, 가정.",user_input,47,5,13,3,N,0.653
male,30,2260000,주부,미혼,보수적,434000,51000,소장,"희소성, 감성",레노버,종근당 건강관리 2083,종근당,건강관리,51000,3.71,,"종근당 건강관리 상품. 주요 특징: 성분, 후기, 안전성, 건강, 부모님, 회복.",naver_api,15,4,18,1,N,0.653
female,52,2990000,주부,미혼,보수적,432000,906000,회복,"성분, 후기",3M,종근당 건강관리 2084,종근당,건강관리,906000,3.73,,"종근당 건강관리 상품. 주요 특징: 성분, 후기, 안전성, 건강, 부모님, 회복.",image_estimate,5,5,3,4,Y,0.782
female,28,900000,취업준비생,기혼,보수적,111000,584000,가족,"가격, 일정",애플,하나투어 여행 2085,하나투어,여행,584000,4.13,,"하나투어 여행 상품. 주요 특징: 가격, 일정, 숙소, 휴식, 가족, 기념일.",user_input,2,12,21,5,Y,0.537
male,56,7200000,전문직,기혼,진보적,992000,809000,공부,"희소성, 감성",이니스프리,LG 전자기기 2086,LG,전자기기,809000,,2282.0,"LG 전자기기 상품. 주요 특징: 성능, 배터리, 휴대성, 업무, 공부, 게임, 콘텐츠.",naver_api,48,5,22,2,Y,0.45
female,45,7780000,대기업직원,미혼,보수적,1640000,58000,생활,"가격, 내구성",종근당,다이소 생활용품 2087,다이소,생활용품,58000,,,"다이소 생활용품 상품. 주요 특징: 가격, 내구성, 용량, 생활, 청소, 가정.",user_input,7,2,15,1,N,0.292
male,30,5960000,공무원,기혼,진보적,1041000,351000,회복,"성분, 후기",샤넬,정관장 건강관리 2088,정관장,건강관리,351000,,3350.0,"정관장 건강관리 상품. 주요 특징: 성분, 후기, 안전성, 건강, 부모님, 회복.",manual,56,1,20,0,N,0.521
male,26,920000,취업준비생,미혼,보수적,182000,148000,건강,"성분, 후기",정관장,정관장 건강관리 2089,정관장,건강관리,148000,3.35,,"정관장 건강관리 상품. 주요 특징: 성분, 후기, 안전성, 건강, 부모님, 회복.",user_input,8,2,15,5,N,0.247
male,51,7930000,전문직,미혼,보수적,874000,7000,청소,"희소성, 감성",다이소,다이소 생활용품 2090,다이소,생활용품,7000,3.52,,"다이소 생활용품 상품. 주요 특징: 가격, 내구성, 용량, 생활, 청소, 가정.",naver_api,16,2,18,2,N,0.341
female,37,4940000,사무직,미혼,진보적,738000,37000,생활,"가격, 신선도",구찌,오뚜기 식품 2091,오뚜기,식품,37000,4.48,1998.0,"오뚜기 식품 상품. 주요 특징: 가격, 신선도, 배송, 생활, 식사, 가족.",image_estimate,48,5,17,2,N,0.255
female,40,6350000,자영업,미혼,보수적,1125000,72000,선물,"희소성, 감성",설화수,정관장 건강관리 2092,정관장,건강관리,72000,4.81,1657.0,"정관장 건강관리 상품. 주요 특징: 성분, 후기, 안전성, 건강, 부모님, 회복.",image_estimate,47,2,12,2,N,0.64
male,75,2560000,은퇴자,기혼,진보적,523000,11000,식사,"가격, 신선도",동원,동원 식품 2093,동원,식품,11000,4.75,3314.0,"동원 식품 상품. 주요 특징: 가격, 신선도, 배송, 생활, 식사, 가족.",manual,44,4,13,0,N,0.185
male,37,4810000,프리랜서,기혼,진보적,955000,2895000,보상,"브랜드, 희소성",마이리얼트립,루이비통 명품 2094,루이비통,명품,2895000,4.38,1991.0,"루이비통 명품 상품. 주요 특징: 브랜드, 희소성, 디자인, 선물, 보상, 소장.",image_estimate,41,9,3,7,Y,0.621
female,54,3300000,사무직,기혼,보수적,604000,494000,선물,"희소성, 감성",샤넬,대한항공 여행 2095,대한항공,여행,494000,,2548.0,"대한항공 여행 상품. 주요 특징: 가격, 일정, 숙소, 휴식, 가족, 기념일.",naver_api,48,6,20,1,N,0.677
male,34,2860000,주부,기혼,진보적,398000,4000,식사,"희소성, 감성",나이키,오뚜기 식품 2096,오뚜기,식품,4000,,2134.0,"오뚜기 식품 상품. 주요 특징: 가격, 신선도, 배송, 생활, 식사, 가족.",user_input,44,5,14,4,N,0.428
male,58,6220000,자영업,기혼,보수적,971000,43000,가정,"희소성, 감성",유한킴벌리,유한킴벌리 생활용품 2097,유한킴벌리,생활용품,43000,3.68,,"유한킴벌리 생활용품 상품. 주요 특징: 가격, 내구성, 용량, 생활, 청소, 가정.",naver_api,9,6,16,3,N,0.58
male,42,3250000,주부,기혼,보수적,411000,200000,공부,"희소성, 감성",센트룸,레노버 전자기기 2098,레노버,전자기기,200000,3.2,3445.0,"레노버 전자기기 상품. 주요 특징: 성능, 배터리, 휴대성, 업무, 공부, 게임, 콘텐츠.",naver_api,44,2,12,2,N,0.481
male,74,3660000,은퇴자,기혼,보수적,186000,588000,선물,"강의품질, 가격",샤넬,패스트캠퍼스 교육 2099,패스트캠퍼스,교육,588000,4.33,3467.0,"패스트캠퍼스 교육 상품. 주요 특징: 강의품질, 가격, 커리큘럼, 공부, 취업, 자기계발.",image_estimate,44,2,15,2,Y,0.729
female,33,5380000,대기업직원,미혼,보수적,340000,1575000,소장,"희소성, 감성",정관장,정관장 건강관리 2100,정관장,건강관리,1575000,,,"정관장 건강관리 상품. 주요 특징: 성분, 후기, 안전성, 건강, 부모님, 회복.",crawler,7,7,21,5,Y,0.831
male,46,5690000,공무원,미혼,보수적,1101000,24000,식사,"가격, 신선도",동원,동원 식품 2101,동원,식품,24000,4.29,3371.0,"동원 식품 상품. 주요 특징: 가격, 신선도, 배송, 생활, 식사, 가족.",user_input,49,4,15,2,N,0.172
female,35,3000000,주부,기혼,보수적,299000,283000,취업,"강의품질, 가격",이니스프리,클래스101 교육 2102,클래스101,교육,283000,4.08,,"클래스101 교육 상품. 주요 특징: 강의품질, 가격, 커리큘럼, 공부, 취업, 자기계발.",manual,9,5,16,4,N,0.292
male,36,6400000,전문직,미혼,보수적,1045000,577000,휴식,"희소성, 감성",다이소,하나투어 여행 2103,하나투어,여행,577000,,1594.0,"하나투어 여행 상품. 주요 특징: 가격, 일정, 숙소, 휴식, 가족, 기념일.",naver_api,51,6,19,4,Y,0.471
male,33,7310000,전문직,기혼,보수적,284000,43000,휴식,"희소성, 감성",유한킴벌리,유한킴벌리 생활용품 2104,유한킴벌리,생활용품,43000,3.75,465.0,"유한킴벌리 생활용품 상품. 주요 특징: 가격, 내구성, 용량, 생활, 청소, 가정.",naver_api,40,5,21,4,N,0.593
female,47,3660000,사무직,기혼,보수적,171000,52000,휴식,"희소성, 감성",설화수,설화수 화장품 2105,설화수,화장품,52000,3.66,791.0,"설화수 화장품 상품. 주요 특징: 성분, 가격, 후기, 피부관리, 선물, 데일리.",image_estimate,49,4,11,3,N,0.548
male,27,600000,학생,미혼,진보적,61000,48000,생활,"가격, 신선도",리바트,동원 식품 2106,동원,식품,48000,,3764.0,"동원 식품 상품. 주요 특징: 가격, 신선도, 배송, 생활, 식사, 가족.",user_input,54,1,15,2,N,0.25
male,36,5410000,사무직,미혼,진보적,387000,385000,가족,"희소성, 감성",하나투어,하나투어 여행 2107,하나투어,여행,385000,3.93,2783.0,"하나투어 여행 상품. 주요 특징: 가격, 일정, 숙소, 휴식, 가족, 기념일.",crawler,41,3,10,0,N,0.383
female,51,7900000,대기업직원,미혼,진보적,431000,10000,청소,"희소성, 감성",3M,유한킴벌리 생활용품 2108,유한킴벌리,생활용품,10000,3.61,399.0,"유한킴벌리 생활용품 상품. 주요 특징: 가격, 내구성, 용량, 생활, 청소, 가정.",image_estimate,44,1,17,2,N,0.469
male,28,4870000,사무직,미혼,보수적,384000,1216000,휴식,"브랜드, 희소성",샤넬,샤넬 명품 2109,샤넬,명품,1216000,,2454.0,"샤넬 명품 상품. 주요 특징: 브랜드, 희소성, 디자인, 선물, 보상, 소장.",manual,45,3,17,2,Y,0.757
male,21,520000,학생,미혼,보수적,106000,31000,선물,"성분, 가격",라네즈,라네즈 화장품 2110,라네즈,화장품,31000,3.23,,"라네즈 화장품 상품. 주요 특징: 성분, 가격, 후기, 피부관리, 선물, 데일리.",naver_api,14,6,13,2,N,0.259
male,41,5680000,대기업직원,기혼,보수적,227000,65000,식사,"희소성, 감성",정관장,동원 식품 2111,동원,식품,65000,4.88,,"동원 식품 상품. 주요 특징: 가격, 신선도, 배송, 생활, 식사, 가족.",manual,13,5,12,3,N,0.447
female,21,670000,학생,미혼,진보적,146000,173000,소장,"성분, 가격",설화수,설화수 화장품 2112,설화수,화장품,173000,4.11,,"설화수 화장품 상품. 주요 특징: 성분, 가격, 후기, 피부관리, 선물, 데일리.",image_estimate,17,5,21,4,Y,0.458
male,41,8850000,대기업직원,미혼,진보적,1104000,2641000,소장,"성능, 배터리",ZARA,삼성 전자기기 2113,삼성,전자기기,2641000,4.52,1133.0,"삼성 전자기기 상품. 주요 특징: 성능, 배터리, 휴대성, 업무, 공부, 게임, 콘텐츠.",user_input,36,4,18,2,Y,0.742
male,27,920000,학생,미혼,진보적,165000,95000,자기계발,"희소성, 감성",메가스터디,메가스터디 교육 2114,메가스터디,교육,95000,,3628.0,"메가스터디 교육 상품. 주요 특징: 강의품질, 가격, 커리큘럼, 공부, 취업, 자기계발.",naver_api,52,4,17,2,N,0.544
male,72,2710000,은퇴자,기혼,보수적,473000,189000,휴식,"희소성, 감성",센트룸,대한항공 여행 2115,대한항공,여행,189000,3.37,905.0,"대한항공 여행 상품. 주요 특징: 가격, 일정, 숙소, 휴식, 가족, 기념일.",image_estimate,38,4,14,1,N,0.466
female,64,3710000,은퇴자,미혼,보수적,763000,290000,데이트,"희소성, 감성",나이키,나이키 패션 2116,나이키,패션,290000,4.59,3316.0,"나이키 패션 상품. 주요 특징: 디자인, 착용감, 브랜드, 출근, 데이트, 여행.",user_input,42,5,15,1,N,0.408
female,60,2100000,은퇴자,기혼,보수적,278000,1169000,보상,"희소성, 감성",샤넬,샤넬 명품 2117,샤넬,명품,1169000,3.52,3734.0,"샤넬 명품 상품. 주요 특징: 브랜드, 희소성, 디자인, 선물, 보상, 소장.",naver_api,42,7,13,4,Y,0.59
male,43,5150000,프리랜서,기혼,보수적,883000,97000,생활,"가격, 내구성",소니,3M 생활용품 2118,3M,생활용품,97000,4.3,1471.0,"3M 생활용품 상품. 주요 특징: 가격, 내구성, 용량, 생활, 청소, 가정.",naver_api,44,1,20,4,N,0.3
female,27,9560000,대기업직원,미혼,보수적,1097000,643000,출근,"디자인, 착용감",구찌,나이키 패션 2119,나이키,패션,643000,3.3,2546.0,"나이키 패션 상품. 주요 특징: 디자인, 착용감, 브랜드, 출근, 데이트, 여행.",naver_api,50,5,13,2,Y,0.41
male,54,6110000,공무원,기혼,보수적,874000,209000,취업,"희소성, 감성",리바트,패스트캠퍼스 교육 2120,패스트캠퍼스,교육,209000,4.8,1872.0,"패스트캠퍼스 교육 상품. 주요 특징: 강의품질, 가격, 커리큘럼, 공부, 취업, 자기계발.",crawler,42,1,17,4,N,0.435
female,28,910000,학생,미혼,진보적,136000,11000,유행,"희소성, 감성",종근당,오뚜기 식품 2121,오뚜기,식품,11000,3.25,,"오뚜기 식품 상품. 주요 특징: 가격, 신선도, 배송, 생활, 식사, 가족.",image_estimate,11,2,18,5,N,0.649
male,27,810000,취업준비생,미혼,보수적,37000,20000,선물,"성분, 가격",라네즈,라네즈 화장품 2122,라네즈,화장품,20000,4.15,3211.0,"라네즈 화장품 상품. 주요 특징: 성분, 가격, 후기, 피부관리, 선물, 데일리.",manual,42,2,19,1,N,0.213
female,27,810000,학생,기혼,진보적,93000,29000,청소,"희소성, 감성",유한킴벌리,유한킴벌리 생활용품 2123,유한킴벌리,생활용품,29000,4.31,3811.0,"유한킴벌리 생활용품 상품. 주요 특징: 가격, 내구성, 용량, 생활, 청소, 가정.",crawler,50,4,1,1,N,0.384
female,45,6270000,자영업,미혼,보수적,344000,49000,취업,"희소성, 감성",메가스터디,메가스터디 교육 2124,메가스터디,교육,49000,3.73,,"메가스터디 교육 상품. 주요 특징: 강의품질, 가격, 커리큘럼, 공부, 취업, 자기계발.",manual,14,3,12,1,N,0.386
male,42,5800000,공무원,미혼,보수적,1239000,190000,공부,"희소성, 감성",패스트캠퍼스,패스트캠퍼스 교육 2125,패스트캠퍼스,교육,190000,3.23,454.0,"패스트캠퍼스 교육 상품. 주요 특징: 강의품질, 가격, 커리큘럼, 공부, 취업, 자기계발.",image_estimate,44,2,12,4,N,0.329
female,55,6160000,전문직,기혼,진보적,1328000,14000,데일리,"희소성, 감성",라네즈,라네즈 화장품 2126,라네즈,화장품,14000,4.67,3492.0,"라네즈 화장품 상품. 주요 특징: 성분, 가격, 후기, 피부관리, 선물, 데일리.",crawler,51,3,10,2,N,0.608
male,57,7230000,자영업,기혼,보수적,882000,479000,유행,"희소성, 감성",LG,애플 전자기기 2127,애플,전자기기,479000,4.42,2436.0,"애플 전자기기 상품. 주요 특징: 성능, 배터리, 휴대성, 업무, 공부, 게임, 콘텐츠.",naver_api,51,5,18,1,N,0.652
male,30,1340000,취업준비생,미혼,보수적,215000,357000,유행,"희소성, 감성",센트룸,레노버 전자기기 2128,레노버,전자기기,357000,4.31,3740.0,"레노버 전자기기 상품. 주요 특징: 성능, 배터리, 휴대성, 업무, 공부, 게임, 콘텐츠.",naver_api,50,8,12,5,Y,0.784
female,28,1170000,취업준비생,미혼,진보적,114000,415000,회복,"성분, 후기",센트룸,센트룸 건강관리 2129,센트룸,건강관리,415000,,,"센트룸 건강관리 상품. 주요 특징: 성분, 후기, 안전성, 건강, 부모님, 회복.",crawler,3,6,10,7,Y,0.735
male,37,2360000,주부,기혼,진보적,464000,5820000,소장,"브랜드, 희소성",메가스터디,구찌 명품 2130,구찌,명품,5820000,,1505.0,"구찌 명품 상품. 주요 특징: 브랜드, 희소성, 디자인, 선물, 보상, 소장.",user_input,40,34,14,23,Y,0.784
male,48,3270000,사무직,미혼,진보적,261000,320000,콘텐츠,"희소성, 감성",LG,LG 전자기기 2131,LG,전자기기,320000,3.37,,"LG 전자기기 상품. 주요 특징: 성능, 배터리, 휴대성, 업무, 공부, 게임, 콘텐츠.",user_input,3,4,0,5,N,0.594
female,31,880000,취업준비생,미혼,보수적,115000,22000,유행,"희소성, 감성",유한킴벌리,유한킴벌리 생활용품 2132,유한킴벌리,생활용품,22000,4.09,,"유한킴벌리 생활용품 상품. 주요 특징: 가격, 내구성, 용량, 생활, 청소, 가정.",image_estimate,12,6,11,4,N,0.582
female,50,5890000,공무원,기혼,진보적,283000,245000,선물,"성분, 가격",이니스프리,이니스프리 화장품 2133,이니스프리,화장품,245000,4.55,1134.0,"이니스프리 화장품 상품. 주요 특징: 성분, 가격, 후기, 피부관리, 선물, 데일리.",user_input,47,6,16,3,N,0.231
male,46,5740000,프리랜서,기혼,진보적,495000,116000,출근,"디자인, 착용감",나이키,나이키 패션 2134,나이키,패션,116000,3.48,3142.0,"나이키 패션 상품. 주요 특징: 디자인, 착용감, 브랜드, 출근, 데이트, 여행.",naver_api,46,3,2,4,N,0.312
male,55,5220000,프리랜서,미혼,보수적,385000,504000,선물,"디자인, 착용감",ZARA,ZARA 패션 2135,ZARA,패션,504000,4.74,1385.0,"ZARA 패션 상품. 주요 특징: 디자인, 착용감, 브랜드, 출근, 데이트, 여행.",crawler,43,6,18,1,Y,0.518
female,31,7100000,자영업,기혼,보수적,454000,788000,콘텐츠,"성능, 배터리",이케아,레노버 전자기기 2136,레노버,전자기기,788000,4.3,1135.0,"레노버 전자기기 상품. 주요 특징: 성능, 배터리, 휴대성, 업무, 공부, 게임, 콘텐츠.",crawler,45,1,20,5,Y,0.676
female,58,11090000,전문직,기혼,보수적,1972000,854000,선물,"브랜드, 희소성",설화수,프라다 명품 2137,프라다,명품,854000,4.72,,"프라다 명품 상품. 주요 특징: 브랜드, 희소성, 디자인, 선물, 보상, 소장.",crawler,4,1,14,3,Y,0.363
female,52,7180000,자영업,기혼,보수적,1437000,47000,취업,"강의품질, 가격",LG,패스트캠퍼스 교육 2138,패스트캠퍼스,교육,47000,3.43,338.0,"패스트캠퍼스 교육 상품. 주요 특징: 강의품질, 가격, 커리큘럼, 공부, 취업, 자기계발.",crawler,41,3,21,2,N,0.27
female,50,9270000,전문직,미혼,진보적,374000,2713000,생활,"내구성, 크기",리바트,리바트 가구 2139,리바트,가구,2713000,4.57,,"리바트 가구 상품. 주요 특징: 내구성, 크기, 디자인, 이사, 인테리어, 생활.",manual,13,7,20,2,Y,0.707
female,38,3530000,프리랜서,기혼,보수적,752000,29000,선물,"희소성, 감성",3M,다이소 생활용품 2140,다이소,생활용품,29000,3.42,,"다이소 생활용품 상품. 주요 특징: 가격, 내구성, 용량, 생활, 청소, 가정.",image_estimate,6,1,17,2,N,0.637
female,65,3540000,은퇴자,기혼,보수적,318000,58000,휴식,"디자인, 착용감",아디다스,아디다스 패션 2141,아디다스,패션,58000,4.82,277.0,"아디다스 패션 상품. 주요 특징: 디자인, 착용감, 브랜드, 출근, 데이트, 여행.",manual,42,0,18,1,N,0.443
male,59,6170000,공무원,미혼,진보적,1008000,914000,기념일,"가격, 일정",대한항공,대한항공 여행 2142,대한항공,여행,914000,4.53,3637.0,"대한항공 여행 상품. 주요 특징: 가격, 일정, 숙소, 휴식, 가족, 기념일.",crawler,55,6,16,2,Y,0.429
male,26,6710000,대기업직원,미혼,보수적,873000,103000,소장,"희소성, 감성",아디다스,이케아 가구 2143,이케아,가구,103000,4.23,3437.0,"이케아 가구 상품. 주요 특징: 내구성, 크기, 디자인, 이사, 인테리어, 생활.",crawler,53,3,11,3,N,0.676
male,60,2040000,은퇴자,기혼,보수적,78000,2779000,소장,"브랜드, 희소성",구찌,구찌 명품 2144,구찌,명품,2779000,4.42,739.0,"구찌 명품 상품. 주요 특징: 브랜드, 희소성, 디자인, 선물, 보상, 소장.",user_input,36,19,12,13,Y,0.702
male,46,3920000,프리랜서,미혼,보수적,257000,229000,자기계발,"강의품질, 가격",패스트캠퍼스,패스트캠퍼스 교육 2145,패스트캠퍼스,교육,229000,4.1,,"패스트캠퍼스 교육 상품. 주요 특징: 강의품질, 가격, 커리큘럼, 공부, 취업, 자기계발.",naver_api,3,1,14,0,N,0.4
female,41,3050000,주부,기혼,진보적,282000,22000,생활,"희소성, 감성",CJ,CJ 식품 2146,CJ,식품,22000,,911.0,"CJ 식품 상품. 주요 특징: 가격, 신선도, 배송, 생활, 식사, 가족.",user_input,47,5,3,1,N,0.348
female,53,5110000,프리랜서,기혼,진보적,912000,23000,생활,"희소성, 감성",COS,CJ 식품 2147,CJ,식품,23000,,425.0,"CJ 식품 상품. 주요 특징: 가격, 신선도, 배송, 생활, 식사, 가족.",manual,44,3,0,4,N,0.406
male,35,7320000,자영업,미혼,보수적,1319000,15000,가정,"가격, 내구성",다이소,다이소 생활용품 2148,다이소,생활용품,15000,4.75,,"다이소 생활용품 상품. 주요 특징: 가격, 내구성, 용량, 생활, 청소, 가정.",user_input,16,2,13,1,N,0.379
male,59,2550000,주부,미혼,보수적,269000,135000,생활,"내구성, 크기",삼성,리바트 가구 2149,리바트,가구,135000,4.83,3991.0,"리바트 가구 상품. 주요 특징: 내구성, 크기, 디자인, 이사, 인테리어, 생활.",user_input,49,6,17,5,N,0.527
female,54,5420000,공무원,기혼,진보적,244000,21000,청소,"희소성, 감성",3M,3M 생활용품 2150,3M,생활용품,21000,4.34,,"3M 생활용품 상품. 주요 특징: 가격, 내구성, 용량, 생활, 청소, 가정.",naver_api,5,1,21,3,N,0.363
male,22,1170000,취업준비생,미혼,진보적,41000,2223000,소장,"희소성, 감성",애플,한샘 가구 2151,한샘,가구,2223000,3.94,3265.0,"한샘 가구 상품. 주요 특징: 내구성, 크기, 디자인, 이사, 인테리어, 생활.",user_input,56,23,17,19,Y,0.867
male,45,7220000,대기업직원,기혼,진보적,1247000,15000,생활,"가격, 신선도",메가스터디,오뚜기 식품 2152,오뚜기,식품,15000,3.67,3560.0,"오뚜기 식품 상품. 주요 특징: 가격, 신선도, 배송, 생활, 식사, 가족.",naver_api,49,5,11,1,N,0.318
female,52,3780000,공무원,미혼,진보적,121000,118000,유행,"희소성, 감성",패스트캠퍼스,패스트캠퍼스 교육 2153,패스트캠퍼스,교육,118000,3.99,3850.0,"패스트캠퍼스 교육 상품. 주요 특징: 강의품질, 가격, 커리큘럼, 공부, 취업, 자기계발.",naver_api,49,4,11,0,N,0.516
female,45,5130000,공무원,미혼,보수적,932000,6000,생활,"가격, 신선도",종근당,오뚜기 식품 2154,오뚜기,식품,6000,4.58,,"오뚜기 식품 상품. 주요 특징: 가격, 신선도, 배송, 생활, 식사, 가족.",manual,15,0,15,1,N,0.324
male,60,3680000,공무원,기혼,진보적,352000,41000,선물,"희소성, 감성",유한킴벌리,유한킴벌리 생활용품 2155,유한킴벌리,생활용품,41000,4.72,,"유한킴벌리 생활용품 상품. 주요 특징: 가격, 내구성, 용량, 생활, 청소, 가정.",crawler,9,3,19,4,N,0.583
female,37,5650000,사무직,미혼,보수적,930000,87000,선물,"희소성, 감성",삼성,유한킴벌리 생활용품 2156,유한킴벌리,생활용품,87000,3.75,2538.0,"유한킴벌리 생활용품 상품. 주요 특징: 가격, 내구성, 용량, 생활, 청소, 가정.",user_input,53,1,12,2,N,0.655
male,53,5520000,공무원,기혼,보수적,383000,41000,휴식,"희소성, 감성",메가스터디,메가스터디 교육 2157,메가스터디,교육,41000,4.2,1956.0,"메가스터디 교육 상품. 주요 특징: 강의품질, 가격, 커리큘럼, 공부, 취업, 자기계발.",crawler,43,2,15,0,N,0.529
female,74,3500000,은퇴자,미혼,보수적,643000,262000,가족,"희소성, 감성",나이키,마이리얼트립 여행 2158,마이리얼트립,여행,262000,,2197.0,"마이리얼트립 여행 상품. 주요 특징: 가격, 일정, 숙소, 휴식, 가족, 기념일.",crawler,46,2,11,1,N,0.461
female,29,1040000,취업준비생,미혼,보수적,133000,10000,유행,"가격, 신선도",이케아,CJ 식품 2159,CJ,식품,10000,4.77,,"CJ 식품 상품. 주요 특징: 가격, 신선도, 배송, 생활, 식사, 가족.",crawler,16,5,15,1,N,0.45
female,46,3680000,프리랜서,기혼,진보적,618000,206000,기념일,"가격, 일정",COS,대한항공 여행 2160,대한항공,여행,206000,,2567.0,"대한항공 여행 상품. 주요 특징: 가격, 일정, 숙소, 휴식, 가족, 기념일.",manual,48,4,16,0,N,0.567
female,74,2890000,은퇴자,미혼,진보적,373000,34000,회복,"성분, 후기",동원,정관장 건강관리 2161,정관장,건강관리,34000,,3868.0,"정관장 건강관리 상품. 주요 특징: 성분, 후기, 안전성, 건강, 부모님, 회복.",manual,57,4,3,4,N,0.556
male,41,4830000,사무직,기혼,보수적,510000,47000,부모님,"희소성, 감성",ZARA,종근당 건강관리 2162,종근당,건강관리,47000,4.19,84.0,"종근당 건강관리 상품. 주요 특징: 성분, 후기, 안전성, 건강, 부모님, 회복.",crawler,35,1,12,2,N,0.441
male,39,5500000,대기업직원,기혼,보수적,745000,3275000,선물,"희소성, 감성",프라다,프라다 명품 2163,프라다,명품,3275000,3.55,,"프라다 명품 상품. 주요 특징: 브랜드, 희소성, 디자인, 선물, 보상, 소장.",user_input,8,9,12,6,Y,0.617
male,27,1000000,취업준비생,미혼,진보적,62000,31000,회복,"희소성, 감성",레노버,정관장 건강관리 2164,정관장,건강관리,31000,,,"정관장 건강관리 상품. 주요 특징: 성분, 후기, 안전성, 건강, 부모님, 회복.",naver_api,5,2,10,4,N,0.668
female,57,10410000,전문직,기혼,진보적,1302000,675000,보상,"희소성, 감성",프라다,프라다 명품 2165,프라다,명품,675000,4.62,921.0,"프라다 명품 상품. 주요 특징: 브랜드, 희소성, 디자인, 선물, 보상, 소장.",manual,35,2,0,0,Y,0.358
female,26,3930000,사무직,미혼,보수적,857000,62000,소장,"가격, 내구성",샤넬,유한킴벌리 생활용품 2166,유한킴벌리,생활용품,62000,,,"유한킴벌리 생활용품 상품. 주요 특징: 가격, 내구성, 용량, 생활, 청소, 가정.",manual,13,0,21,1,N,0.526
male,42,10360000,전문직,미혼,진보적,1620000,1511000,유행,"내구성, 크기",리바트,리바트 가구 2167,리바트,가구,1511000,3.42,3967.0,"리바트 가구 상품. 주요 특징: 내구성, 크기, 디자인, 이사, 인테리어, 생활.",user_input,47,5,18,3,Y,0.489
female,34,8120000,전문직,기혼,보수적,629000,43000,데이트,"희소성, 감성",3M,아디다스 패션 2168,아디다스,패션,43000,4.51,2178.0,"아디다스 패션 상품. 주요 특징: 디자인, 착용감, 브랜드, 출근, 데이트, 여행.",manual,50,3,19,2,N,0.461
male,42,4370000,사무직,기혼,진보적,744000,6789000,선물,"브랜드, 희소성",리바트,루이비통 명품 2169,루이비통,명품,6789000,3.48,3708.0,"루이비통 명품 상품. 주요 특징: 브랜드, 희소성, 디자인, 선물, 보상, 소장.",user_input,42,22,15,16,Y,0.638
female,48,3940000,공무원,미혼,보수적,266000,1015000,선물,"디자인, 착용감",패스트캠퍼스,아디다스 패션 2170,아디다스,패션,1015000,4.55,3230.0,"아디다스 패션 상품. 주요 특징: 디자인, 착용감, 브랜드, 출근, 데이트, 여행.",manual,49,6,16,3,Y,0.793
female,37,4440000,사무직,미혼,진보적,724000,214000,선물,"성분, 가격",센트룸,이니스프리 화장품 2171,이니스프리,화장품,214000,,1649.0,"이니스프리 화장품 상품. 주요 특징: 성분, 가격, 후기, 피부관리, 선물, 데일리.",crawler,39,6,2,1,N,0.329
female,58,3260000,은퇴자,기혼,진보적,627000,347000,여행,"희소성, 감성",아디다스,아디다스 패션 2172,아디다스,패션,347000,4.47,,"아디다스 패션 상품. 주요 특징: 디자인, 착용감, 브랜드, 출근, 데이트, 여행.",naver_api,8,4,14,0,N,0.593
male,38,1900000,주부,기혼,진보적,326000,1850000,유행,"희소성, 감성",하나투어,하나투어 여행 2173,하나투어,여행,1850000,3.93,796.0,"하나투어 여행 상품. 주요 특징: 가격, 일정, 숙소, 휴식, 가족, 기념일.",crawler,49,17,22,11,Y,0.807
male,74,2570000,은퇴자,기혼,진보적,437000,824000,업무,"희소성, 감성",레노버,레노버 전자기기 2174,레노버,전자기기,824000,4.54,,"레노버 전자기기 상품. 주요 특징: 성능, 배터리, 휴대성, 업무, 공부, 게임, 콘텐츠.",user_input,16,9,10,4,Y,0.588
male,31,1140000,취업준비생,기혼,진보적,182000,734000,유행,"강의품질, 가격",패스트캠퍼스,패스트캠퍼스 교육 2175,패스트캠퍼스,교육,734000,3.61,805.0,"패스트캠퍼스 교육 상품. 주요 특징: 강의품질, 가격, 커리큘럼, 공부, 취업, 자기계발.",naver_api,40,12,13,7,Y,0.61
female,36,3690000,프리랜서,기혼,보수적,548000,83000,가정,"가격, 내구성",하나투어,유한킴벌리 생활용품 2176,유한킴벌리,생활용품,83000,4.06,,"유한킴벌리 생활용품 상품. 주요 특징: 가격, 내구성, 용량, 생활, 청소, 가정.",manual,14,1,0,1,N,0.506
male,29,1220000,취업준비생,미혼,보수적,212000,341000,휴식,"가격, 일정",대한항공,대한항공 여행 2177,대한항공,여행,341000,3.53,2541.0,"대한항공 여행 상품. 주요 특징: 가격, 일정, 숙소, 휴식, 가족, 기념일.",crawler,40,7,16,5,Y,0.42
female,55,4940000,사무직,기혼,진보적,945000,78000,출근,"디자인, 착용감",유한킴벌리,COS 패션 2178,COS,패션,78000,,2718.0,"COS 패션 상품. 주요 특징: 디자인, 착용감, 브랜드, 출근, 데이트, 여행.",naver_api,41,4,11,2,N,0.353
female,34,2060000,주부,미혼,보수적,210000,202000,여행,"희소성, 감성",CJ,아디다스 패션 2179,아디다스,패션,202000,,3482.0,"아디다스 패션 상품. 주요 특징: 디자인, 착용감, 브랜드, 출근, 데이트, 여행.",crawler,44,5,14,5,N,0.63
female,28,11410000,전문직,미혼,보수적,952000,33000,생활,"희소성, 감성",유한킴벌리,유한킴벌리 생활용품 2180,유한킴벌리,생활용품,33000,3.75,3498.0,"유한킴벌리 생활용품 상품. 주요 특징: 가격, 내구성, 용량, 생활, 청소, 가정.",naver_api,42,2,16,1,N,0.318
female,50,8370000,대기업직원,미혼,보수적,1107000,145000,선물,"희소성, 감성",종근당,종근당 건강관리 2181,종근당,건강관리,145000,4.31,,"종근당 건강관리 상품. 주요 특징: 성분, 후기, 안전성, 건강, 부모님, 회복.",manual,8,3,9,2,N,0.573
male,21,700000,학생,미혼,보수적,84000,214000,출근,"디자인, 착용감",리바트,ZARA 패션 2182,ZARA,패션,214000,4.26,983.0,"ZARA 패션 상품. 주요 특징: 디자인, 착용감, 브랜드, 출근, 데이트, 여행.",naver_api,47,7,18,5,Y,0.622
male,57,9300000,대기업직원,기혼,보수적,706000,1002000,유행,"희소성, 감성",ZARA,ZARA 패션 2183,ZARA,패션,1002000,4.81,,"ZARA 패션 상품. 주요 특징: 디자인, 착용감, 브랜드, 출근, 데이트, 여행.",user_input,15,2,13,3,Y,0.694
female,22,1260000,취업준비생,미혼,보수적,83000,1658000,선물,"브랜드, 희소성",프라다,프라다 명품 2184,프라다,명품,1658000,3.49,1905.0,"프라다 명품 상품. 주요 특징: 브랜드, 희소성, 디자인, 선물, 보상, 소장.",user_input,40,16,17,15,Y,0.504
female,25,850000,취업준비생,미혼,보수적,175000,39000,건강,"성분, 후기",다이소,센트룸 건강관리 2185,센트룸,건강관리,39000,,162.0,"센트룸 건강관리 상품. 주요 특징: 성분, 후기, 안전성, 건강, 부모님, 회복.",naver_api,36,4,22,0,N,0.336
female,57,3370000,주부,미혼,진보적,382000,363000,소장,"내구성, 크기",이케아,이케아 가구 2186,이케아,가구,363000,4.03,1495.0,"이케아 가구 상품. 주요 특징: 내구성, 크기, 디자인, 이사, 인테리어, 생활.",crawler,49,6,12,1,N,0.515
male,25,4300000,공무원,미혼,진보적,743000,33000,식사,"가격, 신선도",종근당,CJ 식품 2187,CJ,식품,33000,4.06,,"CJ 식품 상품. 주요 특징: 가격, 신선도, 배송, 생활, 식사, 가족.",manual,12,0,16,0,N,0.291
male,38,4950000,사무직,미혼,진보적,155000,20000,가정,"가격, 내구성",이니스프리,다이소 생활용품 2188,다이소,생활용품,20000,4.32,2477.0,"다이소 생활용품 상품. 주요 특징: 가격, 내구성, 용량, 생활, 청소, 가정.",manual,42,3,13,2,N,0.503
male,28,7640000,전문직,미혼,보수적,1209000,36000,선물,"희소성, 감성",설화수,이니스프리 화장품 2189,이니스프리,화장품,36000,3.72,1666.0,"이니스프리 화장품 상품. 주요 특징: 성분, 가격, 후기, 피부관리, 선물, 데일리.",naver_api,44,5,17,2,N,0.457
male,25,5100000,프리랜서,미혼,진보적,486000,89000,데이트,"디자인, 착용감",레노버,ZARA 패션 2190,ZARA,패션,89000,3.38,1964.0,"ZARA 패션 상품. 주요 특징: 디자인, 착용감, 브랜드, 출근, 데이트, 여행.",crawler,47,4,12,1,N,0.358
male,31,8560000,대기업직원,기혼,보수적,652000,141000,소장,"희소성, 감성",하나투어,ZARA 패션 2191,ZARA,패션,141000,3.51,3620.0,"ZARA 패션 상품. 주요 특징: 디자인, 착용감, 브랜드, 출근, 데이트, 여행.",image_estimate,43,1,1,0,N,0.674
female,66,2780000,은퇴자,미혼,진보적,299000,3133000,유행,"브랜드, 희소성",종근당,구찌 명품 2192,구찌,명품,3133000,4.75,380.0,"구찌 명품 상품. 주요 특징: 브랜드, 희소성, 디자인, 선물, 보상, 소장.",manual,39,18,20,9,Y,0.797
male,24,1270000,취업준비생,미혼,진보적,47000,2307000,휴식,"가격, 일정",하나투어,하나투어 여행 2193,하나투어,여행,2307000,3.59,,"하나투어 여행 상품. 주요 특징: 가격, 일정, 숙소, 휴식, 가족, 기념일.",naver_api,7,23,22,17,Y,0.526
male,26,9510000,대기업직원,기혼,진보적,1010000,78000,출근,"희소성, 감성",레노버,나이키 패션 2194,나이키,패션,78000,3.74,2257.0,"나이키 패션 상품. 주요 특징: 디자인, 착용감, 브랜드, 출근, 데이트, 여행.",user_input,52,3,13,2,N,0.465
female,52,3930000,프리랜서,미혼,진보적,375000,1357000,휴식,"가격, 일정",하나투어,하나투어 여행 2195,하나투어,여행,1357000,3.45,3756.0,"하나투어 여행 상품. 주요 특징: 가격, 일정, 숙소, 휴식, 가족, 기념일.",crawler,57,8,1,4,Y,0.475
male,45,5030000,사무직,기혼,보수적,335000,2481000,공부,"성능, 배터리",센트룸,애플 전자기기 2196,애플,전자기기,2481000,3.41,,"애플 전자기기 상품. 주요 특징: 성능, 배터리, 휴대성, 업무, 공부, 게임, 콘텐츠.",manual,15,11,15,5,Y,0.548
male,66,3040000,은퇴자,기혼,보수적,613000,2217000,기념일,"가격, 일정",마이리얼트립,마이리얼트립 여행 2197,마이리얼트립,여행,2217000,,2574.0,"마이리얼트립 여행 상품. 주요 특징: 가격, 일정, 숙소, 휴식, 가족, 기념일.",manual,54,11,11,6,Y,0.623
male,45,4020000,사무직,미혼,보수적,878000,118000,취업,"강의품질, 가격",마이리얼트립,패스트캠퍼스 교육 2198,패스트캠퍼스,교육,118000,4.86,1602.0,"패스트캠퍼스 교육 상품. 주요 특징: 강의품질, 가격, 커리큘럼, 공부, 취업, 자기계발.",naver_api,42,1,16,3,N,0.307
female,46,9200000,대기업직원,미혼,보수적,428000,738000,소장,"브랜드, 희소성",동원,프라다 명품 2199,프라다,명품,738000,,3936.0,"프라다 명품 상품. 주요 특징: 브랜드, 희소성, 디자인, 선물, 보상, 소장.",manual,48,1,16,4,Y,0.734
female,28,860000,취업준비생,미혼,진보적,169000,298000,부모님,"성분, 후기",애플,정관장 건강관리 2200,정관장,건강관리,298000,4.08,2422.0,"정관장 건강관리 상품. 주요 특징: 성분, 후기, 안전성, 건강, 부모님, 회복.",manual,40,5,22,5,Y,0.527
female,36,6120000,공무원,미혼,보수적,1230000,930000,휴식,"희소성, 감성",메가스터디,메가스터디 교육 2201,메가스터디,교육,930000,4.03,125.0,"메가스터디 교육 상품. 주요 특징: 강의품질, 가격, 커리큘럼, 공부, 취업, 자기계발.",user_input,27,5,21,2,Y,0.593
male,55,8650000,전문직,미혼,진보적,776000,16000,데일리,"희소성, 감성",라네즈,라네즈 화장품 2202,라네즈,화장품,16000,,1145.0,"라네즈 화장품 상품. 주요 특징: 성분, 가격, 후기, 피부관리, 선물, 데일리.",naver_api,48,2,13,3,N,0.588
female,26,650000,학생,미혼,진보적,82000,33000,유행,"희소성, 감성",이니스프리,이니스프리 화장품 2203,이니스프리,화장품,33000,,3356.0,"이니스프리 화장품 상품. 주요 특징: 성분, 가격, 후기, 피부관리, 선물, 데일리.",naver_api,52,3,21,0,N,0.57
female,46,5560000,프리랜서,기혼,보수적,463000,437000,출근,"디자인, 착용감",아디다스,아디다스 패션 2204,아디다스,패션,437000,4.35,1303.0,"아디다스 패션 상품. 주요 특징: 디자인, 착용감, 브랜드, 출근, 데이트, 여행.",crawler,37,6,22,0,N,0.305
male,28,4730000,프리랜서,미혼,보수적,961000,651000,휴식,"성능, 배터리",프라다,소니 전자기기 2205,소니,전자기기,651000,3.26,,"소니 전자기기 상품. 주요 특징: 성능, 배터리, 휴대성, 업무, 공부, 게임, 콘텐츠.",naver_api,10,5,17,2,Y,0.517
male,25,920000,취업준비생,미혼,진보적,176000,3701000,선물,"희소성, 감성",루이비통,하나투어 여행 2206,하나투어,여행,3701000,,3501.0,"하나투어 여행 상품. 주요 특징: 가격, 일정, 숙소, 휴식, 가족, 기념일.",crawler,50,50,14,35,Y,0.888
female,22,810000,학생,미혼,보수적,135000,2895000,게임,"성능, 배터리",클래스101,애플 전자기기 2207,애플,전자기기,2895000,4.17,2471.0,"애플 전자기기 상품. 주요 특징: 성능, 배터리, 휴대성, 업무, 공부, 게임, 콘텐츠.",naver_api,52,44,17,30,Y,0.558
female,41,5010000,공무원,미혼,진보적,877000,420000,공부,"성능, 배터리",설화수,삼성 전자기기 2208,삼성,전자기기,420000,,,"삼성 전자기기 상품. 주요 특징: 성능, 배터리, 휴대성, 업무, 공부, 게임, 콘텐츠.",naver_api,9,2,21,1,N,0.313
male,53,8010000,대기업직원,기혼,진보적,296000,78000,자기계발,"희소성, 감성",클래스101,클래스101 교육 2209,클래스101,교육,78000,3.85,,"클래스101 교육 상품. 주요 특징: 강의품질, 가격, 커리큘럼, 공부, 취업, 자기계발.",image_estimate,12,4,10,0,N,0.578
male,36,6170000,대기업직원,기혼,보수적,895000,220000,유행,"강의품질, 가격",루이비통,클래스101 교육 2210,클래스101,교육,220000,4.65,878.0,"클래스101 교육 상품. 주요 특징: 강의품질, 가격, 커리큘럼, 공부, 취업, 자기계발.",naver_api,35,6,17,3,N,0.484
female,23,710000,학생,미혼,보수적,43000,501000,선물,"희소성, 감성",설화수,설화수 화장품 2211,설화수,화장품,501000,4.19,2626.0,"설화수 화장품 상품. 주요 특징: 성분, 가격, 후기, 피부관리, 선물, 데일리.",naver_api,50,11,14,9,Y,0.556
male,70,2430000,은퇴자,기혼,진보적,169000,178000,휴식,"가격, 일정",마이리얼트립,마이리얼트립 여행 2212,마이리얼트립,여행,178000,3.31,2667.0,"마이리얼트립 여행 상품. 주요 특징: 가격, 일정, 숙소, 휴식, 가족, 기념일.",naver_api,40,6,14,3,N,0.25
female,46,3650000,사무직,미혼,진보적,235000,1303000,소장,"희소성, 감성",종근당,LG 전자기기 2213,LG,전자기기,1303000,3.44,2123.0,"LG 전자기기 상품. 주요 특징: 성능, 배터리, 휴대성, 업무, 공부, 게임, 콘텐츠.",manual,46,7,17,6,Y,0.888
female,55,4350000,사무직,미혼,보수적,757000,18000,선물,"가격, 신선도",소니,오뚜기 식품 2214,오뚜기,식품,18000,4.88,,"오뚜기 식품 상품. 주요 특징: 가격, 신선도, 배송, 생활, 식사, 가족.",user_input,6,0,15,0,N,0.459
male,45,10490000,전문직,기혼,진보적,647000,25000,선물,"가격, 신선도",오뚜기,오뚜기 식품 2215,오뚜기,식품,25000,3.57,,"오뚜기 식품 상품. 주요 특징: 가격, 신선도, 배송, 생활, 식사, 가족.",image_estimate,13,4,13,4,N,0.383
female,24,5430000,사무직,미혼,보수적,592000,167000,데이트,"디자인, 착용감",나이키,나이키 패션 2216,나이키,패션,167000,4.82,1817.0,"나이키 패션 상품. 주요 특징: 디자인, 착용감, 브랜드, 출근, 데이트, 여행.",manual,45,6,21,1,N,0.265
male,50,4970000,자영업,미혼,보수적,432000,15000,선물,"성분, 가격",프라다,이니스프리 화장품 2217,이니스프리,화장품,15000,,401.0,"이니스프리 화장품 상품. 주요 특징: 성분, 가격, 후기, 피부관리, 선물, 데일리.",user_input,43,4,14,3,N,0.294
male,48,3330000,프리랜서,기혼,보수적,417000,6000,생활,"가격, 신선도",라네즈,CJ 식품 2218,CJ,식품,6000,3.52,776.0,"CJ 식품 상품. 주요 특징: 가격, 신선도, 배송, 생활, 식사, 가족.",naver_api,46,3,18,1,N,0.334
female,32,4200000,공무원,기혼,진보적,611000,2742000,선물,"희소성, 감성",삼성,루이비통 명품 2219,루이비통,명품,2742000,3.77,2662.0,"루이비통 명품 상품. 주요 특징: 브랜드, 희소성, 디자인, 선물, 보상, 소장.",user_input,46,13,1,6,Y,0.652
male,26,700000,학생,미혼,보수적,68000,90000,휴식,"성분, 후기",종근당,종근당 건강관리 2220,종근당,건강관리,90000,3.58,1546.0,"종근당 건강관리 상품. 주요 특징: 성분, 후기, 안전성, 건강, 부모님, 회복.",manual,41,3,3,3,N,0.551
male,26,510000,학생,미혼,보수적,42000,115000,유행,"성능, 배터리",소니,소니 전자기기 2221,소니,전자기기,115000,,,"소니 전자기기 상품. 주요 특징: 성능, 배터리, 휴대성, 업무, 공부, 게임, 콘텐츠.",image_estimate,17,5,13,6,Y,0.669
male,33,1060000,취업준비생,기혼,진보적,74000,278000,업무,"희소성, 감성",종근당,LG 전자기기 2222,LG,전자기기,278000,3.36,2932.0,"LG 전자기기 상품. 주요 특징: 성능, 배터리, 휴대성, 업무, 공부, 게임, 콘텐츠.",manual,45,6,14,5,Y,0.705
male,67,2230000,은퇴자,기혼,진보적,140000,412000,휴식,"희소성, 감성",이니스프리,이니스프리 화장품 2223,이니스프리,화장품,412000,3.38,1804.0,"이니스프리 화장품 상품. 주요 특징: 성분, 가격, 후기, 피부관리, 선물, 데일리.",image_estimate,44,2,9,5,Y,0.846
female,57,4840000,공무원,미혼,진보적,269000,1574000,선물,"희소성, 감성",이니스프리,루이비통 명품 2224,루이비통,명품,1574000,4.7,,"루이비통 명품 상품. 주요 특징: 브랜드, 희소성, 디자인, 선물, 보상, 소장.",image_estimate,5,8,15,3,Y,0.696
male,56,2130000,주부,미혼,진보적,145000,47000,식사,"가격, 신선도",ZARA,오뚜기 식품 2225,오뚜기,식품,47000,4.33,,"오뚜기 식품 상품. 주요 특징: 가격, 신선도, 배송, 생활, 식사, 가족.",naver_api,3,4,2,3,N,0.324
male,59,3220000,은퇴자,기혼,진보적,440000,108000,공부,"희소성, 감성",리바트,패스트캠퍼스 교육 2226,패스트캠퍼스,교육,108000,3.65,,"패스트캠퍼스 교육 상품. 주요 특징: 강의품질, 가격, 커리큘럼, 공부, 취업, 자기계발.",manual,16,3,16,0,N,0.496
male,23,1200000,취업준비생,미혼,보수적,79000,365000,보상,"브랜드, 희소성",샤넬,샤넬 명품 2227,샤넬,명품,365000,,600.0,"샤넬 명품 상품. 주요 특징: 브랜드, 희소성, 디자인, 선물, 보상, 소장.",user_input,46,9,2,5,Y,0.591
male,49,7460000,전문직,기혼,보수적,1390000,683000,선물,"희소성, 감성",대한항공,대한항공 여행 2228,대한항공,여행,683000,,1738.0,"대한항공 여행 상품. 주요 특징: 가격, 일정, 숙소, 휴식, 가족, 기념일.",image_estimate,48,1,3,5,Y,0.638
male,48,3940000,프리랜서,기혼,보수적,329000,24000,유행,"가격, 신선도",COS,동원 식품 2229,동원,식품,24000,3.84,1102.0,"동원 식품 상품. 주요 특징: 가격, 신선도, 배송, 생활, 식사, 가족.",image_estimate,46,0,17,4,N,0.468
male,46,3170000,프리랜서,기혼,보수적,130000,153000,출근,"디자인, 착용감",오뚜기,아디다스 패션 2230,아디다스,패션,153000,3.66,702.0,"아디다스 패션 상품. 주요 특징: 디자인, 착용감, 브랜드, 출근, 데이트, 여행.",naver_api,33,1,21,0,N,0.422
male,26,1160000,취업준비생,미혼,보수적,252000,35000,자기계발,"강의품질, 가격",오뚜기,메가스터디 교육 2231,메가스터디,교육,35000,4.4,,"메가스터디 교육 상품. 주요 특징: 강의품질, 가격, 커리큘럼, 공부, 취업, 자기계발.",naver_api,9,1,14,1,N,0.511
male,23,1000000,취업준비생,미혼,진보적,219000,215000,취업,"희소성, 감성",메가스터디,메가스터디 교육 2232,메가스터디,교육,215000,,756.0,"메가스터디 교육 상품. 주요 특징: 강의품질, 가격, 커리큘럼, 공부, 취업, 자기계발.",manual,47,4,17,6,Y,0.412
female,42,4560000,공무원,기혼,진보적,282000,60000,휴식,"가격, 신선도",애플,CJ 식품 2233,CJ,식품,60000,3.63,2153.0,"CJ 식품 상품. 주요 특징: 가격, 신선도, 배송, 생활, 식사, 가족.",user_input,46,1,19,2,N,0.503
male,27,5240000,사무직,미혼,보수적,1035000,169000,부모님,"성분, 후기",마이리얼트립,종근당 건강관리 2234,종근당,건강관리,169000,4.25,,"종근당 건강관리 상품. 주요 특징: 성분, 후기, 안전성, 건강, 부모님, 회복.",naver_api,5,3,16,0,N,0.372
male,48,3040000,사무직,미혼,진보적,413000,56000,취업,"희소성, 감성",패스트캠퍼스,패스트캠퍼스 교육 2235,패스트캠퍼스,교육,56000,4.29,,"패스트캠퍼스 교육 상품. 주요 특징: 강의품질, 가격, 커리큘럼, 공부, 취업, 자기계발.",image_estimate,11,3,0,3,N,0.407
female,45,3340000,주부,기혼,진보적,351000,523000,자기계발,"희소성, 감성",CJ,패스트캠퍼스 교육 2236,패스트캠퍼스,교육,523000,3.95,3629.0,"패스트캠퍼스 교육 상품. 주요 특징: 강의품질, 가격, 커리큘럼, 공부, 취업, 자기계발.",naver_api,42,7,20,2,Y,0.748
male,26,550000,학생,기혼,진보적,86000,21000,피부관리,"희소성, 감성",라네즈,라네즈 화장품 2237,라네즈,화장품,21000,4.67,3689.0,"라네즈 화장품 상품. 주요 특징: 성분, 가격, 후기, 피부관리, 선물, 데일리.",naver_api,49,4,22,0,N,0.396
male,43,5310000,사무직,미혼,진보적,1080000,149000,휴식,"내구성, 크기",클래스101,리바트 가구 2238,리바트,가구,149000,,1688.0,"리바트 가구 상품. 주요 특징: 내구성, 크기, 디자인, 이사, 인테리어, 생활.",user_input,46,3,21,3,N,0.534
female,24,750000,취업준비생,기혼,진보적,80000,439000,공부,"강의품질, 가격",클래스101,클래스101 교육 2239,클래스101,교육,439000,4.13,,"클래스101 교육 상품. 주요 특징: 강의품질, 가격, 커리큘럼, 공부, 취업, 자기계발.",image_estimate,9,11,9,6,Y,0.423
female,25,1320000,취업준비생,미혼,보수적,79000,149000,이사,"내구성, 크기",한샘,한샘 가구 2240,한샘,가구,149000,,360.0,"한샘 가구 상품. 주요 특징: 내구성, 크기, 디자인, 이사, 인테리어, 생활.",crawler,33,4,17,2,N,0.462
male,50,3860000,사무직,미혼,보수적,839000,89000,유행,"희소성, 감성",메가스터디,패스트캠퍼스 교육 2241,패스트캠퍼스,교육,89000,,1554.0,"패스트캠퍼스 교육 상품. 주요 특징: 강의품질, 가격, 커리큘럼, 공부, 취업, 자기계발.",naver_api,45,3,12,0,N,0.626
female,24,760000,학생,미혼,보수적,61000,3361000,소장,"가격, 일정",대한항공,대한항공 여행 2242,대한항공,여행,3361000,3.25,1779.0,"대한항공 여행 상품. 주요 특징: 가격, 일정, 숙소, 휴식, 가족, 기념일.",image_estimate,45,54,3,39,Y,0.673
female,65,3260000,은퇴자,미혼,보수적,264000,227000,휴식,"희소성, 감성",리바트,한샘 가구 2243,한샘,가구,227000,,1466.0,"한샘 가구 상품. 주요 특징: 내구성, 크기, 디자인, 이사, 인테리어, 생활.",manual,43,1,13,4,N,0.634
male,30,3740000,프리랜서,미혼,보수적,754000,3618000,소장,"희소성, 감성",3M,프라다 명품 2244,프라다,명품,3618000,4.53,,"프라다 명품 상품. 주요 특징: 브랜드, 희소성, 디자인, 선물, 보상, 소장.",manual,11,17,13,10,Y,0.885
male,30,4250000,사무직,기혼,진보적,174000,2897000,소장,"성능, 배터리",마이리얼트립,소니 전자기기 2245,소니,전자기기,2897000,3.41,,"소니 전자기기 상품. 주요 특징: 성능, 배터리, 휴대성, 업무, 공부, 게임, 콘텐츠.",user_input,12,11,20,9,Y,0.763
female,30,7660000,대기업직원,기혼,진보적,1564000,36000,소장,"디자인, 착용감",삼성,COS 패션 2246,COS,패션,36000,4.85,1204.0,"COS 패션 상품. 주요 특징: 디자인, 착용감, 브랜드, 출근, 데이트, 여행.",manual,43,5,15,1,N,0.546
male,30,3870000,사무직,미혼,진보적,635000,131000,공부,"희소성, 감성",센트룸,패스트캠퍼스 교육 2247,패스트캠퍼스,교육,131000,3.96,,"패스트캠퍼스 교육 상품. 주요 특징: 강의품질, 가격, 커리큘럼, 공부, 취업, 자기계발.",image_estimate,15,0,12,2,N,0.477
male,75,2200000,은퇴자,기혼,보수적,171000,4000,가족,"가격, 신선도",오뚜기,오뚜기 식품 2248,오뚜기,식품,4000,3.83,,"오뚜기 식품 상품. 주요 특징: 가격, 신선도, 배송, 생활, 식사, 가족.",manual,2,3,0,2,N,0.406
female,27,650000,학생,미혼,진보적,107000,1552000,업무,"희소성, 감성",구찌,레노버 전자기기 2249,레노버,전자기기,1552000,4.28,,"레노버 전자기기 상품. 주요 특징: 성능, 배터리, 휴대성, 업무, 공부, 게임, 콘텐츠.",user_input,10,33,9,23,Y,0.712
male,34,5420000,공무원,미혼,진보적,343000,124000,소장,"디자인, 착용감",아디다스,아디다스 패션 2250,아디다스,패션,124000,3.23,2262.0,"아디다스 패션 상품. 주요 특징: 디자인, 착용감, 브랜드, 출근, 데이트, 여행.",naver_api,50,5,10,4,N,0.492
female,31,850000,취업준비생,기혼,보수적,100000,47000,선물,"희소성, 감성",구찌,ZARA 패션 2251,ZARA,패션,47000,3.98,1053.0,"ZARA 패션 상품. 주요 특징: 디자인, 착용감, 브랜드, 출근, 데이트, 여행.",user_input,41,2,18,1,N,0.643
male,65,6670000,자영업,기혼,보수적,302000,14000,피부관리,"성분, 가격",다이소,이니스프리 화장품 2252,이니스프리,화장품,14000,3.24,2048.0,"이니스프리 화장품 상품. 주요 특징: 성분, 가격, 후기, 피부관리, 선물, 데일리.",manual,54,5,13,0,N,0.334
male,36,3680000,프리랜서,기혼,보수적,137000,79000,이사,"희소성, 감성",LG,한샘 가구 2253,한샘,가구,79000,3.32,,"한샘 가구 상품. 주요 특징: 내구성, 크기, 디자인, 이사, 인테리어, 생활.",crawler,15,2,17,1,N,0.507
male,33,3360000,주부,미혼,진보적,510000,464000,공부,"희소성, 감성",소니,소니 전자기기 2254,소니,전자기기,464000,3.28,3166.0,"소니 전자기기 상품. 주요 특징: 성능, 배터리, 휴대성, 업무, 공부, 게임, 콘텐츠.",naver_api,41,1,10,5,N,0.393
female,32,2870000,주부,미혼,보수적,484000,257000,피부관리,"성분, 가격",동원,라네즈 화장품 2255,라네즈,화장품,257000,3.52,7.0,"라네즈 화장품 상품. 주요 특징: 성분, 가격, 후기, 피부관리, 선물, 데일리.",user_input,24,6,20,4,N,0.288
female,49,4440000,자영업,미혼,보수적,503000,65000,데이트,"디자인, 착용감",ZARA,아디다스 패션 2256,아디다스,패션,65000,,,"아디다스 패션 상품. 주요 특징: 디자인, 착용감, 브랜드, 출근, 데이트, 여행.",user_input,5,3,22,2,N,0.391
female,35,3590000,프리랜서,미혼,진보적,122000,35000,생활,"희소성, 감성",설화수,유한킴벌리 생활용품 2257,유한킴벌리,생활용품,35000,4.55,3669.0,"유한킴벌리 생활용품 상품. 주요 특징: 가격, 내구성, 용량, 생활, 청소, 가정.",manual,42,4,16,1,N,0.42
male,38,4720000,사무직,미혼,진보적,691000,98000,가정,"가격, 내구성",다이소,다이소 생활용품 2258,다이소,생활용품,98000,,1666.0,"다이소 생활용품 상품. 주요 특징: 가격, 내구성, 용량, 생활, 청소, 가정.",manual,41,0,1,4,N,0.432
male,29,890000,학생,미혼,진보적,187000,2095000,휴식,"희소성, 감성",마이리얼트립,마이리얼트립 여행 2259,마이리얼트립,여행,2095000,4.26,,"마이리얼트립 여행 상품. 주요 특징: 가격, 일정, 숙소, 휴식, 가족, 기념일.",user_input,14,29,13,22,Y,0.64
male,46,3460000,주부,기혼,진보적,745000,734000,선물,"디자인, 착용감",COS,COS 패션 2260,COS,패션,734000,3.47,514.0,"COS 패션 상품. 주요 특징: 디자인, 착용감, 브랜드, 출근, 데이트, 여행.",crawler,42,3,11,3,Y,0.481
female,42,6150000,공무원,기혼,보수적,1115000,307000,생활,"내구성, 크기",이케아,이케아 가구 2261,이케아,가구,307000,,,"이케아 가구 상품. 주요 특징: 내구성, 크기, 디자인, 이사, 인테리어, 생활.",naver_api,11,4,9,2,N,0.508
male,41,7270000,대기업직원,미혼,진보적,1190000,3275000,소장,"희소성, 감성",라네즈,루이비통 명품 2262,루이비통,명품,3275000,,1934.0,"루이비통 명품 상품. 주요 특징: 브랜드, 희소성, 디자인, 선물, 보상, 소장.",naver_api,46,10,15,4,Y,0.842
female,38,5310000,프리랜서,미혼,보수적,190000,35000,데이트,"희소성, 감성",COS,COS 패션 2263,COS,패션,35000,4.28,,"COS 패션 상품. 주요 특징: 디자인, 착용감, 브랜드, 출근, 데이트, 여행.",crawler,13,4,12,2,N,0.416
male,46,11460000,전문직,기혼,보수적,2219000,278000,선물,"희소성, 감성",마이리얼트립,라네즈 화장품 2264,라네즈,화장품,278000,4.06,3977.0,"라네즈 화장품 상품. 주요 특징: 성분, 가격, 후기, 피부관리, 선물, 데일리.",crawler,50,4,20,4,N,0.418
female,30,7750000,전문직,미혼,보수적,1294000,12000,휴식,"가격, 내구성",유한킴벌리,유한킴벌리 생활용품 2265,유한킴벌리,생활용품,12000,4.53,3494.0,"유한킴벌리 생활용품 상품. 주요 특징: 가격, 내구성, 용량, 생활, 청소, 가정.",manual,41,1,2,2,N,0.403
female,27,4890000,프리랜서,미혼,보수적,666000,363000,게임,"성능, 배터리",종근당,애플 전자기기 2266,애플,전자기기,363000,,,"애플 전자기기 상품. 주요 특징: 성능, 배터리, 휴대성, 업무, 공부, 게임, 콘텐츠.",user_input,3,5,11,0,N,0.323
female,19,940000,학생,기혼,보수적,159000,15000,생활,"가격, 내구성",센트룸,유한킴벌리 생활용품 2267,유한킴벌리,생활용품,15000,4.86,3234.0,"유한킴벌리 생활용품 상품. 주요 특징: 가격, 내구성, 용량, 생활, 청소, 가정.",image_estimate,56,2,20,0,N,0.284
male,24,870000,학생,미혼,보수적,163000,295000,유행,"희소성, 감성",다이소,리바트 가구 2268,리바트,가구,295000,4.57,,"리바트 가구 상품. 주요 특징: 내구성, 크기, 디자인, 이사, 인테리어, 생활.",image_estimate,6,9,17,5,Y,0.82
male,27,800000,학생,기혼,보수적,156000,40000,휴식,"가격, 신선도",CJ,CJ 식품 2269,CJ,식품,40000,3.86,3151.0,"CJ 식품 상품. 주요 특징: 가격, 신선도, 배송, 생활, 식사, 가족.",image_estimate,44,1,22,1,N,0.442
male,19,810000,학생,미혼,보수적,105000,61000,출근,"디자인, 착용감",동원,COS 패션 2270,COS,패션,61000,4.54,2007.0,"COS 패션 상품. 주요 특징: 디자인, 착용감, 브랜드, 출근, 데이트, 여행.",image_estimate,53,4,14,2,N,0.366
male,65,2490000,은퇴자,기혼,보수적,281000,334000,소장,"디자인, 착용감",나이키,나이키 패션 2271,나이키,패션,334000,3.54,3388.0,"나이키 패션 상품. 주요 특징: 디자인, 착용감, 브랜드, 출근, 데이트, 여행.",crawler,49,5,16,5,N,0.51
male,43,7410000,자영업,기혼,진보적,884000,703000,보상,"브랜드, 희소성",프라다,프라다 명품 2272,프라다,명품,703000,4.9,2528.0,"프라다 명품 상품. 주요 특징: 브랜드, 희소성, 디자인, 선물, 보상, 소장.",naver_api,49,1,22,2,Y,0.329
male,73,2560000,은퇴자,기혼,보수적,373000,662000,가족,"가격, 일정",센트룸,대한항공 여행 2273,대한항공,여행,662000,,3867.0,"대한항공 여행 상품. 주요 특징: 가격, 일정, 숙소, 휴식, 가족, 기념일.",crawler,47,8,21,5,Y,0.534
female,41,5040000,프리랜서,기혼,보수적,980000,3315000,휴식,"희소성, 감성",ZARA,하나투어 여행 2274,하나투어,여행,3315000,4.41,922.0,"하나투어 여행 상품. 주요 특징: 가격, 일정, 숙소, 휴식, 가족, 기념일.",image_estimate,35,10,19,9,Y,0.696
female,72,3210000,은퇴자,미혼,진보적,160000,4584000,보상,"희소성, 감성",하나투어,루이비통 명품 2275,루이비통,명품,4584000,3.86,,"루이비통 명품 상품. 주요 특징: 브랜드, 희소성, 디자인, 선물, 보상, 소장.",image_estimate,4,21,22,11,Y,0.683
female,32,5200000,프리랜서,기혼,보수적,626000,3079000,휴식,"내구성, 크기",한샘,한샘 가구 2276,한샘,가구,3079000,3.34,334.0,"한샘 가구 상품. 주요 특징: 내구성, 크기, 디자인, 이사, 인테리어, 생활.",image_estimate,41,8,3,5,Y,0.718
female,31,870000,취업준비생,기혼,진보적,66000,113000,유행,"내구성, 크기",COS,한샘 가구 2277,한샘,가구,113000,4.57,2832.0,"한샘 가구 상품. 주요 특징: 내구성, 크기, 디자인, 이사, 인테리어, 생활.",user_input,45,3,13,1,N,0.714
female,42,6800000,대기업직원,미혼,보수적,652000,142000,여행,"희소성, 감성",COS,COS 패션 2278,COS,패션,142000,,,"COS 패션 상품. 주요 특징: 디자인, 착용감, 브랜드, 출근, 데이트, 여행.",manual,15,5,1,2,N,0.599
male,45,4210000,사무직,미혼,보수적,445000,1361000,이사,"내구성, 크기",구찌,한샘 가구 2279,한샘,가구,1361000,,,"한샘 가구 상품. 주요 특징: 내구성, 크기, 디자인, 이사, 인테리어, 생활.",crawler,12,8,22,5,Y,0.601
female,39,4480000,자영업,미혼,보수적,855000,196000,인테리어,"내구성, 크기",마이리얼트립,이케아 가구 2280,이케아,가구,196000,3.37,,"이케아 가구 상품. 주요 특징: 내구성, 크기, 디자인, 이사, 인테리어, 생활.",naver_api,11,5,22,5,N,0.347
male,49,7950000,전문직,기혼,보수적,1435000,144000,휴식,"디자인, 착용감",샤넬,나이키 패션 2281,나이키,패션,144000,3.68,805.0,"나이키 패션 상품. 주요 특징: 디자인, 착용감, 브랜드, 출근, 데이트, 여행.",manual,46,2,18,1,N,0.575
female,43,7170000,전문직,미혼,진보적,551000,82000,청소,"가격, 내구성",유한킴벌리,유한킴벌리 생활용품 2282,유한킴벌리,생활용품,82000,3.62,,"유한킴벌리 생활용품 상품. 주요 특징: 가격, 내구성, 용량, 생활, 청소, 가정.",image_estimate,17,1,20,3,N,0.26
male,51,6920000,전문직,기혼,진보적,1367000,103000,휴식,"희소성, 감성",이케아,이케아 가구 2283,이케아,가구,103000,,3344.0,"이케아 가구 상품. 주요 특징: 내구성, 크기, 디자인, 이사, 인테리어, 생활.",naver_api,41,5,16,1,N,0.594
female,36,5570000,사무직,미혼,진보적,712000,378000,휴식,"희소성, 감성",소니,마이리얼트립 여행 2284,마이리얼트립,여행,378000,,3397.0,"마이리얼트립 여행 상품. 주요 특징: 가격, 일정, 숙소, 휴식, 가족, 기념일.",manual,41,2,20,2,N,0.492
male,56,8190000,대기업직원,미혼,보수적,1404000,6282000,휴식,"성능, 배터리",LG,LG 전자기기 2285,LG,전자기기,6282000,3.58,,"LG 전자기기 상품. 주요 특징: 성능, 배터리, 휴대성, 업무, 공부, 게임, 콘텐츠.",user_input,2,12,9,9,Y,0.692
female,52,4190000,공무원,기혼,진보적,573000,7392000,선물,"브랜드, 희소성",소니,샤넬 명품 2286,샤넬,명품,7392000,3.35,3100.0,"샤넬 명품 상품. 주요 특징: 브랜드, 희소성, 디자인, 선물, 보상, 소장.",manual,54,23,15,18,Y,0.636
male,24,830000,학생,미혼,진보적,119000,581000,가족,"희소성, 감성",마이리얼트립,마이리얼트립 여행 2287,마이리얼트립,여행,581000,,,"마이리얼트립 여행 상품. 주요 특징: 가격, 일정, 숙소, 휴식, 가족, 기념일.",user_input,15,12,0,6,Y,0.629
female,52,5310000,공무원,기혼,보수적,340000,575000,공부,"성능, 배터리",레노버,레노버 전자기기 2288,레노버,전자기기,575000,4.79,739.0,"레노버 전자기기 상품. 주요 특징: 성능, 배터리, 휴대성, 업무, 공부, 게임, 콘텐츠.",manual,45,6,12,5,Y,0.374
female,59,2670000,주부,기혼,진보적,525000,52000,식사,"가격, 신선도",설화수,동원 식품 2289,동원,식품,52000,3.23,1367.0,"동원 식품 상품. 주요 특징: 가격, 신선도, 배송, 생활, 식사, 가족.",image_estimate,41,3,21,4,N,0.278
female,38,7230000,대기업직원,기혼,진보적,1496000,6287000,공부,"희소성, 감성",이니스프리,애플 전자기기 2290,애플,전자기기,6287000,,2845.0,"애플 전자기기 상품. 주요 특징: 성능, 배터리, 휴대성, 업무, 공부, 게임, 콘텐츠.",naver_api,43,11,11,8,Y,0.671
male,48,5470000,자영업,미혼,보수적,799000,42000,데일리,"희소성, 감성",한샘,설화수 화장품 2291,설화수,화장품,42000,4.37,3640.0,"설화수 화장품 상품. 주요 특징: 성분, 가격, 후기, 피부관리, 선물, 데일리.",naver_api,54,0,3,3,N,0.665
female,65,2930000,은퇴자,기혼,보수적,640000,97000,가정,"가격, 내구성",다이소,다이소 생활용품 2292,다이소,생활용품,97000,4.18,1300.0,"다이소 생활용품 상품. 주요 특징: 가격, 내구성, 용량, 생활, 청소, 가정.",naver_api,50,1,11,0,N,0.359
male,45,7410000,자영업,기혼,보수적,267000,460000,생활,"희소성, 감성",한샘,리바트 가구 2293,리바트,가구,460000,,,"리바트 가구 상품. 주요 특징: 내구성, 크기, 디자인, 이사, 인테리어, 생활.",image_estimate,17,4,15,2,N,0.835
male,51,4330000,사무직,기혼,진보적,575000,3251000,선물,"브랜드, 희소성",소니,루이비통 명품 2294,루이비통,명품,3251000,3.6,789.0,"루이비통 명품 상품. 주요 특징: 브랜드, 희소성, 디자인, 선물, 보상, 소장.",image_estimate,42,12,12,9,Y,0.616
female,28,6000000,대기업직원,미혼,보수적,735000,1629000,소장,"브랜드, 희소성",LG,샤넬 명품 2295,샤넬,명품,1629000,4.51,3900.0,"샤넬 명품 상품. 주요 특징: 브랜드, 희소성, 디자인, 선물, 보상, 소장.",user_input,43,4,13,3,Y,0.79
female,29,4610000,프리랜서,기혼,진보적,961000,355000,선물,"성분, 가격",오뚜기,설화수 화장품 2296,설화수,화장품,355000,3.55,1275.0,"설화수 화장품 상품. 주요 특징: 성분, 가격, 후기, 피부관리, 선물, 데일리.",naver_api,43,1,15,1,N,0.321
male,46,8290000,전문직,기혼,보수적,1757000,193000,휴식,"희소성, 감성",아디다스,아디다스 패션 2297,아디다스,패션,193000,4.51,3873.0,"아디다스 패션 상품. 주요 특징: 디자인, 착용감, 브랜드, 출근, 데이트, 여행.",user_input,56,2,14,0,N,0.547
female,54,3870000,프리랜서,미혼,진보적,792000,288000,휴식,"희소성, 감성",한샘,한샘 가구 2298,한샘,가구,288000,,,"한샘 가구 상품. 주요 특징: 내구성, 크기, 디자인, 이사, 인테리어, 생활.",naver_api,15,5,14,5,N,0.623
male,46,3700000,사무직,미혼,보수적,676000,77000,가족,"희소성, 감성",정관장,동원 식품 2299,동원,식품,77000,4.2,,"동원 식품 상품. 주요 특징: 가격, 신선도, 배송, 생활, 식사, 가족.",user_input,2,0,19,2,N,0.647
female,68,2360000,은퇴자,기혼,보수적,130000,1551000,기념일,"희소성, 감성",3M,대한항공 여행 2300,대한항공,여행,1551000,4.84,,"대한항공 여행 상품. 주요 특징: 가격, 일정, 숙소, 휴식, 가족, 기념일.",crawler,5,11,14,9,Y,0.861
female,19,840000,학생,미혼,보수적,65000,314000,유행,"가격, 일정",애플,하나투어 여행 2301,하나투어,여행,314000,4.03,2545.0,"하나투어 여행 상품. 주요 특징: 가격, 일정, 숙소, 휴식, 가족, 기념일.",manual,53,9,10,6,Y,0.729
male,43,8580000,대기업직원,기혼,보수적,376000,353000,소장,"성능, 배터리",삼성,삼성 전자기기 2302,삼성,전자기기,353000,3.45,,"삼성 전자기기 상품. 주요 특징: 성능, 배터리, 휴대성, 업무, 공부, 게임, 콘텐츠.",manual,12,3,13,2,N,0.446
female,50,3590000,프리랜서,기혼,보수적,235000,4178000,선물,"브랜드, 희소성",메가스터디,샤넬 명품 2303,샤넬,명품,4178000,,3864.0,"샤넬 명품 상품. 주요 특징: 브랜드, 희소성, 디자인, 선물, 보상, 소장.",user_input,51,17,20,13,Y,0.587
female,22,1240000,취업준비생,미혼,보수적,260000,21000,휴식,"희소성, 감성",이니스프리,다이소 생활용품 2304,다이소,생활용품,21000,4.59,3241.0,"다이소 생활용품 상품. 주요 특징: 가격, 내구성, 용량, 생활, 청소, 가정.",manual,48,4,15,1,N,0.647
female,23,740000,취업준비생,미혼,진보적,56000,1013000,여행,"디자인, 착용감",COS,COS 패션 2305,COS,패션,1013000,,,"COS 패션 상품. 주요 특징: 디자인, 착용감, 브랜드, 출근, 데이트, 여행.",crawler,5,22,21,13,Y,0.706
female,34,6820000,전문직,기혼,진보적,742000,196000,선물,"희소성, 감성",하나투어,하나투어 여행 2306,하나투어,여행,196000,4.83,2197.0,"하나투어 여행 상품. 주요 특징: 가격, 일정, 숙소, 휴식, 가족, 기념일.",naver_api,48,0,17,0,N,0.556
female,27,4640000,프리랜서,미혼,진보적,273000,630000,보상,"브랜드, 희소성",프라다,구찌 명품 2307,구찌,명품,630000,4.78,,"구찌 명품 상품. 주요 특징: 브랜드, 희소성, 디자인, 선물, 보상, 소장.",manual,13,5,21,1,Y,0.606
female,30,3380000,사무직,미혼,진보적,167000,51000,가정,"가격, 내구성",하나투어,다이소 생활용품 2308,다이소,생활용품,51000,4.65,,"다이소 생활용품 상품. 주요 특징: 가격, 내구성, 용량, 생활, 청소, 가정.",image_estimate,10,0,22,5,N,0.463
female,39,7730000,전문직,기혼,보수적,1244000,42000,선물,"희소성, 감성",COS,종근당 건강관리 2309,종근당,건강관리,42000,3.57,2200.0,"종근당 건강관리 상품. 주요 특징: 성분, 후기, 안전성, 건강, 부모님, 회복.",image_estimate,53,3,19,2,N,0.633
female,21,840000,학생,미혼,진보적,81000,34000,데일리,"성분, 가격",이니스프리,이니스프리 화장품 2310,이니스프리,화장품,34000,3.62,,"이니스프리 화장품 상품. 주요 특징: 성분, 가격, 후기, 피부관리, 선물, 데일리.",crawler,3,6,16,3,N,0.414
female,25,1280000,취업준비생,미혼,보수적,180000,495000,공부,"성능, 배터리",LG,삼성 전자기기 2311,삼성,전자기기,495000,4.58,465.0,"삼성 전자기기 상품. 주요 특징: 성능, 배터리, 휴대성, 업무, 공부, 게임, 콘텐츠.",manual,39,5,3,4,Y,0.538
male,19,890000,학생,미혼,보수적,174000,1469000,소장,"희소성, 감성",라네즈,리바트 가구 2312,리바트,가구,1469000,3.77,542.0,"리바트 가구 상품. 주요 특징: 내구성, 크기, 디자인, 이사, 인테리어, 생활.",manual,39,24,18,14,Y,0.874
female,69,2430000,은퇴자,기혼,보수적,256000,292000,휴식,"가격, 일정",대한항공,대한항공 여행 2313,대한항공,여행,292000,3.89,1627.0,"대한항공 여행 상품. 주요 특징: 가격, 일정, 숙소, 휴식, 가족, 기념일.",image_estimate,52,2,16,2,N,0.268
male,35,4160000,사무직,기혼,보수적,635000,11000,가족,"희소성, 감성",CJ,CJ 식품 2314,CJ,식품,11000,,1292.0,"CJ 식품 상품. 주요 특징: 가격, 신선도, 배송, 생활, 식사, 가족.",user_input,38,0,11,2,N,0.543
female,27,630000,학생,기혼,보수적,105000,22000,식사,"희소성, 감성",오뚜기,오뚜기 식품 2315,오뚜기,식품,22000,3.52,1491.0,"오뚜기 식품 상품. 주요 특징: 가격, 신선도, 배송, 생활, 식사, 가족.",user_input,40,0,13,2,N,0.359
male,29,5230000,프리랜서,미혼,보수적,358000,36000,휴식,"성분, 가격",애플,설화수 화장품 2316,설화수,화장품,36000,3.35,885.0,"설화수 화장품 상품. 주요 특징: 성분, 가격, 후기, 피부관리, 선물, 데일리.",user_input,42,0,13,3,N,0.57
male,45,9490000,전문직,기혼,진보적,1552000,451000,피부관리,"성분, 가격",설화수,설화수 화장품 2317,설화수,화장품,451000,3.74,1732.0,"설화수 화장품 상품. 주요 특징: 성분, 가격, 후기, 피부관리, 선물, 데일리.",manual,51,6,17,4,N,0.229
female,57,5250000,공무원,기혼,보수적,443000,33000,휴식,"희소성, 감성",CJ,CJ 식품 2318,CJ,식품,33000,3.44,3016.0,"CJ 식품 상품. 주요 특징: 가격, 신선도, 배송, 생활, 식사, 가족.",naver_api,49,5,21,3,N,0.549
female,66,3280000,은퇴자,미혼,진보적,530000,20000,선물,"성분, 가격",대한항공,라네즈 화장품 2319,라네즈,화장품,20000,3.31,2892.0,"라네즈 화장품 상품. 주요 특징: 성분, 가격, 후기, 피부관리, 선물, 데일리.",manual,53,2,10,0,N,0.321
male,27,5240000,사무직,미혼,보수적,981000,36000,선물,"희소성, 감성",대한항공,이니스프리 화장품 2320,이니스프리,화장품,36000,,1376.0,"이니스프리 화장품 상품. 주요 특징: 성분, 가격, 후기, 피부관리, 선물, 데일리.",user_input,50,6,3,2,N,0.456
female,28,5630000,프리랜서,미혼,진보적,648000,535000,이사,"내구성, 크기",소니,한샘 가구 2321,한샘,가구,535000,,483.0,"한샘 가구 상품. 주요 특징: 내구성, 크기, 디자인, 이사, 인테리어, 생활.",naver_api,41,1,11,5,Y,0.314
female,47,7160000,자영업,미혼,보수적,1506000,451000,취업,"희소성, 감성",패스트캠퍼스,클래스101 교육 2322,클래스101,교육,451000,,2551.0,"클래스101 교육 상품. 주요 특징: 강의품질, 가격, 커리큘럼, 공부, 취업, 자기계발.",manual,41,2,15,0,N,0.455
female,22,600000,학생,미혼,진보적,114000,445000,피부관리,"성분, 가격",라네즈,라네즈 화장품 2323,라네즈,화장품,445000,4.53,3987.0,"라네즈 화장품 상품. 주요 특징: 성분, 가격, 후기, 피부관리, 선물, 데일리.",naver_api,50,13,16,10,Y,0.451
female,19,940000,학생,미혼,보수적,140000,119000,인테리어,"희소성, 감성",설화수,한샘 가구 2324,한샘,가구,119000,3.32,3210.0,"한샘 가구 상품. 주요 특징: 내구성, 크기, 디자인, 이사, 인테리어, 생활.",naver_api,45,5,17,3,N,0.441
female,21,690000,학생,미혼,보수적,137000,6000,소장,"가격, 신선도",CJ,CJ 식품 2325,CJ,식품,6000,4.62,2851.0,"CJ 식품 상품. 주요 특징: 가격, 신선도, 배송, 생활, 식사, 가족.",user_input,45,5,16,2,N,0.394
male,28,570000,학생,미혼,보수적,26000,132000,유행,"성분, 후기",나이키,정관장 건강관리 2326,정관장,건강관리,132000,4.58,,"정관장 건강관리 상품. 주요 특징: 성분, 후기, 안전성, 건강, 부모님, 회복.",manual,13,7,18,6,Y,0.747
male,67,3360000,은퇴자,미혼,보수적,479000,192000,휴식,"강의품질, 가격",패스트캠퍼스,패스트캠퍼스 교육 2327,패스트캠퍼스,교육,192000,3.88,3652.0,"패스트캠퍼스 교육 상품. 주요 특징: 강의품질, 가격, 커리큘럼, 공부, 취업, 자기계발.",image_estimate,41,6,16,2,N,0.4
female,42,3150000,사무직,기혼,진보적,112000,17000,소장,"희소성, 감성",CJ,이니스프리 화장품 2328,이니스프리,화장품,17000,3.61,826.0,"이니스프리 화장품 상품. 주요 특징: 성분, 가격, 후기, 피부관리, 선물, 데일리.",manual,39,0,14,2,N,0.634
male,41,2180000,주부,미혼,보수적,224000,186000,휴식,"가격, 일정",대한항공,대한항공 여행 2329,대한항공,여행,186000,4.09,802.0,"대한항공 여행 상품. 주요 특징: 가격, 일정, 숙소, 휴식, 가족, 기념일.",user_input,45,6,16,0,N,0.233
female,58,2350000,주부,기혼,진보적,225000,555000,여행,"디자인, 착용감",COS,COS 패션 2330,COS,패션,555000,,3148.0,"COS 패션 상품. 주요 특징: 디자인, 착용감, 브랜드, 출근, 데이트, 여행.",user_input,41,8,13,5,Y,0.663
male,40,2600000,주부,기혼,보수적,171000,27000,생활,"희소성, 감성",나이키,다이소 생활용품 2331,다이소,생활용품,27000,3.72,217.0,"다이소 생활용품 상품. 주요 특징: 가격, 내구성, 용량, 생활, 청소, 가정.",crawler,42,3,21,1,N,0.427
male,49,6060000,자영업,기혼,진보적,1271000,195000,선물,"성분, 후기",센트룸,센트룸 건강관리 2332,센트룸,건강관리,195000,4.18,1955.0,"센트룸 건강관리 상품. 주요 특징: 성분, 후기, 안전성, 건강, 부모님, 회복.",naver_api,45,2,19,1,N,0.447
male,31,7420000,대기업직원,미혼,진보적,664000,245000,소장,"성분, 가격",라네즈,라네즈 화장품 2333,라네즈,화장품,245000,4.79,3838.0,"라네즈 화장품 상품. 주요 특징: 성분, 가격, 후기, 피부관리, 선물, 데일리.",naver_api,43,1,21,4,N,0.437
female,24,1060000,취업준비생,미혼,보수적,182000,241000,선물,"내구성, 크기",클래스101,이케아 가구 2334,이케아,가구,241000,4.04,,"이케아 가구 상품. 주요 특징: 내구성, 크기, 디자인, 이사, 인테리어, 생활.",manual,14,6,13,3,Y,0.661
male,32,2720000,주부,미혼,진보적,557000,20000,선물,"성분, 가격",나이키,이니스프리 화장품 2335,이니스프리,화장품,20000,4.54,,"이니스프리 화장품 상품. 주요 특징: 성분, 가격, 후기, 피부관리, 선물, 데일리.",naver_api,5,2,22,3,N,0.299
female,60,4670000,공무원,기혼,진보적,235000,265000,선물,"성분, 가격",유한킴벌리,설화수 화장품 2336,설화수,화장품,265000,4.69,,"설화수 화장품 상품. 주요 특징: 성분, 가격, 후기, 피부관리, 선물, 데일리.",manual,2,2,14,2,N,0.335
female,54,5890000,자영업,기혼,보수적,1124000,161000,소장,"내구성, 크기",리바트,리바트 가구 2337,리바트,가구,161000,3.54,,"리바트 가구 상품. 주요 특징: 내구성, 크기, 디자인, 이사, 인테리어, 생활.",naver_api,13,4,12,3,N,0.469
female,33,7580000,전문직,기혼,진보적,1067000,52000,공부,"강의품질, 가격",클래스101,클래스101 교육 2338,클래스101,교육,52000,3.32,2848.0,"클래스101 교육 상품. 주요 특징: 강의품질, 가격, 커리큘럼, 공부, 취업, 자기계발.",image_estimate,40,5,14,3,N,0.219
female,21,620000,학생,미혼,진보적,63000,1852000,선물,"희소성, 감성",소니,한샘 가구 2339,한샘,가구,1852000,4.17,371.0,"한샘 가구 상품. 주요 특징: 내구성, 크기, 디자인, 이사, 인테리어, 생활.",manual,43,38,21,23,Y,0.865
male,53,3570000,프리랜서,미혼,보수적,723000,2687000,생활,"내구성, 크기",한샘,한샘 가구 2340,한샘,가구,2687000,3.85,3977.0,"한샘 가구 상품. 주요 특징: 내구성, 크기, 디자인, 이사, 인테리어, 생활.",crawler,47,9,18,8,Y,0.704
male,38,4440000,프리랜서,기혼,진보적,813000,17000,생활,"희소성, 감성",유한킴벌리,유한킴벌리 생활용품 2341,유한킴벌리,생활용품,17000,,668.0,"유한킴벌리 생활용품 상품. 주요 특징: 가격, 내구성, 용량, 생활, 청소, 가정.",user_input,36,5,0,1,N,0.38
female,29,750000,취업준비생,미혼,진보적,46000,6000,청소,"가격, 내구성",유한킴벌리,유한킴벌리 생활용품 2342,유한킴벌리,생활용품,6000,3.81,,"유한킴벌리 생활용품 상품. 주요 특징: 가격, 내구성, 용량, 생활, 청소, 가정.",user_input,10,4,17,3,N,0.188
female,31,5770000,프리랜서,미혼,보수적,966000,377000,부모님,"희소성, 감성",센트룸,센트룸 건강관리 2343,센트룸,건강관리,377000,4.44,,"센트룸 건강관리 상품. 주요 특징: 성분, 후기, 안전성, 건강, 부모님, 회복.",naver_api,16,3,15,1,N,0.379
female,43,8170000,대기업직원,기혼,보수적,907000,1775000,회복,"성분, 후기",애플,정관장 건강관리 2344,정관장,건강관리,1775000,3.36,,"정관장 건강관리 상품. 주요 특징: 성분, 후기, 안전성, 건강, 부모님, 회복.",manual,2,4,17,3,Y,0.761
female,52,9560000,대기업직원,미혼,진보적,393000,2270000,업무,"성능, 배터리",CJ,소니 전자기기 2345,소니,전자기기,2270000,,2773.0,"소니 전자기기 상품. 주요 특징: 성능, 배터리, 휴대성, 업무, 공부, 게임, 콘텐츠.",manual,48,5,21,5,Y,0.548
female,25,1120000,취업준비생,기혼,보수적,237000,17000,가정,"가격, 내구성",다이소,다이소 생활용품 2346,다이소,생활용품,17000,3.55,,"다이소 생활용품 상품. 주요 특징: 가격, 내구성, 용량, 생활, 청소, 가정.",user_input,14,1,22,2,N,0.409
male,34,4080000,자영업,기혼,진보적,490000,3997000,선물,"브랜드, 희소성",센트룸,샤넬 명품 2347,샤넬,명품,3997000,4.24,3285.0,"샤넬 명품 상품. 주요 특징: 브랜드, 희소성, 디자인, 선물, 보상, 소장.",naver_api,47,11,20,12,Y,0.615
female,27,560000,학생,미혼,진보적,106000,5700000,선물,"희소성, 감성",아디다스,샤넬 명품 2348,샤넬,명품,5700000,4.38,,"샤넬 명품 상품. 주요 특징: 브랜드, 희소성, 디자인, 선물, 보상, 소장.",naver_api,17,60,18,60,Y,0.66
male,38,5470000,사무직,기혼,보수적,1193000,22000,유행,"성분, 가격",설화수,라네즈 화장품 2349,라네즈,화장품,22000,4.2,2663.0,"라네즈 화장품 상품. 주요 특징: 성분, 가격, 후기, 피부관리, 선물, 데일리.",naver_api,53,3,14,0,N,0.52
male,33,4590000,프리랜서,미혼,보수적,673000,361000,유행,"가격, 일정",COS,하나투어 여행 2350,하나투어,여행,361000,3.72,3989.0,"하나투어 여행 상품. 주요 특징: 가격, 일정, 숙소, 휴식, 가족, 기념일.",naver_api,46,5,19,0,N,0.522
male,44,5990000,자영업,기혼,보수적,1223000,95000,선물,"강의품질, 가격",클래스101,클래스101 교육 2351,클래스101,교육,95000,,171.0,"클래스101 교육 상품. 주요 특징: 강의품질, 가격, 커리큘럼, 공부, 취업, 자기계발.",naver_api,35,1,11,3,N,0.424
female,28,4800000,사무직,미혼,보수적,867000,1638000,생활,"희소성, 감성",동원,리바트 가구 2352,리바트,가구,1638000,4.82,,"리바트 가구 상품. 주요 특징: 내구성, 크기, 디자인, 이사, 인테리어, 생활.",image_estimate,12,9,21,4,Y,0.85
male,27,5770000,대기업직원,미혼,진보적,293000,4263000,가족,"가격, 일정",하나투어,하나투어 여행 2353,하나투어,여행,4263000,,,"하나투어 여행 상품. 주요 특징: 가격, 일정, 숙소, 휴식, 가족, 기념일.",manual,9,10,10,6,Y,0.496
female,28,1190000,취업준비생,미혼,보수적,124000,1258000,휴식,"브랜드, 희소성",샤넬,샤넬 명품 2354,샤넬,명품,1258000,4.69,3523.0,"샤넬 명품 상품. 주요 특징: 브랜드, 희소성, 디자인, 선물, 보상, 소장.",crawler,52,18,15,11,Y,0.731
female,19,840000,학생,미혼,진보적,156000,4460000,게임,"희소성, 감성",ZARA,애플 전자기기 2355,애플,전자기기,4460000,4.16,,"애플 전자기기 상품. 주요 특징: 성능, 배터리, 휴대성, 업무, 공부, 게임, 콘텐츠.",user_input,14,60,19,47,Y,0.728
female,59,3600000,은퇴자,기혼,보수적,767000,52000,선물,"강의품질, 가격",구찌,메가스터디 교육 2356,메가스터디,교육,52000,4.08,1876.0,"메가스터디 교육 상품. 주요 특징: 강의품질, 가격, 커리큘럼, 공부, 취업, 자기계발.",image_estimate,41,4,12,0,N,0.502
male,19,760000,학생,미혼,보수적,167000,87000,휴식,"희소성, 감성",클래스101,클래스101 교육 2357,클래스101,교육,87000,3.51,1980.0,"클래스101 교육 상품. 주요 특징: 강의품질, 가격, 커리큘럼, 공부, 취업, 자기계발.",image_estimate,45,3,16,2,N,0.559
male,38,5940000,자영업,기혼,진보적,509000,2247000,기념일,"가격, 일정",오뚜기,하나투어 여행 2358,하나투어,여행,2247000,4.7,74.0,"하나투어 여행 상품. 주요 특징: 가격, 일정, 숙소, 휴식, 가족, 기념일.",image_estimate,38,7,2,7,Y,0.759
female,27,3730000,사무직,기혼,보수적,599000,16000,선물,"가격, 내구성",종근당,다이소 생활용품 2359,다이소,생활용품,16000,,3233.0,"다이소 생활용품 상품. 주요 특징: 가격, 내구성, 용량, 생활, 청소, 가정.",naver_api,46,3,10,1,N,0.472
female,66,3610000,은퇴자,미혼,보수적,598000,52000,취업,"희소성, 감성",대한항공,클래스101 교육 2360,클래스101,교육,52000,4.44,,"클래스101 교육 상품. 주요 특징: 강의품질, 가격, 커리큘럼, 공부, 취업, 자기계발.",manual,12,5,20,4,N,0.474
female,49,4580000,자영업,기혼,진보적,214000,2042000,휴식,"희소성, 감성",마이리얼트립,마이리얼트립 여행 2361,마이리얼트립,여행,2042000,4.36,3112.0,"마이리얼트립 여행 상품. 주요 특징: 가격, 일정, 숙소, 휴식, 가족, 기념일.",user_input,52,7,14,4,Y,0.641
male,57,3170000,주부,기혼,보수적,231000,85000,선물,"가격, 내구성",한샘,다이소 생활용품 2362,다이소,생활용품,85000,3.31,2891.0,"다이소 생활용품 상품. 주요 특징: 가격, 내구성, 용량, 생활, 청소, 가정.",user_input,49,5,1,4,N,0.487
female,38,4770000,프리랜서,기혼,진보적,896000,5000,식사,"가격, 신선도",오뚜기,오뚜기 식품 2363,오뚜기,식품,5000,3.24,1175.0,"오뚜기 식품 상품. 주요 특징: 가격, 신선도, 배송, 생활, 식사, 가족.",naver_api,39,1,21,1,N,0.219
female,47,4650000,사무직,기혼,진보적,588000,1266000,휴식,"가격, 일정",정관장,하나투어 여행 2364,하나투어,여행,1266000,4.71,1125.0,"하나투어 여행 상품. 주요 특징: 가격, 일정, 숙소, 휴식, 가족, 기념일.",crawler,45,8,18,3,Y,0.511
male,39,2150000,주부,기혼,보수적,409000,126000,생활,"가격, 내구성",CJ,유한킴벌리 생활용품 2365,유한킴벌리,생활용품,126000,,,"유한킴벌리 생활용품 상품. 주요 특징: 가격, 내구성, 용량, 생활, 청소, 가정.",image_estimate,9,1,21,5,N,0.363
female,28,770000,학생,미혼,진보적,86000,35000,자기계발,"강의품질, 가격",다이소,패스트캠퍼스 교육 2366,패스트캠퍼스,교육,35000,4.04,1451.0,"패스트캠퍼스 교육 상품. 주요 특징: 강의품질, 가격, 커리큘럼, 공부, 취업, 자기계발.",naver_api,51,3,13,4,N,0.498
male,26,3240000,프리랜서,미혼,보수적,232000,90000,유행,"희소성, 감성",3M,3M 생활용품 2367,3M,생활용품,90000,,,"3M 생활용품 상품. 주요 특징: 가격, 내구성, 용량, 생활, 청소, 가정.",naver_api,10,6,12,5,N,0.606
female,34,6560000,전문직,미혼,보수적,902000,50000,유행,"희소성, 감성",COS,메가스터디 교육 2368,메가스터디,교육,50000,,1055.0,"메가스터디 교육 상품. 주요 특징: 강의품질, 가격, 커리큘럼, 공부, 취업, 자기계발.",crawler,37,5,1,1,N,0.637
female,60,2690000,은퇴자,미혼,보수적,126000,198000,부모님,"희소성, 감성",COS,센트룸 건강관리 2369,센트룸,건강관리,198000,,2659.0,"센트룸 건강관리 상품. 주요 특징: 성분, 후기, 안전성, 건강, 부모님, 회복.",image_estimate,55,6,19,2,N,0.587
female,23,630000,학생,미혼,보수적,29000,1320000,휴식,"브랜드, 희소성",설화수,프라다 명품 2370,프라다,명품,1320000,3.99,437.0,"프라다 명품 상품. 주요 특징: 브랜드, 희소성, 디자인, 선물, 보상, 소장.",crawler,40,27,16,18,Y,0.819
female,25,690000,학생,미혼,보수적,31000,224000,자기계발,"희소성, 감성",클래스101,클래스101 교육 2371,클래스101,교육,224000,4.4,,"클래스101 교육 상품. 주요 특징: 강의품질, 가격, 커리큘럼, 공부, 취업, 자기계발.",naver_api,4,7,9,3,Y,0.804
female,55,4860000,공무원,기혼,보수적,804000,2727000,선물,"희소성, 감성",애플,루이비통 명품 2372,루이비통,명품,2727000,4.01,540.0,"루이비통 명품 상품. 주요 특징: 브랜드, 희소성, 디자인, 선물, 보상, 소장.",crawler,41,10,1,8,Y,0.679
male,33,5580000,프리랜서,미혼,보수적,343000,514000,데일리,"희소성, 감성",소니,설화수 화장품 2373,설화수,화장품,514000,4.61,,"설화수 화장품 상품. 주요 특징: 성분, 가격, 후기, 피부관리, 선물, 데일리.",naver_api,16,1,9,5,Y,0.765
male,56,10530000,전문직,미혼,진보적,1831000,7000,생활,"가격, 신선도",라네즈,동원 식품 2374,동원,식품,7000,4.29,3985.0,"동원 식품 상품. 주요 특징: 가격, 신선도, 배송, 생활, 식사, 가족.",user_input,53,1,13,2,N,0.291
female,21,680000,학생,미혼,보수적,58000,727000,유행,"희소성, 감성",COS,COS 패션 2375,COS,패션,727000,4.23,3224.0,"COS 패션 상품. 주요 특징: 디자인, 착용감, 브랜드, 출근, 데이트, 여행.",image_estimate,53,18,11,10,Y,0.811
male,31,1020000,취업준비생,미혼,보수적,45000,691000,휴식,"희소성, 감성",마이리얼트립,마이리얼트립 여행 2376,마이리얼트립,여행,691000,4.02,,"마이리얼트립 여행 상품. 주요 특징: 가격, 일정, 숙소, 휴식, 가족, 기념일.",naver_api,5,10,3,6,Y,0.649
male,67,3180000,은퇴자,기혼,진보적,141000,4009000,소장,"희소성, 감성",대한항공,대한항공 여행 2377,대한항공,여행,4009000,,1222.0,"대한항공 여행 상품. 주요 특징: 가격, 일정, 숙소, 휴식, 가족, 기념일.",image_estimate,49,16,13,10,Y,0.82
female,25,530000,학생,미혼,보수적,52000,2968000,소장,"희소성, 감성",마이리얼트립,구찌 명품 2378,구찌,명품,2968000,4.17,3840.0,"구찌 명품 상품. 주요 특징: 브랜드, 희소성, 디자인, 선물, 보상, 소장.",image_estimate,51,60,20,48,Y,0.83
male,63,2910000,은퇴자,기혼,보수적,132000,6000,소장,"희소성, 감성",유한킴벌리,유한킴벌리 생활용품 2379,유한킴벌리,생활용품,6000,4.65,3220.0,"유한킴벌리 생활용품 상품. 주요 특징: 가격, 내구성, 용량, 생활, 청소, 가정.",crawler,54,1,10,4,N,0.534
female,51,6210000,자영업,미혼,보수적,886000,80000,자기계발,"강의품질, 가격",메가스터디,메가스터디 교육 2380,메가스터디,교육,80000,3.61,3146.0,"메가스터디 교육 상품. 주요 특징: 강의품질, 가격, 커리큘럼, 공부, 취업, 자기계발.",naver_api,48,2,10,2,N,0.425
female,60,6490000,자영업,기혼,진보적,597000,3234000,기념일,"가격, 일정",대한항공,대한항공 여행 2381,대한항공,여행,3234000,4.41,,"대한항공 여행 상품. 주요 특징: 가격, 일정, 숙소, 휴식, 가족, 기념일.",naver_api,8,11,0,5,Y,0.647
male,41,6760000,자영업,기혼,보수적,1146000,35000,피부관리,"희소성, 감성",나이키,설화수 화장품 2382,설화수,화장품,35000,,1697.0,"설화수 화장품 상품. 주요 특징: 성분, 가격, 후기, 피부관리, 선물, 데일리.",image_estimate,47,1,13,3,N,0.488
female,31,840000,취업준비생,기혼,진보적,91000,56000,여행,"디자인, 착용감",ZARA,아디다스 패션 2383,아디다스,패션,56000,3.54,,"아디다스 패션 상품. 주요 특징: 디자인, 착용감, 브랜드, 출근, 데이트, 여행.",image_estimate,17,2,22,5,N,0.549
male,43,7820000,대기업직원,기혼,보수적,1198000,13000,소장,"희소성, 감성",라네즈,라네즈 화장품 2384,라네즈,화장품,13000,4.36,3418.0,"라네즈 화장품 상품. 주요 특징: 성분, 가격, 후기, 피부관리, 선물, 데일리.",naver_api,54,5,20,1,N,0.586
male,25,1260000,취업준비생,미혼,보수적,103000,46000,여행,"디자인, 착용감",나이키,아디다스 패션 2385,아디다스,패션,46000,4.75,,"아디다스 패션 상품. 주요 특징: 디자인, 착용감, 브랜드, 출근, 데이트, 여행.",crawler,8,3,17,3,N,0.623
female,36,9950000,전문직,미혼,보수적,1462000,515000,휴식,"가격, 일정",대한항공,대한항공 여행 2386,대한항공,여행,515000,,1896.0,"대한항공 여행 상품. 주요 특징: 가격, 일정, 숙소, 휴식, 가족, 기념일.",naver_api,42,6,17,1,Y,0.234
male,53,8990000,전문직,기혼,진보적,1859000,883000,선물,"희소성, 감성",하나투어,마이리얼트립 여행 2387,마이리얼트립,여행,883000,4.31,2640.0,"마이리얼트립 여행 상품. 주요 특징: 가격, 일정, 숙소, 휴식, 가족, 기념일.",crawler,49,1,11,3,Y,0.673
female,44,9880000,전문직,미혼,진보적,2146000,1489000,휴식,"희소성, 감성",대한항공,대한항공 여행 2388,대한항공,여행,1489000,,1728.0,"대한항공 여행 상품. 주요 특징: 가격, 일정, 숙소, 휴식, 가족, 기념일.",user_input,42,6,15,2,Y,0.443
female,32,3110000,주부,기혼,보수적,270000,9000,휴식,"희소성, 감성",오뚜기,오뚜기 식품 2389,오뚜기,식품,9000,4.87,2287.0,"오뚜기 식품 상품. 주요 특징: 가격, 신선도, 배송, 생활, 식사, 가족.",crawler,51,1,19,0,N,0.595
male,43,7220000,대기업직원,기혼,보수적,624000,28000,가정,"가격, 내구성",3M,3M 생활용품 2390,3M,생활용품,28000,4.61,811.0,"3M 생활용품 상품. 주요 특징: 가격, 내구성, 용량, 생활, 청소, 가정.",manual,35,2,17,1,N,0.401
female,45,6690000,자영업,미혼,진보적,715000,616000,데이트,"디자인, 착용감",샤넬,아디다스 패션 2391,아디다스,패션,616000,3.73,1210.0,"아디다스 패션 상품. 주요 특징: 디자인, 착용감, 브랜드, 출근, 데이트, 여행.",image_estimate,49,4,18,1,Y,0.388
female,24,560000,학생,기혼,보수적,78000,75000,생활,"가격, 신선도",오뚜기,오뚜기 식품 2392,오뚜기,식품,75000,4.64,868.0,"오뚜기 식품 상품. 주요 특징: 가격, 신선도, 배송, 생활, 식사, 가족.",crawler,41,4,14,4,N,0.204
male,31,880000,취업준비생,미혼,진보적,83000,307000,휴식,"강의품질, 가격",패스트캠퍼스,패스트캠퍼스 교육 2393,패스트캠퍼스,교육,307000,4.17,452.0,"패스트캠퍼스 교육 상품. 주요 특징: 강의품질, 가격, 커리큘럼, 공부, 취업, 자기계발.",manual,36,7,19,6,Y,0.608
male,41,2540000,주부,미혼,진보적,513000,1249000,소장,"희소성, 감성",대한항공,대한항공 여행 2394,대한항공,여행,1249000,,,"대한항공 여행 상품. 주요 특징: 가격, 일정, 숙소, 휴식, 가족, 기념일.",manual,17,7,13,4,Y,0.797
female,27,1250000,취업준비생,미혼,보수적,198000,73000,출근,"희소성, 감성",이니스프리,아디다스 패션 2395,아디다스,패션,73000,4.52,2179.0,"아디다스 패션 상품. 주요 특징: 디자인, 착용감, 브랜드, 출근, 데이트, 여행.",user_input,41,0,10,0,N,0.517
male,73,3620000,은퇴자,미혼,보수적,225000,460000,자기계발,"희소성, 감성",클래스101,클래스101 교육 2396,클래스101,교육,460000,4.82,,"클래스101 교육 상품. 주요 특징: 강의품질, 가격, 커리큘럼, 공부, 취업, 자기계발.",manual,2,4,18,4,N,0.783
female,53,3200000,프리랜서,미혼,진보적,500000,30000,생활,"희소성, 감성",ZARA,다이소 생활용품 2397,다이소,생활용품,30000,4.64,1263.0,"다이소 생활용품 상품. 주요 특징: 가격, 내구성, 용량, 생활, 청소, 가정.",image_estimate,51,0,0,5,N,0.478
male,29,4900000,프리랜서,미혼,보수적,758000,3398000,가족,"가격, 일정",3M,하나투어 여행 2398,하나투어,여행,3398000,,3481.0,"하나투어 여행 상품. 주요 특징: 가격, 일정, 숙소, 휴식, 가족, 기념일.",user_input,45,9,1,8,Y,0.577
female,46,9540000,전문직,기혼,보수적,342000,35000,가족,"가격, 신선도",라네즈,동원 식품 2399,동원,식품,35000,4.07,1724.0,"동원 식품 상품. 주요 특징: 가격, 신선도, 배송, 생활, 식사, 가족.",image_estimate,38,0,22,0,N,0.514
female,52,9200000,전문직,미혼,보수적,1730000,2321000,기념일,"희소성, 감성",종근당,하나투어 여행 2400,하나투어,여행,2321000,4.61,754.0,"하나투어 여행 상품. 주요 특징: 가격, 일정, 숙소, 휴식, 가족, 기념일.",image_estimate,36,4,20,2,Y,0.749
female,38,4730000,공무원,기혼,진보적,143000,133000,공부,"희소성, 감성",설화수,메가스터디 교육 2401,메가스터디,교육,133000,3.95,936.0,"메가스터디 교육 상품. 주요 특징: 강의품질, 가격, 커리큘럼, 공부, 취업, 자기계발.",user_input,48,5,13,5,N,0.44
male,28,1040000,취업준비생,미혼,보수적,56000,1173000,휴식,"희소성, 감성",하나투어,센트룸 건강관리 2402,센트룸,건강관리,1173000,3.28,,"센트룸 건강관리 상품. 주요 특징: 성분, 후기, 안전성, 건강, 부모님, 회복.",naver_api,2,15,11,9,Y,0.892
female,55,8680000,전문직,미혼,보수적,1020000,33000,소장,"성분, 후기",대한항공,종근당 건강관리 2403,종근당,건강관리,33000,4.0,1616.0,"종근당 건강관리 상품. 주요 특징: 성분, 후기, 안전성, 건강, 부모님, 회복.",user_input,51,5,17,3,N,0.557
female,53,2270000,주부,기혼,진보적,476000,58000,가정,"가격, 내구성",CJ,다이소 생활용품 2404,다이소,생활용품,58000,3.24,1141.0,"다이소 생활용품 상품. 주요 특징: 가격, 내구성, 용량, 생활, 청소, 가정.",naver_api,36,4,14,1,N,0.499
male,34,1910000,주부,미혼,보수적,124000,498000,유행,"희소성, 감성",애플,애플 전자기기 2405,애플,전자기기,498000,,1936.0,"애플 전자기기 상품. 주요 특징: 성능, 배터리, 휴대성, 업무, 공부, 게임, 콘텐츠.",crawler,45,3,20,3,Y,0.808
male,27,560000,학생,미혼,보수적,118000,1714000,소장,"브랜드, 희소성",종근당,루이비통 명품 2406,루이비통,명품,1714000,3.97,939.0,"루이비통 명품 상품. 주요 특징: 브랜드, 희소성, 디자인, 선물, 보상, 소장.",user_input,37,38,14,28,Y,0.778
female,33,4990000,자영업,기혼,보수적,466000,2370000,선물,"희소성, 감성",프라다,프라다 명품 2407,프라다,명품,2370000,4.12,,"프라다 명품 상품. 주요 특징: 브랜드, 희소성, 디자인, 선물, 보상, 소장.",crawler,11,10,12,5,Y,0.598
male,27,4190000,프리랜서,미혼,진보적,258000,123000,부모님,"성분, 후기",센트룸,센트룸 건강관리 2408,센트룸,건강관리,123000,,1620.0,"센트룸 건강관리 상품. 주요 특징: 성분, 후기, 안전성, 건강, 부모님, 회복.",crawler,43,3,2,1,N,0.312
female,49,9420000,대기업직원,기혼,보수적,748000,4000,가족,"희소성, 감성",마이리얼트립,오뚜기 식품 2409,오뚜기,식품,4000,,553.0,"오뚜기 식품 상품. 주요 특징: 가격, 신선도, 배송, 생활, 식사, 가족.",crawler,38,4,15,3,N,0.641
female,45,6780000,전문직,기혼,보수적,775000,45000,자기계발,"강의품질, 가격",메가스터디,메가스터디 교육 2410,메가스터디,교육,45000,,1681.0,"메가스터디 교육 상품. 주요 특징: 강의품질, 가격, 커리큘럼, 공부, 취업, 자기계발.",image_estimate,50,1,19,4,N,0.389
male,25,940000,학생,기혼,진보적,118000,3635000,소장,"가격, 일정",대한항공,대한항공 여행 2411,대한항공,여행,3635000,4.05,,"대한항공 여행 상품. 주요 특징: 가격, 일정, 숙소, 휴식, 가족, 기념일.",naver_api,13,50,22,31,Y,0.698
female,47,4490000,사무직,기혼,진보적,328000,102000,휴식,"희소성, 감성",한샘,센트룸 건강관리 2412,센트룸,건강관리,102000,,2476.0,"센트룸 건강관리 상품. 주요 특징: 성분, 후기, 안전성, 건강, 부모님, 회복.",image_estimate,51,2,15,4,N,0.645
female,24,780000,학생,기혼,진보적,124000,55000,선물,"희소성, 감성",마이리얼트립,설화수 화장품 2413,설화수,화장품,55000,4.58,2.0,"설화수 화장품 상품. 주요 특징: 성분, 가격, 후기, 피부관리, 선물, 데일리.",crawler,9,5,21,3,N,0.486
male,26,1090000,취업준비생,미혼,보수적,117000,12000,유행,"가격, 신선도",종근당,CJ 식품 2414,CJ,식품,12000,,2107.0,"CJ 식품 상품. 주요 특징: 가격, 신선도, 배송, 생활, 식사, 가족.",image_estimate,48,5,15,0,N,0.496
female,49,5580000,프리랜서,기혼,진보적,211000,2105000,휴식,"가격, 일정",하나투어,하나투어 여행 2415,하나투어,여행,2105000,,,"하나투어 여행 상품. 주요 특징: 가격, 일정, 숙소, 휴식, 가족, 기념일.",user_input,12,5,13,3,Y,0.549
female,42,5170000,사무직,기혼,보수적,999000,1119000,부모님,"희소성, 감성",센트룸,센트룸 건강관리 2416,센트룸,건강관리,1119000,4.22,106.0,"센트룸 건강관리 상품. 주요 특징: 성분, 후기, 안전성, 건강, 부모님, 회복.",naver_api,26,4,9,2,Y,0.393
female,19,640000,학생,미혼,보수적,105000,100000,데일리,"희소성, 감성",설화수,설화수 화장품 2417,설화수,화장품,100000,3.26,1903.0,"설화수 화장품 상품. 주요 특징: 성분, 가격, 후기, 피부관리, 선물, 데일리.",image_estimate,48,7,9,5,N,0.564
male,71,2580000,은퇴자,기혼,진보적,293000,8000,생활,"가격, 신선도",ZARA,CJ 식품 2418,CJ,식품,8000,3.72,738.0,"CJ 식품 상품. 주요 특징: 가격, 신선도, 배송, 생활, 식사, 가족.",manual,45,2,22,0,N,0.257
male,26,950000,취업준비생,미혼,진보적,207000,123000,선물,"내구성, 크기",이케아,이케아 가구 2419,이케아,가구,123000,4.1,,"이케아 가구 상품. 주요 특징: 내구성, 크기, 디자인, 이사, 인테리어, 생활.",crawler,13,4,15,4,N,0.488
female,42,4170000,프리랜서,기혼,진보적,495000,574000,유행,"내구성, 크기",이케아,이케아 가구 2420,이케아,가구,574000,4.56,3900.0,"이케아 가구 상품. 주요 특징: 내구성, 크기, 디자인, 이사, 인테리어, 생활.",crawler,42,2,14,1,Y,0.508
male,74,2180000,은퇴자,미혼,진보적,472000,598000,소장,"브랜드, 희소성",샤넬,샤넬 명품 2421,샤넬,명품,598000,4.64,,"샤넬 명품 상품. 주요 특징: 브랜드, 희소성, 디자인, 선물, 보상, 소장.",user_input,6,5,14,3,Y,0.58
female,36,9580000,대기업직원,기혼,진보적,1151000,953000,선물,"브랜드, 희소성",패스트캠퍼스,프라다 명품 2422,프라다,명품,953000,3.5,,"프라다 명품 상품. 주요 특징: 브랜드, 희소성, 디자인, 선물, 보상, 소장.",user_input,3,4,22,1,Y,0.364
female,23,1220000,취업준비생,미혼,보수적,81000,678000,인테리어,"내구성, 크기",패스트캠퍼스,한샘 가구 2423,한샘,가구,678000,4.45,92.0,"한샘 가구 상품. 주요 특징: 내구성, 크기, 디자인, 이사, 인테리어, 생활.",crawler,32,8,0,7,Y,0.598
female,41,8110000,대기업직원,기혼,보수적,1674000,255000,자기계발,"강의품질, 가격",메가스터디,메가스터디 교육 2424,메가스터디,교육,255000,3.76,2085.0,"메가스터디 교육 상품. 주요 특징: 강의품질, 가격, 커리큘럼, 공부, 취업, 자기계발.",user_input,43,3,15,2,N,0.38
female,61,3460000,은퇴자,기혼,진보적,693000,994000,선물,"브랜드, 희소성",이니스프리,구찌 명품 2425,구찌,명품,994000,4.6,,"구찌 명품 상품. 주요 특징: 브랜드, 희소성, 디자인, 선물, 보상, 소장.",crawler,5,9,9,4,Y,0.479
female,24,560000,학생,미혼,보수적,22000,361000,소장,"희소성, 감성",소니,소니 전자기기 2426,소니,전자기기,361000,,3907.0,"소니 전자기기 상품. 주요 특징: 성능, 배터리, 휴대성, 업무, 공부, 게임, 콘텐츠.",manual,56,8,11,6,Y,0.824
male,62,2890000,은퇴자,기혼,보수적,171000,306000,데일리,"희소성, 감성",애플,라네즈 화장품 2427,라네즈,화장품,306000,4.7,2265.0,"라네즈 화장품 상품. 주요 특징: 성분, 가격, 후기, 피부관리, 선물, 데일리.",crawler,49,2,10,3,N,0.842
female,54,3090000,주부,미혼,보수적,256000,364000,선물,"브랜드, 희소성",오뚜기,구찌 명품 2428,구찌,명품,364000,3.84,2452.0,"구찌 명품 상품. 주요 특징: 브랜드, 희소성, 디자인, 선물, 보상, 소장.",manual,42,7,11,5,N,0.483
female,32,1290000,취업준비생,기혼,보수적,201000,2450000,소장,"희소성, 감성",ZARA,프라다 명품 2429,프라다,명품,2450000,3.86,2277.0,"프라다 명품 상품. 주요 특징: 브랜드, 희소성, 디자인, 선물, 보상, 소장.",user_input,53,23,19,17,Y,0.826
female,22,690000,학생,미혼,보수적,120000,294000,선물,"강의품질, 가격",메가스터디,메가스터디 교육 2430,메가스터디,교육,294000,3.75,3301.0,"메가스터디 교육 상품. 주요 특징: 강의품질, 가격, 커리큘럼, 공부, 취업, 자기계발.",manual,52,8,15,3,Y,0.63
male,34,9600000,대기업직원,기혼,진보적,1719000,14000,피부관리,"성분, 가격",유한킴벌리,설화수 화장품 2431,설화수,화장품,14000,4.55,,"설화수 화장품 상품. 주요 특징: 성분, 가격, 후기, 피부관리, 선물, 데일리.",manual,17,2,12,0,N,0.311
male,31,1080000,취업준비생,미혼,보수적,48000,676000,선물,"브랜드, 희소성",샤넬,샤넬 명품 2432,샤넬,명품,676000,3.54,3583.0,"샤넬 명품 상품. 주요 특징: 브랜드, 희소성, 디자인, 선물, 보상, 소장.",crawler,46,9,19,6,Y,0.532
male,58,2730000,은퇴자,기혼,보수적,297000,1076000,선물,"희소성, 감성",메가스터디,메가스터디 교육 2433,메가스터디,교육,1076000,,,"메가스터디 교육 상품. 주요 특징: 강의품질, 가격, 커리큘럼, 공부, 취업, 자기계발.",image_estimate,9,9,18,7,Y,0.772
female,41,5880000,자영업,기혼,보수적,1280000,1085000,건강,"성분, 후기",유한킴벌리,종근당 건강관리 2434,종근당,건강관리,1085000,4.16,3688.0,"종근당 건강관리 상품. 주요 특징: 성분, 후기, 안전성, 건강, 부모님, 회복.",manual,50,6,20,4,Y,0.337
male,24,780000,취업준비생,미혼,보수적,26000,7000,식사,"희소성, 감성",동원,동원 식품 2435,동원,식품,7000,3.52,3738.0,"동원 식품 상품. 주요 특징: 가격, 신선도, 배송, 생활, 식사, 가족.",manual,48,5,17,2,N,0.353
male,57,8740000,전문직,미혼,진보적,1436000,136000,생활,"희소성, 감성",ZARA,리바트 가구 2436,리바트,가구,136000,4.71,2938.0,"리바트 가구 상품. 주요 특징: 내구성, 크기, 디자인, 이사, 인테리어, 생활.",manual,47,2,3,3,N,0.645
female,46,2900000,주부,기혼,보수적,240000,54000,선물,"희소성, 감성",설화수,설화수 화장품 2437,설화수,화장품,54000,,2427.0,"설화수 화장품 상품. 주요 특징: 성분, 가격, 후기, 피부관리, 선물, 데일리.",image_estimate,50,5,16,4,N,0.398
male,65,3460000,은퇴자,미혼,보수적,190000,34000,생활,"희소성, 감성",다이소,다이소 생활용품 2438,다이소,생활용품,34000,3.99,1309.0,"다이소 생활용품 상품. 주요 특징: 가격, 내구성, 용량, 생활, 청소, 가정.",user_input,38,2,3,1,N,0.347
male,33,880000,취업준비생,기혼,진보적,40000,563000,소장,"브랜드, 희소성",루이비통,루이비통 명품 2439,루이비통,명품,563000,,2641.0,"루이비통 명품 상품. 주요 특징: 브랜드, 희소성, 디자인, 선물, 보상, 소장.",image_estimate,48,11,9,8,Y,0.751
female,54,3890000,사무직,기혼,보수적,353000,6000,생활,"가격, 신선도",COS,오뚜기 식품 2440,오뚜기,식품,6000,3.53,,"오뚜기 식품 상품. 주요 특징: 가격, 신선도, 배송, 생활, 식사, 가족.",user_input,5,1,0,1,N,0.311
female,31,5080000,사무직,미혼,보수적,895000,1457000,휴식,"희소성, 감성",한샘,한샘 가구 2441,한샘,가구,1457000,4.41,3284.0,"한샘 가구 상품. 주요 특징: 내구성, 크기, 디자인, 이사, 인테리어, 생활.",manual,56,3,17,4,Y,0.721
male,60,4880000,자영업,미혼,진보적,223000,15000,가정,"희소성, 감성",다이소,다이소 생활용품 2442,다이소,생활용품,15000,4.45,3822.0,"다이소 생활용품 상품. 주요 특징: 가격, 내구성, 용량, 생활, 청소, 가정.",naver_api,49,5,11,3,N,0.534
male,28,740000,학생,미혼,진보적,50000,35000,건강,"희소성, 감성",애플,센트룸 건강관리 2443,센트룸,건강관리,35000,,3384.0,"센트룸 건강관리 상품. 주요 특징: 성분, 후기, 안전성, 건강, 부모님, 회복.",naver_api,54,2,13,4,N,0.413
male,20,910000,학생,미혼,보수적,118000,1204000,건강,"희소성, 감성",구찌,종근당 건강관리 2444,종근당,건강관리,1204000,4.57,,"종근당 건강관리 상품. 주요 특징: 성분, 후기, 안전성, 건강, 부모님, 회복.",user_input,8,21,19,14,Y,0.665
female,43,2020000,주부,미혼,진보적,394000,462000,자기계발,"희소성, 감성",마이리얼트립,메가스터디 교육 2445,메가스터디,교육,462000,,,"메가스터디 교육 상품. 주요 특징: 강의품질, 가격, 커리큘럼, 공부, 취업, 자기계발.",image_estimate,8,6,13,6,Y,0.701
female,42,5530000,공무원,미혼,진보적,330000,1048000,게임,"성능, 배터리",다이소,소니 전자기기 2446,소니,전자기기,1048000,3.57,,"소니 전자기기 상품. 주요 특징: 성능, 배터리, 휴대성, 업무, 공부, 게임, 콘텐츠.",crawler,4,3,11,2,Y,0.505
female,31,5510000,사무직,기혼,진보적,308000,1065000,인테리어,"희소성, 감성",한샘,한샘 가구 2447,한샘,가구,1065000,,,"한샘 가구 상품. 주요 특징: 내구성, 크기, 디자인, 이사, 인테리어, 생활.",manual,9,5,12,6,Y,0.628
male,40,2630000,주부,기혼,보수적,153000,16000,청소,"가격, 내구성",3M,3M 생활용품 2448,3M,생활용품,16000,,3204.0,"3M 생활용품 상품. 주요 특징: 가격, 내구성, 용량, 생활, 청소, 가정.",manual,50,4,21,4,N,0.187
female,23,650000,학생,미혼,보수적,24000,46000,가족,"희소성, 감성",LG,오뚜기 식품 2449,오뚜기,식품,46000,4.59,745.0,"오뚜기 식품 상품. 주요 특징: 가격, 신선도, 배송, 생활, 식사, 가족.",manual,43,6,17,4,N,0.81
male,70,3320000,은퇴자,기혼,진보적,247000,117000,데이트,"희소성, 감성",클래스101,ZARA 패션 2450,ZARA,패션,117000,4.55,,"ZARA 패션 상품. 주요 특징: 디자인, 착용감, 브랜드, 출근, 데이트, 여행.",image_estimate,10,2,3,0,N,0.483
male,32,3950000,프리랜서,기혼,진보적,173000,187000,유행,"디자인, 착용감",아디다스,아디다스 패션 2451,아디다스,패션,187000,3.88,,"아디다스 패션 상품. 주요 특징: 디자인, 착용감, 브랜드, 출근, 데이트, 여행.",image_estimate,10,4,16,3,N,0.482
female,43,4820000,사무직,기혼,보수적,750000,562000,생활,"희소성, 감성",한샘,한샘 가구 2452,한샘,가구,562000,4.73,3662.0,"한샘 가구 상품. 주요 특징: 내구성, 크기, 디자인, 이사, 인테리어, 생활.",manual,49,3,11,3,Y,0.588
male,56,6420000,대기업직원,미혼,진보적,360000,25000,생활,"희소성, 감성",3M,3M 생활용품 2453,3M,생활용품,25000,3.67,3409.0,"3M 생활용품 상품. 주요 특징: 가격, 내구성, 용량, 생활, 청소, 가정.",manual,47,4,19,0,N,0.322
male,34,5000000,사무직,미혼,보수적,968000,203000,유행,"강의품질, 가격",리바트,메가스터디 교육 2454,메가스터디,교육,203000,4.79,643.0,"메가스터디 교육 상품. 주요 특징: 강의품질, 가격, 커리큘럼, 공부, 취업, 자기계발.",naver_api,34,4,19,0,N,0.486
female,47,7530000,전문직,기혼,진보적,1599000,32000,가족,"희소성, 감성",오뚜기,오뚜기 식품 2455,오뚜기,식품,32000,4.61,,"오뚜기 식품 상품. 주요 특징: 가격, 신선도, 배송, 생활, 식사, 가족.",image_estimate,5,5,19,1,N,0.553
female,57,9610000,대기업직원,미혼,보수적,502000,393000,보상,"브랜드, 희소성",프라다,프라다 명품 2456,프라다,명품,393000,4.63,375.0,"프라다 명품 상품. 주요 특징: 브랜드, 희소성, 디자인, 선물, 보상, 소장.",manual,45,6,20,0,N,0.335
female,35,4590000,사무직,기혼,보수적,187000,849000,휴식,"성분, 후기",이니스프리,센트룸 건강관리 2457,센트룸,건강관리,849000,3.65,2132.0,"센트룸 건강관리 상품. 주요 특징: 성분, 후기, 안전성, 건강, 부모님, 회복.",naver_api,47,5,11,1,Y,0.778
male,42,4660000,공무원,기혼,진보적,222000,49000,식사,"가격, 신선도",동원,동원 식품 2458,동원,식품,49000,3.37,2568.0,"동원 식품 상품. 주요 특징: 가격, 신선도, 배송, 생활, 식사, 가족.",user_input,45,5,2,2,N,0.227
male,55,5970000,공무원,미혼,보수적,1177000,507000,휴식,"희소성, 감성",이니스프리,이니스프리 화장품 2459,이니스프리,화장품,507000,,,"이니스프리 화장품 상품. 주요 특징: 성분, 가격, 후기, 피부관리, 선물, 데일리.",crawler,4,1,18,2,Y,0.651
male,25,750000,취업준비생,기혼,진보적,128000,2973000,유행,"희소성, 감성",마이리얼트립,마이리얼트립 여행 2460,마이리얼트립,여행,2973000,3.94,12.0,"마이리얼트립 여행 상품. 주요 특징: 가격, 일정, 숙소, 휴식, 가족, 기념일.",manual,26,53,17,33,Y,0.792
female,19,610000,학생,기혼,보수적,30000,338000,소장,"디자인, 착용감",이니스프리,ZARA 패션 2461,ZARA,패션,338000,,1350.0,"ZARA 패션 상품. 주요 특징: 디자인, 착용감, 브랜드, 출근, 데이트, 여행.",image_estimate,38,10,9,8,Y,0.764
female,19,530000,학생,미혼,보수적,104000,2572000,소장,"성능, 배터리",LG,LG 전자기기 2462,LG,전자기기,2572000,4.87,3764.0,"LG 전자기기 상품. 주요 특징: 성능, 배터리, 휴대성, 업무, 공부, 게임, 콘텐츠.",image_estimate,56,60,22,40,Y,0.658
male,46,1980000,주부,기혼,진보적,412000,45000,소장,"가격, 신선도",동원,동원 식품 2463,동원,식품,45000,4.44,3699.0,"동원 식품 상품. 주요 특징: 가격, 신선도, 배송, 생활, 식사, 가족.",user_input,49,3,16,3,N,0.433
female,53,7410000,자영업,미혼,진보적,1275000,58000,청소,"가격, 내구성",설화수,유한킴벌리 생활용품 2464,유한킴벌리,생활용품,58000,3.91,,"유한킴벌리 생활용품 상품. 주요 특징: 가격, 내구성, 용량, 생활, 청소, 가정.",naver_api,15,5,21,2,N,0.3
male,29,6280000,대기업직원,미혼,진보적,1148000,116000,소장,"강의품질, 가격",클래스101,클래스101 교육 2465,클래스101,교육,116000,4.25,3712.0,"클래스101 교육 상품. 주요 특징: 강의품질, 가격, 커리큘럼, 공부, 취업, 자기계발.",crawler,54,2,15,0,N,0.382
male,25,1110000,취업준비생,미혼,보수적,65000,79000,소장,"희소성, 감성",한샘,한샘 가구 2466,한샘,가구,79000,3.93,,"한샘 가구 상품. 주요 특징: 내구성, 크기, 디자인, 이사, 인테리어, 생활.",manual,2,4,11,3,N,0.642
male,28,5580000,대기업직원,미혼,진보적,826000,53000,휴식,"가격, 내구성",레노버,3M 생활용품 2467,3M,생활용품,53000,4.0,1947.0,"3M 생활용품 상품. 주요 특징: 가격, 내구성, 용량, 생활, 청소, 가정.",naver_api,44,5,1,2,N,0.442
male,71,3280000,은퇴자,기혼,보수적,508000,132000,이사,"희소성, 감성",이케아,이케아 가구 2468,이케아,가구,132000,3.76,540.0,"이케아 가구 상품. 주요 특징: 내구성, 크기, 디자인, 이사, 인테리어, 생활.",user_input,39,2,1,1,N,0.391
female,34,4180000,자영업,기혼,진보적,841000,1041000,부모님,"성분, 후기",대한항공,센트룸 건강관리 2469,센트룸,건강관리,1041000,3.78,,"센트룸 건강관리 상품. 주요 특징: 성분, 후기, 안전성, 건강, 부모님, 회복.",manual,10,6,18,3,Y,0.38
male,25,650000,학생,미혼,보수적,131000,1391000,가족,"희소성, 감성",센트룸,대한항공 여행 2470,대한항공,여행,1391000,3.85,,"대한항공 여행 상품. 주요 특징: 가격, 일정, 숙소, 휴식, 가족, 기념일.",naver_api,5,29,2,21,Y,0.717
male,59,5300000,공무원,기혼,진보적,444000,2573000,보상,"브랜드, 희소성",구찌,구찌 명품 2471,구찌,명품,2573000,,3613.0,"구찌 명품 상품. 주요 특징: 브랜드, 희소성, 디자인, 선물, 보상, 소장.",manual,48,7,17,6,Y,0.492
female,34,6600000,전문직,기혼,보수적,359000,769000,자기계발,"희소성, 감성",패스트캠퍼스,메가스터디 교육 2472,메가스터디,교육,769000,4.83,,"메가스터디 교육 상품. 주요 특징: 강의품질, 가격, 커리큘럼, 공부, 취업, 자기계발.",naver_api,15,4,15,2,Y,0.869
male,53,2010000,주부,기혼,진보적,127000,343000,가족,"희소성, 감성",오뚜기,하나투어 여행 2473,하나투어,여행,343000,3.59,,"하나투어 여행 상품. 주요 특징: 가격, 일정, 숙소, 휴식, 가족, 기념일.",image_estimate,16,5,0,6,N,0.709
female,72,3440000,은퇴자,기혼,보수적,219000,75000,휴식,"강의품질, 가격",클래스101,클래스101 교육 2474,클래스101,교육,75000,4.65,1388.0,"클래스101 교육 상품. 주요 특징: 강의품질, 가격, 커리큘럼, 공부, 취업, 자기계발.",naver_api,45,1,22,3,N,0.444
male,38,4280000,프리랜서,기혼,진보적,510000,3504000,기념일,"희소성, 감성",마이리얼트립,마이리얼트립 여행 2475,마이리얼트립,여행,3504000,4.28,2229.0,"마이리얼트립 여행 상품. 주요 특징: 가격, 일정, 숙소, 휴식, 가족, 기념일.",crawler,46,13,2,7,Y,0.847
male,29,1220000,취업준비생,미혼,진보적,54000,171000,소장,"희소성, 감성",나이키,나이키 패션 2476,나이키,패션,171000,3.25,1136.0,"나이키 패션 상품. 주요 특징: 디자인, 착용감, 브랜드, 출근, 데이트, 여행.",image_estimate,44,2,14,2,N,0.819
female,47,8900000,대기업직원,기혼,진보적,1403000,3872000,이사,"내구성, 크기",삼성,이케아 가구 2477,이케아,가구,3872000,3.96,2497.0,"이케아 가구 상품. 주요 특징: 내구성, 크기, 디자인, 이사, 인테리어, 생활.",manual,48,8,14,5,Y,0.526
male,27,7240000,대기업직원,미혼,진보적,1231000,302000,선물,"희소성, 감성",리바트,리바트 가구 2478,리바트,가구,302000,4.16,664.0,"리바트 가구 상품. 주요 특징: 내구성, 크기, 디자인, 이사, 인테리어, 생활.",crawler,35,4,12,3,N,0.58
female,42,6400000,대기업직원,미혼,진보적,871000,5000,가족,"희소성, 감성",소니,오뚜기 식품 2479,오뚜기,식품,5000,3.55,458.0,"오뚜기 식품 상품. 주요 특징: 가격, 신선도, 배송, 생활, 식사, 가족.",manual,38,3,12,1,N,0.671
female,58,2710000,주부,미혼,진보적,362000,310000,기념일,"가격, 일정",대한항공,대한항공 여행 2480,대한항공,여행,310000,3.7,1345.0,"대한항공 여행 상품. 주요 특징: 가격, 일정, 숙소, 휴식, 가족, 기념일.",user_input,51,4,14,5,N,0.409
male,48,5110000,프리랜서,미혼,보수적,657000,368000,선물,"희소성, 감성",대한항공,대한항공 여행 2481,대한항공,여행,368000,4.72,3994.0,"대한항공 여행 상품. 주요 특징: 가격, 일정, 숙소, 휴식, 가족, 기념일.",image_estimate,52,1,10,4,N,0.589
male,37,5970000,공무원,미혼,진보적,706000,42000,선물,"희소성, 감성",다이소,다이소 생활용품 2482,다이소,생활용품,42000,4.58,243.0,"다이소 생활용품 상품. 주요 특징: 가격, 내구성, 용량, 생활, 청소, 가정.",crawler,30,4,16,0,N,0.544
female,33,960000,취업준비생,기혼,보수적,117000,884000,소장,"희소성, 감성",구찌,구찌 명품 2483,구찌,명품,884000,,3824.0,"구찌 명품 상품. 주요 특징: 브랜드, 희소성, 디자인, 선물, 보상, 소장.",user_input,45,12,17,10,Y,0.789
female,39,5190000,프리랜서,미혼,보수적,713000,860000,부모님,"성분, 후기",종근당,종근당 건강관리 2484,종근당,건강관리,860000,3.74,1143.0,"종근당 건강관리 상품. 주요 특징: 성분, 후기, 안전성, 건강, 부모님, 회복.",crawler,37,3,13,5,Y,0.29
female,46,3120000,주부,미혼,진보적,378000,9000,선물,"가격, 신선도",동원,동원 식품 2485,동원,식품,9000,3.48,2056.0,"동원 식품 상품. 주요 특징: 가격, 신선도, 배송, 생활, 식사, 가족.",manual,41,4,21,2,N,0.427
male,75,2310000,은퇴자,기혼,보수적,395000,253000,취업,"강의품질, 가격",클래스101,클래스101 교육 2486,클래스101,교육,253000,,1616.0,"클래스101 교육 상품. 주요 특징: 강의품질, 가격, 커리큘럼, 공부, 취업, 자기계발.",manual,48,2,21,1,N,0.213
female,21,670000,학생,미혼,진보적,143000,366000,유행,"희소성, 감성",정관장,정관장 건강관리 2487,정관장,건강관리,366000,4.16,2108.0,"정관장 건강관리 상품. 주요 특징: 성분, 후기, 안전성, 건강, 부모님, 회복.",image_estimate,46,9,12,7,Y,0.833
male,48,7990000,대기업직원,미혼,진보적,1431000,345000,선물,"성능, 배터리",레노버,레노버 전자기기 2488,레노버,전자기기,345000,,3133.0,"레노버 전자기기 상품. 주요 특징: 성능, 배터리, 휴대성, 업무, 공부, 게임, 콘텐츠.",naver_api,47,0,10,1,N,0.427
male,28,4050000,공무원,기혼,진보적,447000,760000,유행,"강의품질, 가격",나이키,패스트캠퍼스 교육 2489,패스트캠퍼스,교육,760000,,1938.0,"패스트캠퍼스 교육 상품. 주요 특징: 강의품질, 가격, 커리큘럼, 공부, 취업, 자기계발.",manual,45,4,9,2,Y,0.64
female,36,7720000,대기업직원,기혼,보수적,621000,173000,생활,"내구성, 크기",센트룸,이케아 가구 2490,이케아,가구,173000,3.58,3703.0,"이케아 가구 상품. 주요 특징: 내구성, 크기, 디자인, 이사, 인테리어, 생활.",user_input,43,6,9,0,N,0.504
male,32,4480000,사무직,기혼,진보적,223000,759000,취업,"강의품질, 가격",패스트캠퍼스,패스트캠퍼스 교육 2491,패스트캠퍼스,교육,759000,3.8,1666.0,"패스트캠퍼스 교육 상품. 주요 특징: 강의품질, 가격, 커리큘럼, 공부, 취업, 자기계발.",manual,51,4,17,2,Y,0.432
male,51,3740000,사무직,기혼,진보적,661000,584000,선물,"희소성, 감성",패스트캠퍼스,패스트캠퍼스 교육 2492,패스트캠퍼스,교육,584000,3.72,2161.0,"패스트캠퍼스 교육 상품. 주요 특징: 강의품질, 가격, 커리큘럼, 공부, 취업, 자기계발.",manual,50,6,19,5,Y,0.541
male,62,5230000,자영업,기혼,보수적,190000,22000,휴식,"가격, 신선도",오뚜기,오뚜기 식품 2493,오뚜기,식품,22000,4.19,1999.0,"오뚜기 식품 상품. 주요 특징: 가격, 신선도, 배송, 생활, 식사, 가족.",image_estimate,39,2,12,1,N,0.396
male,40,2410000,주부,기혼,보수적,221000,352000,공부,"희소성, 감성",다이소,메가스터디 교육 2494,메가스터디,교육,352000,4.16,,"메가스터디 교육 상품. 주요 특징: 강의품질, 가격, 커리큘럼, 공부, 취업, 자기계발.",user_input,12,7,3,2,N,0.562
male,33,5090000,사무직,기혼,진보적,172000,7000,소장,"희소성, 감성",정관장,CJ 식품 2495,CJ,식품,7000,4.43,,"CJ 식품 상품. 주요 특징: 가격, 신선도, 배송, 생활, 식사, 가족.",manual,7,4,18,3,N,0.664
female,24,4560000,프리랜서,미혼,진보적,588000,1562000,휴식,"가격, 일정",패스트캠퍼스,대한항공 여행 2496,대한항공,여행,1562000,3.69,,"대한항공 여행 상품. 주요 특징: 가격, 일정, 숙소, 휴식, 가족, 기념일.",manual,14,5,22,5,Y,0.541
female,22,660000,학생,미혼,보수적,80000,501000,유행,"성능, 배터리",구찌,삼성 전자기기 2497,삼성,전자기기,501000,3.33,3152.0,"삼성 전자기기 상품. 주요 특징: 성능, 배터리, 휴대성, 업무, 공부, 게임, 콘텐츠.",user_input,47,10,13,10,Y,0.727
male,39,5200000,프리랜서,기혼,보수적,741000,89000,생활,"희소성, 감성",유한킴벌리,유한킴벌리 생활용품 2498,유한킴벌리,생활용품,89000,,3522.0,"유한킴벌리 생활용품 상품. 주요 특징: 가격, 내구성, 용량, 생활, 청소, 가정.",manual,49,1,15,0,N,0.367
male,22,720000,학생,미혼,보수적,136000,37000,가족,"가격, 신선도",동원,동원 식품 2499,동원,식품,37000,4.51,,"동원 식품 상품. 주요 특징: 가격, 신선도, 배송, 생활, 식사, 가족.",naver_api,17,3,13,4,N,0.423
male,22,620000,학생,기혼,진보적,124000,108000,회복,"성분, 후기",구찌,센트룸 건강관리 2500,센트룸,건강관리,108000,,1828.0,"센트룸 건강관리 상품. 주요 특징: 성분, 후기, 안전성, 건강, 부모님, 회복.",naver_api,43,5,22,3,N,0.554
